{"type": "FeatureCollection", "features": [{"type": "Feature", "geometry": {"type": "Point", "coordinates": [109.833333, 21.383333]}, "properties": {"change": "", "locode": "CNAPP", "name": "Anpu", "name_wo_diacritics": "Anpu", "subdivision": "GD", "function": "1-------", "status": "RL", "date": "1401", "iata": "", "coordinates": "2123N 10950E", "remarks": "", "is_water_port": "1"}}, {"type": "Feature", "geometry": {"type": "Point", "coordinates": [117.033333, 30.516667]}, "properties": {"change": "", "locode": "CNAQG", "name": "Anqing", "name_wo_diacritics": "Anqing", "subdivision": "AH", "function": "123-----", "status": "AS", "date": "2107", "iata": "", "coordinates": "3031N 11702E", "remarks": "", "is_water_port": "1"}}, {"type": "Feature", "geometry": {"type": "Point", "coordinates": [119.183333, 36.416667]}, "properties": {"change": "", "locode": "CNANQ", "name": "Anqiu", "name_wo_diacritics": "Anqiu", "subdivision": "SD", "function": "1-3-----", "status": "RL", "date": "0601", "iata": "", "coordinates": "3625N 11911E", "remarks": "", "is_water_port": "1"}}, {"type": "Feature", "geometry": {"type": "Point", "coordinates": [121.15, 31.3]}, "properties": {"change": "", "locode": "CNANT", "name": "Anting", "name_wo_diacritics": "Anting", "subdivision": "SH", "function": "1----6--", "status": "RL", "date": "1107", "iata": "", "coordinates": "3118N 12109E", "remarks": "", "is_water_port": "1"}}, {"type": "Feature", "geometry": {"type": "Point", "coordinates": [120.45, 27.583333]}, "properties": {"change": "", "locode": "CNAJG", "name": "Aojiang Pt", "name_wo_diacritics": "Aojiang Pt", "subdivision": "ZJ", "function": "1-------", "status": "AS", "date": "1401", "iata": "", "coordinates": "2735N 12027E", "remarks": "", "is_water_port": "1"}}, {"type": "Feature", "geometry": {"type": "Point", "coordinates": [120.666667, 36.35]}, "properties": {"change": "", "locode": "CNASW", "name": "Aoshanwei", "name_wo_diacritics": "Aoshanwei", "subdivision": "SD", "function": "1----6--", "status": "RQ", "date": "1001", "iata": "", "coordinates": "3621N 12040E", "remarks": "", "is_water_port": "1"}}, {"type": "Feature", "geometry": {"type": "Point", "coordinates": [105.783333, 25.466667]}, "properties": {"change": "", "locode": "CNBCO", "name": "Bacao", "name_wo_diacritics": "Bacao", "subdivision": "GZ", "function": "1-------", "status": "RL", "date": "1401", "iata": "", "coordinates": "2528N 10547E", "remarks": "", "is_water_port": "1"}}, {"type": "Feature", "geometry": {"type": "Point", "coordinates": [110.383333, 31.033333]}, "properties": {"change": "", "locode": "CNBDG", "name": "Badong", "name_wo_diacritics": "Badong", "subdivision": "HB", "function": "1-------", "status": "RL", "date": "1401", "iata": "", "coordinates": "3102N 11023E", "remarks": "", "is_water_port": "1"}}, {"type": "Feature", "geometry": {"type": "Point", "coordinates": [105.8, 25.433333]}, "properties": {"change": "", "locode": "CNBCG", "name": "Baiceng", "name_wo_diacritics": "Baiceng", "subdivision": "GZ", "function": "1-------", "status": "RL", "date": "1401", "iata": "", "coordinates": "2526N 10548E", "remarks": "", "is_water_port": "1"}}, {"type": "Feature", "geometry": {"type": "Point", "coordinates": [109.216667, 19.7]}, "properties": {"change": "", "locode": "CNBMJ", "name": "Baimajing", "name_wo_diacritics": "Baimajing", "subdivision": "HI", "function": "1-3-----", "status": "RL", "date": "1401", "iata": "", "coordinates": "1942N 10913E", "remarks": "", "is_water_port": "1"}}, {"type": "Feature", "geometry": {"type": "Point", "coordinates": [118.6, 35.016667]}, "properties": {"change": "", "locode": "CNIMA", "name": "Baimao", "name_wo_diacritics": "Baimao", "subdivision": "SD", "function": "1-------", "status": "RL", "date": "1401", "iata": "", "coordinates": "3501N 11836E", "remarks": "", "is_water_port": "1"}}, {"type": "Feature", "geometry": {"type": "Point", "coordinates": [111.516667, 30.433333]}, "properties": {"change": "", "locode": "CNBYG", "name": "Baiyang", "name_wo_diacritics": "Baiyang", "subdivision": "HB", "function": "1-------", "status": "RL", "date": "1401", "iata": "", "coordinates": "3026N 11131E", "remarks": "", "is_water_port": "1"}}, {"type": "Feature", "geometry": {"type": "Point", "coordinates": [121.483333, 31.416667]}, "properties": {"change": "", "locode": "CNBSD", "name": "Baoshan Pt", "name_wo_diacritics": "Baoshan Pt", "subdivision": "SH", "function": "1-------", "status": "AS", "date": "1601", "iata": "", "coordinates": "3125N 12129E", "remarks": "", "is_water_port": "1"}}, {"type": "Feature", "geometry": {"type": "Point", "coordinates": [108.616667, 19.0]}, "properties": {"change": "", "locode": "CNBSP", "name": "Basuo Pt", "name_wo_diacritics": "Basuo Pt", "subdivision": "HI", "function": "1-------", "status": "AS", "date": "1407", "iata": "", "coordinates": "1900N 10837E", "remarks": "", "is_water_port": "1"}}, {"type": "Feature", "geometry": {"type": "Point", "coordinates": [127.4, 46.083333]}, "properties": {"change": "", "locode": "CNBYA", "name": "Bayan", "name_wo_diacritics": "Bayan", "subdivision": "HL", "function": "1-------", "status": "RL", "date": "1401", "iata": "", "coordinates": "4605N 12724E", "remarks": "", "is_water_port": "1"}}, {"type": "Feature", "geometry": {"type": "Point", "coordinates": [109.116667, 21.466667]}, "properties": {"change": "", "locode": "CNBIH", "name": "Beihai Pt", "name_wo_diacritics": "Beihai Pt", "subdivision": "GX", "function": "1-------", "status": "AS", "date": "1601", "iata": "", "coordinates": "2128N 10907E", "remarks": "", "is_water_port": "1"}}, {"type": "Feature", "geometry": {"type": "Point", "coordinates": [113.2, 22.916667]}, "properties": {"change": "", "locode": "CNBIJ", "name": "Beijiao", "name_wo_diacritics": "Beijiao", "subdivision": "GD", "function": "1-------", "status": "AS", "date": "1601", "iata": "", "coordinates": "2255N 11312E", "remarks": "", "is_water_port": "1"}}, {"type": "Feature", "geometry": {"type": "Point", "coordinates": [121.883333, 29.933333]}, "properties": {"change": "", "locode": "CNBEI", "name": "Beilun", "name_wo_diacritics": "Beilun", "subdivision": "ZJ", "function": "1-3-----", "status": "RQ", "date": "0407", "iata": "", "coordinates": "2956N 12153E", "remarks": "", "is_water_port": "1"}}, {"type": "Feature", "geometry": {"type": "Point", "coordinates": [110.25, 21.366667]}, "properties": {"change": "", "locode": "CNSXB", "name": "Beitan", "name_wo_diacritics": "Beitan", "subdivision": "GD", "function": "1-------", "status": "AS", "date": "1407", "iata": "", "coordinates": "2122N 11015E", "remarks": "", "is_water_port": "1"}}, {"type": "Feature", "geometry": {"type": "Point", "coordinates": [114.85, 22.616667]}, "properties": {"change": "", "locode": "CNPHB", "name": "Bijia", "name_wo_diacritics": "Bijia", "subdivision": "GD", "function": "1-------", "status": "AS", "date": "1407", "iata": "", "coordinates": "2237N 11451E", "remarks": "", "is_water_port": "1"}}, {"type": "Feature", "geometry": {"type": "Point", "coordinates": [119.616667, 33.716667]}, "properties": {"change": "", "locode": "CNBHX", "name": "Binhai", "name_wo_diacritics": "Binhai", "subdivision": "JS", "function": "1-------", "status": "AS", "date": "1601", "iata": "", "coordinates": "3343N 11937E", "remarks": "", "is_water_port": "1"}}, {"type": "Feature", "geometry": {"type": "Point", "coordinates": [120.333333, 27.25]}, "properties": {"change": "", "locode": "CNBYN", "name": "Binyang", "name_wo_diacritics": "Binyang", "subdivision": "FJ", "function": "123-----", "status": "RL", "date": "1401", "iata": "", "coordinates": "2715N 12020E", "remarks": "", "is_water_port": "1"}}, {"type": "Feature", "geometry": {"type": "Point", "coordinates": [111.0, 21.516667]}, "properties": {"change": "", "locode": "CNDBX", "name": "Bohe", "name_wo_diacritics": "Bohe", "subdivision": "GD", "function": "1-------", "status": "AS", "date": "1407", "iata": "", "coordinates": "2131N 11100E", "remarks": "", "is_water_port": "1"}}, {"type": "Feature", "geometry": {"type": "Point", "coordinates": [118.433333, 38.45]}, "properties": {"change": "", "locode": "CNBZG", "name": "Bozhong", "name_wo_diacritics": "Bozhong", "subdivision": "TJ", "function": "1-----7-", "status": "AS", "date": "1401", "iata": "", "coordinates": "3827N 11826E", "remarks": "", "is_water_port": "1"}}, {"type": "Feature", "geometry": {"type": "Point", "coordinates": [118.05, 34.85]}, "properties": {"change": "", "locode": "CNGSA", "name": "Cangshan", "name_wo_diacritics": "Cangshan", "subdivision": "SD", "function": "1-3-----", "status": "RL", "date": "0601", "iata": "", "coordinates": "3451N 11803E", "remarks": "", "is_water_port": "1"}}, {"type": "Feature", "geometry": {"type": "Point", "coordinates": [111.316667, 23.483333]}, "properties": {"change": "", "locode": "CNCGW", "name": "Cangwu", "name_wo_diacritics": "Cangwu", "subdivision": "GX", "function": "1-3-----", "status": "RL", "date": "1401", "iata": "", "coordinates": "2329N 11119E", "remarks": "", "is_water_port": "1"}}, {"type": "Feature", "geometry": {"type": "Point", "coordinates": [118.533333, 38.95]}, "properties": {"change": "", "locode": "CNCFD", "name": "Caofeidian Pt", "name_wo_diacritics": "Caofeidian Pt", "subdivision": "HE", "function": "1-------", "status": "AS", "date": "1401", "iata": "", "coordinates": "3857N 11832E", "remarks": "", "is_water_port": "1"}}, {"type": "Feature", "geometry": {"type": "Point", "coordinates": [121.4, 30.783333]}, "properties": {"change": "", "locode": "CNCJG", "name": "Caojing", "name_wo_diacritics": "Caojing", "subdivision": "SH", "function": "1-3-----", "status": "RL", "date": "0401", "iata": "", "coordinates": "3047N 12124E", "remarks": "", "is_water_port": "1"}}, {"type": "Feature", "geometry": {"type": "Point", "coordinates": [124.8, 40.416667]}, "properties": {"change": "", "locode": "CNCDH", "name": "Changdianhekou", "name_wo_diacritics": "Changdianhekou", "subdivision": "LN", "function": "1-------", "status": "AS", "date": "1401", "iata": "", "coordinates": "4025N 12448E", "remarks": "", "is_water_port": "1"}}, {"type": "Feature", "geometry": {"type": "Point", "coordinates": [112.983333, 28.2]}, "properties": {"change": "", "locode": "CNCSH", "name": "Changsha", "name_wo_diacritics": "Changsha", "subdivision": "HN", "function": "12-45---", "status": "AS", "date": "1701", "iata": "", "coordinates": "2812N 11259E", "remarks": "", "is_water_port": "1"}}, {"type": "Feature", "geometry": {"type": "Point", "coordinates": [120.716667, 31.65]}, "properties": {"change": "", "locode": "CNCGS", "name": "Changshu Pt", "name_wo_diacritics": "Changshu Pt", "subdivision": "JS", "function": "1-------", "status": "AS", "date": "1601", "iata": "", "coordinates": "3139N 12043E", "remarks": "", "is_water_port": "1"}}, {"type": "Feature", "geometry": {"type": "Point", "coordinates": [119.966667, 31.783333]}, "properties": {"change": "", "locode": "CNCZX", "name": "Changzhou", "name_wo_diacritics": "Changzhou", "subdivision": "JS", "function": "1234----", "status": "AS", "date": "2107", "iata": "", "coordinates": "3147N 11958E", "remarks": "", "is_water_port": "1"}}, {"type": "Feature", "geometry": {"type": "Point", "coordinates": [117.85, 31.6]}, "properties": {"change": "", "locode": "CNCHU", "name": "Chaohu", "name_wo_diacritics": "Chaohu", "subdivision": "AH", "function": "123-----", "status": "RL", "date": "0601", "iata": "", "coordinates": "3136N 11751E", "remarks": "", "is_water_port": "1"}}, {"type": "Feature", "geometry": {"type": "Point", "coordinates": [116.6, 23.266667]}, "properties": {"change": "", "locode": "CNCHY", "name": "Chaoyang Pt", "name_wo_diacritics": "Chaoyang Pt", "subdivision": "GD", "function": "1-------", "status": "AS", "date": "1601", "iata": "", "coordinates": "2316N 11636E", "remarks": "", "is_water_port": "1"}}, {"type": "Feature", "geometry": {"type": "Point", "coordinates": [116.633333, 23.666667]}, "properties": {"change": "", "locode": "CNCOZ", "name": "Chaozhou", "name_wo_diacritics": "Chaozhou", "subdivision": "GD", "function": "123-----", "status": "AS", "date": "2107", "iata": "", "coordinates": "2340N 11638E", "remarks": "", "is_water_port": "1"}}, {"type": "Feature", "geometry": {"type": "Point", "coordinates": [113.233333, 22.95]}, "properties": {"change": "", "locode": "CNCUN", "name": "Chencun", "name_wo_diacritics": "Chencun", "subdivision": "GD", "function": "1-3-----", "status": "RL", "date": "0601", "iata": "", "coordinates": "2257N 11314E", "remarks": "", "is_water_port": "1"}}, {"type": "Feature", "geometry": {"type": "Point", "coordinates": [117.933333, 40.966667]}, "properties": {"change": "", "locode": "CNCNG", "name": "Chengde", "name_wo_diacritics": "Chengde", "subdivision": "HE", "function": "123-----", "status": "RL", "date": "0907", "iata": "", "coordinates": "4058N 11756E", "remarks": "", "is_water_port": "1"}}, {"type": "Feature", "geometry": {"type": "Point", "coordinates": [113.15, 29.433333]}, "properties": {"change": "", "locode": "CNCLJ", "name": "Chenglingji Pt", "name_wo_diacritics": "Chenglingji Pt", "subdivision": "HN", "function": "1-------", "status": "AS", "date": "1407", "iata": "", "coordinates": "2926N 11309E", "remarks": "", "is_water_port": "1"}}, {"type": "Feature", "geometry": {"type": "Point", "coordinates": [120.233333, 31.916667]}, "properties": {"change": "", "locode": "CNCHX", "name": "Chengxi", "name_wo_diacritics": "Chengxi", "subdivision": "SH", "function": "1-------", "status": "RL", "date": "1401", "iata": "", "coordinates": "3155N 12014E", "remarks": "", "is_water_port": "1"}}, {"type": "Feature", "geometry": {"type": "Point", "coordinates": [113.883333, 22.483333]}, "properties": {"change": "", "locode": "CNCWN", "name": "Chiwan Pt", "name_wo_diacritics": "Chiwan Pt", "subdivision": "GD", "function": "1-------", "status": "AS", "date": "1601", "iata": "", "coordinates": "2229N 11353E", "remarks": "", "is_water_port": "1"}}, {"type": "Feature", "geometry": {"type": "Point", "coordinates": [117.466667, 30.65]}, "properties": {"change": "", "locode": "CNCHI", "name": "Chizhou", "name_wo_diacritics": "Chizhou", "subdivision": "AH", "function": "123-----", "status": "AS", "date": "2107", "iata": "", "coordinates": "3039N 11728E", "remarks": "", "is_water_port": "1"}}, {"type": "Feature", "geometry": {"type": "Point", "coordinates": [121.4, 31.633333]}, "properties": {"change": "", "locode": "CNCGM", "name": "Chongming", "name_wo_diacritics": "Chongming", "subdivision": "SH", "function": "1-------", "status": "AS", "date": "1401", "iata": "", "coordinates": "3138N 12124E", "remarks": "", "is_water_port": "1"}}, {"type": "Feature", "geometry": {"type": "Point", "coordinates": [106.55, 29.583333]}, "properties": {"change": "", "locode": "CNCQI", "name": "Chongqing", "name_wo_diacritics": "Chongqing", "subdivision": "CQ", "function": "12-45---", "status": "AS", "date": "1601", "iata": "", "coordinates": "2935N 10633E", "remarks": "", "is_water_port": "1"}}, {"type": "Feature", "geometry": {"type": "Point", "coordinates": [118.283333, 32.316667]}, "properties": {"change": "", "locode": "CNCHZ", "name": "Chuzhou", "name_wo_diacritics": "Chuzhou", "subdivision": "AH", "function": "123-----", "status": "RL", "date": "0507", "iata": "", "coordinates": "3219N 11817E", "remarks": "", "is_water_port": "1"}}, {"type": "Feature", "geometry": {"type": "Point", "coordinates": [113.066667, 22.266667]}, "properties": {"change": "", "locode": "CNCIV", "name": "Civet / Guandong", "name_wo_diacritics": "Civet / Guandong", "subdivision": "GD", "function": "1----6--", "status": "RQ", "date": "1001", "iata": "", "coordinates": "2216N 11304E", "remarks": "", "is_water_port": "1"}}, {"type": "Feature", "geometry": {"type": "Point", "coordinates": [121.233333, 30.166667]}, "properties": {"change": "", "locode": "CNCIX", "name": "Cixi", "name_wo_diacritics": "Cixi", "subdivision": "ZJ", "function": "1-3--6--", "status": "RL", "date": "0407", "iata": "", "coordinates": "3010N 12114E", "remarks": "", "is_water_port": "1"}}, {"type": "Feature", "geometry": {"type": "Point", "coordinates": [113.866667, 22.533333]}, "properties": {"change": "", "locode": "CNDCB", "name": "DA CHAN BAY", "name_wo_diacritics": "DA CHAN BAY", "subdivision": "GD", "function": "1----6--", "status": "RL", "date": "1701", "iata": "", "coordinates": "2232N 11352E", "remarks": "", "is_water_port": "1"}}, {"type": "Feature", "geometry": {"type": "Point", "coordinates": [129.85, 43.95]}, "properties": {"change": "", "locode": "CNDAN", "name": "Daan", "name_wo_diacritics": "Daan", "subdivision": "JL", "function": "1-------", "status": "AS", "date": "1401", "iata": "", "coordinates": "4357N 12951E", "remarks": "", "is_water_port": "1"}}, {"type": "Feature", "geometry": {"type": "Point", "coordinates": [118.316667, 24.533333]}, "properties": {"change": "", "locode": "CNDDD", "name": "Dadeng I.", "name_wo_diacritics": "Dadeng I.", "subdivision": "FJ", "function": "1-------", "status": "AS", "date": "1401", "iata": "", "coordinates": "2432N 11819E", "remarks": "", "is_water_port": "1"}}, {"type": "Feature", "geometry": {"type": "Point", "coordinates": [120.466667, 33.183333]}, "properties": {"change": "", "locode": "CNDFG", "name": "Dafeng", "name_wo_diacritics": "Dafeng", "subdivision": "JS", "function": "123-----", "status": "AS", "date": "2107", "iata": "", "coordinates": "3311N 12028E", "remarks": "", "is_water_port": "1"}}, {"type": "Feature", "geometry": {"type": "Point", "coordinates": [121.6, 38.916667]}, "properties": {"change": "", "locode": "CNDAL", "name": "Dalian", "name_wo_diacritics": "Dalian", "subdivision": "LN", "function": "12-45---", "status": "AS", "date": "2007", "iata": "", "coordinates": "3855N 12136E", "remarks": "", "is_water_port": "1"}}, {"type": "Feature", "geometry": {"type": "Point", "coordinates": [123.716667, 39.733333]}, "properties": {"change": "", "locode": "CNDLD", "name": "Dalu Island", "name_wo_diacritics": "Dalu Island", "subdivision": "LN", "function": "1-------", "status": "AS", "date": "1601", "iata": "", "coordinates": "3944N 12343E", "remarks": "", "is_water_port": "1"}}, {"type": "Feature", "geometry": {"type": "Point", "coordinates": [121.15, 28.083333]}, "properties": {"change": "¦", "locode": "CNDMY", "name": "Damaiyu", "name_wo_diacritics": "Damaiyu", "subdivision": "ZJ", "function": "1-------", "status": "AS", "date": "2407", "iata": "", "coordinates": "2805N 12109E", "remarks": "coordinates", "is_water_port": "1"}}, {"type": "Feature", "geometry": {"type": "Point", "coordinates": [124.366667, 40.133333]}, "properties": {"change": "", "locode": "CNDDZ", "name": "Dandong", "name_wo_diacritics": "Dandong", "subdivision": "LN", "function": "123----B", "status": "AS", "date": "1601", "iata": "", "coordinates": "4008N 12422E", "remarks": "", "is_water_port": "1"}}, {"type": "Feature", "geometry": {"type": "Point", "coordinates": [109.433333, 25.366667]}, "properties": {"change": "", "locode": "CNDHU", "name": "Danzhou", "name_wo_diacritics": "Danzhou", "subdivision": "GX", "function": "123--6--", "status": "RL", "date": "0601", "iata": "", "coordinates": "2522N 10926E", "remarks": "", "is_water_port": "1"}}, {"type": "Feature", "geometry": {"type": "Point", "coordinates": [114.5, 22.6]}, "properties": {"change": "", "locode": "CNDPG", "name": "Dapeng", "name_wo_diacritics": "Dapeng", "subdivision": "GD", "function": "1-3-----", "status": "RL", "date": "0601", "iata": "", "coordinates": "2236N 11430E", "remarks": "", "is_water_port": "1"}}, {"type": "Feature", "geometry": {"type": "Point", "coordinates": [121.6, 38.9]}, "properties": {"change": "", "locode": "CNDAS", "name": "Dashihuagang", "name_wo_diacritics": "Dashihuagang", "subdivision": "21", "function": "1-------", "status": "RL", "date": "0901", "iata": "", "coordinates": "3854N 12136E", "remarks": "", "is_water_port": "1"}}, {"type": "Feature", "geometry": {"type": "Point", "coordinates": [121.95, 29.883333]}, "properties": {"change": "", "locode": "CNDAX", "name": "Daxie Pt", "name_wo_diacritics": "Daxie Pt", "subdivision": "ZJ", "function": "1-------", "status": "AS", "date": "1601", "iata": "", "coordinates": "2953N 12157E", "remarks": "", "is_water_port": "1"}}, {"type": "Feature", "geometry": {"type": "Point", "coordinates": [114.666667, 22.666667]}, "properties": {"change": "", "locode": "CNDAY", "name": "Dayawan", "name_wo_diacritics": "Dayawan", "subdivision": "GD", "function": "1-------", "status": "AS", "date": "1601", "iata": "", "coordinates": "2240N 11440E", "remarks": "", "is_water_port": "1"}}, {"type": "Feature", "geometry": {"type": "Point", "coordinates": [109.116667, 26.216667]}, "properties": {"change": "", "locode": "CNDEF", "name": "Defeng", "name_wo_diacritics": "Defeng", "subdivision": "GZ", "function": "1-3-----", "status": "RL", "date": "0601", "iata": "", "coordinates": "2613N 10907E", "remarks": "", "is_water_port": "1"}}, {"type": "Feature", "geometry": {"type": "Point", "coordinates": [116.283333, 37.433333]}, "properties": {"change": "", "locode": "CNDEZ", "name": "Dezhou", "name_wo_diacritics": "Dezhou", "subdivision": "SD", "function": "1-3-----", "status": "RL", "date": "0507", "iata": "", "coordinates": "3726N 11617E", "remarks": "", "is_water_port": "1"}}, {"type": "Feature", "geometry": {"type": "Point", "coordinates": [119.616667, 26.233333]}, "properties": {"change": "", "locode": "CNDDW", "name": "Dongdaiwan", "name_wo_diacritics": "Dongdaiwan", "subdivision": "FJ", "function": "1-------", "status": "AS", "date": "1401", "iata": "", "coordinates": "2614N 11937E", "remarks": "", "is_water_port": "1"}}, {"type": "Feature", "geometry": {"type": "Point", "coordinates": [108.933333, 19.05]}, "properties": {"change": "", "locode": "CNDFA", "name": "Dongfang", "name_wo_diacritics": "Dongfang", "subdivision": "HI", "function": "123-----", "status": "RL", "date": "1401", "iata": "", "coordinates": "1903N 10856E", "remarks": "", "is_water_port": "1"}}, {"type": "Feature", "geometry": {"type": "Point", "coordinates": [124.133333, 39.883333]}, "properties": {"change": "", "locode": "CNDGN", "name": "Donggang", "name_wo_diacritics": "Donggang", "subdivision": "TJ", "function": "1-------", "status": "AS", "date": "1601", "iata": "", "coordinates": "3953N 12408E", "remarks": "", "is_water_port": "1"}}, {"type": "Feature", "geometry": {"type": "Point", "coordinates": [113.75, 23.033333]}, "properties": {"change": "", "locode": "CNDGG", "name": "Dongguan", "name_wo_diacritics": "Dongguan", "subdivision": "GD", "function": "123-----", "status": "AS", "date": "2107", "iata": "", "coordinates": "2302N 11345E", "remarks": "", "is_water_port": "1"}}, {"type": "Feature", "geometry": {"type": "Point", "coordinates": [115.633333, 22.95]}, "properties": {"change": "", "locode": "CNDNG", "name": "Donghai", "name_wo_diacritics": "Donghai", "subdivision": "GD", "function": "1-3--6--", "status": "RL", "date": "0407", "iata": "", "coordinates": "2257N 11538E", "remarks": "", "is_water_port": "1"}}, {"type": "Feature", "geometry": {"type": "Point", "coordinates": [119.766667, 35.6]}, "properties": {"change": "", "locode": "CNDJA", "name": "Dongjiakou", "name_wo_diacritics": "Dongjiakou", "subdivision": "SD", "function": "1-3-----", "status": "AA", "date": "2201", "iata": "", "coordinates": "3536N 11946E", "remarks": "", "is_water_port": "1"}}, {"type": "Feature", "geometry": {"type": "Point", "coordinates": [119.783333, 35.583333]}, "properties": {"change": "¦", "locode": "CNDJK", "name": "Dongjiangkou", "name_wo_diacritics": "Dongjiangkou", "subdivision": "GD", "function": "12------", "status": "AS", "date": "2407", "iata": "", "coordinates": "3535N 11947E", "remarks": "", "is_water_port": "1"}}, {"type": "Feature", "geometry": {"type": "Point", "coordinates": [110.416667, 20.333333]}, "properties": {"change": "", "locode": "CNDJT", "name": "Dongjiaotou Pt", "name_wo_diacritics": "Dongjiaotou Pt", "subdivision": "GD", "function": "1-------", "status": "AS", "date": "1601", "iata": "", "coordinates": "2020N 11025E", "remarks": "", "is_water_port": "1"}}, {"type": "Feature", "geometry": {"type": "Point", "coordinates": [115.016667, 23.25]}, "properties": {"change": "", "locode": "CNDOP", "name": "Donglian Port", "name_wo_diacritics": "Donglian Port", "subdivision": "GD", "function": "1-------", "status": "RQ", "date": "1007", "iata": "", "coordinates": "2275N 11461E", "remarks": "", "is_water_port": "1"}}, {"type": "Feature", "geometry": {"type": "Point", "coordinates": [112.216667, 21.716667]}, "properties": {"change": "", "locode": "CNDGP", "name": "Dongping", "name_wo_diacritics": "Dongping", "subdivision": "GD", "function": "1-------", "status": "AS", "date": "1401", "iata": "", "coordinates": "2143N 11213E", "remarks": "", "is_water_port": "1"}}, {"type": "Feature", "geometry": {"type": "Point", "coordinates": [118.466667, 24.666667]}, "properties": {"change": "", "locode": "CNDSH", "name": "Dongshi", "name_wo_diacritics": "Dongshi", "subdivision": "FJ", "function": "1-------", "status": "AS", "date": "1601", "iata": "", "coordinates": "2440N 11828E", "remarks": "", "is_water_port": "1"}}, {"type": "Feature", "geometry": {"type": "Point", "coordinates": [107.983333, 21.483333]}, "properties": {"change": "", "locode": "CNDOX", "name": "Dongxing", "name_wo_diacritics": "Dongxing", "subdivision": "GX", "function": "1-3----B", "status": "AS", "date": "1407", "iata": "", "coordinates": "2129N 10759E", "remarks": "", "is_water_port": "1"}}, {"type": "Feature", "geometry": {"type": "Point", "coordinates": [118.683333, 37.416667]}, "properties": {"change": "", "locode": "CNDYN", "name": "Dongying", "name_wo_diacritics": "Dongying", "subdivision": "SD", "function": "123-----", "status": "AS", "date": "2107", "iata": "", "coordinates": "3725N 11841E", "remarks": "", "is_water_port": "1"}}, {"type": "Feature", "geometry": {"type": "Point", "coordinates": [113.283333, 22.2]}, "properties": {"change": "", "locode": "CNDOU", "name": "Doumen Pt", "name_wo_diacritics": "Doumen Pt", "subdivision": "GD", "function": "1-------", "status": "AS", "date": "1601", "iata": "", "coordinates": "2212N 11317E", "remarks": "", "is_water_port": "1"}}, {"type": "Feature", "geometry": {"type": "Point", "coordinates": [114.816667, 30.4]}, "properties": {"change": "", "locode": "CNEZH", "name": "Ezhou", "name_wo_diacritics": "Ezhou", "subdivision": "HB", "function": "123-----", "status": "RL", "date": "0601", "iata": "", "coordinates": "3024N 11449E", "remarks": "", "is_water_port": "1"}}, {"type": "Feature", "geometry": {"type": "Point", "coordinates": [108.35, 21.766667]}, "properties": {"change": "", "locode": "CNFAN", "name": "Fangcheng Pt", "name_wo_diacritics": "Fangcheng Pt", "subdivision": "GX", "function": "1-------", "status": "AS", "date": "1601", "iata": "", "coordinates": "2146N 10821E", "remarks": "", "is_water_port": "1"}}, {"type": "Feature", "geometry": {"type": "Point", "coordinates": [121.233333, 36.7]}, "properties": {"change": "", "locode": "CNFCH", "name": "Fengcheng", "name_wo_diacritics": "Fengcheng", "subdivision": "SD", "function": "1-------", "status": "AS", "date": "1401", "iata": "", "coordinates": "3642N 12114E", "remarks": "", "is_water_port": "1"}}, {"type": "Feature", "geometry": {"type": "Point", "coordinates": [121.4, 29.65]}, "properties": {"change": "+", "locode": "CNFEH", "name": "Fenghua", "name_wo_diacritics": "Fenghua", "subdivision": "ZJ", "function": "12------", "status": "AA", "date": "2407", "iata": "", "coordinates": "2939N 12124E", "remarks": "", "is_water_port": "1"}}, {"type": "Feature", "geometry": {"type": "Point", "coordinates": [112.45, 23.05]}, "properties": {"change": "", "locode": "CNFKI", "name": "Fengkai", "name_wo_diacritics": "Fengkai", "subdivision": "GD", "function": "1-3-----", "status": "RL", "date": "1401", "iata": "", "coordinates": "2303N 11227E", "remarks": "", "is_water_port": "1"}}, {"type": "Feature", "geometry": {"type": "Point", "coordinates": [132.033333, 47.25]}, "properties": {"change": "", "locode": "CNFUJ", "name": "Fujin", "name_wo_diacritics": "Fujin", "subdivision": "HL", "function": "1-------", "status": "AS", "date": "1401", "iata": "", "coordinates": "4715N 13202E", "remarks": "", "is_water_port": "1"}}, {"type": "Feature", "geometry": {"type": "Point", "coordinates": [107.333333, 29.7]}, "properties": {"change": "", "locode": "CNFLG", "name": "Fuling", "name_wo_diacritics": "Fuling", "subdivision": "CQ", "function": "1-3-----", "status": "RL", "date": "0601", "iata": "", "coordinates": "2942N 10720E", "remarks": "", "is_water_port": "1"}}, {"type": "Feature", "geometry": {"type": "Point", "coordinates": [113.783333, 22.65]}, "properties": {"change": "", "locode": "CNFNG", "name": "Fuyong", "name_wo_diacritics": "Fuyong", "subdivision": "GD", "function": "1-3-----", "status": "RL", "date": "0207", "iata": "", "coordinates": "2239N 11347E", "remarks": "", "is_water_port": "1"}}, {"type": "Feature", "geometry": {"type": "Point", "coordinates": [134.3, 48.35]}, "properties": {"change": "", "locode": "CNFUY", "name": "Fuyuan", "name_wo_diacritics": "Fuyuan", "subdivision": "HL", "function": "1-------", "status": "AS", "date": "1601", "iata": "", "coordinates": "4821N 13418E", "remarks": "", "is_water_port": "1"}}, {"type": "Feature", "geometry": {"type": "Point", "coordinates": [117.65, 24.516667]}, "properties": {"change": "", "locode": "CNZZU", "name": "Fuzhou", "name_wo_diacritics": "Fuzhou", "subdivision": "FJ", "function": "123-----", "status": "AS", "date": "2107", "iata": "", "coordinates": "2431N 11739E", "remarks": "", "is_water_port": "1"}}, {"type": "Feature", "geometry": {"type": "Point", "coordinates": [119.3, 26.083333]}, "properties": {"change": "", "locode": "CNFZH", "name": "Fuzhou", "name_wo_diacritics": "Fuzhou", "subdivision": "FJ", "function": "1--45---", "status": "AS", "date": "1401", "iata": "", "coordinates": "2605N 11918E", "remarks": "", "is_water_port": "1"}}, {"type": "Feature", "geometry": {"type": "Point", "coordinates": [119.85, 32.3]}, "properties": {"change": "", "locode": "CNGAO", "name": "Gaogang", "name_wo_diacritics": "Gaogang", "subdivision": "JS", "function": "1-------", "status": "AS", "date": "1401", "iata": "", "coordinates": "3218N 11951E", "remarks": "", "is_water_port": "1"}}, {"type": "Feature", "geometry": {"type": "Point", "coordinates": [103.933333, 36.316667]}, "properties": {"change": "", "locode": "CNGLN", "name": "Gaolan", "name_wo_diacritics": "Gaolan", "subdivision": "GS", "function": "123-----", "status": "RL", "date": "0601", "iata": "", "coordinates": "3619N 10356E", "remarks": "", "is_water_port": "1"}}, {"type": "Feature", "geometry": {"type": "Point", "coordinates": [113.25, 21.916667]}, "properties": {"change": "", "locode": "CNGON", "name": "Gaolan", "name_wo_diacritics": "Gaolan", "subdivision": "GD", "function": "1-3-----", "status": "RL", "date": "1401", "iata": "", "coordinates": "2155N 11315E", "remarks": "", "is_water_port": "1"}}, {"type": "Feature", "geometry": {"type": "Point", "coordinates": [112.833333, 22.883333]}, "properties": {"change": "", "locode": "CNGOM", "name": "Gaoming Pt", "name_wo_diacritics": "Gaoming Pt", "subdivision": "GD", "function": "1-------", "status": "AS", "date": "1601", "iata": "", "coordinates": "2253N 11250E", "remarks": "", "is_water_port": "1"}}, {"type": "Feature", "geometry": {"type": "Point", "coordinates": [117.233333, 23.633333]}, "properties": {"change": "", "locode": "CNGGK", "name": "Gongkou", "name_wo_diacritics": "Gongkou", "subdivision": "FJ", "function": "1-------", "status": "AS", "date": "1401", "iata": "", "coordinates": "2338N 11714E", "remarks": "", "is_water_port": "1"}}, {"type": "Feature", "geometry": {"type": "Point", "coordinates": [113.866667, 22.783333]}, "properties": {"change": "", "locode": "CNGOG", "name": "Gongming", "name_wo_diacritics": "Gongming", "subdivision": "GD", "function": "1-3-----", "status": "RL", "date": "0507", "iata": "", "coordinates": "2247N 11352E", "remarks": "", "is_water_port": "1"}}, {"type": "Feature", "geometry": {"type": "Point", "coordinates": [112.8, 22.25]}, "properties": {"change": "", "locode": "CNTSG", "name": "Gongyi", "name_wo_diacritics": "Gongyi", "subdivision": "GD", "function": "1-------", "status": "AS", "date": "1407", "iata": "", "coordinates": "2215N 11248E", "remarks": "", "is_water_port": "1"}}, {"type": "Feature", "geometry": {"type": "Point", "coordinates": [116.766667, 23.233333]}, "properties": {"change": "¦", "locode": "CNGNA", "name": "Guang'ao", "name_wo_diacritics": "Guang'ao", "subdivision": "GD", "function": "1-3-----", "status": "RL", "date": "2407", "iata": "", "coordinates": "2314N 11646E", "remarks": "", "is_water_port": "1"}}, {"type": "Feature", "geometry": {"type": "Point", "coordinates": [114.433333, 22.566667]}, "properties": {"change": "", "locode": "CNGUT", "name": "Guangdong Terminal", "name_wo_diacritics": "Guangdong Terminal", "subdivision": "GD", "function": "1-------", "status": "RQ", "date": "1007", "iata": "", "coordinates": "2234N 11426E", "remarks": "", "is_water_port": "1"}}, {"type": "Feature", "geometry": {"type": "Point", "coordinates": [112.8, 21.966667]}, "properties": {"change": "", "locode": "CNGHI", "name": "Guanghai Pt", "name_wo_diacritics": "Guanghai Pt", "subdivision": "GD", "function": "1-------", "status": "AS", "date": "1407", "iata": "", "coordinates": "2158N 11248E", "remarks": "", "is_water_port": "1"}}, {"type": "Feature", "geometry": {"type": "Point", "coordinates": [113.233333, 23.133333]}, "properties": {"change": "", "locode": "CNGGZ", "name": "Guangzhou", "name_wo_diacritics": "Guangzhou", "subdivision": "GD", "function": "12345---", "status": "AS", "date": "1401", "iata": "", "coordinates": "2308N 11314E", "remarks": "", "is_water_port": "1"}}, {"type": "Feature", "geometry": {"type": "Point", "coordinates": [113.233333, 23.133333]}, "properties": {"change": "¦", "locode": "CNGZG", "name": "Guangzhou Pt", "name_wo_diacritics": "Guangzhou Pt", "subdivision": "GD", "function": "1-------", "status": "AS", "date": "2407", "iata": "", "coordinates": "2308N 11314E", "remarks": "", "is_water_port": "1"}}, {"type": "Feature", "geometry": {"type": "Point", "coordinates": [109.6, 23.1]}, "properties": {"change": "", "locode": "CNGUG", "name": "Guigang", "name_wo_diacritics": "Guigang", "subdivision": "GX", "function": "1-------", "status": "AS", "date": "1401", "iata": "", "coordinates": "2306N 10936E", "remarks": "", "is_water_port": "1"}}, {"type": "Feature", "geometry": {"type": "Point", "coordinates": [110.283333, 25.266667]}, "properties": {"change": "", "locode": "CNGUI", "name": "Guilin", "name_wo_diacritics": "Guilin", "subdivision": "GX", "function": "123-----", "status": "RL", "date": "1701", "iata": "", "coordinates": "2516N 11017E", "remarks": "", "is_water_port": "1"}}, {"type": "Feature", "geometry": {"type": "Point", "coordinates": [113.816667, 22.133333]}, "properties": {"change": "", "locode": "CNGIS", "name": "Guishan", "name_wo_diacritics": "Guishan", "subdivision": "GD", "function": "1-------", "status": "AS", "date": "1401", "iata": "", "coordinates": "2208N 11349E", "remarks": "", "is_water_port": "1"}}, {"type": "Feature", "geometry": {"type": "Point", "coordinates": [113.166667, 22.6]}, "properties": {"change": "", "locode": "CNGZE", "name": "Guzhen", "name_wo_diacritics": "Guzhen", "subdivision": "GD", "function": "1-3--6--", "status": "RL", "date": "0607", "iata": "", "coordinates": "2236N 11310E", "remarks": "", "is_water_port": "1"}}, {"type": "Feature", "geometry": {"type": "Point", "coordinates": [110.333333, 20.033333]}, "properties": {"change": "", "locode": "CNHKO", "name": "Haikou", "name_wo_diacritics": "Haikou", "subdivision": "HI", "function": "1--45---", "status": "AS", "date": "1401", "iata": "", "coordinates": "2002N 11020E", "remarks": "", "is_water_port": "1"}}, {"type": "Feature", "geometry": {"type": "Point", "coordinates": [108.833333, 20.25]}, "properties": {"change": "", "locode": "CNHXG", "name": "Haikou New Pt", "name_wo_diacritics": "Haikou New Pt", "subdivision": "HI", "function": "1-------", "status": "AS", "date": "1407", "iata": "", "coordinates": "2015N 10850E", "remarks": "", "is_water_port": "1"}}, {"type": "Feature", "geometry": {"type": "Point", "coordinates": [110.166667, 20.033333]}, "properties": {"change": "", "locode": "CNHIG", "name": "Haikou Pt", "name_wo_diacritics": "Haikou Pt", "subdivision": "HI", "function": "1-------", "status": "AS", "date": "1401", "iata": "", "coordinates": "2002N 11010E", "remarks": "", "is_water_port": "1"}}, {"type": "Feature", "geometry": {"type": "Point", "coordinates": [121.433333, 28.666667]}, "properties": {"change": "", "locode": "CNHME", "name": "Haimen", "name_wo_diacritics": "Haimen", "subdivision": "ZJ", "function": "1-------", "status": "RL", "date": "1707", "iata": "", "coordinates": "2840N 12126E", "remarks": "", "is_water_port": "1"}}, {"type": "Feature", "geometry": {"type": "Point", "coordinates": [120.3, 27.1]}, "properties": {"change": "", "locode": "CNHHT", "name": "Haitian Terminal/ Xiamen", "name_wo_diacritics": "Haitian Terminal/ Xiamen", "subdivision": "FJ", "function": "1-3--6--", "status": "RQ", "date": "0907", "iata": "", "coordinates": "2706N 12018E", "remarks": "", "is_water_port": "1"}}, {"type": "Feature", "geometry": {"type": "Point", "coordinates": [126.6, 45.733333]}, "properties": {"change": "", "locode": "CNHRN", "name": "Harbin", "name_wo_diacritics": "Harbin", "subdivision": "HL", "function": "12-45---", "status": "AS", "date": "1401", "iata": "", "coordinates": "4544N 12636E", "remarks": "", "is_water_port": "1"}}, {"type": "Feature", "geometry": {"type": "Point", "coordinates": [115.283333, 39.883333]}, "properties": {"change": "X", "locode": "CNHEB", "name": "Hebei", "name_wo_diacritics": "Hebei", "subdivision": "HE", "function": "1-3-----", "status": "XX", "date": "2407", "iata": "", "coordinates": "3953N 11517E", "remarks": "", "is_water_port": "1"}}, {"type": "Feature", "geometry": {"type": "Point", "coordinates": [127.483333, 50.233333]}, "properties": {"change": "", "locode": "CNHEK", "name": "Heihe", "name_wo_diacritics": "Heihe", "subdivision": "HL", "function": "1-----7-", "status": "AS", "date": "1601", "iata": "", "coordinates": "5014N 12729E", "remarks": "", "is_water_port": "1"}}, {"type": "Feature", "geometry": {"type": "Point", "coordinates": [119.383333, 50.2]}, "properties": {"change": "", "locode": "CNHST", "name": "Heishantou", "name_wo_diacritics": "Heishantou", "subdivision": "NM", "function": "1-------", "status": "AS", "date": "1601", "iata": "", "coordinates": "5012N 11923E", "remarks": "", "is_water_port": "1"}}, {"type": "Feature", "geometry": {"type": "Point", "coordinates": [112.316667, 22.2]}, "properties": {"change": "", "locode": "CNENP", "name": "Hengban", "name_wo_diacritics": "Hengban", "subdivision": "GD", "function": "1-------", "status": "AS", "date": "1601", "iata": "", "coordinates": "2212N 11219E", "remarks": "", "is_water_port": "1"}}, {"type": "Feature", "geometry": {"type": "Point", "coordinates": [114.616667, 23.166667]}, "properties": {"change": "", "locode": "CNHNI", "name": "Hengli", "name_wo_diacritics": "Hengli", "subdivision": "GD", "function": "1-3--6--", "status": "RL", "date": "0601", "iata": "", "coordinates": "2310N 11437E", "remarks": "", "is_water_port": "1"}}, {"type": "Feature", "geometry": {"type": "Point", "coordinates": [112.95, 22.766667]}, "properties": {"change": "", "locode": "CNHSN", "name": "Heshan Pt", "name_wo_diacritics": "Heshan Pt", "subdivision": "GD", "function": "1-------", "status": "AS", "date": "1601", "iata": "", "coordinates": "2246N 11257E", "remarks": "", "is_water_port": "1"}}, {"type": "Feature", "geometry": {"type": "Point", "coordinates": [113.133333, 22.65]}, "properties": {"change": "", "locode": "CNHTG", "name": "Hetang", "name_wo_diacritics": "Hetang", "subdivision": "GD", "function": "1-------", "status": "AS", "date": "1401", "iata": "", "coordinates": "2239N 11308E", "remarks": "", "is_water_port": "1"}}, {"type": "Feature", "geometry": {"type": "Point", "coordinates": [114.266667, 23.166667]}, "properties": {"change": "", "locode": "CNBLX", "name": "Honghai Pt", "name_wo_diacritics": "Honghai Pt", "subdivision": "GD", "function": "1-------", "status": "AS", "date": "1407", "iata": "", "coordinates": "2310N 11416E", "remarks": "", "is_water_port": "1"}}, {"type": "Feature", "geometry": {"type": "Point", "coordinates": [113.633333, 22.933333]}, "properties": {"change": "", "locode": "CNHOU", "name": "Houjie", "name_wo_diacritics": "Houjie", "subdivision": "GD", "function": "1-3-----", "status": "RL", "date": "0407", "iata": "", "coordinates": "2256N 11338E", "remarks": "", "is_water_port": "1"}}, {"type": "Feature", "geometry": {"type": "Point", "coordinates": [118.666667, 24.883333]}, "properties": {"change": "", "locode": "CNHZU", "name": "Houzhu", "name_wo_diacritics": "Houzhu", "subdivision": "FJ", "function": "1-3--6--", "status": "RL", "date": "0407", "iata": "", "coordinates": "2453N 11840E", "remarks": "", "is_water_port": "1"}}, {"type": "Feature", "geometry": {"type": "Point", "coordinates": [130.7, 47.016667]}, "properties": {"change": "", "locode": "CNHCN", "name": "Huachuan", "name_wo_diacritics": "Huachuan", "subdivision": "HL", "function": "1-------", "status": "AS", "date": "1401", "iata": "", "coordinates": "4701N 13042E", "remarks": "", "is_water_port": "1"}}, {"type": "Feature", "geometry": {"type": "Point", "coordinates": [112.45, 23.05]}, "properties": {"change": "", "locode": "CNHIJ", "name": "Huaiji", "name_wo_diacritics": "Huaiji", "subdivision": "GD", "function": "1-3-----", "status": "RL", "date": "1401", "iata": "", "coordinates": "2303N 11227E", "remarks": "", "is_water_port": "1"}}, {"type": "Feature", "geometry": {"type": "Point", "coordinates": [115.5, 40.366667]}, "properties": {"change": "", "locode": "CNHLI", "name": "Huailai", "name_wo_diacritics": "Huailai", "subdivision": "HE", "function": "123-----", "status": "RL", "date": "0907", "iata": "", "coordinates": "4022N 11530E", "remarks": "", "is_water_port": "1"}}, {"type": "Feature", "geometry": {"type": "Point", "coordinates": [119.016667, 33.633333]}, "properties": {"change": "", "locode": "CNAIN", "name": "Huaiyin", "name_wo_diacritics": "Huaiyin", "subdivision": "JS", "function": "1-3--6--", "status": "RL", "date": "0407", "iata": "", "coordinates": "3338N 11901E", "remarks": "", "is_water_port": "1"}}, {"type": "Feature", "geometry": {"type": "Point", "coordinates": [117.35, 38.35]}, "properties": {"change": "", "locode": "CNHUH", "name": "Huanghua Pt", "name_wo_diacritics": "Huanghua Pt", "subdivision": "HE", "function": "1-------", "status": "AS", "date": "1601", "iata": "", "coordinates": "3821N 11721E", "remarks": "", "is_water_port": "1"}}, {"type": "Feature", "geometry": {"type": "Point", "coordinates": [107.333333, 25.1]}, "properties": {"change": "", "locode": "CNHGJ", "name": "Huangjiang", "name_wo_diacritics": "Huangjiang", "subdivision": "GX", "function": "1-3-----", "status": "RL", "date": "0601", "iata": "", "coordinates": "2506N 10720E", "remarks": "", "is_water_port": "1"}}, {"type": "Feature", "geometry": {"type": "Point", "coordinates": [113.5, 23.083333]}, "properties": {"change": "", "locode": "CNHUN", "name": "Huangpu New Port", "name_wo_diacritics": "Huangpu New Port", "subdivision": "GD", "function": "1-------", "status": "AS", "date": "1901", "iata": "", "coordinates": "2305N 11330E", "remarks": "", "is_water_port": "1"}}, {"type": "Feature", "geometry": {"type": "Point", "coordinates": [115.1, 30.2]}, "properties": {"change": "", "locode": "CNHSI", "name": "Huangshi Pt", "name_wo_diacritics": "Huangshi Pt", "subdivision": "HB", "function": "1-------", "status": "AS", "date": "1407", "iata": "", "coordinates": "3012N 11506E", "remarks": "", "is_water_port": "1"}}, {"type": "Feature", "geometry": {"type": "Point", "coordinates": [121.566667, 29.55]}, "properties": {"change": "", "locode": "CNANG", "name": "Huangxian", "name_wo_diacritics": "Huangxian", "subdivision": "33", "function": "1----6--", "status": "RL", "date": "0901", "iata": "", "coordinates": "2933N 12134E", "remarks": "", "is_water_port": "1"}}, {"type": "Feature", "geometry": {"type": "Point", "coordinates": [121.25, 28.633333]}, "properties": {"change": "", "locode": "CNHYN", "name": "Huangyan", "name_wo_diacritics": "Huangyan", "subdivision": "ZJ", "function": "1-34-6--", "status": "RL", "date": "0401", "iata": "", "coordinates": "2838N 12115E", "remarks": "", "is_water_port": "1"}}, {"type": "Feature", "geometry": {"type": "Point", "coordinates": [118.933333, 25.033333]}, "properties": {"change": "", "locode": "CNUIA", "name": "Hui'an,Quanzhou", "name_wo_diacritics": "Hui'an,Quanzhou", "subdivision": "FJ", "function": "123--6--", "status": "", "date": "2307", "iata": "", "coordinates": "2502N 11856E", "remarks": "", "is_water_port": "1"}}, {"type": "Feature", "geometry": {"type": "Point", "coordinates": [114.7, 22.983333]}, "properties": {"change": "", "locode": "CNHID", "name": "Huidong Pt", "name_wo_diacritics": "Huidong Pt", "subdivision": "GD", "function": "1-------", "status": "AS", "date": "1407", "iata": "", "coordinates": "2259N 11442E", "remarks": "", "is_water_port": "1"}}, {"type": "Feature", "geometry": {"type": "Point", "coordinates": [114.366667, 23.083333]}, "properties": {"change": "", "locode": "CNHUI", "name": "Huizhou", "name_wo_diacritics": "Huizhou", "subdivision": "GD", "function": "123-----", "status": "AS", "date": "2107", "iata": "", "coordinates": "2305N 11422E", "remarks": "", "is_water_port": "1"}}, {"type": "Feature", "geometry": {"type": "Point", "coordinates": [132.95, 45.783333]}, "properties": {"change": "", "locode": "CNHUL", "name": "Hulin", "name_wo_diacritics": "Hulin", "subdivision": "HL", "function": "1------B", "status": "AS", "date": "1407", "iata": "", "coordinates": "4547N 13257E", "remarks": "", "is_water_port": "1"}}, {"type": "Feature", "geometry": {"type": "Point", "coordinates": [120.85, 40.75]}, "properties": {"change": "", "locode": "CNHUD", "name": "Huludao", "name_wo_diacritics": "Huludao", "subdivision": "LN", "function": "1234----", "status": "AS", "date": "2107", "iata": "", "coordinates": "4045N 12051E", "remarks": "", "is_water_port": "1"}}, {"type": "Feature", "geometry": {"type": "Point", "coordinates": [126.65, 51.7]}, "properties": {"change": "", "locode": "CNHUM", "name": "Huma", "name_wo_diacritics": "Huma", "subdivision": "HL", "function": "1-------", "status": "AS", "date": "1601", "iata": "", "coordinates": "5142N 12639E", "remarks": "", "is_water_port": "1"}}, {"type": "Feature", "geometry": {"type": "Point", "coordinates": [113.666667, 22.833333]}, "properties": {"change": "", "locode": "CNHMN", "name": "Humen Pt", "name_wo_diacritics": "Humen Pt", "subdivision": "GD", "function": "1-------", "status": "AS", "date": "1601", "iata": "", "coordinates": "2250N 11340E", "remarks": "", "is_water_port": "1"}}, {"type": "Feature", "geometry": {"type": "Point", "coordinates": [120.1, 30.866667]}, "properties": {"change": "", "locode": "CNHZH", "name": "Huzhou", "name_wo_diacritics": "Huzhou", "subdivision": "ZJ", "function": "123-----", "status": "AS", "date": "2107", "iata": "", "coordinates": "3052N 12006E", "remarks": "", "is_water_port": "1"}}, {"type": "Feature", "geometry": {"type": "Point", "coordinates": [111.5, 23.45]}, "properties": {"change": "", "locode": "CNFKJ", "name": "Jiangkou", "name_wo_diacritics": "Jiangkou", "subdivision": "GD", "function": "1-------", "status": "AS", "date": "1407", "iata": "", "coordinates": "2327N 11130E", "remarks": "", "is_water_port": "1"}}, {"type": "Feature", "geometry": {"type": "Point", "coordinates": [113.066667, 22.583333]}, "properties": {"change": "", "locode": "CNJMN", "name": "Jiangmen", "name_wo_diacritics": "Jiangmen", "subdivision": "GD", "function": "123-----", "status": "AS", "date": "2107", "iata": "", "coordinates": "2235N 11304E", "remarks": "", "is_water_port": "1"}}, {"type": "Feature", "geometry": {"type": "Point", "coordinates": [108.266667, 21.633333]}, "properties": {"change": "", "locode": "CNJIS", "name": "Jiangshan Pt", "name_wo_diacritics": "Jiangshan Pt", "subdivision": "GX", "function": "1-------", "status": "AS", "date": "1407", "iata": "", "coordinates": "2138N 10816E", "remarks": "", "is_water_port": "1"}}, {"type": "Feature", "geometry": {"type": "Point", "coordinates": [119.3, 25.466667]}, "properties": {"change": "", "locode": "CNJGY", "name": "Jiangyin", "name_wo_diacritics": "Jiangyin", "subdivision": "FJ", "function": "1-3-----", "status": "RL", "date": "0601", "iata": "", "coordinates": "2528N 11918E", "remarks": "", "is_water_port": "1"}}, {"type": "Feature", "geometry": {"type": "Point", "coordinates": [120.283333, 31.9]}, "properties": {"change": "", "locode": "CNJIA", "name": "Jiangyin Pt", "name_wo_diacritics": "Jiangyin Pt", "subdivision": "JS", "function": "1-------", "status": "AS", "date": "1601", "iata": "", "coordinates": "3154N 12017E", "remarks": "", "is_water_port": "1"}}, {"type": "Feature", "geometry": {"type": "Point", "coordinates": [120.75, 30.766667]}, "properties": {"change": "", "locode": "CNJAX", "name": "Jiaxing", "name_wo_diacritics": "Jiaxing", "subdivision": "ZJ", "function": "1-------", "status": "AS", "date": "1907", "iata": "", "coordinates": "3046N 12045E", "remarks": "", "is_water_port": "1"}}, {"type": "Feature", "geometry": {"type": "Point", "coordinates": [130.366667, 48.866667]}, "properties": {"change": "", "locode": "CNJAY", "name": "Jiayin", "name_wo_diacritics": "Jiayin", "subdivision": "HL", "function": "1-------", "status": "AS", "date": "1601", "iata": "", "coordinates": "4852N 13022E", "remarks": "", "is_water_port": "1"}}, {"type": "Feature", "geometry": {"type": "Point", "coordinates": [116.05, 22.866667]}, "properties": {"change": "", "locode": "CNJIZ", "name": "Jiazi", "name_wo_diacritics": "Jiazi", "subdivision": "GD", "function": "1-------", "status": "AS", "date": "1601", "iata": "", "coordinates": "2252N 11603E", "remarks": "", "is_water_port": "1"}}, {"type": "Feature", "geometry": {"type": "Point", "coordinates": [116.3, 23.033333]}, "properties": {"change": "", "locode": "CNHLJ", "name": "Jinghai", "name_wo_diacritics": "Jinghai", "subdivision": "GD", "function": "1-------", "status": "AS", "date": "1407", "iata": "", "coordinates": "2302N 11618E", "remarks": "", "is_water_port": "1"}}, {"type": "Feature", "geometry": {"type": "Point", "coordinates": [100.8, 22.016667]}, "properties": {"change": "", "locode": "CNJOG", "name": "Jinghong", "name_wo_diacritics": "Jinghong", "subdivision": "YN", "function": "1-------", "status": "AS", "date": "1401", "iata": "", "coordinates": "2201N 10048E", "remarks": "", "is_water_port": "1"}}, {"type": "Feature", "geometry": {"type": "Point", "coordinates": [120.283333, 32.033333]}, "properties": {"change": "", "locode": "CNJIJ", "name": "Jingjiang", "name_wo_diacritics": "Jingjiang", "subdivision": "JS", "function": "123-----", "status": "AS", "date": "2107", "iata": "", "coordinates": "3202N 12017E", "remarks": "", "is_water_port": "1"}}, {"type": "Feature", "geometry": {"type": "Point", "coordinates": [113.016667, 22.516667]}, "properties": {"change": "", "locode": "CNJGU", "name": "Jinguzhou", "name_wo_diacritics": "Jinguzhou", "subdivision": "GD", "function": "1-3-----", "status": "RL", "date": "0407", "iata": "", "coordinates": "2231N 11301E", "remarks": "", "is_water_port": "1"}}, {"type": "Feature", "geometry": {"type": "Point", "coordinates": [112.266667, 30.3]}, "properties": {"change": "", "locode": "CNJZK", "name": "Jingzhou Pt", "name_wo_diacritics": "Jingzhou Pt", "subdivision": "HB", "function": "1-------", "status": "AS", "date": "1407", "iata": "", "coordinates": "3018N 11216E", "remarks": "", "is_water_port": "1"}}, {"type": "Feature", "geometry": {"type": "Point", "coordinates": [119.783333, 25.5]}, "properties": {"change": "", "locode": "CNPTJ", "name": "Jinjing", "name_wo_diacritics": "Jinjing", "subdivision": "FJ", "function": "1-------", "status": "AS", "date": "1407", "iata": "", "coordinates": "2530N 11947E", "remarks": "", "is_water_port": "1"}}, {"type": "Feature", "geometry": {"type": "Point", "coordinates": [121.15, 41.116667]}, "properties": {"change": "", "locode": "CNJNZ", "name": "Jinzhou Pt", "name_wo_diacritics": "Jinzhou Pt", "subdivision": "LN", "function": "1-------", "status": "AS", "date": "1601", "iata": "", "coordinates": "4107N 12109E", "remarks": "", "is_water_port": "1"}}, {"type": "Feature", "geometry": {"type": "Point", "coordinates": [115.966667, 29.716667]}, "properties": {"change": "", "locode": "CNJIU", "name": "Jiujiang", "name_wo_diacritics": "Jiujiang", "subdivision": "JX", "function": "1234----", "status": "AS", "date": "2107", "iata": "", "coordinates": "2943N 11558E", "remarks": "", "is_water_port": "1"}}, {"type": "Feature", "geometry": {"type": "Point", "coordinates": [113.0, 22.833333]}, "properties": {"change": "", "locode": "CNJUJ", "name": "Jiujiang", "name_wo_diacritics": "Jiujiang", "subdivision": "GD", "function": "1-------", "status": "AS", "date": "1401", "iata": "", "coordinates": "2250N 11300E", "remarks": "", "is_water_port": "1"}}, {"type": "Feature", "geometry": {"type": "Point", "coordinates": [117.7, 24.033333]}, "properties": {"change": "", "locode": "CNJUZ", "name": "Jiuzhen", "name_wo_diacritics": "Jiuzhen", "subdivision": "FJ", "function": "1-------", "status": "AS", "date": "1601", "iata": "", "coordinates": "2402N 11742E", "remarks": "", "is_water_port": "1"}}, {"type": "Feature", "geometry": {"type": "Point", "coordinates": [119.166667, 31.916667]}, "properties": {"change": "", "locode": "CNJRG", "name": "Jurong", "name_wo_diacritics": "Jurong", "subdivision": "JS", "function": "1-34----", "status": "RL", "date": "1401", "iata": "", "coordinates": "3155N 11910E", "remarks": "", "is_water_port": "1"}}, {"type": "Feature", "geometry": {"type": "Point", "coordinates": [114.333333, 34.783333]}, "properties": {"change": "", "locode": "CNKFG", "name": "Kaifeng", "name_wo_diacritics": "Kaifeng", "subdivision": "HA", "function": "123-----", "status": "RL", "date": "0907", "iata": "", "coordinates": "3447N 11420E", "remarks": "", "is_water_port": "1"}}, {"type": "Feature", "geometry": {"type": "Point", "coordinates": [119.95, 37.166667]}, "properties": {"change": "", "locode": "CNLZO", "name": "Laizhou Pt", "name_wo_diacritics": "Laizhou Pt", "subdivision": "SD", "function": "1-------", "status": "AS", "date": "1601", "iata": "", "coordinates": "3710N 11957E", "remarks": "", "is_water_port": "1"}}, {"type": "Feature", "geometry": {"type": "Point", "coordinates": [119.366667, 35.066667]}, "properties": {"change": "", "locode": "CNLSN", "name": "Lanshan Pt", "name_wo_diacritics": "Lanshan Pt", "subdivision": "SD", "function": "1-------", "status": "AS", "date": "1407", "iata": "", "coordinates": "3504N 11922E", "remarks": "", "is_water_port": "1"}}, {"type": "Feature", "geometry": {"type": "Point", "coordinates": [119.466667, 29.2]}, "properties": {"change": "", "locode": "CNLXI", "name": "Lanxi", "name_wo_diacritics": "Lanxi", "subdivision": "ZJ", "function": "123-----", "status": "RL", "date": "0907", "iata": "", "coordinates": "2912N 11928E", "remarks": "", "is_water_port": "1"}}, {"type": "Feature", "geometry": {"type": "Point", "coordinates": [115.266667, 23.016667]}, "properties": {"change": "", "locode": "CNLIH", "name": "Lianhuashan Pt", "name_wo_diacritics": "Lianhuashan Pt", "subdivision": "GD", "function": "1-------", "status": "AS", "date": "1601", "iata": "", "coordinates": "2301N 11516E", "remarks": "", "is_water_port": "1"}}, {"type": "Feature", "geometry": {"type": "Point", "coordinates": [119.433333, 34.716667]}, "properties": {"change": "", "locode": "CNLYG", "name": "Lianyungang", "name_wo_diacritics": "Lianyungang", "subdivision": "JS", "function": "1-------", "status": "AS", "date": "1601", "iata": "", "coordinates": "3443N 11926E", "remarks": "", "is_water_port": "1"}}, {"type": "Feature", "geometry": {"type": "Point", "coordinates": [112.35, 24.766667]}, "properties": {"change": "", "locode": "CNLIZ", "name": "Lianzhou", "name_wo_diacritics": "Lianzhou", "subdivision": "GD", "function": "1-3-----", "status": "RL", "date": "1401", "iata": "", "coordinates": "2446N 11221E", "remarks": "", "is_water_port": "1"}}, {"type": "Feature", "geometry": {"type": "Point", "coordinates": [113.483333, 27.666667]}, "properties": {"change": "", "locode": "CNLLI", "name": "Liling", "name_wo_diacritics": "Liling", "subdivision": "HN", "function": "123-----", "status": "RL", "date": "0601", "iata": "", "coordinates": "2740N 11329E", "remarks": "", "is_water_port": "1"}}, {"type": "Feature", "geometry": {"type": "Point", "coordinates": [121.116667, 28.85]}, "properties": {"change": "", "locode": "CNLNH", "name": "Linhai", "name_wo_diacritics": "Linhai", "subdivision": "ZJ", "function": "1-3--6--", "status": "RL", "date": "0407", "iata": "", "coordinates": "2851N 12107E", "remarks": "", "is_water_port": "1"}}, {"type": "Feature", "geometry": {"type": "Point", "coordinates": [116.75, 40.066667]}, "properties": {"change": "", "locode": "CNLUI", "name": "Lisui", "name_wo_diacritics": "Lisui", "subdivision": "BJ", "function": "1-3-----", "status": "RL", "date": "0601", "iata": "", "coordinates": "4004N 11645E", "remarks": "", "is_water_port": "1"}}, {"type": "Feature", "geometry": {"type": "Point", "coordinates": [112.0, 23.066667]}, "properties": {"change": "", "locode": "CNLUD", "name": "Liudu", "name_wo_diacritics": "Liudu", "subdivision": "GD", "function": "1-------", "status": "AS", "date": "1601", "iata": "", "coordinates": "2304N 11200E", "remarks": "", "is_water_port": "1"}}, {"type": "Feature", "geometry": {"type": "Point", "coordinates": [110.066667, 20.9]}, "properties": {"change": "", "locode": "CNLZL", "name": "Liusha", "name_wo_diacritics": "Liusha", "subdivision": "GD", "function": "1-------", "status": "AS", "date": "1407", "iata": "", "coordinates": "2054N 11004E", "remarks": "", "is_water_port": "1"}}, {"type": "Feature", "geometry": {"type": "Point", "coordinates": [109.4, 23.316667]}, "properties": {"change": "", "locode": "CNLZH", "name": "Liuzhou", "name_wo_diacritics": "Liuzhou", "subdivision": "GX", "function": "123-----", "status": "AS", "date": "2107", "iata": "", "coordinates": "2319N 10924E", "remarks": "", "is_water_port": "1"}}, {"type": "Feature", "geometry": {"type": "Point", "coordinates": [115.566667, 40.766667]}, "properties": {"change": "", "locode": "CNLGU", "name": "Longguan", "name_wo_diacritics": "Longguan", "subdivision": "HE", "function": "1-3-----", "status": "RL", "date": "0601", "iata": "", "coordinates": "4046N 11534E", "remarks": "", "is_water_port": "1"}}, {"type": "Feature", "geometry": {"type": "Point", "coordinates": [113.266667, 26.466667]}, "properties": {"change": "", "locode": "CNLGI", "name": "Longhai", "name_wo_diacritics": "Longhai", "subdivision": "HN", "function": "1-3-----", "status": "RL", "date": "0601", "iata": "", "coordinates": "2628N 11316E", "remarks": "", "is_water_port": "1"}}, {"type": "Feature", "geometry": {"type": "Point", "coordinates": [120.35, 37.65]}, "properties": {"change": "", "locode": "CNLKU", "name": "Longkou Pt", "name_wo_diacritics": "Longkou Pt", "subdivision": "SD", "function": "1-------", "status": "AS", "date": "1601", "iata": "", "coordinates": "3739N 12021E", "remarks": "", "is_water_port": "1"}}, {"type": "Feature", "geometry": {"type": "Point", "coordinates": [122.633333, 37.433333]}, "properties": {"change": "", "locode": "CNLGY", "name": "Longyan Pt", "name_wo_diacritics": "Longyan Pt", "subdivision": "SD", "function": "1-------", "status": "AS", "date": "1407", "iata": "", "coordinates": "3726N 12238E", "remarks": "", "is_water_port": "1"}}, {"type": "Feature", "geometry": {"type": "Point", "coordinates": [116.483333, 31.733333]}, "properties": {"change": "", "locode": "CNLUN", "name": "Lu'an", "name_wo_diacritics": "Lu'an", "subdivision": "AH", "function": "1-3-----", "status": "RL", "date": "0607", "iata": "", "coordinates": "3144N 11629E", "remarks": "", "is_water_port": "1"}}, {"type": "Feature", "geometry": {"type": "Point", "coordinates": [115.633333, 22.95]}, "properties": {"change": "", "locode": "CNLFN", "name": "Lufeng", "name_wo_diacritics": "Lufeng", "subdivision": "GD", "function": "1-3-----", "status": "RL", "date": "0601", "iata": "", "coordinates": "2257N 11538E", "remarks": "", "is_water_port": "1"}}, {"type": "Feature", "geometry": {"type": "Point", "coordinates": [122.616667, 30.816667]}, "properties": {"change": "", "locode": "CNLUH", "name": "Lü-hua Shan", "name_wo_diacritics": "Lu-hua Shan", "subdivision": "ZJ", "function": "1-------", "status": "RL", "date": "0401", "iata": "", "coordinates": "3049N 12237E", "remarks": "", "is_water_port": "1"}}, {"type": "Feature", "geometry": {"type": "Point", "coordinates": [130.816667, 47.566667]}, "properties": {"change": "", "locode": "CNLUB", "name": "Luobei", "name_wo_diacritics": "Luobei", "subdivision": "HL", "function": "1-------", "status": "AS", "date": "1601", "iata": "", "coordinates": "4734N 13049E", "remarks": "", "is_water_port": "1"}}, {"type": "Feature", "geometry": {"type": "Point", "coordinates": [121.183333, 38.683333]}, "properties": {"change": "", "locode": "CNLSH", "name": "Lushun New Pt", "name_wo_diacritics": "Lushun New Pt", "subdivision": "LN", "function": "1-------", "status": "AS", "date": "1407", "iata": "", "coordinates": "3841N 12111E", "remarks": "", "is_water_port": "1"}}, {"type": "Feature", "geometry": {"type": "Point", "coordinates": [121.616667, 32.05]}, "properties": {"change": "", "locode": "CNLUS", "name": "Lusi", "name_wo_diacritics": "Lusi", "subdivision": "JS", "function": "1-------", "status": "AS", "date": "1601", "iata": "", "coordinates": "3203N 12137E", "remarks": "", "is_water_port": "1"}}, {"type": "Feature", "geometry": {"type": "Point", "coordinates": [105.4, 28.9]}, "properties": {"change": "", "locode": "CNLUZ", "name": "Luzhou", "name_wo_diacritics": "Luzhou", "subdivision": "SC", "function": "1-------", "status": "AS", "date": "1601", "iata": "", "coordinates": "2854N 10524E", "remarks": "", "is_water_port": "1"}}, {"type": "Feature", "geometry": {"type": "Point", "coordinates": [118.466667, 31.716667]}, "properties": {"change": "", "locode": "CNMAA", "name": "Ma'anshan", "name_wo_diacritics": "Ma'anshan", "subdivision": "AH", "function": "123-----", "status": "AS", "date": "2107", "iata": "", "coordinates": "3143N 11828E", "remarks": "", "is_water_port": "1"}}, {"type": "Feature", "geometry": {"type": "Point", "coordinates": [115.083333, 23.116667]}, "properties": {"change": "", "locode": "CNMBI", "name": "Mabian Island", "name_wo_diacritics": "Mabian Island", "subdivision": "GD", "function": "1-------", "status": "RQ", "date": "1007", "iata": "", "coordinates": "2267N 11465E", "remarks": "", "is_water_port": "1"}}, {"type": "Feature", "geometry": {"type": "Point", "coordinates": [110.016667, 19.95]}, "properties": {"change": "", "locode": "CNMAC", "name": "Macun", "name_wo_diacritics": "Macun", "subdivision": "HI", "function": "1-------", "status": "AS", "date": "1401", "iata": "", "coordinates": "1957N 11001E", "remarks": "", "is_water_port": "1"}}, {"type": "Feature", "geometry": {"type": "Point", "coordinates": [112.683333, 23.35]}, "properties": {"change": "", "locode": "CNSHM", "name": "Mafang", "name_wo_diacritics": "Mafang", "subdivision": "GD", "function": "1-------", "status": "AS", "date": "1407", "iata": "", "coordinates": "2321N 11241E", "remarks": "", "is_water_port": "1"}}, {"type": "Feature", "geometry": {"type": "Point", "coordinates": [122.4, 30.666667]}, "properties": {"change": "", "locode": "CNMJS", "name": "Maji Shan", "name_wo_diacritics": "Maji Shan", "subdivision": "ZJ", "function": "1-------", "status": "RL", "date": "0407", "iata": "", "coordinates": "3040N 12224E", "remarks": "", "is_water_port": "1"}}, {"type": "Feature", "geometry": {"type": "Point", "coordinates": [122.1, 30.016667]}, "properties": {"change": "", "locode": "CNMAJ", "name": "Majistan/Zhoushan", "name_wo_diacritics": "Majistan/Zhoushan", "subdivision": "ZJ", "function": "1-------", "status": "RQ", "date": "0407", "iata": "", "coordinates": "3001N 12206E", "remarks": "", "is_water_port": "1"}}, {"type": "Feature", "geometry": {"type": "Point", "coordinates": [112.733333, 23.05]}, "properties": {"change": "", "locode": "CNMOG", "name": "Maogang", "name_wo_diacritics": "Maogang", "subdivision": "GD", "function": "1-3-----", "status": "RQ", "date": "1001", "iata": "", "coordinates": "2303N 11244E", "remarks": "", "is_water_port": "1"}}, {"type": "Feature", "geometry": {"type": "Point", "coordinates": [113.883333, 22.45]}, "properties": {"change": "", "locode": "CNMWN", "name": "Mawan Pt", "name_wo_diacritics": "Mawan Pt", "subdivision": "GD", "function": "1-------", "status": "AS", "date": "1407", "iata": "", "coordinates": "2227N 11353E", "remarks": "", "is_water_port": "1"}}, {"type": "Feature", "geometry": {"type": "Point", "coordinates": [119.45, 25.983333]}, "properties": {"change": "", "locode": "CNMAW", "name": "Mawei Pt", "name_wo_diacritics": "Mawei Pt", "subdivision": "FJ", "function": "1-------", "status": "AS", "date": "1407", "iata": "", "coordinates": "2559N 11927E", "remarks": "", "is_water_port": "1"}}, {"type": "Feature", "geometry": {"type": "Point", "coordinates": [117.066667, 24.7]}, "properties": {"change": "", "locode": "CNMSA", "name": "Meisha Pt", "name_wo_diacritics": "Meisha Pt", "subdivision": "GD", "function": "1-------", "status": "AS", "date": "1601", "iata": "", "coordinates": "2442N 11704E", "remarks": "", "is_water_port": "1"}}, {"type": "Feature", "geometry": {"type": "Point", "coordinates": [116.833333, 40.366667]}, "properties": {"change": "", "locode": "CNMIY", "name": "Miyun", "name_wo_diacritics": "Miyun", "subdivision": "11", "function": "1----6--", "status": "RL", "date": "0901", "iata": "", "coordinates": "4022N 11650E", "remarks": "", "is_water_port": "1"}}, {"type": "Feature", "geometry": {"type": "Point", "coordinates": [122.45, 53.016667]}, "properties": {"change": "", "locode": "CNMOH", "name": "Mohe", "name_wo_diacritics": "Mohe", "subdivision": "HL", "function": "1-------", "status": "AS", "date": "1601", "iata": "", "coordinates": "5301N 12227E", "remarks": "", "is_water_port": "1"}}, {"type": "Feature", "geometry": {"type": "Point", "coordinates": [117.683333, 23.433333]}, "properties": {"change": "", "locode": "CNNAN", "name": "Nanao Pt", "name_wo_diacritics": "Nanao Pt", "subdivision": "GD", "function": "1-------", "status": "AS", "date": "1407", "iata": "", "coordinates": "2326N 11741E", "remarks": "", "is_water_port": "1"}}, {"type": "Feature", "geometry": {"type": "Point", "coordinates": [113.15, 23.016667]}, "properties": {"change": "", "locode": "CNNAH", "name": "Nanhai Pt", "name_wo_diacritics": "Nanhai Pt", "subdivision": "GD", "function": "1-------", "status": "AS", "date": "1407", "iata": "", "coordinates": "2301N 11309E", "remarks": "", "is_water_port": "1"}}, {"type": "Feature", "geometry": {"type": "Point", "coordinates": [111.8, 23.116667]}, "properties": {"change": "", "locode": "CNNJK", "name": "Nanjiangkou", "name_wo_diacritics": "Nanjiangkou", "subdivision": "GD", "function": "1-------", "status": "AS", "date": "1401", "iata": "", "coordinates": "2307N 11148E", "remarks": "", "is_water_port": "1"}}, {"type": "Feature", "geometry": {"type": "Point", "coordinates": [118.766667, 32.05]}, "properties": {"change": "", "locode": "CNNJI", "name": "Nanjing", "name_wo_diacritics": "Nanjing", "subdivision": "JS", "function": "1--45---", "status": "AS", "date": "1401", "iata": "", "coordinates": "3203N 11846E", "remarks": "", "is_water_port": "1"}}, {"type": "Feature", "geometry": {"type": "Point", "coordinates": [108.316667, 22.8]}, "properties": {"change": "", "locode": "CNNIN", "name": "Nanning", "name_wo_diacritics": "Nanning", "subdivision": "GX", "function": "1-345---", "status": "AS", "date": "1601", "iata": "", "coordinates": "2248N 10819E", "remarks": "", "is_water_port": "1"}}, {"type": "Feature", "geometry": {"type": "Point", "coordinates": [113.583333, 22.75]}, "properties": {"change": "", "locode": "CNNSA", "name": "Nansha Pt", "name_wo_diacritics": "Nansha Pt", "subdivision": "GD", "function": "1-------", "status": "AS", "date": "1407", "iata": "", "coordinates": "2245N 11335E", "remarks": "", "is_water_port": "1"}}, {"type": "Feature", "geometry": {"type": "Point", "coordinates": [120.85, 32.016667]}, "properties": {"change": "", "locode": "CNNTG", "name": "Nantong", "name_wo_diacritics": "Nantong", "subdivision": "JS", "function": "1234----", "status": "AS", "date": "2107", "iata": "", "coordinates": "3201N 12051E", "remarks": "", "is_water_port": "1"}}, {"type": "Feature", "geometry": {"type": "Point", "coordinates": [110.583333, 20.916667]}, "properties": {"change": "", "locode": "CNZNZ", "name": "Naozhou", "name_wo_diacritics": "Naozhou", "subdivision": "GD", "function": "1-------", "status": "AS", "date": "1407", "iata": "", "coordinates": "2055N 11035E", "remarks": "", "is_water_port": "1"}}, {"type": "Feature", "geometry": {"type": "Point", "coordinates": [113.416667, 23.1]}, "properties": {"change": "", "locode": "CNNEG", "name": "Neigang", "name_wo_diacritics": "Neigang", "subdivision": "GD", "function": "1-------", "status": "RQ", "date": "0507", "iata": "", "coordinates": "2306N 11325E", "remarks": "", "is_water_port": "1"}}, {"type": "Feature", "geometry": {"type": "Point", "coordinates": [121.55, 29.866667]}, "properties": {"change": "", "locode": "CNNBO", "name": "Ningbo", "name_wo_diacritics": "Ningbo", "subdivision": "ZJ", "function": "12-4----", "status": "AS", "date": "2007", "iata": "", "coordinates": "2952N 12133E", "remarks": "", "is_water_port": "1"}}, {"type": "Feature", "geometry": {"type": "Point", "coordinates": [121.666667, 29.916667]}, "properties": {"change": "", "locode": "CNNBG", "name": "Ningbo Pt", "name_wo_diacritics": "Ningbo Pt", "subdivision": "ZJ", "function": "1-------", "status": "AS", "date": "1401", "iata": "", "coordinates": "2955N 12140E", "remarks": "", "is_water_port": "1"}}, {"type": "Feature", "geometry": {"type": "Point", "coordinates": [120.866667, 36.383333]}, "properties": {"change": "", "locode": "CNNUD", "name": "Nudao", "name_wo_diacritics": "Nudao", "subdivision": "SD", "function": "1-------", "status": "AS", "date": "1401", "iata": "", "coordinates": "3623N 12052E", "remarks": "", "is_water_port": "1"}}, {"type": "Feature", "geometry": {"type": "Point", "coordinates": [122.05, 41.116667]}, "properties": {"change": "", "locode": "CNPAJ", "name": "Panjin", "name_wo_diacritics": "Panjin", "subdivision": "LN", "function": "1-------", "status": "AS", "date": "1401", "iata": "", "coordinates": "4107N 12203E", "remarks": "", "is_water_port": "1"}}, {"type": "Feature", "geometry": {"type": "Point", "coordinates": [120.75, 37.8]}, "properties": {"change": "", "locode": "CNPLI", "name": "Penglai Pt", "name_wo_diacritics": "Penglai Pt", "subdivision": "SD", "function": "1-------", "status": "AS", "date": "1407", "iata": "", "coordinates": "3748N 12045E", "remarks": "", "is_water_port": "1"}}, {"type": "Feature", "geometry": {"type": "Point", "coordinates": [113.166667, 22.1]}, "properties": {"change": "", "locode": "CNPXM", "name": "Pingshaxinmatou", "name_wo_diacritics": "Pingshaxinmatou", "subdivision": "GD", "function": "1-------", "status": "AS", "date": "1401", "iata": "", "coordinates": "2206N 11310E", "remarks": "", "is_water_port": "1"}}, {"type": "Feature", "geometry": {"type": "Point", "coordinates": [119.716667, 25.5]}, "properties": {"change": "", "locode": "CNPTN", "name": "Pingtan", "name_wo_diacritics": "Pingtan", "subdivision": "FJ", "function": "123-----", "status": "AA", "date": "2301", "iata": "", "coordinates": "2530N 11943E", "remarks": "", "is_water_port": "1"}}, {"type": "Feature", "geometry": {"type": "Point", "coordinates": [113.2, 23.033333]}, "properties": {"change": "", "locode": "CNPGZ", "name": "Pingzhou", "name_wo_diacritics": "Pingzhou", "subdivision": "GD", "function": "1-------", "status": "AS", "date": "1401", "iata": "", "coordinates": "2302N 11312E", "remarks": "", "is_water_port": "1"}}, {"type": "Feature", "geometry": {"type": "Point", "coordinates": [118.016667, 34.333333]}, "properties": {"change": "¦", "locode": "CNPJS", "name": "Pizhou", "name_wo_diacritics": "Pizhou", "subdivision": "JS", "function": "1-------", "status": "RL", "date": "2407", "iata": "", "coordinates": "3420N 11801E", "remarks": "", "is_water_port": "1"}}, {"type": "Feature", "geometry": {"type": "Point", "coordinates": [121.5, 31.233333]}, "properties": {"change": "", "locode": "CNPDG", "name": "Pudong/Shanghai", "name_wo_diacritics": "Pudong/Shanghai", "subdivision": "SH", "function": "1-3-----", "status": "RL", "date": "0607", "iata": "", "coordinates": "3114N 12130E", "remarks": "", "is_water_port": "1"}}, {"type": "Feature", "geometry": {"type": "Point", "coordinates": [119.016667, 24.433333]}, "properties": {"change": "", "locode": "CNPUT", "name": "Putian", "name_wo_diacritics": "Putian", "subdivision": "FJ", "function": "1----6--", "status": "AS", "date": "1601", "iata": "", "coordinates": "2426N 11901E", "remarks": "", "is_water_port": "1"}}, {"type": "Feature", "geometry": {"type": "Point", "coordinates": [115.0, 35.7]}, "properties": {"change": "", "locode": "CNPYG", "name": "Puyang", "name_wo_diacritics": "Puyang", "subdivision": "41", "function": "123--6--", "status": "RL", "date": "0901", "iata": "", "coordinates": "3542N 11500E", "remarks": "", "is_water_port": "1"}}, {"type": "Feature", "geometry": {"type": "Point", "coordinates": [113.516667, 22.233333]}, "properties": {"change": "", "locode": "CNQSN", "name": "Qianshan/Zhuhai", "name_wo_diacritics": "Qianshan/Zhuhai", "subdivision": "GD", "function": "1-3--6--", "status": "RL", "date": "1401", "iata": "", "coordinates": "2214N 11331E", "remarks": "", "is_water_port": "1"}}, {"type": "Feature", "geometry": {"type": "Point", "coordinates": [120.216667, 36.05]}, "properties": {"change": "", "locode": "CNQAW", "name": "Qianwan", "name_wo_diacritics": "Qianwan", "subdivision": "SD", "function": "1-3-----", "status": "RL", "date": "0401", "iata": "", "coordinates": "3603N 12013E", "remarks": "", "is_water_port": "1"}}, {"type": "Feature", "geometry": {"type": "Point", "coordinates": [119.516667, 26.2]}, "properties": {"change": "", "locode": "CNLJQ", "name": "Qianyu", "name_wo_diacritics": "Qianyu", "subdivision": "FJ", "function": "1-------", "status": "AS", "date": "1407", "iata": "", "coordinates": "2612N 11931E", "remarks": "", "is_water_port": "1"}}, {"type": "Feature", "geometry": {"type": "Point", "coordinates": [120.316667, 36.05]}, "properties": {"change": "", "locode": "CNQIN", "name": "Qingdao", "name_wo_diacritics": "Qingdao", "subdivision": "SD", "function": "12-45---", "status": "AS", "date": "2007", "iata": "", "coordinates": "3603N 12019E", "remarks": "", "is_water_port": "1"}}, {"type": "Feature", "geometry": {"type": "Point", "coordinates": [115.766667, 34.683333]}, "properties": {"change": "", "locode": "CNQIG", "name": "Qingguji / Shangqiu", "name_wo_diacritics": "Qingguji / Shangqiu", "subdivision": "41", "function": "1----6--", "status": "RL", "date": "0901", "iata": "", "coordinates": "3441N 11546E", "remarks": "", "is_water_port": "1"}}, {"type": "Feature", "geometry": {"type": "Point", "coordinates": [110.816667, 19.55]}, "properties": {"change": "", "locode": "CNQLN", "name": "Qinglan Pt", "name_wo_diacritics": "Qinglan Pt", "subdivision": "HI", "function": "1-------", "status": "AS", "date": "1407", "iata": "", "coordinates": "1933N 11049E", "remarks": "", "is_water_port": "1"}}, {"type": "Feature", "geometry": {"type": "Point", "coordinates": [126.516667, 41.366667]}, "properties": {"change": "", "locode": "CNQGS", "name": "Qingshi", "name_wo_diacritics": "Qingshi", "subdivision": "JL", "function": "1-------", "status": "AS", "date": "1401", "iata": "", "coordinates": "4122N 12631E", "remarks": "", "is_water_port": "1"}}, {"type": "Feature", "geometry": {"type": "Point", "coordinates": [113.016667, 23.7]}, "properties": {"change": "", "locode": "CNQGY", "name": "Qingyuan", "name_wo_diacritics": "Qingyuan", "subdivision": "GD", "function": "1-------", "status": "AS", "date": "1401", "iata": "", "coordinates": "2342N 11301E", "remarks": "", "is_water_port": "1"}}, {"type": "Feature", "geometry": {"type": "Point", "coordinates": [119.583333, 39.916667]}, "properties": {"change": "", "locode": "CNSHP", "name": "Qinhuangdao Pt", "name_wo_diacritics": "Qinhuangdao Pt", "subdivision": "HE", "function": "1-------", "status": "AS", "date": "1601", "iata": "", "coordinates": "3955N 11935E", "remarks": "", "is_water_port": "1"}}, {"type": "Feature", "geometry": {"type": "Point", "coordinates": [108.466667, 21.583333]}, "properties": {"change": "", "locode": "CNQSA", "name": "Qisha Pt", "name_wo_diacritics": "Qisha Pt", "subdivision": "GX", "function": "1-------", "status": "AS", "date": "1407", "iata": "", "coordinates": "2135N 10828E", "remarks": "", "is_water_port": "1"}}, {"type": "Feature", "geometry": {"type": "Point", "coordinates": [118.916667, 25.133333]}, "properties": {"change": "", "locode": "CNQUG", "name": "Quangang,Quanzhou", "name_wo_diacritics": "Quangang,Quanzhou", "subdivision": "FJ", "function": "123--6--", "status": "", "date": "2307", "iata": "", "coordinates": "2508N 11855E", "remarks": "", "is_water_port": "1"}}, {"type": "Feature", "geometry": {"type": "Point", "coordinates": [118.6, 24.933333]}, "properties": {"change": "", "locode": "CNQZL", "name": "Quanzhou", "name_wo_diacritics": "Quanzhou", "subdivision": "FJ", "function": "1-------", "status": "AS", "date": "1401", "iata": "", "coordinates": "2456N 11836E", "remarks": "", "is_water_port": "1"}}, {"type": "Feature", "geometry": {"type": "Point", "coordinates": [116.433333, 23.583333]}, "properties": {"change": "", "locode": "CNJDR", "name": "Quxi", "name_wo_diacritics": "Quxi", "subdivision": "GD", "function": "1-------", "status": "AS", "date": "1407", "iata": "", "coordinates": "2335N 11626E", "remarks": "", "is_water_port": "1"}}, {"type": "Feature", "geometry": {"type": "Point", "coordinates": [134.0, 46.8]}, "properties": {"change": "", "locode": "CNROH", "name": "Raohe", "name_wo_diacritics": "Raohe", "subdivision": "HL", "function": "1-------", "status": "AS", "date": "1601", "iata": "", "coordinates": "4648N 13400E", "remarks": "", "is_water_port": "1"}}, {"type": "Feature", "geometry": {"type": "Point", "coordinates": [117.0, 23.666667]}, "properties": {"change": "", "locode": "CNRPG", "name": "Raoping", "name_wo_diacritics": "Raoping", "subdivision": "GD", "function": "1-3-----", "status": "RL", "date": "0401", "iata": "", "coordinates": "2340N 11700E", "remarks": "", "is_water_port": "1"}}, {"type": "Feature", "geometry": {"type": "Point", "coordinates": [119.533333, 35.383333]}, "properties": {"change": "", "locode": "CNRZH", "name": "Rizhao", "name_wo_diacritics": "Rizhao", "subdivision": "SD", "function": "123-----", "status": "AS", "date": "2107", "iata": "", "coordinates": "3523N 11932E", "remarks": "", "is_water_port": "1"}}, {"type": "Feature", "geometry": {"type": "Point", "coordinates": [122.383333, 37.15]}, "properties": {"change": "", "locode": "CNRCG", "name": "Rongcheng", "name_wo_diacritics": "Rongcheng", "subdivision": "SD", "function": "1-3-----", "status": "RL", "date": "1401", "iata": "", "coordinates": "3709N 12223E", "remarks": "", "is_water_port": "1"}}, {"type": "Feature", "geometry": {"type": "Point", "coordinates": [113.266667, 22.783333]}, "properties": {"change": "", "locode": "CNROQ", "name": "Rongqi Pt", "name_wo_diacritics": "Rongqi Pt", "subdivision": "GD", "function": "1-------", "status": "AS", "date": "1601", "iata": "", "coordinates": "2247N 11316E", "remarks": "", "is_water_port": "1"}}, {"type": "Feature", "geometry": {"type": "Point", "coordinates": [119.683333, 26.966667]}, "properties": {"change": "", "locode": "CNSIQ", "name": "Saiqi", "name_wo_diacritics": "Saiqi", "subdivision": "FJ", "function": "1-------", "status": "AS", "date": "1401", "iata": "", "coordinates": "2658N 11941E", "remarks": "", "is_water_port": "1"}}, {"type": "Feature", "geometry": {"type": "Point", "coordinates": [117.616667, 26.233333]}, "properties": {"change": "", "locode": "CNSAM", "name": "Sanming / Shanming Shi", "name_wo_diacritics": "Sanming / Shanming Shi", "subdivision": "35", "function": "1----6--", "status": "RL", "date": "0901", "iata": "", "coordinates": "2614N 11737E", "remarks": "", "is_water_port": "1"}}, {"type": "Feature", "geometry": {"type": "Point", "coordinates": [120.216667, 26.933333]}, "properties": {"change": "", "locode": "CNSNS", "name": "Sansha", "name_wo_diacritics": "Sansha", "subdivision": "FJ", "function": "1-------", "status": "AS", "date": "1601", "iata": "", "coordinates": "2656N 12013E", "remarks": "", "is_water_port": "1"}}, {"type": "Feature", "geometry": {"type": "Point", "coordinates": [112.866667, 23.166667]}, "properties": {"change": "", "locode": "CNSJQ", "name": "Sanshui", "name_wo_diacritics": "Sanshui", "subdivision": "GD", "function": "1-------", "status": "AS", "date": "1601", "iata": "", "coordinates": "2310N 11252E", "remarks": "", "is_water_port": "1"}}, {"type": "Feature", "geometry": {"type": "Point", "coordinates": [120.25, 33.783333]}, "properties": {"change": "", "locode": "CNSYA", "name": "Sanya Pt", "name_wo_diacritics": "Sanya Pt", "subdivision": "HI", "function": "1-------", "status": "AS", "date": "1601", "iata": "", "coordinates": "3347N 12015E", "remarks": "", "is_water_port": "1"}}, {"type": "Feature", "geometry": {"type": "Point", "coordinates": [113.35, 22.05]}, "properties": {"change": "", "locode": "CNSZA", "name": "Sanzao", "name_wo_diacritics": "Sanzao", "subdivision": "GD", "function": "1-3-----", "status": "RL", "date": "1401", "iata": "", "coordinates": "2203N 11321E", "remarks": "", "is_water_port": "1"}}, {"type": "Feature", "geometry": {"type": "Point", "coordinates": [119.516667, 26.65]}, "properties": {"change": "", "locode": "CNNDS", "name": "Shacheng", "name_wo_diacritics": "Shacheng", "subdivision": "FJ", "function": "1-------", "status": "AS", "date": "1407", "iata": "", "coordinates": "2639N 11931E", "remarks": "", "is_water_port": "1"}}, {"type": "Feature", "geometry": {"type": "Point", "coordinates": [112.783333, 21.6]}, "properties": {"change": "", "locode": "CNSAT", "name": "Shadi", "name_wo_diacritics": "Shadi", "subdivision": "GD", "function": "1-------", "status": "AS", "date": "1401", "iata": "", "coordinates": "2136N 11247E", "remarks": "", "is_water_port": "1"}}, {"type": "Feature", "geometry": {"type": "Point", "coordinates": [121.483333, 31.233333]}, "properties": {"change": "", "locode": "CNSGH", "name": "Shanghai", "name_wo_diacritics": "Shanghai", "subdivision": "SH", "function": "12345---", "status": "AS", "date": "1401", "iata": "", "coordinates": "3114N 12129E", "remarks": "", "is_water_port": "1"}}, {"type": "Feature", "geometry": {"type": "Point", "coordinates": [122.066667, 30.633333]}, "properties": {"change": "¦", "locode": "CNSHG", "name": "Shanghai Pt", "name_wo_diacritics": "Shanghai Pt", "subdivision": "SH", "function": "1-------", "status": "AS", "date": "2407", "iata": "", "coordinates": "3038N 12204E", "remarks": "", "is_water_port": "1"}}, {"type": "Feature", "geometry": {"type": "Point", "coordinates": [120.866667, 30.0]}, "properties": {"change": "", "locode": "CNSGU", "name": "Shangyu", "name_wo_diacritics": "Shangyu", "subdivision": "ZJ", "function": "1-3--6--", "status": "RL", "date": "1401", "iata": "", "coordinates": "3000N 12052E", "remarks": "", "is_water_port": "1"}}, {"type": "Feature", "geometry": {"type": "Point", "coordinates": [90.166667, 42.866667]}, "properties": {"change": "", "locode": "CNSXJ", "name": "Shanshan", "name_wo_diacritics": "Shanshan", "subdivision": "XJ", "function": "1-34----", "status": "RL", "date": "1401", "iata": "", "coordinates": "4252N 09010E", "remarks": "", "is_water_port": "1"}}, {"type": "Feature", "geometry": {"type": "Point", "coordinates": [116.766667, 23.416667]}, "properties": {"change": "", "locode": "CNSTG", "name": "Shantou", "name_wo_diacritics": "Shantou", "subdivision": "GD", "function": "123-----", "status": "AS", "date": "2107", "iata": "", "coordinates": "2325N 11646E", "remarks": "", "is_water_port": "1"}}, {"type": "Feature", "geometry": {"type": "Point", "coordinates": [121.2, 28.05]}, "properties": {"change": "", "locode": "CNSAW", "name": "Shanwai", "name_wo_diacritics": "Shanwai", "subdivision": "ZJ", "function": "1----6--", "status": "RL", "date": "1401", "iata": "", "coordinates": "2803N 12112E", "remarks": "", "is_water_port": "1"}}, {"type": "Feature", "geometry": {"type": "Point", "coordinates": [115.35, 22.783333]}, "properties": {"change": "", "locode": "CNSWE", "name": "Shanwei", "name_wo_diacritics": "Shanwei", "subdivision": "GD", "function": "123-----", "status": "AS", "date": "2107", "iata": "", "coordinates": "2247N 11521E", "remarks": "", "is_water_port": "1"}}, {"type": "Feature", "geometry": {"type": "Point", "coordinates": [113.616667, 24.8]}, "properties": {"change": "", "locode": "CNHSC", "name": "Shaoguan New Pt", "name_wo_diacritics": "Shaoguan New Pt", "subdivision": "GD", "function": "1-------", "status": "AS", "date": "1601", "iata": "", "coordinates": "2448N 11337E", "remarks": "", "is_water_port": "1"}}, {"type": "Feature", "geometry": {"type": "Point", "coordinates": [111.483333, 21.5]}, "properties": {"change": "", "locode": "CNSPA", "name": "Shapa", "name_wo_diacritics": "Shapa", "subdivision": "GD", "function": "1-------", "status": "AS", "date": "1401", "iata": "", "coordinates": "2130N 11129E", "remarks": "", "is_water_port": "1"}}, {"type": "Feature", "geometry": {"type": "Point", "coordinates": [113.6, 22.916667]}, "properties": {"change": "¦", "locode": "CNSTI", "name": "Shatian", "name_wo_diacritics": "Shatian", "subdivision": "GD", "function": "1-------", "status": "AS", "date": "2407", "iata": "", "coordinates": "2255N 11336E", "remarks": "coordinates", "is_water_port": "1"}}, {"type": "Feature", "geometry": {"type": "Point", "coordinates": [113.433333, 23.05]}, "properties": {"change": "", "locode": "CNSHT", "name": "Shating", "name_wo_diacritics": "Shating", "subdivision": "GD", "function": "1-3--6--", "status": "RL", "date": "0407", "iata": "", "coordinates": "2303N 11326E", "remarks": "", "is_water_port": "1"}}, {"type": "Feature", "geometry": {"type": "Point", "coordinates": [113.916667, 22.483333]}, "properties": {"change": "", "locode": "CNSHK", "name": "Shekou Pt", "name_wo_diacritics": "Shekou Pt", "subdivision": "GD", "function": "1-------", "status": "AS", "date": "1601", "iata": "", "coordinates": "2229N 11355E", "remarks": "", "is_water_port": "1"}}, {"type": "Feature", "geometry": {"type": "Point", "coordinates": [118.666667, 24.616667]}, "properties": {"change": "", "locode": "CNSNH", "name": "Shenhu", "name_wo_diacritics": "Shenhu", "subdivision": "FJ", "function": "1-------", "status": "AS", "date": "1401", "iata": "", "coordinates": "2437N 11840E", "remarks": "", "is_water_port": "1"}}, {"type": "Feature", "geometry": {"type": "Point", "coordinates": [114.116667, 22.55]}, "properties": {"change": "", "locode": "CNSNZ", "name": "Shenzhen", "name_wo_diacritics": "Shenzhen", "subdivision": "GD", "function": "12345---", "status": "AS", "date": "1401", "iata": "", "coordinates": "2233N 11407E", "remarks": "", "is_water_port": "1"}}, {"type": "Feature", "geometry": {"type": "Point", "coordinates": [113.883333, 22.5]}, "properties": {"change": "¦", "locode": "CNSZP", "name": "Shenzhen Pt", "name_wo_diacritics": "Shenzhen Pt", "subdivision": "GD", "function": "1-------", "status": "RL", "date": "2407", "iata": "", "coordinates": "2230N 11353E", "remarks": "", "is_water_port": "1"}}, {"type": "Feature", "geometry": {"type": "Point", "coordinates": [120.25, 33.766667]}, "properties": {"change": "", "locode": "CNSEY", "name": "Sheyang", "name_wo_diacritics": "Sheyang", "subdivision": "JS", "function": "1-------", "status": "AS", "date": "1401", "iata": "", "coordinates": "3346N 12015E", "remarks": "", "is_water_port": "1"}}, {"type": "Feature", "geometry": {"type": "Point", "coordinates": [122.433333, 36.866667]}, "properties": {"change": "", "locode": "CNSHD", "name": "Shidao Pt", "name_wo_diacritics": "Shidao Pt", "subdivision": "SD", "function": "1-------", "status": "AS", "date": "1407", "iata": "", "coordinates": "3652N 12226E", "remarks": "", "is_water_port": "1"}}, {"type": "Feature", "geometry": {"type": "Point", "coordinates": [118.433333, 24.616667]}, "properties": {"change": "", "locode": "CNSIJ", "name": "Shijing", "name_wo_diacritics": "Shijing", "subdivision": "FJ", "function": "1-------", "status": "AS", "date": "1401", "iata": "", "coordinates": "2437N 11826E", "remarks": "", "is_water_port": "1"}}, {"type": "Feature", "geometry": {"type": "Point", "coordinates": [119.55, 36.366667]}, "properties": {"change": "", "locode": "CNSJU", "name": "Shijiu Pt", "name_wo_diacritics": "Shijiu Pt", "subdivision": "SD", "function": "1-------", "status": "AS", "date": "1407", "iata": "", "coordinates": "3622N 11933E", "remarks": "", "is_water_port": "1"}}, {"type": "Feature", "geometry": {"type": "Point", "coordinates": [113.5, 23.016667]}, "properties": {"change": "", "locode": "CNSLO", "name": "Shilou", "name_wo_diacritics": "Shilou", "subdivision": "GD", "function": "1-3--6--", "status": "RL", "date": "0607", "iata": "", "coordinates": "2301N 11330E", "remarks": "", "is_water_port": "1"}}, {"type": "Feature", "geometry": {"type": "Point", "coordinates": [116.65, 30.316667]}, "properties": {"change": "", "locode": "CNSPI", "name": "Shipai", "name_wo_diacritics": "Shipai", "subdivision": "AH", "function": "1-3-----", "status": "RL", "date": "0607", "iata": "", "coordinates": "3019N 11639E", "remarks": "", "is_water_port": "1"}}, {"type": "Feature", "geometry": {"type": "Point", "coordinates": [121.85, 29.483333]}, "properties": {"change": "", "locode": "CNXSP", "name": "Shipu", "name_wo_diacritics": "Shipu", "subdivision": "ZJ", "function": "1-------", "status": "AS", "date": "1407", "iata": "", "coordinates": "2929N 12151E", "remarks": "", "is_water_port": "1"}}, {"type": "Feature", "geometry": {"type": "Point", "coordinates": [113.366667, 22.95]}, "properties": {"change": "", "locode": "CNPNY", "name": "Shiqiao", "name_wo_diacritics": "Shiqiao", "subdivision": "GD", "function": "1-------", "status": "AS", "date": "1601", "iata": "", "coordinates": "2257N 11322E", "remarks": "", "is_water_port": "1"}}, {"type": "Feature", "geometry": {"type": "Point", "coordinates": [118.633333, 24.733333]}, "properties": {"change": "", "locode": "CNSHH", "name": "Shishi", "name_wo_diacritics": "Shishi", "subdivision": "FJ", "function": "1-3-----", "status": "AS", "date": "1601", "iata": "", "coordinates": "2444N 11838E", "remarks": "", "is_water_port": "1"}}, {"type": "Feature", "geometry": {"type": "Point", "coordinates": [109.55, 21.583333]}, "properties": {"change": "", "locode": "CNSTB", "name": "Shitoubu Pt", "name_wo_diacritics": "Shitoubu Pt", "subdivision": "GX", "function": "1-------", "status": "AS", "date": "1407", "iata": "", "coordinates": "2135N 10933E", "remarks": "", "is_water_port": "1"}}, {"type": "Feature", "geometry": {"type": "Point", "coordinates": [113.083333, 23.0]}, "properties": {"change": "", "locode": "CNSAN", "name": "Shiwan", "name_wo_diacritics": "Shiwan", "subdivision": "GD", "function": "1-3-----", "status": "RL", "date": "1401", "iata": "", "coordinates": "2300N 11305E", "remarks": "", "is_water_port": "1"}}, {"type": "Feature", "geometry": {"type": "Point", "coordinates": [119.916667, 51.3]}, "properties": {"change": "", "locode": "CNSWI", "name": "Shiwei", "name_wo_diacritics": "Shiwei", "subdivision": "NM", "function": "1-------", "status": "AS", "date": "1401", "iata": "", "coordinates": "5118N 11955E", "remarks": "", "is_water_port": "1"}}, {"type": "Feature", "geometry": {"type": "Point", "coordinates": [111.0, 21.516667]}, "properties": {"change": "", "locode": "CNSDG", "name": "Shuidong Pt", "name_wo_diacritics": "Shuidong Pt", "subdivision": "GD", "function": "1-------", "status": "AS", "date": "1407", "iata": "", "coordinates": "2131N 11100E", "remarks": "", "is_water_port": "1"}}, {"type": "Feature", "geometry": {"type": "Point", "coordinates": [110.933333, 22.233333]}, "properties": {"change": "", "locode": "CNSIK", "name": "Shuikou", "name_wo_diacritics": "Shuikou", "subdivision": "GD", "function": "1-------", "status": "AS", "date": "1401", "iata": "", "coordinates": "2214N 11056E", "remarks": "", "is_water_port": "1"}}, {"type": "Feature", "geometry": {"type": "Point", "coordinates": [113.25, 22.833333]}, "properties": {"change": "", "locode": "CNSUD", "name": "Shunde Pt", "name_wo_diacritics": "Shunde Pt", "subdivision": "GD", "function": "1-------", "status": "AS", "date": "1601", "iata": "", "coordinates": "2250N 11315E", "remarks": "", "is_water_port": "1"}}, {"type": "Feature", "geometry": {"type": "Point", "coordinates": [106.8, 22.8]}, "properties": {"change": "", "locode": "CNSHL", "name": "Shuolong", "name_wo_diacritics": "Shuolong", "subdivision": "GX", "function": "1-------", "status": "AS", "date": "1601", "iata": "", "coordinates": "2248N 10648E", "remarks": "", "is_water_port": "1"}}, {"type": "Feature", "geometry": {"type": "Point", "coordinates": [122.566667, 39.283333]}, "properties": {"change": "", "locode": "CNSKS", "name": "Sikuaishi", "name_wo_diacritics": "Sikuaishi", "subdivision": "LN", "function": "1-------", "status": "AS", "date": "1401", "iata": "", "coordinates": "3917N 12234E", "remarks": "", "is_water_port": "1"}}, {"type": "Feature", "geometry": {"type": "Point", "coordinates": [100.966667, 22.8]}, "properties": {"change": "", "locode": "CNSYM", "name": "Simao", "name_wo_diacritics": "Simao", "subdivision": "YN", "function": "1-------", "status": "AS", "date": "1401", "iata": "", "coordinates": "2248N 10058E", "remarks": "", "is_water_port": "1"}}, {"type": "Feature", "geometry": {"type": "Point", "coordinates": [121.233333, 31.016667]}, "properties": {"change": "", "locode": "CNSGJ", "name": "Songjiang", "name_wo_diacritics": "Songjiang", "subdivision": "SH", "function": "1-------", "status": "AS", "date": "1401", "iata": "", "coordinates": "3101N 12114E", "remarks": "", "is_water_port": "1"}}, {"type": "Feature", "geometry": {"type": "Point", "coordinates": [119.583333, 25.683333]}, "properties": {"change": "", "locode": "CNSON", "name": "Songxia Pt", "name_wo_diacritics": "Songxia Pt", "subdivision": "FJ", "function": "1-------", "status": "AS", "date": "1407", "iata": "", "coordinates": "2541N 11935E", "remarks": "", "is_water_port": "1"}}, {"type": "Feature", "geometry": {"type": "Point", "coordinates": [131.85, 47.3]}, "properties": {"change": "", "locode": "CNSBN", "name": "Suibin", "name_wo_diacritics": "Suibin", "subdivision": "HL", "function": "1-------", "status": "AS", "date": "1401", "iata": "", "coordinates": "4718N 13151E", "remarks": "", "is_water_port": "1"}}, {"type": "Feature", "geometry": {"type": "Point", "coordinates": [105.533333, 30.533333]}, "properties": {"change": "", "locode": "CNSNN", "name": "Suining", "name_wo_diacritics": "Suining", "subdivision": "SC", "function": "1-------", "status": "AS", "date": "1801", "iata": "", "coordinates": "3032N 10532E", "remarks": "", "is_water_port": "1"}}, {"type": "Feature", "geometry": {"type": "Point", "coordinates": [127.316667, 49.416667]}, "properties": {"change": "", "locode": "CNSUW", "name": "Sunwu", "name_wo_diacritics": "Sunwu", "subdivision": "HL", "function": "1------B", "status": "AS", "date": "1401", "iata": "", "coordinates": "4925N 12719E", "remarks": "", "is_water_port": "1"}}, {"type": "Feature", "geometry": {"type": "Point", "coordinates": [120.616667, 31.316667]}, "properties": {"change": "", "locode": "CNSZH", "name": "Suzhou", "name_wo_diacritics": "Suzhou", "subdivision": "JS", "function": "1---56--", "status": "AS", "date": "1601", "iata": "SZV", "coordinates": "3119N 12037E", "remarks": "", "is_water_port": "1"}}, {"type": "Feature", "geometry": {"type": "Point", "coordinates": [121.1, 31.45]}, "properties": {"change": "", "locode": "CNTAC", "name": "Taicang Pt", "name_wo_diacritics": "Taicang Pt", "subdivision": "JS", "function": "1-------", "status": "AS", "date": "1407", "iata": "", "coordinates": "3127N 12106E", "remarks": "", "is_water_port": "1"}}, {"type": "Feature", "geometry": {"type": "Point", "coordinates": [119.5, 26.083333]}, "properties": {"change": "", "locode": "CNTJG", "name": "Taijiang", "name_wo_diacritics": "Taijiang", "subdivision": "FJ", "function": "1-3--6--", "status": "RL", "date": "0407", "iata": "", "coordinates": "2605N 11930E", "remarks": "", "is_water_port": "1"}}, {"type": "Feature", "geometry": {"type": "Point", "coordinates": [110.166667, 21.033333]}, "properties": {"change": "", "locode": "CNTAP", "name": "Taiping", "name_wo_diacritics": "Taiping", "subdivision": "GD", "function": "1-------", "status": "AS", "date": "1601", "iata": "", "coordinates": "2102N 11010E", "remarks": "", "is_water_port": "1"}}, {"type": "Feature", "geometry": {"type": "Point", "coordinates": [119.833333, 37.266667]}, "properties": {"change": "", "locode": "CNTPW", "name": "Taipingwan", "name_wo_diacritics": "Taipingwan", "subdivision": "LN", "function": "1-------", "status": "AS", "date": "1401", "iata": "", "coordinates": "3716N 11950E", "remarks": "", "is_water_port": "1"}}, {"type": "Feature", "geometry": {"type": "Point", "coordinates": [119.9, 32.483333]}, "properties": {"change": "", "locode": "CNTZO", "name": "Taizhou", "name_wo_diacritics": "Taizhou", "subdivision": "JS", "function": "1-3-----", "status": "RL", "date": "0907", "iata": "", "coordinates": "3229N 11954E", "remarks": "", "is_water_port": "1"}}, {"type": "Feature", "geometry": {"type": "Point", "coordinates": [119.9, 32.5]}, "properties": {"change": "", "locode": "CNTZU", "name": "Taizhou", "name_wo_diacritics": "Taizhou", "subdivision": "JS", "function": "123-----", "status": "AS", "date": "2107", "iata": "", "coordinates": "3230N 11954E", "remarks": "", "is_water_port": "1"}}, {"type": "Feature", "geometry": {"type": "Point", "coordinates": [117.65, 39.016667]}, "properties": {"change": "", "locode": "CNTGG", "name": "Tanggu", "name_wo_diacritics": "Tanggu", "subdivision": "TJ", "function": "1-------", "status": "AS", "date": "1601", "iata": "", "coordinates": "3901N 11739E", "remarks": "", "is_water_port": "1"}}, {"type": "Feature", "geometry": {"type": "Point", "coordinates": [118.183333, 39.6]}, "properties": {"change": "", "locode": "CNTGS", "name": "Tangshan Pt", "name_wo_diacritics": "Tangshan Pt", "subdivision": "HE", "function": "1-------", "status": "AS", "date": "1407", "iata": "", "coordinates": "3936N 11811E", "remarks": "", "is_water_port": "1"}}, {"type": "Feature", "geometry": {"type": "Point", "coordinates": [110.466667, 19.233333]}, "properties": {"change": "", "locode": "CNQNH", "name": "Tanmen", "name_wo_diacritics": "Tanmen", "subdivision": "HI", "function": "1-------", "status": "AS", "date": "1407", "iata": "", "coordinates": "1914N 11028E", "remarks": "", "is_water_port": "1"}}, {"type": "Feature", "geometry": {"type": "Point", "coordinates": [117.2, 39.033333]}, "properties": {"change": "", "locode": "CNTNJ", "name": "Tianjin", "name_wo_diacritics": "Tianjin", "subdivision": "TJ", "function": "12345---", "status": "AS", "date": "1401", "iata": "", "coordinates": "3902N 11712E", "remarks": "", "is_water_port": "1"}}, {"type": "Feature", "geometry": {"type": "Point", "coordinates": [117.75, 38.983333]}, "properties": {"change": "", "locode": "CNTNG", "name": "Tianjin Pt", "name_wo_diacritics": "Tianjin Pt", "subdivision": "TJ", "function": "1-------", "status": "AS", "date": "1601", "iata": "", "coordinates": "3859N 11745E", "remarks": "", "is_water_port": "1"}}, {"type": "Feature", "geometry": {"type": "Point", "coordinates": [117.7, 38.983333]}, "properties": {"change": "", "locode": "CNTXG", "name": "Tianjin Xingang Pt", "name_wo_diacritics": "Tianjin Xingang Pt", "subdivision": "TJ", "function": "1-------", "status": "AS", "date": "1607", "iata": "", "coordinates": "3859N 11742E", "remarks": "", "is_water_port": "1"}}, {"type": "Feature", "geometry": {"type": "Point", "coordinates": [132.5, 47.65]}, "properties": {"change": "", "locode": "CNTOJ", "name": "Tongjiang", "name_wo_diacritics": "Tongjiang", "subdivision": "HL", "function": "1-------", "status": "AS", "date": "1601", "iata": "", "coordinates": "4739N 13230E", "remarks": "", "is_water_port": "1"}}, {"type": "Feature", "geometry": {"type": "Point", "coordinates": [117.8, 30.933333]}, "properties": {"change": "", "locode": "CNTOL", "name": "Tongling", "name_wo_diacritics": "Tongling", "subdivision": "AH", "function": "123-----", "status": "AS", "date": "2107", "iata": "", "coordinates": "3056N 11748E", "remarks": "", "is_water_port": "1"}}, {"type": "Feature", "geometry": {"type": "Point", "coordinates": [120.566667, 30.633333]}, "properties": {"change": "", "locode": "CNTXZ", "name": "Tongxiang", "name_wo_diacritics": "Tongxiang", "subdivision": "ZJ", "function": "1-3-----", "status": "RL", "date": "1401", "iata": "", "coordinates": "3038N 12034E", "remarks": "", "is_water_port": "1"}}, {"type": "Feature", "geometry": {"type": "Point", "coordinates": [113.133333, 22.583333]}, "properties": {"change": "", "locode": "CNWIH", "name": "Waihai", "name_wo_diacritics": "Waihai", "subdivision": "GD", "function": "1-------", "status": "AS", "date": "1401", "iata": "", "coordinates": "2235N 11308E", "remarks": "", "is_water_port": "1"}}, {"type": "Feature", "geometry": {"type": "Point", "coordinates": [113.716667, 21.933333]}, "properties": {"change": "", "locode": "CNWAS", "name": "Wanshan Pt", "name_wo_diacritics": "Wanshan Pt", "subdivision": "GD", "function": "1-------", "status": "AS", "date": "1407", "iata": "", "coordinates": "2156N 11343E", "remarks": "", "is_water_port": "1"}}, {"type": "Feature", "geometry": {"type": "Point", "coordinates": [113.516667, 22.183333]}, "properties": {"change": "", "locode": "CNWAZ", "name": "Wanzai", "name_wo_diacritics": "Wanzai", "subdivision": "GD", "function": "1-------", "status": "AS", "date": "1401", "iata": "", "coordinates": "2211N 11331E", "remarks": "", "is_water_port": "1"}}, {"type": "Feature", "geometry": {"type": "Point", "coordinates": [119.1, 36.716667]}, "properties": {"change": "", "locode": "CNWEF", "name": "Weifang", "name_wo_diacritics": "Weifang", "subdivision": "SD", "function": "1234----", "status": "AS", "date": "2107", "iata": "", "coordinates": "3643N 11906E", "remarks": "", "is_water_port": "1"}}, {"type": "Feature", "geometry": {"type": "Point", "coordinates": [122.116667, 37.516667]}, "properties": {"change": "", "locode": "CNWEI", "name": "Weihai", "name_wo_diacritics": "Weihai", "subdivision": "SD", "function": "1--45---", "status": "AS", "date": "1601", "iata": "", "coordinates": "3731N 12207E", "remarks": "", "is_water_port": "1"}}, {"type": "Feature", "geometry": {"type": "Point", "coordinates": [122.166667, 37.5]}, "properties": {"change": "", "locode": "CNWEG", "name": "Weihai Pt", "name_wo_diacritics": "Weihai Pt", "subdivision": "SD", "function": "1-------", "status": "AS", "date": "1401", "iata": "", "coordinates": "3730N 12210E", "remarks": "", "is_water_port": "1"}}, {"type": "Feature", "geometry": {"type": "Point", "coordinates": [118.6, 24.533333]}, "properties": {"change": "", "locode": "CNWIT", "name": "Weitou", "name_wo_diacritics": "Weitou", "subdivision": "FJ", "function": "1-------", "status": "AS", "date": "1401", "iata": "", "coordinates": "2432N 11836E", "remarks": "", "is_water_port": "1"}}, {"type": "Feature", "geometry": {"type": "Point", "coordinates": [121.983333, 28.416667]}, "properties": {"change": "", "locode": "CNLMG", "name": "Wenling Longmen Port", "name_wo_diacritics": "Wenling Longmen Port", "subdivision": "ZJ", "function": "1----6--", "status": "AS", "date": "1801", "iata": "", "coordinates": "2825N 12159E", "remarks": "", "is_water_port": "1"}}, {"type": "Feature", "geometry": {"type": "Point", "coordinates": [104.25, 23.366667]}, "properties": {"change": "", "locode": "CNWSH", "name": "Wenshan", "name_wo_diacritics": "Wenshan", "subdivision": "YN", "function": "1-3-----", "status": "RL", "date": "0601", "iata": "", "coordinates": "2322N 10415E", "remarks": "", "is_water_port": "1"}}, {"type": "Feature", "geometry": {"type": "Point", "coordinates": [120.65, 28.016667]}, "properties": {"change": "", "locode": "CNWZO", "name": "Wenzhou Pt", "name_wo_diacritics": "Wenzhou Pt", "subdivision": "ZJ", "function": "1-------", "status": "AS", "date": "1407", "iata": "", "coordinates": "2801N 12039E", "remarks": "", "is_water_port": "1"}}, {"type": "Feature", "geometry": {"type": "Point", "coordinates": [113.416667, 23.083333]}, "properties": {"change": "", "locode": "CNWUC", "name": "Wu Chong Kou", "name_wo_diacritics": "Wu Chong Kou", "subdivision": "GD", "function": "1-3-----", "status": "RQ", "date": "2007", "iata": "", "coordinates": "2305N 11325E", "remarks": "", "is_water_port": "1"}}, {"type": "Feature", "geometry": {"type": "Point", "coordinates": [110.75, 21.45]}, "properties": {"change": "", "locode": "CNWHU", "name": "Wuchuan", "name_wo_diacritics": "Wuchuan", "subdivision": "GD", "function": "1-3-----", "status": "RL", "date": "0607", "iata": "", "coordinates": "2127N 11045E", "remarks": "", "is_water_port": "1"}}, {"type": "Feature", "geometry": {"type": "Point", "coordinates": [114.283333, 30.583333]}, "properties": {"change": "", "locode": "CNNHN", "name": "Wuhan", "name_wo_diacritics": "Wuhan", "subdivision": "HB", "function": "12-45---", "status": "AS", "date": "1601", "iata": "", "coordinates": "3035N 11417E", "remarks": "", "is_water_port": "1"}}, {"type": "Feature", "geometry": {"type": "Point", "coordinates": [118.366667, 31.316667]}, "properties": {"change": "", "locode": "CNWHI", "name": "Wuhu", "name_wo_diacritics": "Wuhu", "subdivision": "AH", "function": "123-----", "status": "AS", "date": "2107", "iata": "", "coordinates": "3119N 11822E", "remarks": "", "is_water_port": "1"}}, {"type": "Feature", "geometry": {"type": "Point", "coordinates": [115.65, 22.85]}, "properties": {"change": "", "locode": "CNWUK", "name": "Wukan", "name_wo_diacritics": "Wukan", "subdivision": "GD", "function": "1-------", "status": "AS", "date": "1401", "iata": "", "coordinates": "2251N 11539E", "remarks": "", "is_water_port": "1"}}, {"type": "Feature", "geometry": {"type": "Point", "coordinates": [121.483333, 3.2]}, "properties": {"change": "", "locode": "CNWUG", "name": "Wusong Pt", "name_wo_diacritics": "Wusong Pt", "subdivision": "SH", "function": "1-------", "status": "AS", "date": "1407", "iata": "", "coordinates": "0312N 12129E", "remarks": "", "is_water_port": "1"}}, {"type": "Feature", "geometry": {"type": "Point", "coordinates": [120.3, 31.566667]}, "properties": {"change": "", "locode": "CNWXS", "name": "Wuxi", "name_wo_diacritics": "Wuxi", "subdivision": "JS", "function": "1--4-6--", "status": "AS", "date": "1407", "iata": "", "coordinates": "3134N 12018E", "remarks": "", "is_water_port": "1"}}, {"type": "Feature", "geometry": {"type": "Point", "coordinates": [111.333333, 23.483333]}, "properties": {"change": "", "locode": "CNWUZ", "name": "Wuzhou", "name_wo_diacritics": "Wuzhou", "subdivision": "GX", "function": "123-----", "status": "AS", "date": "2107", "iata": "", "coordinates": "2329N 11120E", "remarks": "", "is_water_port": "1"}}, {"type": "Feature", "geometry": {"type": "Point", "coordinates": [119.383333, 25.7]}, "properties": {"change": "", "locode": "CNFQX", "name": "Xialong", "name_wo_diacritics": "Xialong", "subdivision": "FJ", "function": "1-------", "status": "AS", "date": "1407", "iata": "", "coordinates": "2542N 11923E", "remarks": "", "is_water_port": "1"}}, {"type": "Feature", "geometry": {"type": "Point", "coordinates": [118.1, 24.45]}, "properties": {"change": "", "locode": "CNXAM", "name": "Xiamen", "name_wo_diacritics": "Xiamen", "subdivision": "FJ", "function": "12-45---", "status": "AS", "date": "2001", "iata": "", "coordinates": "2427N 11806E", "remarks": "", "is_water_port": "1"}}, {"type": "Feature", "geometry": {"type": "Point", "coordinates": [118.2, 24.35]}, "properties": {"change": "", "locode": "CNXMG", "name": "Xiamen Pt", "name_wo_diacritics": "Xiamen Pt", "subdivision": "FJ", "function": "1-------", "status": "AS", "date": "1401", "iata": "", "coordinates": "2421N 11812E", "remarks": "", "is_water_port": "1"}}, {"type": "Feature", "geometry": {"type": "Point", "coordinates": [108.95, 34.283333]}, "properties": {"change": "", "locode": "CNXIA", "name": "Xian", "name_wo_diacritics": "Xian", "subdivision": "SN", "function": "12-456--", "status": "AS", "date": "1601", "iata": "", "coordinates": "3417N 10857E", "remarks": "", "is_water_port": "1"}}, {"type": "Feature", "geometry": {"type": "Point", "coordinates": [118.25, 24.633333]}, "properties": {"change": "", "locode": "CNXAN", "name": "Xiang'an, Xiamen", "name_wo_diacritics": "Xiang'an, Xiamen", "subdivision": "FJ", "function": "1----6--", "status": "AA", "date": "2207", "iata": "", "coordinates": "2438N 11815E", "remarks": "", "is_water_port": "1"}}, {"type": "Feature", "geometry": {"type": "Point", "coordinates": [112.9, 27.85]}, "properties": {"change": "", "locode": "CNXTA", "name": "Xiangtan", "name_wo_diacritics": "Xiangtan", "subdivision": "HN", "function": "1-3-----", "status": "RL", "date": "0507", "iata": "", "coordinates": "2751N 11254E", "remarks": "", "is_water_port": "1"}}, {"type": "Feature", "geometry": {"type": "Point", "coordinates": [120.316667, 27.1]}, "properties": {"change": "", "locode": "CNXXY", "name": "Xiangyu Terminal/ Xiamen", "name_wo_diacritics": "Xiangyu Terminal/ Xiamen", "subdivision": "FJ", "function": "1-3--6--", "status": "RQ", "date": "0907", "iata": "", "coordinates": "2706N 12019E", "remarks": "", "is_water_port": "1"}}, {"type": "Feature", "geometry": {"type": "Point", "coordinates": [118.766667, 24.766667]}, "properties": {"change": "", "locode": "CNXZI", "name": "Xiangzhi", "name_wo_diacritics": "Xiangzhi", "subdivision": "FJ", "function": "1-------", "status": "AS", "date": "1401", "iata": "", "coordinates": "2446N 11846E", "remarks": "", "is_water_port": "1"}}, {"type": "Feature", "geometry": {"type": "Point", "coordinates": [104.883333, 29.333333]}, "properties": {"change": "", "locode": "CNXTN", "name": "Xiantan", "name_wo_diacritics": "Xiantan", "subdivision": "SC", "function": "1-3-----", "status": "RL", "date": "0601", "iata": "", "coordinates": "2920N 10453E", "remarks": "", "is_water_port": "1"}}, {"type": "Feature", "geometry": {"type": "Point", "coordinates": [119.95, 25.2]}, "properties": {"change": "", "locode": "CNXCU", "name": "Xiaocuo Pt", "name_wo_diacritics": "Xiaocuo Pt", "subdivision": "FJ", "function": "1-------", "status": "AS", "date": "1407", "iata": "", "coordinates": "2512N 11957E", "remarks": "", "is_water_port": "1"}}, {"type": "Feature", "geometry": {"type": "Point", "coordinates": [113.433333, 23.083333]}, "properties": {"change": "", "locode": "CNXHO", "name": "Xiaohudao", "name_wo_diacritics": "Xiaohudao", "subdivision": "GD", "function": "1-------", "status": "RQ", "date": "0401", "iata": "", "coordinates": "2305N 11326E", "remarks": "", "is_water_port": "1"}}, {"type": "Feature", "geometry": {"type": "Point", "coordinates": [113.216667, 22.666667]}, "properties": {"change": "", "locode": "CNXAO", "name": "Xiaolan", "name_wo_diacritics": "Xiaolan", "subdivision": "GD", "function": "1-------", "status": "AS", "date": "1401", "iata": "", "coordinates": "2240N 11313E", "remarks": "", "is_water_port": "1"}}, {"type": "Feature", "geometry": {"type": "Point", "coordinates": [112.983333, 23.083333]}, "properties": {"change": "", "locode": "CNXOT", "name": "Xiaotang", "name_wo_diacritics": "Xiaotang", "subdivision": "GD", "function": "123-----", "status": "RL", "date": "0607", "iata": "", "coordinates": "2305N 11259E", "remarks": "", "is_water_port": "1"}}, {"type": "Feature", "geometry": {"type": "Point", "coordinates": [114.866667, 21.283333]}, "properties": {"change": "", "locode": "CNXIJ", "name": "Xijiang", "name_wo_diacritics": "Xijiang", "subdivision": "GX", "function": "1-------", "status": "RL", "date": "1401", "iata": "", "coordinates": "2117N 11452E", "remarks": "", "is_water_port": "1"}}, {"type": "Feature", "geometry": {"type": "Point", "coordinates": [116.033333, 43.966667]}, "properties": {"change": "", "locode": "CNXHT", "name": "Xilin Hot", "name_wo_diacritics": "Xilin Hot", "subdivision": "NM", "function": "1-------", "status": "RL", "date": "1401", "iata": "", "coordinates": "4358N 11602E", "remarks": "", "is_water_port": "1"}}, {"type": "Feature", "geometry": {"type": "Point", "coordinates": [110.016667, 18.5]}, "properties": {"change": "", "locode": "CNLSX", "name": "Xincun", "name_wo_diacritics": "Xincun", "subdivision": "SD", "function": "1-------", "status": "AS", "date": "1407", "iata": "", "coordinates": "1830N 11001E", "remarks": "", "is_water_port": "1"}}, {"type": "Feature", "geometry": {"type": "Point", "coordinates": [113.1, 23.033333]}, "properties": {"change": "", "locode": "CNXGA", "name": "Xingang", "name_wo_diacritics": "Xingang", "subdivision": "GD", "function": "1-------", "status": "AS", "date": "1601", "iata": "", "coordinates": "2302N 11306E", "remarks": "", "is_water_port": "1"}}, {"type": "Feature", "geometry": {"type": "Point", "coordinates": [130.85, 47.916667]}, "properties": {"change": "", "locode": "CNXGD", "name": "Xingdong", "name_wo_diacritics": "Xingdong", "subdivision": "HL", "function": "1-3--6-B", "status": "RL", "date": "0501", "iata": "", "coordinates": "4755N 13051E", "remarks": "", "is_water_port": "1"}}, {"type": "Feature", "geometry": {"type": "Point", "coordinates": [113.016667, 22.533333]}, "properties": {"change": "", "locode": "CNXIN", "name": "Xinhui Pt", "name_wo_diacritics": "Xinhui Pt", "subdivision": "GD", "function": "1-------", "status": "AS", "date": "1601", "iata": "", "coordinates": "2232N 11301E", "remarks": "", "is_water_port": "1"}}, {"type": "Feature", "geometry": {"type": "Point", "coordinates": [113.533333, 22.983333]}, "properties": {"change": "", "locode": "CNXNA", "name": "Xinsha", "name_wo_diacritics": "Xinsha", "subdivision": "GD", "function": "1-3-----", "status": "RL", "date": "0401", "iata": "", "coordinates": "2259N 11332E", "remarks": "", "is_water_port": "1"}}, {"type": "Feature", "geometry": {"type": "Point", "coordinates": [113.616667, 23.116667]}, "properties": {"change": "", "locode": "CNXIT", "name": "Xintang Pt", "name_wo_diacritics": "Xintang Pt", "subdivision": "GD", "function": "1-------", "status": "AS", "date": "1601", "iata": "", "coordinates": "2307N 11337E", "remarks": "", "is_water_port": "1"}}, {"type": "Feature", "geometry": {"type": "Point", "coordinates": [114.05, 32.133333]}, "properties": {"change": "", "locode": "CNING", "name": "Xinyang", "name_wo_diacritics": "Xinyang", "subdivision": "HA", "function": "1-------", "status": "RL", "date": "1107", "iata": "", "coordinates": "3208N 11403E", "remarks": "", "is_water_port": "1"}}, {"type": "Feature", "geometry": {"type": "Point", "coordinates": [109.283333, 19.733333]}, "properties": {"change": "", "locode": "CNXYI", "name": "Xinying", "name_wo_diacritics": "Xinying", "subdivision": "HI", "function": "1-3-----", "status": "RL", "date": "1401", "iata": "", "coordinates": "1944N 10917E", "remarks": "", "is_water_port": "1"}}, {"type": "Feature", "geometry": {"type": "Point", "coordinates": [111.783333, 21.65]}, "properties": {"change": "", "locode": "CNXTO", "name": "Xitou", "name_wo_diacritics": "Xitou", "subdivision": "GD", "function": "1-------", "status": "AS", "date": "1601", "iata": "", "coordinates": "2139N 11147E", "remarks": "", "is_water_port": "1"}}, {"type": "Feature", "geometry": {"type": "Point", "coordinates": [118.95, 25.233333]}, "properties": {"change": "", "locode": "CNXYG", "name": "Xiuyu Pt", "name_wo_diacritics": "Xiuyu Pt", "subdivision": "FJ", "function": "1-------", "status": "AS", "date": "1601", "iata": "", "coordinates": "2514N 11857E", "remarks": "", "is_water_port": "1"}}, {"type": "Feature", "geometry": {"type": "Point", "coordinates": [128.466667, 49.55]}, "properties": {"change": "", "locode": "CNXUK", "name": "Xunke", "name_wo_diacritics": "Xunke", "subdivision": "HL", "function": "1-------", "status": "AS", "date": "1601", "iata": "", "coordinates": "4933N 12828E", "remarks": "", "is_water_port": "1"}}, {"type": "Feature", "geometry": {"type": "Point", "coordinates": [111.966667, 21.833333]}, "properties": {"change": "", "locode": "CNYJI", "name": "Yangjiang", "name_wo_diacritics": "Yangjiang", "subdivision": "GD", "function": "123-----", "status": "AS", "date": "2107", "iata": "", "coordinates": "2150N 11158E", "remarks": "", "is_water_port": "1"}}, {"type": "Feature", "geometry": {"type": "Point", "coordinates": [121.4, 32.55]}, "properties": {"change": "", "locode": "CNYKG", "name": "Yangkou Pt", "name_wo_diacritics": "Yangkou Pt", "subdivision": "JS", "function": "1-------", "status": "AS", "date": "1607", "iata": "", "coordinates": "3233N 12124E", "remarks": "", "is_water_port": "1"}}, {"type": "Feature", "geometry": {"type": "Point", "coordinates": [109.2, 19.7]}, "properties": {"change": "", "locode": "CNYPG", "name": "Yangpu Pt", "name_wo_diacritics": "Yangpu Pt", "subdivision": "HI", "function": "1-------", "status": "AS", "date": "1407", "iata": "", "coordinates": "1942N 10912E", "remarks": "", "is_water_port": "1"}}, {"type": "Feature", "geometry": {"type": "Point", "coordinates": [119.816667, 32.216667]}, "properties": {"change": "", "locode": "CNYNG", "name": "Yangzhong", "name_wo_diacritics": "Yangzhong", "subdivision": "JS", "function": "1-3-----", "status": "RL", "date": "1401", "iata": "", "coordinates": "3213N 11949E", "remarks": "", "is_water_port": "1"}}, {"type": "Feature", "geometry": {"type": "Point", "coordinates": [119.433333, 32.383333]}, "properties": {"change": "", "locode": "CNYZH", "name": "Yangzhou", "name_wo_diacritics": "Yangzhou", "subdivision": "JS", "function": "1234----", "status": "AS", "date": "2107", "iata": "", "coordinates": "3223N 11926E", "remarks": "", "is_water_port": "1"}}, {"type": "Feature", "geometry": {"type": "Point", "coordinates": [121.383333, 37.466667]}, "properties": {"change": "¦", "locode": "CNYAT", "name": "Yantai", "name_wo_diacritics": "Yantai", "subdivision": "SD", "function": "123456--", "status": "AS", "date": "2407", "iata": "", "coordinates": "3728N 12123E", "remarks": "", "is_water_port": "1"}}, {"type": "Feature", "geometry": {"type": "Point", "coordinates": [121.416667, 37.55]}, "properties": {"change": "", "locode": "CNYTG", "name": "Yantai Pt", "name_wo_diacritics": "Yantai Pt", "subdivision": "SD", "function": "1-------", "status": "AS", "date": "1401", "iata": "", "coordinates": "3733N 12125E", "remarks": "", "is_water_port": "1"}}, {"type": "Feature", "geometry": {"type": "Point", "coordinates": [114.3, 22.6]}, "properties": {"change": "¦", "locode": "CNYTN", "name": "Yantian", "name_wo_diacritics": "Yantian", "subdivision": "GD", "function": "123--6--", "status": "AS", "date": "2407", "iata": "", "coordinates": "2236N 11418E", "remarks": "coordinates", "is_water_port": "1"}}, {"type": "Feature", "geometry": {"type": "Point", "coordinates": [110.283333, 21.616667]}, "properties": {"change": "", "locode": "CNLJY", "name": "Yingzai", "name_wo_diacritics": "Yingzai", "subdivision": "GD", "function": "1-------", "status": "AS", "date": "1407", "iata": "", "coordinates": "2137N 11017E", "remarks": "", "is_water_port": "1"}}, {"type": "Feature", "geometry": {"type": "Point", "coordinates": [122.216667, 40.65]}, "properties": {"change": "", "locode": "CNYIK", "name": "Yinkou", "name_wo_diacritics": "Yinkou", "subdivision": "LN", "function": "1234----", "status": "AS", "date": "2107", "iata": "", "coordinates": "4039N 12213E", "remarks": "", "is_water_port": "1"}}, {"type": "Feature", "geometry": {"type": "Point", "coordinates": [119.166667, 32.266667]}, "properties": {"change": "", "locode": "CNYIZ", "name": "Yizheng", "name_wo_diacritics": "Yizheng", "subdivision": "JS", "function": "1-3-----", "status": "RL", "date": "0407", "iata": "", "coordinates": "3216N 11910E", "remarks": "", "is_water_port": "1"}}, {"type": "Feature", "geometry": {"type": "Point", "coordinates": [109.983333, 24.983333]}, "properties": {"change": "", "locode": "CNYFU", "name": "Yongfu", "name_wo_diacritics": "Yongfu", "subdivision": "GX", "function": "1-3-----", "status": "RL", "date": "1401", "iata": "", "coordinates": "2459N 10959E", "remarks": "", "is_water_port": "1"}}, {"type": "Feature", "geometry": {"type": "Point", "coordinates": [113.1, 29.366667]}, "properties": {"change": "", "locode": "CNYYA", "name": "Yueyang", "name_wo_diacritics": "Yueyang", "subdivision": "HN", "function": "1-3--6--", "status": "AS", "date": "1601", "iata": "", "coordinates": "2922N 11306E", "remarks": "", "is_water_port": "1"}}, {"type": "Feature", "geometry": {"type": "Point", "coordinates": [121.233333, 28.133333]}, "properties": {"change": "", "locode": "CNYUH", "name": "Yuhuan", "name_wo_diacritics": "Yuhuan", "subdivision": "ZJ", "function": "1-------", "status": "RL", "date": "1107", "iata": "", "coordinates": "2808N 12114E", "remarks": "", "is_water_port": "1"}}, {"type": "Feature", "geometry": {"type": "Point", "coordinates": [113.416667, 23.1]}, "properties": {"change": "", "locode": "CNYZU", "name": "Yuzhu", "name_wo_diacritics": "Yuzhu", "subdivision": "GD", "function": "1-3-----", "status": "RL", "date": "0601", "iata": "", "coordinates": "2306N 11325E", "remarks": "", "is_water_port": "1"}}, {"type": "Feature", "geometry": {"type": "Point", "coordinates": [113.45, 22.55]}, "properties": {"change": "", "locode": "CNZJB", "name": "Zhangjiabian", "name_wo_diacritics": "Zhangjiabian", "subdivision": "GD", "function": "1-3--6--", "status": "RL", "date": "0601", "iata": "", "coordinates": "2233N 11327E", "remarks": "", "is_water_port": "1"}}, {"type": "Feature", "geometry": {"type": "Point", "coordinates": [120.533333, 31.866667]}, "properties": {"change": "", "locode": "CNZJG", "name": "Zhangjiagang", "name_wo_diacritics": "Zhangjiagang", "subdivision": "JS", "function": "1-------", "status": "AS", "date": "1401", "iata": "", "coordinates": "3152N 12032E", "remarks": "", "is_water_port": "1"}}, {"type": "Feature", "geometry": {"type": "Point", "coordinates": [118.316667, 34.116667]}, "properties": {"change": "", "locode": "CNZGS", "name": "Zhangshan", "name_wo_diacritics": "Zhangshan", "subdivision": "JS", "function": "1-3-----", "status": "RL", "date": "0607", "iata": "", "coordinates": "3407N 11819E", "remarks": "", "is_water_port": "1"}}, {"type": "Feature", "geometry": {"type": "Point", "coordinates": [119.583333, 26.7]}, "properties": {"change": "", "locode": "CNZGW", "name": "Zhangwan", "name_wo_diacritics": "Zhangwan", "subdivision": "FJ", "function": "1-------", "status": "AS", "date": "1401", "iata": "", "coordinates": "2642N 11935E", "remarks": "", "is_water_port": "1"}}, {"type": "Feature", "geometry": {"type": "Point", "coordinates": [117.65, 24.516667]}, "properties": {"change": "", "locode": "CNZZH", "name": "Zhangzhou", "name_wo_diacritics": "Zhangzhou", "subdivision": "FJ", "function": "123-----", "status": "AA", "date": "2207", "iata": "", "coordinates": "2431N 11739E", "remarks": "", "is_water_port": "1"}}, {"type": "Feature", "geometry": {"type": "Point", "coordinates": [110.5, 21.083333]}, "properties": {"change": "", "locode": "CNZNG", "name": "Zhanjiang Pt", "name_wo_diacritics": "Zhanjiang Pt", "subdivision": "GD", "function": "1-------", "status": "AS", "date": "1601", "iata": "", "coordinates": "2105N 11030E", "remarks": "", "is_water_port": "1"}}, {"type": "Feature", "geometry": {"type": "Point", "coordinates": [125.983333, 46.066667]}, "properties": {"change": "", "locode": "CNZDO", "name": "Zhaodong", "name_wo_diacritics": "Zhaodong", "subdivision": "HL", "function": "123--6--", "status": "RL", "date": "0601", "iata": "", "coordinates": "4604N 12559E", "remarks": "", "is_water_port": "1"}}, {"type": "Feature", "geometry": {"type": "Point", "coordinates": [116.633333, 32.55]}, "properties": {"change": "", "locode": "CNZHG", "name": "Zhaogang", "name_wo_diacritics": "Zhaogang", "subdivision": "AH", "function": "1-3-----", "status": "RL", "date": "0607", "iata": "", "coordinates": "3233N 11638E", "remarks": "", "is_water_port": "1"}}, {"type": "Feature", "geometry": {"type": "Point", "coordinates": [112.45, 23.05]}, "properties": {"change": "", "locode": "CNZQG", "name": "Zhaoqing", "name_wo_diacritics": "Zhaoqing", "subdivision": "GD", "function": "123-----", "status": "AS", "date": "2107", "iata": "", "coordinates": "2303N 11227E", "remarks": "", "is_water_port": "1"}}, {"type": "Feature", "geometry": {"type": "Point", "coordinates": [111.85, 21.566667]}, "properties": {"change": "", "locode": "CNZPO", "name": "Zhapo", "name_wo_diacritics": "Zhapo", "subdivision": "GD", "function": "1-------", "status": "AS", "date": "1401", "iata": "", "coordinates": "2134N 11151E", "remarks": "", "is_water_port": "1"}}, {"type": "Feature", "geometry": {"type": "Point", "coordinates": [121.083333, 30.583333]}, "properties": {"change": "", "locode": "CNZPU", "name": "Zhapu Pt", "name_wo_diacritics": "Zhapu Pt", "subdivision": "ZJ", "function": "1-------", "status": "AS", "date": "1407", "iata": "", "coordinates": "3035N 12105E", "remarks": "", "is_water_port": "1"}}, {"type": "Feature", "geometry": {"type": "Point", "coordinates": [117.1, 23.583333]}, "properties": {"change": "", "locode": "CNZEL", "name": "Zhelin", "name_wo_diacritics": "Zhelin", "subdivision": "GD", "function": "1-------", "status": "AS", "date": "1401", "iata": "", "coordinates": "2335N 11706E", "remarks": "", "is_water_port": "1"}}, {"type": "Feature", "geometry": {"type": "Point", "coordinates": [118.383333, 31.633333]}, "properties": {"change": "", "locode": "CNZPG", "name": "zhengpugang Pt", "name_wo_diacritics": "zhengpugang Pt", "subdivision": "AH", "function": "1-------", "status": "AS", "date": "1607", "iata": "", "coordinates": "3138N 11823E", "remarks": "", "is_water_port": "1"}}, {"type": "Feature", "geometry": {"type": "Point", "coordinates": [119.45, 32.183333]}, "properties": {"change": "", "locode": "CNZHE", "name": "Zhenjiang", "name_wo_diacritics": "Zhenjiang", "subdivision": "JS", "function": "1234----", "status": "AS", "date": "2107", "iata": "", "coordinates": "3211N 11927E", "remarks": "", "is_water_port": "1"}}, {"type": "Feature", "geometry": {"type": "Point", "coordinates": [113.366667, 22.516667]}, "properties": {"change": "", "locode": "CNZSN", "name": "Zhongshan", "name_wo_diacritics": "Zhongshan", "subdivision": "GD", "function": "123-----", "status": "AS", "date": "2107", "iata": "", "coordinates": "2231N 11322E", "remarks": "", "is_water_port": "1"}}, {"type": "Feature", "geometry": {"type": "Point", "coordinates": [113.65, 23.083333]}, "properties": {"change": "", "locode": "CNZGT", "name": "Zhongtang", "name_wo_diacritics": "Zhongtang", "subdivision": "GD", "function": "1-------", "status": "AS", "date": "1601", "iata": "", "coordinates": "2305N 11339E", "remarks": "", "is_water_port": "1"}}, {"type": "Feature", "geometry": {"type": "Point", "coordinates": [122.966667, 39.683333]}, "properties": {"change": "", "locode": "CNZHH", "name": "Zhuanghe Pt", "name_wo_diacritics": "Zhuanghe Pt", "subdivision": "LN", "function": "1-------", "status": "AS", "date": "1601", "iata": "", "coordinates": "3941N 12258E", "remarks": "", "is_water_port": "1"}}, {"type": "Feature", "geometry": {"type": "Point", "coordinates": [121.116667, 27.883333]}, "properties": {"change": "", "locode": "CNZYO", "name": "Zhuangyuanao", "name_wo_diacritics": "Zhuangyuanao", "subdivision": "ZJ", "function": "1-------", "status": "RQ", "date": "1007", "iata": "", "coordinates": "2753N 12107E", "remarks": "", "is_water_port": "1"}}, {"type": "Feature", "geometry": {"type": "Point", "coordinates": [113.566667, 22.283333]}, "properties": {"change": "", "locode": "CNZUH", "name": "Zhuhai", "name_wo_diacritics": "Zhuhai", "subdivision": "GD", "function": "123-----", "status": "AS", "date": "2107", "iata": "", "coordinates": "2217N 11334E", "remarks": "", "is_water_port": "1"}}, {"type": "Feature", "geometry": {"type": "Point", "coordinates": [113.333333, 23.366667]}, "properties": {"change": "", "locode": "CNZLO", "name": "Zhuliao", "name_wo_diacritics": "Zhuliao", "subdivision": "GD", "function": "1-3--6--", "status": "RL", "date": "0601", "iata": "", "coordinates": "2322N 11320E", "remarks": "", "is_water_port": "1"}}]}