source_dataset,pid,name,noneng-name,owner,areas,subnat,status,start-year,capacity,capacity-display,Cement-Capacity-(millions-metric-tonnes-per-annum),Clinker-Capacity-(millions-metric-tonnes-per-annum),prod-type,latitude,longitude,Latitude,Longitude,url,altf-yn,areas-subnat-sat-display,capacity-details,capacity-table,ccs-yn,cem-type,claycal-yn,color,loc-owner,location-accuracy,name-search,owner-search,plant-type,scaling-capacity,status-legend,tracker-acro,tracker-custom,tracker-display,units-of-m
cement,P100000123065,Anhui Hailuo Cement Baimashan Cement Plant Co Ltd,安徽海螺水泥有限公司白马山水泥厂 (Chinese),Anhui Hailuo Cement Baimashan Cement Plant Co Ltd [100.0%],China;,Anhui,operating,1978,2.4,2.4,2.4,2,dry,31.229955,118.380624,31.229955,118.380624,https://www.gem.wiki/Anhui_Hailuo_Cement_Baimashan_Cement_Plant_Co_Ltd,no,"Anhui, China",2.4,2.4,yes,opc,no,grey,安徽海螺水泥有限公司白马山水泥厂 (Chinese) [100%],exact,Anhui Hailuo Cement Baimashan Cement Plant Co Ltd,Anhui Hailuo Cement Baimashan Cement Plant Co Ltd [100.0%],integrated,2.4,operating,GCCT,GCCT,Cement and Concrete,n/a
cement,P100000123066,Qiyang Conch Cement Co Ltd Cement Plant,祁阳海螺水泥有限责任公司 (Chinese),Qiyang Conch Cement Co Ltd [100.0%],China;,Hunan,operating,2011,5,5,5,3.29,dry,26.720854,111.833275,26.720854,111.833275,https://www.gem.wiki/Qiyang_Conch_Cement_Co_Ltd_Cement_Plant,no,"Hunan, China",5,5,no,opc,no,grey,祁阳海螺水泥有限责任公司 (Chinese) [100%],exact,Qiyang Conch Cement Co Ltd Cement Plant,Qiyang Conch Cement Co Ltd [100.0%],integrated,5.0,operating,GCCT,GCCT,Cement and Concrete,n/a
cement,P100000123067,Wuhu Conch Cement Co Ltd Cement Plant,芜湖海螺水泥有限公司 (Chinese),Wuhu Conch Cement Co Ltd [100.0%],China;,Anhui,operating,2006,6.6,6.6,6.6,15.8,dry,31.137582,118.169276,31.137582,118.169276,https://www.gem.wiki/Wuhu_Conch_Cement_Co_Ltd_Cement_Plant,no,"Anhui, China",6.6,6.6,no,opc,no,grey,芜湖海螺水泥有限公司 (Chinese) [100%],exact,Wuhu Conch Cement Co Ltd Cement Plant,Wuhu Conch Cement Co Ltd [100.0%],integrated,6.6,operating,GCCT,GCCT,Cement and Concrete,n/a
cement,P100000123068,Guiding Conch Panjiang Cement Co Ltd Cement Plant,贵定海螺盘江水泥有限责任公司 (Chinese),Guiding Conch Panjiang Cement Co Ltd [100.0%],China;,Guizhou,operating,2010,4.4,4.4,4.4,3.29,dry,26.615974,107.241019,26.615974,107.241019,https://www.gem.wiki/Guiding_Conch_Panjiang_Cement_Co_Ltd_Cement_Plant,no,"Guizhou, China",4.4,4.4,no,opc,no,grey,贵定海螺盘江水泥有限责任公司 (Chinese) [100%],exact,Guiding Conch Panjiang Cement Co Ltd Cement Plant,Guiding Conch Panjiang Cement Co Ltd [100.0%],integrated,4.4,operating,GCCT,GCCT,Cement and Concrete,n/a
cement,P100000123069,Anhui Ningguo Cement Plant,安徽海螺集团宁国水泥厂 (Chinese),Anhui Ningguo Cement Plant [100.0%],China;,Anhui,operating,1987,3,3,3,3.4,dry,30.687769,118.887302,30.687769,118.887302,https://www.gem.wiki/Anhui_Ningguo_Cement_Plant,no,"Anhui, China",3,3,no,opc,no,grey,安徽海螺集团宁国水泥厂 (Chinese) [100%],exact,Anhui Ningguo Cement Plant,Anhui Ningguo Cement Plant [100.0%],integrated,3.0,operating,GCCT,GCCT,Cement and Concrete,n/a
cement,P100000123070,Guiyang Conch Panjiang Cement Co Ltd Cement Plant,贵阳海螺盘江水泥有限责任公司 (Chinese),Guiyang Conch Panjiang Cement Co Ltd [100.0%],China;,Guizhou,operating,2010,6.6,6.6,6.6,5.4,dry,26.667159,106.358115,26.667159,106.358115,https://www.gem.wiki/Guiyang_Conch_Panjiang_Cement_Co_Ltd_Cement_Plant,no,"Guizhou, China",6.6,6.6,no,opc,no,grey,贵阳海螺盘江水泥有限责任公司 (Chinese) [100%],exact,Guiyang Conch Panjiang Cement Co Ltd Cement Plant,Guiyang Conch Panjiang Cement Co Ltd [100.0%],integrated,6.6,operating,GCCT,GCCT,Cement and Concrete,n/a
cement,P100000123071,Anhui Huai Ninghai Conch Cement Co Ltd Cement Plant,安徽怀宁海螺水泥有限公司 (Chinese),Anhui Huai Ninghai Conch Cement Co Ltd [100.0%],China;,Anhui,operating,2002,3.3,3.3,3.3,3,dry,30.627842,116.860494,30.627842,116.860494,https://www.gem.wiki/Anhui_Huai_Ninghai_Conch_Cement_Co_Ltd_Cement_Plant,no,"Anhui, China",3.3,3.3,no,opc,no,grey,安徽怀宁海螺水泥有限公司 (Chinese) [100%],exact,Anhui Huai Ninghai Conch Cement Co Ltd Cement Plant,Anhui Huai Ninghai Conch Cement Co Ltd [100.0%],integrated,3.3,operating,GCCT,GCCT,Cement and Concrete,n/a
cement,P100000123072,Anhui Zongyang Conch Cement Co Ltd Cement Plant,安徽枞阳海螺水泥股份有限公司 (Chinese),Anhui Zongyang Conch Cement Co Ltd [100.0%],China;,Anhui,operating,2001,1.1,1.1,1.1,11,dry,30.744456,117.392989,30.744456,117.392989,https://www.gem.wiki/Anhui_Zongyang_Conch_Cement_Co_Ltd_Cement_Plant,no,"Anhui, China",1.1,1.1,no,opc,no,grey,安徽枞阳海螺水泥股份有限公司 (Chinese) [100%],exact,Anhui Zongyang Conch Cement Co Ltd Cement Plant,Anhui Zongyang Conch Cement Co Ltd [100.0%],integrated,1.1,operating,GCCT,GCCT,Cement and Concrete,n/a
cement,P100000123073,Anhui Tongling Conch Cement Co Ltd Cement Plant,安徽铜陵海螺水泥有限公司 (Chinese),Anhui Tongling Conch Cement Co Ltd [100.0%],China;,Anhui,operating,1996,8,8,8,14.5,dry,30.844943,117.777036,30.844943,117.777036,https://www.gem.wiki/Anhui_Tongling_Conch_Cement_Co_Ltd_Cement_Plant,no,"Anhui, China",8,8,no,opc,no,grey,安徽铜陵海螺水泥有限公司 (Chinese) [100%],exact,Anhui Tongling Conch Cement Co Ltd Cement Plant,Anhui Tongling Conch Cement Co Ltd [100.0%],integrated,8.0,operating,GCCT,GCCT,Cement and Concrete,n/a
cement,P100000123074,Quanjiao Conch Cement Co Ltd Cement Plant,全椒海螺水泥有限责任公司 (Chinese),Quanjiao Conch Cement Co Ltd [100.0%],China;,Anhui,operating,2010,4.4,4.4,4.4,3.65,dry,32.189163,118.209739,32.189163,118.209739,https://www.gem.wiki/Quanjiao_Conch_Cement_Co_Ltd_Cement_Plant,no,"Anhui, China",4.4,4.4,no,opc,no,grey,全椒海螺水泥有限责任公司 (Chinese) [100%],exact,Quanjiao Conch Cement Co Ltd Cement Plant,Quanjiao Conch Cement Co Ltd [100.0%],integrated,4.4,operating,GCCT,GCCT,Cement and Concrete,n/a
cement,P100000123075,Linxiang Conch Cement Co Ltd Cement Plant,临湘海螺水泥有限责任公司 (Chinese),Linxiang Conch Cement Co Ltd [100.0%],China;,Hunan,operating,2010,2.2,2.2,2.2,1.8,dry,29.508298,113.407059,29.508298,113.407059,https://www.gem.wiki/Linxiang_Conch_Cement_Co_Ltd_Cement_Plant,no,"Hunan, China",2.2,2.2,no,opc,no,grey,临湘海螺水泥有限责任公司 (Chinese) [100%],exact,Linxiang Conch Cement Co Ltd Cement Plant,Linxiang Conch Cement Co Ltd [100.0%],integrated,2.2,operating,GCCT,GCCT,Cement and Concrete,n/a
cement,P100000123076,Fenyi Conch Cement Co Ltd Cement Plant,分宜海螺水泥有限责任公司 (Chinese),Fenyi Conch Cement Co Ltd [100.0%],China;,Jiangxi,operating,2003,2.8,2.8,2.8,1.8,dry,27.859691,114.747611,27.859691,114.747611,https://www.gem.wiki/Fenyi_Conch_Cement_Co_Ltd_Cement_Plant,no,"Jiangxi, China",2.8,2.8,no,opc,no,grey,分宜海螺水泥有限责任公司 (Chinese) [100%],exact,Fenyi Conch Cement Co Ltd Cement Plant,Fenyi Conch Cement Co Ltd [100.0%],integrated,2.8,operating,GCCT,GCCT,Cement and Concrete,n/a
cement,P100000123077,Xingye Kuiyang Conch Cement Co Ltd Cement Plant,兴业葵阳海螺水泥有限责任公司 (Chinese),Xingye Kuiyang Conch Cement Co Ltd [100.0%],China;,Guangxi,operating,2005,1.6,1.6,1.6,1.83,dry,22.709022,109.805221,22.709022,109.805221,https://www.gem.wiki/Xingye_Kuiyang_Conch_Cement_Co_Ltd_Cement_Plant,no,"Guangxi, China",1.6,1.6,no,opc,no,grey,兴业葵阳海螺水泥有限责任公司 (Chinese) [100%],exact,Xingye Kuiyang Conch Cement Co Ltd Cement Plant,Xingye Kuiyang Conch Cement Co Ltd [100.0%],integrated,1.6,operating,GCCT,GCCT,Cement and Concrete,n/a
cement,P100000123078,Jiande Conch Cement Co Ltd Cement Plant,建德海螺水泥有限责任公司 (Chinese),Jiande Conch Cement Co Ltd [100.0%],China;,Zhejiang,operating,2003,2,2,2,3.6,dry,29.33424,119.050244,29.33424,119.050244,https://www.gem.wiki/Jiande_Conch_Cement_Co_Ltd_Cement_Plant,no,"Zhejiang, China",2,2,no,opc,no,grey,建德海螺水泥有限责任公司 (Chinese) [100%],exact,Jiande Conch Cement Co Ltd Cement Plant,Jiande Conch Cement Co Ltd [100.0%],integrated,2.0,operating,GCCT,GCCT,Cement and Concrete,n/a
cement,P100000123079,Jining Conch Cement Co Ltd Cement Plant,济宁海螺水泥有限责任公司 (Chinese),Jining Conch Cement Co Ltd [100.0%],China;,Shandong,operating,2010,2.4,2.4,2.4,1.8,dry,35.614648,117.442907,35.614648,117.442907,https://www.gem.wiki/Jining_Conch_Cement_Co_Ltd_Cement_Plant,no,"Shandong, China",2.4,2.4,no,opc,no,grey,济宁海螺水泥有限责任公司 (Chinese) [100%],exact,Jining Conch Cement Co Ltd Cement Plant,Jining Conch Cement Co Ltd [100.0%],integrated,2.4,operating,GCCT,GCCT,Cement and Concrete,n/a
cement,P100000123080,Anhui Chizhou Conch Cement Co Ltd Cement Plant,安徽池州海螺水泥股份有限公司 (Chinese),Anhui Chizhou Conch Cement Co Ltd [100.0%],China;,Anhui,operating,2002,2.2,2.2,2.2,16.43,dry,30.449625,117.237479,30.449625,117.237479,https://www.gem.wiki/Anhui_Chizhou_Conch_Cement_Co_Ltd_Cement_Plant,no,"Anhui, China",2.2,2.2,no,opc,no,grey,安徽池州海螺水泥股份有限公司 (Chinese) [100%],exact,Anhui Chizhou Conch Cement Co Ltd Cement Plant,Anhui Chizhou Conch Cement Co Ltd [100.0%],integrated,2.2,operating,GCCT,GCCT,Cement and Concrete,n/a
cement,P100000123081,Shuangfeng Conch Cement Co Ltd Cement Plant,双峰海螺水泥有限公司 (Chinese),Shuangfeng Conch Cement Co Ltd [100.0%],China;,Hunan,operating,2004,5,5,5,3.29,dry,27.40206,111.985983,27.40206,111.985983,https://www.gem.wiki/Shuangfeng_Conch_Cement_Co_Ltd_Cement_Plant,no,"Hunan, China",5,5,no,opc,no,grey,双峰海螺水泥有限公司 (Chinese) [100%],exact,Shuangfeng Conch Cement Co Ltd Cement Plant,Shuangfeng Conch Cement Co Ltd [100.0%],integrated,5.0,operating,GCCT,GCCT,Cement and Concrete,n/a
cement,P100000123082,Dazhou Conch Cement Co Ltd Cement Plant,达州海螺水泥有限责任公司 (Chinese),Dazhou Conch Cement Co Ltd [100.0%],China;,Sichuan,operating,2010,4.4,4.4,4.4,3.29,dry,30.850812,107.326642,30.850812,107.326642,https://www.gem.wiki/Dazhou_Conch_Cement_Co_Ltd_Cement_Plant,no,"Sichuan, China",4.4,4.4,no,opc,no,grey,达州海螺水泥有限责任公司 (Chinese) [100%],exact,Dazhou Conch Cement Co Ltd Cement Plant,Dazhou Conch Cement Co Ltd [100.0%],integrated,4.4,operating,GCCT,GCCT,Cement and Concrete,n/a
cement,P100000123083,Anhui Xuancheng Conch Cement Co Ltd Cement Plant,安徽宣城海螺水泥有限公司 (Chinese),Anhui Xuancheng Conch Cement Co Ltd [100.0%],China;,Anhui,operating,2007,3.2,3.2,3.2,3.65,dry,30.788421,118.973163,30.788421,118.973163,https://www.gem.wiki/Anhui_Xuancheng_Conch_Cement_Co_Ltd_Cement_Plant,no,"Anhui, China",3.2,3.2,no,opc,no,grey,安徽宣城海螺水泥有限公司 (Chinese) [100%],exact,Anhui Xuancheng Conch Cement Co Ltd Cement Plant,Anhui Xuancheng Conch Cement Co Ltd [100.0%],integrated,3.2,operating,GCCT,GCCT,Cement and Concrete,n/a
cement,P100000123084,Yingde Conch Cement Co Ltd Cement Plant,英德海螺水泥有限责任公司 (Chinese),Yingde Conch Cement Co Ltd [100.0%],China;,Guangdong,operating,2006,6.4,6.4,6.4,7.3,dry,24.268659,113.415031,24.268659,113.415031,https://www.gem.wiki/Yingde_Conch_Cement_Co_Ltd_Cement_Plant,no,"Guangdong, China",6.4,6.4,no,opc,no,grey,英德海螺水泥有限责任公司 (Chinese) [100%],exact,Yingde Conch Cement Co Ltd Cement Plant,Yingde Conch Cement Co Ltd [100.0%],integrated,6.4,operating,GCCT,GCCT,Cement and Concrete,n/a
cement,P100000123085,Yangchun Conch Cement Co Ltd Cement Plant,阳春海螺水泥有限责任公司 (Chinese),Yangchun Conch Cement Co Ltd [100.0%],China;,Guangdong,operating,2013,6.6,6.6,6.6,5.8,dry,22.372601,111.961909,22.372601,111.961909,https://www.gem.wiki/Yangchun_Conch_Cement_Co_Ltd_Cement_Plant,no,"Guangdong, China",6.6,6.6,no,opc,no,grey,阳春海螺水泥有限责任公司 (Chinese) [100%],exact,Yangchun Conch Cement Co Ltd Cement Plant,Yangchun Conch Cement Co Ltd [100.0%],integrated,6.6,operating,GCCT,GCCT,Cement and Concrete,n/a
cement,P100000123086,Pingliang Conch Cement Co Ltd Cement Plant,平凉海螺水泥有限责任公司 (Chinese),Pingliang Conch Cement Co Ltd [100.0%],China;,Gansu,operating,2009,4.4,4.4,4.4,3.6,dry,35.469211,106.680729,35.469211,106.680729,https://www.gem.wiki/Pingliang_Conch_Cement_Co_Ltd_Cement_Plant,no,"Gansu, China",4.4,4.4,no,opc,no,grey,平凉海螺水泥有限责任公司 (Chinese) [100%],exact,Pingliang Conch Cement Co Ltd Cement Plant,Pingliang Conch Cement Co Ltd [100.0%],integrated,4.4,operating,GCCT,GCCT,Cement and Concrete,n/a
cement,P100000123087,Hunan Conch Cement Co Ltd Cement Plant,湖南益阳海螺水泥有限责任公司 (Chinese),Hunan Conch Cement Co Ltd [100.0%],China;,Hunan,operating,2014,2.2,2.2,2.2,1.8,dry,27.834027,111.172324,27.834027,111.172324,https://www.gem.wiki/Hunan_Conch_Cement_Co_Ltd_Cement_Plant,no,"Hunan, China",2.2,2.2,no,opc,no,grey,湖南益阳海螺水泥有限责任公司 (Chinese) [100%],exact,Hunan Conch Cement Co Ltd Cement Plant,Hunan Conch Cement Co Ltd [100.0%],integrated,2.2,operating,GCCT,GCCT,Cement and Concrete,n/a
cement,P100000123088,Shimen Conch Cement Co Ltd Cement Plant,石门海螺水泥有限公司 (Chinese),Shimen Conch Cement Co Ltd [100.0%],China;,Hunan,operating,2008,4.4,4.4,4.4,3.6,dry,29.587404,111.279676,29.587404,111.279676,https://www.gem.wiki/Shimen_Conch_Cement_Co_Ltd_Cement_Plant,no,"Hunan, China",4.4,4.4,no,opc,no,grey,石门海螺水泥有限公司 (Chinese) [100%],exact,Shimen Conch Cement Co Ltd Cement Plant,Shimen Conch Cement Co Ltd [100.0%],integrated,4.4,operating,GCCT,GCCT,Cement and Concrete,n/a
cement,P100000123089,Xingan Conch Cement Co Ltd Cement Plant,兴安海螺水泥有限责任公司 (Chinese),Xingan Conch Cement Co Ltd [100.0%],China;,Guangxi,operating,2004,4.4,4.4,4.4,3.8,dry,25.636225,110.658047,25.636225,110.658047,https://www.gem.wiki/Xingan_Conch_Cement_Co_Ltd_Cement_Plant,no,"Guangxi, China",4.4,4.4,no,opc,no,grey,兴安海螺水泥有限责任公司 (Chinese) [100%],exact,Xingan Conch Cement Co Ltd Cement Plant,Xingan Conch Cement Co Ltd [100.0%],integrated,4.4,operating,GCCT,GCCT,Cement and Concrete,n/a
cement,P100000123090,Fusui Xinning Conch Cement Co Ltd Cement Plant,扶绥新宁海螺水泥有限责任公司 (Chinese),Fusui Xinning Conch Cement Co Ltd [100.0%],China;,Guangxi,operating,2005,4.2,4.2,4.2,4.8,dry,22.659126,107.900941,22.659126,107.900941,https://www.gem.wiki/Fusui_Xinning_Conch_Cement_Co_Ltd_Cement_Plant,no,"Guangxi, China",4.2,4.2,no,opc,no,grey,扶绥新宁海螺水泥有限责任公司 (Chinese) [100%],exact,Fusui Xinning Conch Cement Co Ltd Cement Plant,Fusui Xinning Conch Cement Co Ltd [100.0%],integrated,4.2,operating,GCCT,GCCT,Cement and Concrete,n/a
cement,P100000123091,Qianyang Conch Cement Co Ltd Cement Plant,千阳海螺水泥有限责任公司 (Chinese),Qianyang Conch Cement Co Ltd [100.0%],China;,Shaanxi,operating,2010,2.2,2.2,2.2,1.85,dry,34.723693,107.026559,34.723693,107.026559,https://www.gem.wiki/Qianyang_Conch_Cement_Co_Ltd_Cement_Plant,no,"Shaanxi, China",2.2,2.2,no,unknown,no,,千阳海螺水泥有限责任公司 (Chinese) [100%],exact,Qianyang Conch Cement Co Ltd Cement Plant,Qianyang Conch Cement Co Ltd [100.0%],integrated,2.2,operating,GCCT,GCCT,Cement and Concrete,n/a
cement,P100000123092,Anhui Digang Conch Cement Co Ltd Cement Plant,安徽荻港海螺水泥股份有限公司 (Chinese),Anhui Digang Conch Cement Co Ltd [100.0%],China;,Anhui,operating,2000,3.2,3.2,3.2,6,dry,31.097962,118.025423,31.097962,118.025423,https://www.gem.wiki/Anhui_Digang_Conch_Cement_Co_Ltd_Cement_Plant,no,"Anhui, China",3.2,3.2,no,opc,no,grey,安徽荻港海螺水泥股份有限公司 (Chinese) [100%],exact,Anhui Digang Conch Cement Co Ltd Cement Plant,Anhui Digang Conch Cement Co Ltd [100.0%],integrated,3.2,operating,GCCT,GCCT,Cement and Concrete,n/a
cement,P100000123093,Liyang Conch Cement Co Ltd Cement Plant,弋阳海螺水泥有限责任公司 (Chinese),Liyang Conch Cement Co Ltd [100.0%],China;,Jiangxi,operating,2008,4.4,4.4,4.4,5.4,dry,28.62975,117.380312,28.62975,117.380312,https://www.gem.wiki/Liyang_Conch_Cement_Co_Ltd_Cement_Plant,no,"Jiangxi, China",4.4,4.4,no,opc,no,grey,弋阳海螺水泥有限责任公司 (Chinese) [100%],exact,Liyang Conch Cement Co Ltd Cement Plant,Liyang Conch Cement Co Ltd [100.0%],integrated,4.4,operating,GCCT,GCCT,Cement and Concrete,n/a
cement,P100000123094,Guangdong Qingxin Cement Co Ltd Cement Plant,广东清新水泥有限公司 (Chinese),Guangdong Qingxin Cement Co Ltd [100.0%],China;,Guangdong,operating,2009,3.8,3.8,3.8,5.48,dry,24.174723,112.763253,24.174723,112.763253,https://www.gem.wiki/Guangdong_Qingxin_Cement_Co_Ltd_Cement_Plant,no,"Guangdong, China",3.8,3.8,no,unknown,no,,广东清新水泥有限公司 (Chinese) [100%],exact,Guangdong Qingxin Cement Co Ltd Cement Plant,Guangdong Qingxin Cement Co Ltd [100.0%],integrated,3.8,operating,GCCT,GCCT,Cement and Concrete,n/a
cement,P100000123095,Baoji Zhongxi Jinlinghe Cement Co Ltd Cement Plant,宝鸡市众喜金陵河水泥有限公司 (Chinese),Baoji Zhongxi Jinlinghe Cement Co Ltd [100.0%],China;,Shaanxi,operating,2009,2,2,2,1.83,dry,34.536334,107.076911,34.536334,107.076911,https://www.gem.wiki/Baoji_Zhongxi_Jinlinghe_Cement_Co_Ltd_Cement_Plant,no,"Shaanxi, China",2,2,no,unknown,no,,宝鸡市众喜金陵河水泥有限公司 (Chinese) [100%],exact,Baoji Zhongxi Jinlinghe Cement Co Ltd Cement Plant,Baoji Zhongxi Jinlinghe Cement Co Ltd [100.0%],integrated,2.0,operating,GCCT,GCCT,Cement and Concrete,n/a
cement,P100000123096,Qianxinan Prefecture Development Resources Development Co Ltd Cement Plant,黔西南州发展资源开发有限公司 (Chinese),Qianxinan Prefecture Development Resources Development Co Ltd [100.0%],China;,Guizhou,operating,2013,1.5,1.5,1.5,1,dry,25.118023,105.357339,25.118023,105.357339,https://www.gem.wiki/Qianxinan_Prefecture_Development_Resources_Development_Co_Ltd_Cement_Plant,no,"Guizhou, China",1.5,1.5,no,unknown,no,,黔西南州发展资源开发有限公司 (Chinese) [100%],exact,Qianxinan Prefecture Development Resources Development Co Ltd Cement Plant,Qianxinan Prefecture Development Resources Development Co Ltd [100.0%],integrated,1.5,operating,GCCT,GCCT,Cement and Concrete,n/a
cement,P100000123097,Baoji Zhongxi Phoenix Mountain Cement Co Ltd Cement Plant,宝鸡众喜凤凰山水泥有限公司 (Chinese),Baoji Zhongxi Phoenix Mountain Cement Co Ltd [100.0%],China;,Shaanxi,operating,2010,1.6,1.6,1.6,1.4,dry,34.474894,107.771682,34.474894,107.771682,https://www.gem.wiki/Baoji_Zhongxi_Phoenix_Mountain_Cement_Co_Ltd_Cement_Plant,no,"Shaanxi, China",1.6,1.6,no,opc,no,grey,宝鸡众喜凤凰山水泥有限公司 (Chinese) [100%],exact,Baoji Zhongxi Phoenix Mountain Cement Co Ltd Cement Plant,Baoji Zhongxi Phoenix Mountain Cement Co Ltd [100.0%],integrated,1.6,operating,GCCT,GCCT,Cement and Concrete,n/a
cement,P100000123098,Baoshan Conch Cement Co Ltd Cement Plant,保山海螺水泥有限责任公司 (Chinese),Baoshan Conch Cement Co Ltd [100.0%],China;,Yunnan,operating,2014,2,2,2,1.64,dry,25.07279,99.286018,25.07279,99.286018,https://www.gem.wiki/Baoshan_Conch_Cement_Co_Ltd_Cement_Plant,no,"Yunnan, China",2,2,no,opc,no,grey,保山海螺水泥有限责任公司 (Chinese) [100%],exact,Baoshan Conch Cement Co Ltd Cement Plant,Baoshan Conch Cement Co Ltd [100.0%],integrated,2.0,operating,GCCT,GCCT,Cement and Concrete,n/a
cement,P100000123099,Bazhong Conch Cement Co Ltd Cement Plant,巴中海螺水泥有限责任公司 (Chinese),Bazhong Conch Cement Co Ltd [100.0%],China;,Sichuan,operating,2014,2.2,2.2,2.2,1.64,dry,32.405777,106.770057,32.405777,106.770057,https://www.gem.wiki/Bazhong_Conch_Cement_Co_Ltd_Cement_Plant,no,"Sichuan, China",2.2,2.2,no,opc,no,grey,巴中海螺水泥有限责任公司 (Chinese) [100%],exact,Bazhong Conch Cement Co Ltd Cement Plant,Bazhong Conch Cement Co Ltd [100.0%],integrated,2.2,operating,GCCT,GCCT,Cement and Concrete,n/a
cement,P100000123100,Chaohu Conch Cement Co Ltd Cement Plant,巢湖海螺水泥有限责任公司 (Chinese),Chaohu Conch Cement Co Ltd [100.0%],China;,Anhui,operating,2008,2.4,2.4,2.4,5.4,dry,31.521269,117.899484,31.521269,117.899484,https://www.gem.wiki/Chaohu_Conch_Cement_Co_Ltd_Cement_Plant,no,"Anhui, China",2.4,2.4,no,opc,no,grey,巢湖海螺水泥有限责任公司 (Chinese) [100%],exact,Chaohu Conch Cement Co Ltd Cement Plant,Chaohu Conch Cement Co Ltd [100.0%],integrated,2.4,operating,GCCT,GCCT,Cement and Concrete,n/a
cement,P100000123101,China Cement Plant Co Ltd Nanjing Plant,中国水泥厂有限公司 (Chinese),China Cement Plant Co Ltd [100.0%],China;,Jiangsu,operating,2004,1.8,1.8,1.8,1.83,dry,32.16752,119.070801,32.16752,119.070801,https://www.gem.wiki/China_Cement_Plant_Co_Ltd_Nanjing_Plant,no,"Jiangsu, China",1.8,1.8,no,unknown,no,,中国水泥厂有限公司 (Chinese) [100%],exact,China Cement Plant Co Ltd Nanjing Plant,China Cement Plant Co Ltd [100.0%],integrated,1.8,operating,GCCT,GCCT,Cement and Concrete,n/a
cement,P100000123102,Chongqing Conch Cement Co Ltd Cement Plant,重庆海螺水泥有限责任公司 (Chinese),Chongqing Conch Cement Co Ltd [100.0%],China;,Chongqing,operating,2010,6.6,6.6,6.6,5.4,dry,30.189608,107.981388,30.189608,107.981388,https://www.gem.wiki/Chongqing_Conch_Cement_Co_Ltd_Cement_Plant,no,"Chongqing, China",6.6,6.6,no,unknown,no,,重庆海螺水泥有限责任公司 (Chinese) [100%],exact,Chongqing Conch Cement Co Ltd Cement Plant,Chongqing Conch Cement Co Ltd [100.0%],integrated,6.6,operating,GCCT,GCCT,Cement and Concrete,n/a
cement,P100000123103,Ganzhou Conch Cement Co Ltd Cement Plant 2,赣州海螺水泥有限责任公司 信丰基地 (Chinese),Ganzhou Conch Cement Co Ltd [100.0%],China;,Jiangxi,operating,,4.05,4.05,4.05,4.75,dry,25.45623,114.889669,25.45623,114.889669,https://www.gem.wiki/Ganzhou_Conch_Cement_Co_Ltd_Cement_Plant_2,no,"Jiangxi, China",4.05,4.05,no,opc,no,grey,赣州海螺水泥有限责任公司 信丰基地 (Chinese) [100%],exact,Ganzhou Conch Cement Co Ltd Cement Plant 2,Ganzhou Conch Cement Co Ltd [100.0%],integrated,4.05,operating,GCCT,GCCT,Cement and Concrete,n/a
cement,P100000123104,Guangxi Lingyun Tonghong Cement Co Ltd Cement Plant,广西凌云通鸿水泥有限公司 (Chinese),Guangxi Lingyun Tonghong Cement Co Ltd [100.0%],China;,Guangxi,operating,2009,1.2,1.2,1.2,1.1,dry,24.206132,106.602861,24.206132,106.602861,https://www.gem.wiki/Guangxi_Lingyun_Tonghong_Cement_Co_Ltd_Cement_Plant,no,"Guangxi, China",1.2,1.2,no,unknown,no,,广西凌云通鸿水泥有限公司 (Chinese) [100%],exact,Guangxi Lingyun Tonghong Cement Co Ltd Cement Plant,Guangxi Lingyun Tonghong Cement Co Ltd [100.0%],integrated,1.2,operating,GCCT,GCCT,Cement and Concrete,n/a
cement,P100000123105,Guangyuan Conch Cement Co Ltd Cement Plant,广元海螺水泥有限责任公司 (Chinese),Guangyuan Conch Cement Co Ltd [100.0%],China;,Sichuan,operating,2010,4.4,4.4,4.4,3.29,dry,32.615007,105.861036,32.615007,105.861036,https://www.gem.wiki/Guangyuan_Conch_Cement_Co_Ltd_Cement_Plant,no,"Sichuan, China",4.4,4.4,no,opc,no,grey,广元海螺水泥有限责任公司 (Chinese) [100%],exact,Guangyuan Conch Cement Co Ltd Cement Plant,Guangyuan Conch Cement Co Ltd [100.0%],integrated,4.4,operating,GCCT,GCCT,Cement and Concrete,n/a
cement,P100000123106,Guizhou No 6 Mine Ruian Cement Co Ltd Cement Plant,贵州六矿瑞安水泥有限公司 (Chinese),Guizhou No 6 Mine Ruian Cement Co Ltd [100.0%],China;,Guizhou,operating,2014,3.2,3.2,3.2,2.56,dry,26.169977,105.664166,26.169977,105.664166,https://www.gem.wiki/Guizhou_No_6_Mine_Ruian_Cement_Co_Ltd_Cement_Plant,no,"Guizhou, China",3.2,3.2,no,unknown,no,,贵州六矿瑞安水泥有限公司 (Chinese) [100%],exact,Guizhou No 6 Mine Ruian Cement Co Ltd Cement Plant,Guizhou No 6 Mine Ruian Cement Co Ltd [100.0%],integrated,3.2,operating,GCCT,GCCT,Cement and Concrete,n/a
cement,P100000123107,Hami Hongyi Construction Material Co Ltd Cement Plant,哈密弘毅建材有限责任公司 (Chinese),Hami Hongyi Construction Material Co Ltd [100.0%],China;,Xinjiang,operating,2011,0.875,0.875,0.875,0.91,dry,42.541113,94.235486,42.541113,94.235486,https://www.gem.wiki/Hami_Hongyi_Construction_Material_Co_Ltd_Cement_Plant,no,"Xinjiang, China",0.875,0.875,no,unknown,no,,哈密弘毅建材有限责任公司 (Chinese) [100%],exact,Hami Hongyi Construction Material Co Ltd Cement Plant,Hami Hongyi Construction Material Co Ltd [100.0%],integrated,0.875,operating,GCCT,GCCT,Cement and Concrete,n/a
cement,P100000123108,Hunan Yiyang Conch Cement Co Ltd Cement Plant,湖南益阳海螺水泥有限责任公司 (Chinese),Hunan Yiyang Conch Cement Co Ltd [100.0%],China;,Hunan,operating,2014,2.2,2.2,2.2,1.8,dry,28.216826,111.660772,28.216826,111.660772,https://www.gem.wiki/Hunan_Yiyang_Conch_Cement_Co_Ltd_Cement_Plant,no,"Hunan, China",2.2,2.2,no,opc,no,grey,湖南益阳海螺水泥有限责任公司 (Chinese) [100%],exact,Hunan Yiyang Conch Cement Co Ltd Cement Plant,Hunan Yiyang Conch Cement Co Ltd [100.0%],integrated,2.2,operating,GCCT,GCCT,Cement and Concrete,n/a
cement,P100000123109,Hunan Yunfeng Cement Co Ltd Cement Plant,湖南省云峰水泥有限公司 (Chinese),Hunan Yunfeng Cement Co Ltd [100.0%],China;,Hunan,operating,2007,3.2,3.2,3.2,2.8,dry,26.68809,110.672331,26.68809,110.672331,https://www.gem.wiki/Hunan_Yunfeng_Cement_Co_Ltd_Cement_Plant,no,"Hunan, China",3.2,3.2,no,unknown,no,,湖南省云峰水泥有限公司 (Chinese) [100%],exact,Hunan Yunfeng Cement Co Ltd Cement Plant,Hunan Yunfeng Cement Co Ltd [100.0%],integrated,3.2,operating,GCCT,GCCT,Cement and Concrete,n/a
cement,P100000123110,Jianghua Conch Cement Co Ltd Cement Plant,江华海螺水泥有限责任公司 (Chinese),Jianghua Conch Cement Co Ltd [100.0%],China;,Hunan,operating,2012,2.2,2.2,2.2,1.64,dry,25.171664,111.540559,25.171664,111.540559,https://www.gem.wiki/Jianghua_Conch_Cement_Co_Ltd_Cement_Plant,no,"Hunan, China",2.2,2.2,no,opc,no,grey,江华海螺水泥有限责任公司 (Chinese) [100%],exact,Jianghua Conch Cement Co Ltd Cement Plant,Jianghua Conch Cement Co Ltd [100.0%],integrated,2.2,operating,GCCT,GCCT,Cement and Concrete,n/a
cement,P100000123111,Kunming Conch Cement Co Ltd Cement Plant,昆明海螺水泥有限公司 (Chinese),Kunming Conch Cement Co Ltd [100.0%],China;,Yunnan,operating,,1.1,1.1,1.1,0.91,dry,24.862777,103.388419,24.862777,103.388419,https://www.gem.wiki/Kunming_Conch_Cement_Co_Ltd_Cement_Plant,no,"Yunnan, China",1.1,1.1,no,opc,no,grey,昆明海螺水泥有限公司 (Chinese) [100%],exact,Kunming Conch Cement Co Ltd Cement Plant,Kunming Conch Cement Co Ltd [100.0%],integrated,1.1,operating,GCCT,GCCT,Cement and Concrete,n/a
cement,P100000123112,Liangping Conch Cement Co Ltd Cement Plant,梁平海螺水泥有限责任公司 (Chinese),Liangping Conch Cement Co Ltd [100.0%],China;,Chongqing,operating,2013,2.2,2.2,2.2,1.75,dry,30.506997,107.454266,30.506997,107.454266,https://www.gem.wiki/Liangping_Conch_Cement_Co_Ltd_Cement_Plant,no,"Chongqing, China",2.2,2.2,no,unknown,no,,梁平海螺水泥有限责任公司 (Chinese) [100%],exact,Liangping Conch Cement Co Ltd Cement Plant,Liangping Conch Cement Co Ltd [100.0%],integrated,2.2,operating,GCCT,GCCT,Cement and Concrete,n/a
cement,P100000123113,Lianyuan Conch Cement Co Ltd Cement Plant,涟源海螺水泥有限公司 (Chinese),Lianyuan Conch Cement Co Ltd [100.0%],China;,Hunan,operating,2011,2.2,2.2,2.2,1.8,dry,27.673947,111.866676,27.673947,111.866676,https://www.gem.wiki/Lianyuan_Conch_Cement_Co_Ltd_Cement_Plant,no,"Hunan, China",2.2,2.2,no,opc,no,grey,涟源海螺水泥有限公司 (Chinese) [100%],exact,Lianyuan Conch Cement Co Ltd Cement Plant,Lianyuan Conch Cement Co Ltd [100.0%],integrated,2.2,operating,GCCT,GCCT,Cement and Concrete,n/a
cement,P100000123114,Linxia Conch Cement Co Ltd Cement Plant,临夏海螺水泥有限责任公司 (Chinese),Linxia Conch Cement Co Ltd [100.0%],China;,Gansu,operating,2014,2.2,2.2,2.2,1.64,dry,35.303862,103.269643,35.303862,103.269643,https://www.gem.wiki/Linxia_Conch_Cement_Co_Ltd_Cement_Plant,no,"Gansu, China",2.2,2.2,no,opc,no,grey,临夏海螺水泥有限责任公司 (Chinese) [100%],exact,Linxia Conch Cement Co Ltd Cement Plant,Linxia Conch Cement Co Ltd [100.0%],integrated,2.2,operating,GCCT,GCCT,Cement and Concrete,n/a
cement,P100000123115,Liquan Conch Cement Co Ltd Cement Plant,礼泉海螺水泥有限责任公司 (Chinese),Liquan Conch Cement Co Ltd [100.0%],China;,Shaanxi,operating,2011,4.4,4.4,4.4,3.65,dry,34.620156,108.558124,34.620156,108.558124,https://www.gem.wiki/Liquan_Conch_Cement_Co_Ltd_Cement_Plant,no,"Shaanxi, China",4.4,4.4,no,unknown,no,,礼泉海螺水泥有限责任公司 (Chinese) [100%],exact,Liquan Conch Cement Co Ltd Cement Plant,Liquan Conch Cement Co Ltd [100.0%],integrated,4.4,operating,GCCT,GCCT,Cement and Concrete,n/a
cement,P100000123116,Longan Conch Cement Co Ltd Cement Plant,隆安海螺水泥有限责任公司 (Chinese),Longan Conch Cement Co Ltd [100.0%],China;,Guangxi,operating,2011,2,2,2,1.8,dry,23.126318,107.657118,23.126318,107.657118,https://www.gem.wiki/Longan_Conch_Cement_Co_Ltd_Cement_Plant,no,"Guangxi, China",2,2,no,opc,no,grey,隆安海螺水泥有限责任公司 (Chinese) [100%],exact,Longan Conch Cement Co Ltd Cement Plant,Longan Conch Cement Co Ltd [100.0%],integrated,2.0,operating,GCCT,GCCT,Cement and Concrete,n/a
cement,P100000123117,Longling Conch Cement Co Ltd Cement Plant,龙陵海螺水泥有限公司 (Chinese),Longling Conch Cement Co Ltd [100.0%],China;,Yunnan,operating,2012,1.1,1.1,1.1,0.91,dry,24.628418,98.763266,24.628418,98.763266,https://www.gem.wiki/Longling_Conch_Cement_Co_Ltd_Cement_Plant,no,"Yunnan, China",1.1,1.1,no,opc,no,grey,龙陵海螺水泥有限公司 (Chinese) [100%],exact,Longling Conch Cement Co Ltd Cement Plant,Longling Conch Cement Co Ltd [100.0%],integrated,1.1,operating,GCCT,GCCT,Cement and Concrete,n/a
cement,P100000123118,Qianxian Conch Cement Co Ltd Cement Plant,乾县海螺水泥有限公司 (Chinese),Qianxian Conch Cement Co Ltd [100.0%],China;,Shaanxi,operating,2013,2.2,2.2,2.2,1.83,dry,34.655986,108.217538,34.655986,108.217538,https://www.gem.wiki/Qianxian_Conch_Cement_Co_Ltd_Cement_Plant,no,"Shaanxi, China",2.2,2.2,no,opc,no,grey,乾县海螺水泥有限公司 (Chinese) [100%],exact,Qianxian Conch Cement Co Ltd Cement Plant,Qianxian Conch Cement Co Ltd [100.0%],integrated,2.2,operating,GCCT,GCCT,Cement and Concrete,n/a
cement,P100000123119,Shaanxi Tongchuan Phoenix Building Material Co Ltd Cement Plant,陕西铜川凤凰建材有限公司 (Chinese),Shaanxi Tongchuan Phoenix Building Materials Co Ltd [100.0%],China;,Shaanxi,operating,2012,2,2,2,1.83,dry,35.010213,108.975283,35.010213,108.975283,https://www.gem.wiki/Shaanxi_Tongchuan_Phoenix_Building_Material_Co_Ltd_Cement_Plant,no,"Shaanxi, China",2,2,no,unknown,no,,陕西铜川凤凰建材有限公司 (Chinese) [100%],exact,Shaanxi Tongchuan Phoenix Building Material Co Ltd Cement Plant,Shaanxi Tongchuan Phoenix Building Materials Co Ltd [100.0%],integrated,2.0,operating,GCCT,GCCT,Cement and Concrete,n/a
cement,P100000123120,Shaoyang Yunfeng New Energy Technology Co Ltd Cement Plant,邵阳市云峰新能源科技有限公司 (Chinese),Shaoyang Yunfeng New Energy Technology Co Ltd [100.0%],China;,Hunan,operating,2014,2.2,2.2,2.2,1.64,dry,27.172797,111.408151,27.172797,111.408151,https://www.gem.wiki/Shaoyang_Yunfeng_New_Energy_Technology_Co_Ltd_Cement_Plant,no,"Hunan, China",2.2,2.2,no,opc,no,grey,邵阳市云峰新能源科技有限公司 (Chinese) [100%],exact,Shaoyang Yunfeng New Energy Technology Co Ltd Cement Plant,Shaoyang Yunfeng New Energy Technology Co Ltd [100.0%],integrated,2.2,operating,GCCT,GCCT,Cement and Concrete,n/a
cement,P100000123121,Shuicheng Conch Cement Co Ltd Cement Plant,水城海螺盘江水泥有限责任公司 (Chinese),Shuicheng Conch Panjiang Cement [100.0%],China;,Guizhou,operating,2014,2.2,2.2,2.2,2.63,dry,26.546973,105.013761,26.546973,105.013761,https://www.gem.wiki/Shuicheng_Conch_Cement_Co_Ltd_Cement_Plant,no,"Guizhou, China",2.2,2.2,no,opc,no,grey,水城海螺盘江水泥有限责任公司 (Chinese) [100%],exact,Shuicheng Conch Cement Co Ltd Cement Plant,Shuicheng Conch Panjiang Cement [100.0%],integrated,2.2,operating,GCCT,GCCT,Cement and Concrete,n/a
cement,P100000123122,Sichuan Nanwei Cement Co Ltd Cement Plant,四川南威水泥有限公司 (Chinese),Sichuan Nanwei Cement Co Ltd [100.0%],China;,Sichuan,retired,2009,1.1,1.1,1.1,0.91,dry,32.308958,106.818799,32.308958,106.818799,https://www.gem.wiki/Sichuan_Nanwei_Cement_Co_Ltd_Cement_Plant,no,"Sichuan, China",1.1,1.1,no,unknown,no,,四川南威水泥有限公司 (Chinese) [100%],exact,Sichuan Nanwei Cement Co Ltd Cement Plant,Sichuan Nanwei Cement Co Ltd [100.0%],integrated,1.1,retired-plus,GCCT,GCCT,Cement and Concrete,n/a
cement,P100000123123,Suzhou Conch Cement Co Ltd Cement Plant,宿州海螺水泥有限责任公司 (Chinese),Suzhou Conch Cement Co Ltd [100.0%],China;,Anhui,operating,2012,4.4,4.4,4.4,3.65,dry,33.97101,117.112737,33.97101,117.112737,https://www.gem.wiki/Suzhou_Conch_Cement_Co_Ltd_Cement_Plant,no,"Anhui, China",4.4,4.4,no,opc,no,grey,宿州海螺水泥有限责任公司 (Chinese) [100%],exact,Suzhou Conch Cement Co Ltd Cement Plant,Suzhou Conch Cement Co Ltd [100.0%],integrated,4.4,operating,GCCT,GCCT,Cement and Concrete,n/a
cement,P100000123124,Guizhou Kotlin Cement Co. Cement Plant,贵州科特林水泥有限公司 (Chinese),Guizhou Kotlin Cement Co [100.0%],China;,Guizhou,operating,2008,1.5,1.5,1.5,0.91,dry,27.472125,109.122586,27.472125,109.122586,https://www.gem.wiki/Guizhou_Kotlin_Cement_Co._Cement_Plant,no,"Guizhou, China",1.5,1.5,no,opc,no,grey,贵州科特林水泥有限公司 (Chinese) [100%],exact,Guizhou Kotlin Cement Co. Cement Plant,Guizhou Kotlin Cement Co [100.0%],integrated,1.5,operating,GCCT,GCCT,Cement and Concrete,n/a
cement,P100000123125,Wenshan Conch Cement Co Ltd Cement Plant,文山海螺水泥有限责任公司 (Chinese),Wenshan Conch Cement Co Ltd [100.0%],China;,Yunnan,operating,2014,4,4,4,3.29,dry,23.765311,103.667616,23.765311,103.667616,https://www.gem.wiki/Wenshan_Conch_Cement_Co_Ltd_Cement_Plant,no,"Yunnan, China",4,4,no,opc,no,grey,文山海螺水泥有限责任公司 (Chinese) [100%],exact,Wenshan Conch Cement Co Ltd Cement Plant,Wenshan Conch Cement Co Ltd [100.0%],integrated,4.0,operating,GCCT,GCCT,Cement and Concrete,n/a
cement,P100000123126,Yingjiang County Yunhan Cement Co Ltd Cement Plant,盈江县允罕水泥有限责任公司 (Chinese),Yingjiang County Yunhan Cement Co Ltd [100.0%],China;,Yunnan,operating,2016,1.44,1.44,1.44,1.46,dry,24.522016,97.796247,24.522016,97.796247,https://www.gem.wiki/Yingjiang_County_Yunhan_Cement_Co_Ltd_Cement_Plant,no,"Yunnan, China",1.44,1.44,no,unknown,no,,盈江县允罕水泥有限责任公司 (Chinese) [100%],exact,Yingjiang County Yunhan Cement Co Ltd Cement Plant,Yingjiang County Yunhan Cement Co Ltd [100.0%],integrated,1.44,operating,GCCT,GCCT,Cement and Concrete,n/a
cement,P100000123127,Yunnan Zhuangxiang Cement Co Ltd Cement Plant,云南壮乡水泥股份有限公司 (Chinese),Yunnan Zhuangxiang Cement [100.0%],China;,Yunnan,operating,2010,1,1,1,0.73,dry,23.743694,105.403465,23.743694,105.403465,https://www.gem.wiki/Yunnan_Zhuangxiang_Cement_Co_Ltd_Cement_Plant,no,"Yunnan, China",1,1,no,opc,no,grey,云南壮乡水泥股份有限公司 (Chinese) [100%],exact,Yunnan Zhuangxiang Cement Co Ltd Cement Plant,Yunnan Zhuangxiang Cement [100.0%],integrated,1.0,operating,GCCT,GCCT,Cement and Concrete,n/a
cement,P100000123128,Zunyi Conch Panjiang Cement Co Ltd Cement Plant,遵义海螺盘江水泥有限责任公司 (Chinese),Zunyi Conch Panjiang Cement Co Ltd [100.0%],China;,Guizhou,operating,2012,4.4,4.4,4.4,3.6,dry,27.759302,106.956594,27.759302,106.956594,https://www.gem.wiki/Zunyi_Conch_Panjiang_Cement_Co_Ltd_Cement_Plant,no,"Guizhou, China",4.4,4.4,no,opc,no,grey,遵义海螺盘江水泥有限责任公司 (Chinese) [100%],exact,Zunyi Conch Panjiang Cement Co Ltd Cement Plant,Zunyi Conch Panjiang Cement Co Ltd [100.0%],integrated,4.4,operating,GCCT,GCCT,Cement and Concrete,n/a
cement,P100000123129,Nanchang Conch Cement Co Ltd Cement Plant,南昌海螺水泥有限责任公司 (Chinese),Nanchang Conch Cement Co Ltd [100.0%],China;,Jiangxi,operating,2003,1.5,1.5,1.5,n/a,n/a,28.492576,115.951121,28.492576,115.951121,https://www.gem.wiki/Nanchang_Conch_Cement_Co_Ltd_Cement_Plant,n/a,"Jiangxi, China",1.5,1.5,n/a,unknown,n/a,,南昌海螺水泥有限责任公司 (Chinese) [100%],exact,Nanchang Conch Cement Co Ltd Cement Plant,Nanchang Conch Cement Co Ltd [100.0%],grinding,1.5,operating,GCCT,GCCT,Cement and Concrete,n/a
cement,P100000123130,Shanghai Conch Mingzhu Cement Co Ltd Cement Plant,上海海螺明珠水泥有限责任公司 (Chinese),Shanghai Conch Mingzhu Cement Co Ltd [100.0%],China;,Shanghai,operating,1995,0.9,0.9,0.9,n/a,n/a,31.355912,121.517068,31.355912,121.517068,https://www.gem.wiki/Shanghai_Conch_Mingzhu_Cement_Co_Ltd_Cement_Plant,n/a,"Shanghai, China",0.9,0.9,n/a,opc,n/a,grey,上海海螺明珠水泥有限责任公司 (Chinese) [100%],exact,Shanghai Conch Mingzhu Cement Co Ltd Cement Plant,Shanghai Conch Mingzhu Cement Co Ltd [100.0%],grinding,0.9,operating,GCCT,GCCT,Cement and Concrete,n/a
cement,P100000123131,Bengbu Conch Cement Co Ltd Cement Plant,蚌埠海螺水泥有限责任公司 (Chinese),Bengbu Conch Cement Co Ltd [100.0%],China;,Anhui,operating,2002,2.4,2.4,2.4,n/a,n/a,32.923638,117.439757,32.923638,117.439757,https://www.gem.wiki/Bengbu_Conch_Cement_Co_Ltd_Cement_Plant,n/a,"Anhui, China",2.4,2.4,n/a,opc,n/a,grey,蚌埠海螺水泥有限责任公司 (Chinese) [100%],exact,Bengbu Conch Cement Co Ltd Cement Plant,Bengbu Conch Cement Co Ltd [100.0%],grinding,2.4,operating,GCCT,GCCT,Cement and Concrete,n/a
cement,P100000123132,Shanghai Conch Cement Co Ltd Cement Plant,上海海螺水泥有限责任公司 (Chinese),Shanghai Conch Cement Co Ltd [100.0%],China;,Shanghai,retired,1972,1.5,1.5,1.5,n/a,n/a,31.00661,121.442527,31.00661,121.442527,https://www.gem.wiki/Shanghai_Conch_Cement_Co_Ltd_Cement_Plant,n/a,"Shanghai, China",1.5,1.5,n/a,opc,n/a,grey,上海海螺水泥有限责任公司 (Chinese) [100%],exact,Shanghai Conch Cement Co Ltd Cement Plant,Shanghai Conch Cement Co Ltd [100.0%],grinding,1.5,retired-plus,GCCT,GCCT,Cement and Concrete,n/a
cement,P100000123133,Zhangjiagang Conch Cement Co Ltd Cement Plant,张家港海螺水泥有限公司 (Chinese),Zhangjiagang Conch Cement Co Ltd [100.0%],China;,Jiangsu,operating,1998,3.2,3.2,3.2,n/a,n/a,31.993157,120.576024,31.993157,120.576024,https://www.gem.wiki/Zhangjiagang_Conch_Cement_Co_Ltd_Cement_Plant,n/a,"Jiangsu, China",3.2,3.2,n/a,opc,n/a,grey,张家港海螺水泥有限公司 (Chinese) [100%],exact,Zhangjiagang Conch Cement Co Ltd Cement Plant,Zhangjiagang Conch Cement Co Ltd [100.0%],grinding,3.2,operating,GCCT,GCCT,Cement and Concrete,n/a
cement,P100000123134,Shangyu Conch Cement Co Ltd Cement Plant,绍兴上虞海螺水泥有限责任公司 (Chinese),Shaoxing Shangyu Conch Cement Co Ltd [100.0%],China;,Zhejiang,operating,2003,1,1,1,n/a,n/a,30.010728,120.804755,30.010728,120.804755,https://www.gem.wiki/Shangyu_Conch_Cement_Co_Ltd_Cement_Plant,n/a,"Zhejiang, China",1,1,n/a,opc,n/a,grey,绍兴上虞海螺水泥有限责任公司 (Chinese) [100%],exact,Shangyu Conch Cement Co Ltd Cement Plant,Shaoxing Shangyu Conch Cement Co Ltd [100.0%],grinding,1.0,operating,GCCT,GCCT,Cement and Concrete,n/a
cement,P100000123135,Huaian Chuzhou Conch Cement Co Ltd Cement Plant,淮安楚州海螺水泥有限责任公司 (Chinese),Huaian Chuzhou Conch Cement Co Ltd [100.0%],China;,Jiangsu,operating,2008,4,4,4,n/a,n/a,33.417669,119.042408,33.417669,119.042408,https://www.gem.wiki/Huaian_Chuzhou_Conch_Cement_Co_Ltd_Cement_Plant,n/a,"Jiangsu, China",4,4,n/a,opc,n/a,grey,淮安楚州海螺水泥有限责任公司 (Chinese) [100%],exact,Huaian Chuzhou Conch Cement Co Ltd Cement Plant,Huaian Chuzhou Conch Cement Co Ltd [100.0%],grinding,4.0,operating,GCCT,GCCT,Cement and Concrete,n/a
cement,P100000123136,Huainan Conch Cement Co Ltd Cement Plant,淮南海螺水泥有限责任公司 (Chinese),Huainan Conch Cement Co Ltd [100.0%],China;,Anhui,operating,2009,4.4,4.4,4.4,n/a,n/a,32.695577,116.748146,32.695577,116.748146,https://www.gem.wiki/Huainan_Conch_Cement_Co_Ltd_Cement_Plant,n/a,"Anhui, China",4.4,4.4,n/a,opc,n/a,grey,淮南海螺水泥有限责任公司 (Chinese) [100%],exact,Huainan Conch Cement Co Ltd Cement Plant,Huainan Conch Cement Co Ltd [100.0%],grinding,4.4,operating,GCCT,GCCT,Cement and Concrete,n/a
cement,P100000123137,Lu'an Conch Cement Co Ltd Cement Plant,六安海螺水泥有限责任公司 (Chinese),Lu'an Conch Cement Co Ltd [100.0%],China;,Anhui,operating,2009,3.3,3.3,3.3,n/a,n/a,31.748599,116.331386,31.748599,116.331386,https://www.gem.wiki/Lu'an_Conch_Cement_Co_Ltd_Cement_Plant,n/a,"Anhui, China",3.3,3.3,n/a,opc,n/a,grey,六安海螺水泥有限责任公司 (Chinese) [100%],exact,Lu'an Conch Cement Co Ltd Cement Plant,Lu'an Conch Cement Co Ltd [100.0%],grinding,3.3,operating,GCCT,GCCT,Cement and Concrete,n/a
cement,P100000123138,Foshan Conch Cement Co Ltd Cement Plant,佛山海螺水泥有限责任公司 (Chinese),Foshan Conch Cement Co Ltd [100.0%],China;,Guangdong,operating,2010,2,2,2,n/a,n/a,22.979917,112.850388,22.979917,112.850388,https://www.gem.wiki/Foshan_Conch_Cement_Co_Ltd_Cement_Plant,n/a,"Guangdong, China",2,2,n/a,opc,n/a,grey,佛山海螺水泥有限责任公司 (Chinese) [100%],exact,Foshan Conch Cement Co Ltd Cement Plant,Foshan Conch Cement Co Ltd [100.0%],grinding,2.0,operating,GCCT,GCCT,Cement and Concrete,n/a
cement,P100000123139,Huangshan Conch Cement Co Ltd Cement Plant,黄山海螺水泥有限责任公司 (Chinese),Huangshan Conch Cement Co Ltd [100.0%],China;,Anhui,operating,2018,2.2,2.2,2.2,n/a,n/a,29.907604,118.473234,29.907604,118.473234,https://www.gem.wiki/Huangshan_Conch_Cement_Co_Ltd_Cement_Plant,n/a,"Anhui, China",2.2,2.2,n/a,opc,n/a,grey,黄山海螺水泥有限责任公司 (Chinese) [100%],exact,Huangshan Conch Cement Co Ltd Cement Plant,Huangshan Conch Cement Co Ltd [100.0%],grinding,2.2,operating,GCCT,GCCT,Cement and Concrete,n/a
cement,P100000123140,Taizhou Conch Cement Co Ltd Cement Plant,台州海螺水泥有限公司 (Chinese),Taizhou Conch Cement Co Ltd [100.0%],China;,Zhejiang,operating,2007,2.5,2.5,2.5,n/a,n/a,28.696463,121.468054,28.696463,121.468054,https://www.gem.wiki/Taizhou_Conch_Cement_Co_Ltd_Cement_Plant,n/a,"Zhejiang, China",2.5,2.5,n/a,opc,n/a,grey,台州海螺水泥有限公司 (Chinese) [100%],exact,Taizhou Conch Cement Co Ltd Cement Plant,Taizhou Conch Cement Co Ltd [100.0%],grinding,2.5,operating,GCCT,GCCT,Cement and Concrete,n/a
cement,P100000123141,Haimen Conch Cement Co Ltd Cement Plant,南通海门海螺水泥有限责任公司 (Chinese),Haimen Conch Cement Co Ltd [100.0%],China;,Jiangsu,operating,2004,3.2,3.2,3.2,n/a,n/a,31.78915,121.102005,31.78915,121.102005,https://www.gem.wiki/Haimen_Conch_Cement_Co_Ltd_Cement_Plant,n/a,"Jiangsu, China",3.2,3.2,n/a,opc,n/a,grey,南通海门海螺水泥有限责任公司 (Chinese) [100%],exact,Haimen Conch Cement Co Ltd Cement Plant,Haimen Conch Cement Co Ltd [100.0%],grinding,3.2,operating,GCCT,GCCT,Cement and Concrete,n/a
cement,P100000123142,Taicang Conch Cement Co Ltd Cement Plant,太仓海螺水泥有限责任公司 (Chinese),Taicang Conch Cement Co Ltd [100.0%],China;,Jiangsu,operating,2004,1.85,1.85,1.85,n/a,n/a,31.479261,121.213155,31.479261,121.213155,https://www.gem.wiki/Taicang_Conch_Cement_Co_Ltd_Cement_Plant,n/a,"Jiangsu, China",1.85,1.85,n/a,opc,n/a,grey,太仓海螺水泥有限责任公司 (Chinese) [100%],exact,Taicang Conch Cement Co Ltd Cement Plant,Taicang Conch Cement Co Ltd [100.0%],grinding,1.85,operating,GCCT,GCCT,Cement and Concrete,n/a
cement,P100000123143,Fujian Jianyang Conch Cement Co Ltd Cement Plant,福建省建阳海螺水泥有限责任公司 (Chinese),Fujian Jianyang Conch Cement Co Ltd [100.0%],China;,Fujian,operating,2005,0.6,0.6,0.6,n/a,n/a,27.361589,118.109661,27.361589,118.109661,https://www.gem.wiki/Fujian_Jianyang_Conch_Cement_Co_Ltd_Cement_Plant,n/a,"Fujian, China",0.6,0.6,n/a,opc,n/a,grey,福建省建阳海螺水泥有限责任公司 (Chinese) [100%],exact,Fujian Jianyang Conch Cement Co Ltd Cement Plant,Fujian Jianyang Conch Cement Co Ltd [100.0%],grinding,0.6,operating,GCCT,GCCT,Cement and Concrete,n/a
cement,P100000123144,Maanshan Conch Cement Co Ltd Cement Plant,马鞍山海螺水泥有限责任公司 (Chinese),Maanshan Conch Cement Co Ltd [100.0%],China;,Anhui,operating,2005,4.3,4.3,4.3,n/a,n/a,31.76786,118.491851,31.76786,118.491851,https://www.gem.wiki/Maanshan_Conch_Cement_Co_Ltd_Cement_Plant,n/a,"Anhui, China",4.3,4.3,n/a,opc,n/a,grey,马鞍山海螺水泥有限责任公司 (Chinese) [100%],exact,Maanshan Conch Cement Co Ltd Cement Plant,Maanshan Conch Cement Co Ltd [100.0%],grinding,4.3,operating,GCCT,GCCT,Cement and Concrete,n/a
cement,P100000123150,Ningbo Conch Cement Co Ltd Cement Plant,宁波海螺水泥有限公司 (Chinese),Ningbo Conch Cement Co Ltd [100.0%],China;,Zhejiang,operating,,3.2,3.2,3.2,n/a,n/a,29.931804,121.855355,29.931804,121.855355,https://www.gem.wiki/Ningbo_Conch_Cement_Co_Ltd_Cement_Plant,n/a,"Zhejiang, China",3.2,3.2,n/a,opc,n/a,grey,宁波海螺水泥有限公司 (Chinese) [100%],exact,Ningbo Conch Cement Co Ltd Cement Plant,Ningbo Conch Cement Co Ltd [100.0%],grinding,3.2,operating,GCCT,GCCT,Cement and Concrete,n/a
cement,P100000123151,Ninghai Qiangjiao Conch Cement Co Ltd Cement Plant,宁海强蛟海螺水泥有限公司 (Chinese),Ninghai Qiangjiao Conch Cement Co Ltd [100.0%],China;,Zhejiang,operating,2007,4.4,4.4,4.4,n/a,n/a,29.48981,121.504058,29.48981,121.504058,https://www.gem.wiki/Ninghai_Qiangjiao_Conch_Cement_Co_Ltd_Cement_Plant,n/a,"Zhejiang, China",4.4,4.4,n/a,opc,n/a,grey,宁海强蛟海螺水泥有限公司 (Chinese) [100%],exact,Ninghai Qiangjiao Conch Cement Co Ltd Cement Plant,Ninghai Qiangjiao Conch Cement Co Ltd [100.0%],grinding,4.4,operating,GCCT,GCCT,Cement and Concrete,n/a
cement,P100000123152,Anhui Chang Feng Conch Cement Co Ltd Cement Plant,安徽长丰海螺水泥有限公司 (Chinese),Anhui Chang Feng Conch Cement Co Ltd [100.0%],China;,Anhui,operating,2019,1.65,1.65,1.65,n/a,n/a,32.004975,117.248183,32.004975,117.248183,https://www.gem.wiki/Anhui_Chang_Feng_Conch_Cement_Co_Ltd_Cement_Plant,n/a,"Anhui, China",1.65,1.65,n/a,opc,n/a,grey,安徽长丰海螺水泥有限公司 (Chinese) [100%],exact,Anhui Chang Feng Conch Cement Co Ltd Cement Plant,Anhui Chang Feng Conch Cement Co Ltd [100.0%],grinding,1.65,operating,GCCT,GCCT,Cement and Concrete,n/a
cement,P100000123153,Zhanjiang Conch Cement Co Ltd Cement Plant,湛江海螺水泥有限责任公司 (Chinese),Zhanjiang Conch Cement Co Ltd [100.0%],China;,Guangdong,operating,2007,3.2,3.2,3.2,n/a,n/a,21.331892,110.303199,21.331892,110.303199,https://www.gem.wiki/Zhanjiang_Conch_Cement_Co_Ltd_Cement_Plant,n/a,"Guangdong, China",3.2,3.2,n/a,opc,n/a,grey,湛江海螺水泥有限责任公司 (Chinese) [100%],exact,Zhanjiang Conch Cement Co Ltd Cement Plant,Zhanjiang Conch Cement Co Ltd [100.0%],grinding,3.2,operating,GCCT,GCCT,Cement and Concrete,n/a
cement,P100000123154,Taizhou Yangwan Conch Cement Co Ltd Cement Plant,泰州杨湾海螺水泥有限责任公司 (Chinese),Taizhou Yangwan Conch Cement Co Ltd [100.0%],China;,Jiangsu,operating,2003,6,6,6,n/a,n/a,32.31313,119.834704,32.31313,119.834704,https://www.gem.wiki/Taizhou_Yangwan_Conch_Cement_Co_Ltd_Cement_Plant,n/a,"Jiangsu, China",6,6,n/a,opc,n/a,grey,泰州杨湾海螺水泥有限责任公司 (Chinese) [100%],exact,Taizhou Yangwan Conch Cement Co Ltd Cement Plant,Taizhou Yangwan Conch Cement Co Ltd [100.0%],grinding,6.0,operating,GCCT,GCCT,Cement and Concrete,n/a
cement,P100000123155,Jiangmen Conch Cement Co Ltd Cement Plant,江门海螺水泥有限公司 (Chinese),Jiangmen Conch Cement Co Ltd [100.0%],China;,Guangdong,operating,2005,3.3,3.3,3.3,n/a,n/a,22.215127,113.099766,22.215127,113.099766,https://www.gem.wiki/Jiangmen_Conch_Cement_Co_Ltd_Cement_Plant,n/a,"Guangdong, China",3.3,3.3,n/a,opc,n/a,grey,江门海螺水泥有限公司 (Chinese) [100%],exact,Jiangmen Conch Cement Co Ltd Cement Plant,Jiangmen Conch Cement Co Ltd [100.0%],grinding,3.3,operating,GCCT,GCCT,Cement and Concrete,n/a
cement,P100000123156,Jiangxi Ganjiang Conch Cement Co Ltd Cement Plant,江西赣江海螺水泥有限责任公司 (Chinese),Jiangxi Ganjiang Conch Cement Co Ltd [100.0%],China;,Jiangxi,operating,2010,4,4,4,n/a,n/a,28.833796,115.958428,28.833796,115.958428,https://www.gem.wiki/Jiangxi_Ganjiang_Conch_Cement_Co_Ltd_Cement_Plant,n/a,"Jiangxi, China",4,4,n/a,opc,n/a,grey,江西赣江海螺水泥有限责任公司 (Chinese) [100%],exact,Jiangxi Ganjiang Conch Cement Co Ltd Cement Plant,Jiangxi Ganjiang Conch Cement Co Ltd [100.0%],grinding,4.0,operating,GCCT,GCCT,Cement and Concrete,n/a
cement,P100000123157,Jiangsu Baling Conch Cement Co Ltd Cement Plant,江苏八菱海螺水泥有限公司 (Chinese),Jiangsu Baling Conch Cement Co Ltd [100.0%],China;,Jiangsu,operating,2007,3,3,3,n/a,n/a,33.415332,120.168946,33.415332,120.168946,https://www.gem.wiki/Jiangsu_Baling_Conch_Cement_Co_Ltd_Cement_Plant,n/a,"Jiangsu, China",3,3,n/a,opc,n/a,grey,江苏八菱海螺水泥有限公司 (Chinese) [100%],exact,Jiangsu Baling Conch Cement Co Ltd Cement Plant,Jiangsu Baling Conch Cement Co Ltd [100.0%],grinding,3.0,operating,GCCT,GCCT,Cement and Concrete,n/a
cement,P100000123158,Huaian Conch Cement Co Ltd Cement Plant,淮安海螺水泥有限责任公司 (Chinese),Huaian Conch Cement Co Ltd [100.0%],China;,Jiangsu,operating,2004,1.65,1.65,1.65,n/a,n/a,33.596743,118.966544,33.596743,118.966544,https://www.gem.wiki/Huaian_Conch_Cement_Co_Ltd_Cement_Plant,n/a,"Jiangsu, China",1.65,1.65,n/a,opc,n/a,grey,淮安海螺水泥有限责任公司 (Chinese) [100%],exact,Huaian Conch Cement Co Ltd Cement Plant,Huaian Conch Cement Co Ltd [100.0%],grinding,1.65,operating,GCCT,GCCT,Cement and Concrete,n/a
cement,P100000123159,Xiangshan Conch Cement Co Ltd Cement Plant,象山海螺水泥有限责任公司 (Chinese),Xiangshan Conch Cement Co Ltd [100.0%],China;,Zhejiang,operating,,4.4,4.4,4.4,n/a,n/a,29.50057,121.652595,29.50057,121.652595,https://www.gem.wiki/Xiangshan_Conch_Cement_Co_Ltd_Cement_Plant,n/a,"Zhejiang, China",4.4,4.4,n/a,opc,n/a,grey,象山海螺水泥有限责任公司 (Chinese) [100%],exact,Xiangshan Conch Cement Co Ltd Cement Plant,Xiangshan Conch Cement Co Ltd [100.0%],grinding,4.4,operating,GCCT,GCCT,Cement and Concrete,n/a
cement,P100000123160,Jiangxi Lushan Conch Cement Co Ltd Cement Plant,江西庐山海螺水泥有限公司 (Chinese),Jiangxi Lushan Conch Cement Co Ltd [100.0%],China;,Jiangxi,operating,2002,2.9,2.9,2.9,n/a,n/a,29.605146,116.124686,29.605146,116.124686,https://www.gem.wiki/Jiangxi_Lushan_Conch_Cement_Co_Ltd_Cement_Plant,n/a,"Jiangxi, China",2.9,2.9,n/a,opc,n/a,,江西庐山海螺水泥有限公司 (Chinese) [100%],exact,Jiangxi Lushan Conch Cement Co Ltd Cement Plant,Jiangxi Lushan Conch Cement Co Ltd [100.0%],grinding,2.9,operating,GCCT,GCCT,Cement and Concrete,n/a
cement,P100000123161,Jinxian Conch Cement Co Ltd Cement Plant,进贤海螺水泥有限责任公司 (Chinese),Jinxian Conch Cement Co Ltd [100.0%],China;,Jiangxi,operating,2014,1.86,1.86,1.86,n/a,n/a,28.301628,116.445885,28.301628,116.445885,https://www.gem.wiki/Jinxian_Conch_Cement_Co_Ltd_Cement_Plant,n/a,"Jiangxi, China",1.86,1.86,n/a,opc,n/a,grey,进贤海螺水泥有限责任公司 (Chinese) [100%],exact,Jinxian Conch Cement Co Ltd Cement Plant,Jinxian Conch Cement Co Ltd [100.0%],grinding,1.86,operating,GCCT,GCCT,Cement and Concrete,n/a
cement,P100000123162,Maoming Dadi Cement Co Ltd Cement Plant,茂名市大地水泥有限公司 (Chinese),Maoming Dadi Cement Co Ltd [100.0%],China;,Guangdong,operating,2009,1.2,1.2,1.2,n/a,n/a,21.690076,110.837207,21.690076,110.837207,https://www.gem.wiki/Maoming_Dadi_Cement_Co_Ltd_Cement_Plant,n/a,"Guangdong, China",1.2,1.2,n/a,blended,n/a,grey,茂名市大地水泥有限公司 (Chinese) [100%],exact,Maoming Dadi Cement Co Ltd Cement Plant,Maoming Dadi Cement Co Ltd [100.0%],grinding,1.2,operating,GCCT,GCCT,Cement and Concrete,n/a
cement,P100000123163,Yangzhou Conch Cement Co Ltd Cement Plant,扬州海螺水泥有限责任公司 (Chinese),Yangzhou Conch Cement Co Ltd [100.0%],China;,Jiangsu,operating,2012,4.8,4.8,4.8,n/a,n/a,32.317452,119.825483,32.317452,119.825483,https://www.gem.wiki/Yangzhou_Conch_Cement_Co_Ltd_Cement_Plant,n/a,"Jiangsu, China",4.8,4.8,n/a,opc,n/a,grey,扬州海螺水泥有限责任公司 (Chinese) [100%],exact,Yangzhou Conch Cement Co Ltd Cement Plant,Yangzhou Conch Cement Co Ltd [100.0%],grinding,4.8,operating,GCCT,GCCT,Cement and Concrete,n/a
cement,P100000123164,Yueqing Conch Cement Co Ltd Cement Plant,乐清海螺水泥有限责任公司 (Chinese),Yueqing Conch Cement Co Ltd [100.0%],China;,Zhejiang,operating,2015,2,2,2,n/a,n/a,28.161762,121.095623,28.161762,121.095623,https://www.gem.wiki/Yueqing_Conch_Cement_Co_Ltd_Cement_Plant,n/a,"Zhejiang, China",2,2,n/a,opc,n/a,grey,乐清海螺水泥有限责任公司 (Chinese) [100%],exact,Yueqing Conch Cement Co Ltd Cement Plant,Yueqing Conch Cement Co Ltd [100.0%],grinding,2.0,operating,GCCT,GCCT,Cement and Concrete,n/a
cement,P100000123165,Zhenjiang Beigu Conch Cement Co Ltd Cement Plant,镇江北固海螺水泥有限责任公司 (Chinese),Zhenjiang Beigu Conch Cement Co Ltd [100.0%],China;,Jiangsu,operating,2012,1,1,1,n/a,n/a,32.17243,119.283709,32.17243,119.283709,https://www.gem.wiki/Zhenjiang_Beigu_Conch_Cement_Co_Ltd_Cement_Plant,n/a,"Jiangsu, China",1,1,n/a,opc,n/a,grey,镇江北固海螺水泥有限责任公司 (Chinese) [100%],exact,Zhenjiang Beigu Conch Cement Co Ltd Cement Plant,Zhenjiang Beigu Conch Cement Co Ltd [100.0%],grinding,1.0,operating,GCCT,GCCT,Cement and Concrete,n/a
cement,P100000123166,Bozhou Conch Cement Co Ltd Cement Plant,亳州海螺水泥有限责任公司 (Chinese),Bozhou Conch Cement Co Ltd [100.0%],China;,Anhui,operating,,2,2,2,n/a,n/a,33.544349,116.254306,33.544349,116.254306,https://www.gem.wiki/Bozhou_Conch_Cement_Co_Ltd_Cement_Plant,n/a,"Anhui, China",2,2,n/a,opc,n/a,grey,亳州海螺水泥有限责任公司 (Chinese) [100%],exact,Bozhou Conch Cement Co Ltd Cement Plant,Bozhou Conch Cement Co Ltd [100.0%],grinding,2.0,operating,GCCT,GCCT,Cement and Concrete,n/a
cement,P100000123167,Ganzhou Conch Cement Co Ltd Cement Plant 1,赣州海螺水泥有限责任公司 龙南海螺公司 (Chinese),Ganzhou Conch Cement Co Ltd [100.0%],China;,Jiangxi,operating,,1,1,1,n/a,n/a,25.742952,114.881873,25.742952,114.881873,https://www.gem.wiki/Ganzhou_Conch_Cement_Co_Ltd_Cement_Plant_1,n/a,"Jiangxi, China",1,1,n/a,opc,n/a,grey,赣州海螺水泥有限责任公司 龙南海螺公司 (Chinese) [100%],exact,Ganzhou Conch Cement Co Ltd Cement Plant 1,Ganzhou Conch Cement Co Ltd [100.0%],grinding,1.0,operating,GCCT,GCCT,Cement and Concrete,n/a
cement,P100000123168,Huanggang Ya Dong Cement Co Ltd Cement Plant,黄冈亚东水泥有限公司 (Chinese),Huanggang Ya Dong Cement Co Ltd [100.0%],China;,Hubei,operating,2009,2,2,2,1.53,dry,29.917936,115.420949,29.917936,115.420949,https://www.gem.wiki/Huanggang_Ya_Dong_Cement_Co_Ltd_Cement_Plant,no,"Hubei, China",2,2,no,unknown,no,,黄冈亚东水泥有限公司 (Chinese) [100%],exact,Huanggang Ya Dong Cement Co Ltd Cement Plant,Huanggang Ya Dong Cement Co Ltd [100.0%],integrated,2.0,operating,GCCT,GCCT,Cement and Concrete,n/a
cement,P100000123169,Sichuan Ya Dong Cement Co Ltd Cement Plant,四川亚东水泥有限公司 (Chinese),Sichuan Yadong Cement Co Ltd [100.0%],China;,Sichuan,operating,2006,6,6,6,5.48,dry,30.976399,103.908381,30.976399,103.908381,https://www.gem.wiki/Sichuan_Ya_Dong_Cement_Co_Ltd_Cement_Plant,no,"Sichuan, China",6,6,no,unknown,no,,四川亚东水泥有限公司 (Chinese) [100%],exact,Sichuan Ya Dong Cement Co Ltd Cement Plant,Sichuan Yadong Cement Co Ltd [100.0%],integrated,6.0,operating,GCCT,GCCT,Cement and Concrete,n/a
cement,P100000123170,Jiangxi Ya Dong Cement Corp Ltd Cement Plant,江西亚东水泥有限公司 (Chinese),Jiangxi Ya Dong Cement Corp Ltd [100.0%],China;,Jiangxi,operating,2000,14,14,14,12,dry,29.810669,115.580052,29.810669,115.580052,https://www.gem.wiki/Jiangxi_Ya_Dong_Cement_Corp_Ltd_Cement_Plant,no,"Jiangxi, China",14,14,no,opc,no,grey,江西亚东水泥有限公司 (Chinese) [100%],exact,Jiangxi Ya Dong Cement Corp Ltd Cement Plant,Jiangxi Ya Dong Cement Corp Ltd [100.0%],integrated,14.0,operating,GCCT,GCCT,Cement and Concrete,n/a
cement,P100000123171,Hubei Ya Dong Cement Co Ltd Cement Plant,湖北亚东水泥有限公司 (Chinese),Hubei Ya Dong Cement Co Ltd [100.0%],China;,Hubei,operating,2009,4,4,4,3.65,dry,30.677735,114.543524,30.677735,114.543524,https://www.gem.wiki/Hubei_Ya_Dong_Cement_Co_Ltd_Cement_Plant,no,"Hubei, China",4,4,no,opc,no,grey,湖北亚东水泥有限公司 (Chinese) [100%],exact,Hubei Ya Dong Cement Co Ltd Cement Plant,Hubei Ya Dong Cement Co Ltd [100.0%],integrated,4.0,operating,GCCT,GCCT,Cement and Concrete,n/a
cement,P100000123172,Wuhan Ya Xin Cement Co Ltd Cement Plant,武汉亚鑫水泥有限公司 (Chinese),Wuhan Ya Xin Cement Co Ltd [100.0%],China;,Hubei,operating,2007,1.4,1.4,1.4,1.2,dry,30.273634,114.328604,30.273634,114.328604,https://www.gem.wiki/Wuhan_Ya_Xin_Cement_Co_Ltd_Cement_Plant,no,"Hubei, China",1.4,1.4,no,blended,no,grey,武汉亚鑫水泥有限公司 (Chinese) [100%],exact,Wuhan Ya Xin Cement Co Ltd Cement Plant,Wuhan Ya Xin Cement Co Ltd [100.0%],integrated,1.4,operating,GCCT,GCCT,Cement and Concrete,n/a
cement,P100000123173,Nanchang Ya Dong Cement Co Ltd Cement Plant,南昌亚东水泥有限公司 (Chinese),Nanchang Ya Dong Cement Co Ltd [100.0%],China;,Jiangxi,operating,2006,0.65,0.65,0.65,n/a,n/a,28.618066,115.964109,28.618066,115.964109,https://www.gem.wiki/Nanchang_Ya_Dong_Cement_Co_Ltd_Cement_Plant,n/a,"Jiangxi, China",0.65,0.65,n/a,opc,n/a,grey,南昌亚东水泥有限公司 (Chinese) [100%],exact,Nanchang Ya Dong Cement Co Ltd Cement Plant,Nanchang Ya Dong Cement Co Ltd [100.0%],grinding,0.65,operating,GCCT,GCCT,Cement and Concrete,n/a
cement,P100000123174,Wuhan Ya Dong Cement Co Ltd Cement Plant,武汉亚东水泥有限公司 (Chinese),Wuhan Yadong Cement Co Ltd [100.0%],China;,Hubei,operating,2001,2.3,2.3,2.3,n/a,n/a,30.60216,114.138749,30.60216,114.138749,https://www.gem.wiki/Wuhan_Ya_Dong_Cement_Co_Ltd_Cement_Plant,n/a,"Hubei, China",2.3,2.3,n/a,opc,n/a,grey,武汉亚东水泥有限公司 (Chinese) [100%],exact,Wuhan Ya Dong Cement Co Ltd Cement Plant,Wuhan Yadong Cement Co Ltd [100.0%],grinding,2.3,operating,GCCT,GCCT,Cement and Concrete,n/a
cement,P100000123175,Yangzhou Ya Dong Cement Co Ltd Cement Plant,扬州亚东水泥有限公司 (Chinese),Yangzhou Ya Dong Cement Co Ltd [100.0%],China;,Jiangsu,operating,,3,3,3,n/a,n/a,32.268448,119.411291,32.268448,119.411291,https://www.gem.wiki/Yangzhou_Ya_Dong_Cement_Co_Ltd_Cement_Plant,n/a,"Jiangsu, China",3,3,n/a,unknown,n/a,,扬州亚东水泥有限公司 (Chinese) [100%],exact,Yangzhou Ya Dong Cement Co Ltd Cement Plant,Yangzhou Ya Dong Cement Co Ltd [100.0%],grinding,3.0,operating,GCCT,GCCT,Cement and Concrete,n/a
cement,P100000123176,Baoding Taihang Heyi Cement Co Ltd Cement Plant,保定太行和益环保科技有限公司 (Chinese),Baoding Taihang Heyi Cement Co Ltd [100.0%],China;,Hebei,operating,,,n/a,n/a,1.47,dry,39.326111,115.442273,39.326111,115.442273,https://www.gem.wiki/Baoding_Taihang_Heyi_Cement_Co_Ltd_Cement_Plant,no,"Hebei, China",,,no,opc,no,grey,保定太行和益环保科技有限公司 (Chinese) [100%],exact,Baoding Taihang Heyi Cement Co Ltd Cement Plant,Baoding Taihang Heyi Cement Co Ltd [100.0%],clinker only,1.5719178536863079,operating,GCCT,GCCT,Cement and Concrete,
cement,P100000123177,Beijing Cement Factory Co Cement Plant,北京水泥厂有限责任公司 (北京金隅北水环保科技有限公司) (Chinese),Beijing Cement Factory Co [100.0%],China;,Beijing,operating,1995,1.96,1.96,1.96,>0,dry,40.186742,116.167224,40.186742,116.167224,https://www.gem.wiki/Beijing_Cement_Factory_Co_Cement_Plant,no,"Beijing, China",1.96,1.96,yes,opc,no,grey,北京水泥厂有限责任公司 (北京金隅北水环保科技有限公司) (Chinese) [100%],exact,Beijing Cement Factory Co Cement Plant,Beijing Cement Factory Co [100.0%],integrated,1.96,operating,GCCT,GCCT,Cement and Concrete,n/a
cement,P100000123178,Qinyang Jinyu Cement Co Ltd Cement Plant,沁阳市金隅水泥有限公司 (沁阳金隅冀东环保科技有限公司) (Chinese),Qinyang Jinyu Cement Co Ltd [100.0%],China;,Henan,operating,,1,1,1,0.775,dry,35.193917,112.846487,35.193917,112.846487,https://www.gem.wiki/Qinyang_Jinyu_Cement_Co_Ltd_Cement_Plant,no,"Henan, China",1,1,no,unknown,no,,沁阳市金隅水泥有限公司 (沁阳金隅冀东环保科技有限公司) (Chinese) [100%],exact,Qinyang Jinyu Cement Co Ltd Cement Plant,Qinyang Jinyu Cement Co Ltd [100.0%],integrated,1.0,operating,GCCT,GCCT,Cement and Concrete,n/a
cement,P100000123179,Beijing Xingfa Cement Co Ltd Cement Plant,北京兴发水泥有限公司 (Chinese),Beijing Xingfa Cement Co Ltd [100.0%],China;,Beijing,retired,1992,1,1,1,0.44,dry,40.428409,116.671456,40.428409,116.671456,https://www.gem.wiki/Beijing_Xingfa_Cement_Co_Ltd_Cement_Plant,no,"Beijing, China",1,1,no,opc,no,grey,北京兴发水泥有限公司 (Chinese) [100%],exact,Beijing Xingfa Cement Co Ltd Cement Plant,Beijing Xingfa Cement Co Ltd [100.0%],integrated,1.0,retired-plus,GCCT,GCCT,Cement and Concrete,n/a
cement,P100000123180,Handan BBMG Taihang Cement Co Ltd Cement Plant,邯郸金隅太行水泥有限责任公司 (Chinese),Handan BBMG Taihang Cement Co Ltd [100.0%],China;,Hebei,operating,,0.23,0.23,0.23,1.64,dry,36.434888,114.181018,36.434888,114.181018,https://www.gem.wiki/Handan_BBMG_Taihang_Cement_Co_Ltd_Cement_Plant,no,"Hebei, China",0.23,0.23,no,opc,no,grey,邯郸金隅太行水泥有限责任公司 (Chinese) [100%],exact,Handan BBMG Taihang Cement Co Ltd Cement Plant,Handan BBMG Taihang Cement Co Ltd [100.0%],integrated,0.23,operating,GCCT,GCCT,Cement and Concrete,n/a
cement,P100000123181,Beijing Jinyu Shunfa Cement Co Ltd Cement Plant,北京金隅顺发水泥有限公司 (Chinese),Beijing Jinyu Shunfa Cement Co Ltd [100.0%],China;,Beijing,retired,,0.24,0.24,0.24,>0,dry,40.104303,116.923021,40.104303,116.923021,https://www.gem.wiki/Beijing_Jinyu_Shunfa_Cement_Co_Ltd_Cement_Plant,no,"Beijing, China",0.24,0.24,no,opc,no,grey,北京金隅顺发水泥有限公司 (Chinese) [100%],exact,Beijing Jinyu Shunfa Cement Co Ltd Cement Plant,Beijing Jinyu Shunfa Cement Co Ltd [100.0%],integrated,0.24,retired-plus,GCCT,GCCT,Cement and Concrete,n/a
cement,P100000123182,Beijing Liulihe Cement Co Ltd Cement Plant,北京市琉璃河水泥有限公司 (Chinese),Beijing Liulihe Cement Co Ltd [100.0%],China;,Beijing,operating,,2.2,2.2,2.2,1.64,dry,39.597982,116.032085,39.597982,116.032085,https://www.gem.wiki/Beijing_Liulihe_Cement_Co_Ltd_Cement_Plant,no,"Beijing, China",2.2,2.2,no,opc,no,grey,北京市琉璃河水泥有限公司 (Chinese) [100%],exact,Beijing Liulihe Cement Co Ltd Cement Plant,Beijing Liulihe Cement Co Ltd [100.0%],integrated,2.2,operating,GCCT,GCCT,Cement and Concrete,n/a
cement,P100000123183,Beijing Jinyu Pinggu Cement Co Ltd Cement Plant,北京金隅平谷水泥有限公司 (Chinese),Beijing Jinyu Pinggu Cement Co Ltd [100.0%],China;,Beijing,retired,1987,0.35,0.35,0.35,>0,dry,40.077829,116.977358,40.077829,116.977358,https://www.gem.wiki/Beijing_Jinyu_Pinggu_Cement_Co_Ltd_Cement_Plant,no,"Beijing, China",0.35,0.35,no,opc,no,grey,北京金隅平谷水泥有限公司 (Chinese) [100%],exact,Beijing Jinyu Pinggu Cement Co Ltd Cement Plant,Beijing Jinyu Pinggu Cement Co Ltd [100.0%],integrated,0.35,retired-plus,GCCT,GCCT,Cement and Concrete,n/a
cement,P100000123184,Zhangjiakou BBMG Cement Co Ltd Cement Plant,张家口金隅水泥有限公司 (Chinese),Zhangjiakou BBMG Cement Co Ltd [100.0%],China;,Hebei,operating,,1.14,1.14,1.14,n/a,n/a,40.586621,115.076826,40.586621,115.076826,https://www.gem.wiki/Zhangjiakou_BBMG_Cement_Co_Ltd_Cement_Plant,n/a,"Hebei, China",1.14,1.14,n/a,opc,n/a,grey,张家口金隅水泥有限公司 (Chinese) [100%],exact,Zhangjiakou BBMG Cement Co Ltd Cement Plant,Zhangjiakou BBMG Cement Co Ltd [100.0%],grinding,1.14,operating,GCCT,GCCT,Cement and Concrete,n/a
cement,P100000123185,Beijing Taihang Prospect Cement Co Ltd Cement Plant,北京金隅前景环保科技有限公司 (Chinese),Beijing Taihang Prospect Cement Co Ltd [100.0%],China;,Beijing,retired,,0.9,0.9,0.9,>0,dry,39.770898,116.021386,39.770898,116.021386,https://www.gem.wiki/Beijing_Taihang_Prospect_Cement_Co_Ltd_Cement_Plant,no,"Beijing, China",0.9,0.9,no,opc,no,grey,北京金隅前景环保科技有限公司 (Chinese) [100%],exact,Beijing Taihang Prospect Cement Co Ltd Cement Plant,Beijing Taihang Prospect Cement Co Ltd [100.0%],integrated,0.9,retired-plus,GCCT,GCCT,Cement and Concrete,n/a
cement,P100000123186,Siping BBMG Cement Co Ltd Cement Plant,四平金隅水泥有限公司 (Chinese),Siping BBMG Cement Co Ltd [100.0%],China;,Jilin,operating,,1,1,1,0.91,dry,43.175134,124.396361,43.175134,124.396361,https://www.gem.wiki/Siping_BBMG_Cement_Co_Ltd_Cement_Plant,no,"Jilin, China",1,1,no,unknown,no,,四平金隅水泥有限公司 (Chinese) [100%],exact,Siping BBMG Cement Co Ltd Cement Plant,Siping BBMG Cement Co Ltd [100.0%],integrated,1.0,operating,GCCT,GCCT,Cement and Concrete,n/a
cement,P100000123187,Zanhuang BBMG Cement Co Ltd Cement Plant,赞皇金隅水泥有限公司 (Chinese),Zanhuang BBMG Cement Co Ltd [100.0%],China;,Hebei,operating,,3,3,3,2.37,dry,37.598772,114.451868,37.598772,114.451868,https://www.gem.wiki/Zanhuang_BBMG_Cement_Co_Ltd_Cement_Plant,no,"Hebei, China",3,3,no,unknown,no,,赞皇金隅水泥有限公司 (Chinese) [100%],exact,Zanhuang BBMG Cement Co Ltd Cement Plant,Zanhuang BBMG Cement Co Ltd [100.0%],integrated,3.0,operating,GCCT,GCCT,Cement and Concrete,n/a
cement,P100000123188,Quyang Jinyu Cement Co Ltd Cement Plant,曲阳金隅水泥有限公司 (Chinese),Quyang Jinyu Cement Co Ltd [100.0%],China;,Hebei,operating,2010,2,2,2,1.5,dry,38.814099,114.630734,38.814099,114.630734,https://www.gem.wiki/Quyang_Jinyu_Cement_Co_Ltd_Cement_Plant,no,"Hebei, China",2,2,no,opc,no,grey,曲阳金隅水泥有限公司 (Chinese) [100%],exact,Quyang Jinyu Cement Co Ltd Cement Plant,Quyang Jinyu Cement Co Ltd [100.0%],integrated,2.0,operating,GCCT,GCCT,Cement and Concrete,n/a
cement,P100000123189,Tianjin Zhenxing Cement Co Ltd Cement Plant,天津金隅振兴环保科技有限公司 (Chinese),Tianjin Zhenxing Cement Co Ltd [100.0%],China;,Tianjin,operating,,1.8,1.8,1.8,1.83,dry,39.277372,117.128362,39.277372,117.128362,https://www.gem.wiki/Tianjin_Zhenxing_Cement_Co_Ltd_Cement_Plant,no,"Tianjin, China",1.8,1.8,no,unknown,no,,天津金隅振兴环保科技有限公司 (Chinese) [100%],exact,Tianjin Zhenxing Cement Co Ltd Cement Plant,Tianjin Zhenxing Cement Co Ltd [100.0%],integrated,1.8,operating,GCCT,GCCT,Cement and Concrete,n/a
cement,P100000123190,Zhuolu BBMG Cement Co Ltd Cement Plant,涿鹿金隅水泥有限公司 (Chinese),Zhuolu BBMG Cement Co Ltd [100.0%],China;,Hebei,operating,2010,2,2,2,1.55,dry,40.141971,115.266752,40.141971,115.266752,https://www.gem.wiki/Zhuolu_BBMG_Cement_Co_Ltd_Cement_Plant,no,"Hebei, China",2,2,no,opc,no,grey,涿鹿金隅水泥有限公司 (Chinese) [100%],exact,Zhuolu BBMG Cement Co Ltd Cement Plant,Zhuolu BBMG Cement Co Ltd [100.0%],integrated,2.0,operating,GCCT,GCCT,Cement and Concrete,n/a
cement,P100000123191,Jidong Cement Chongqing Jiangjin Co Ltd Cement Plant,冀东水泥重庆江津有限责任公司 (Chinese),Jidong Cement Chongqing Jiangjin Co Ltd [100.0%],China;,Chongqing,operating,,3,3,3,2.34,dry,29.225931,106.010656,29.225931,106.010656,https://www.gem.wiki/Jidong_Cement_Chongqing_Jiangjin_Co_Ltd_Cement_Plant,no,"Chongqing, China",3,3,no,unknown,no,,冀东水泥重庆江津有限责任公司 (Chinese) [100%],exact,Jidong Cement Chongqing Jiangjin Co Ltd Cement Plant,Jidong Cement Chongqing Jiangjin Co Ltd [100.0%],integrated,3.0,operating,GCCT,GCCT,Cement and Concrete,n/a
cement,P100000123192,Jidong Cement Fengrun Co Ltd Cement Plant,冀东水泥丰润有限责任公司 (Chinese),Jidong Cement Fengrun Co Ltd [100.0%],China;,Hebei,operating,1985,0.85,0.85,0.85,>0,dry,39.875323,118.054964,39.875323,118.054964,https://www.gem.wiki/Jidong_Cement_Fengrun_Co_Ltd_Cement_Plant,no,"Hebei, China",0.85,0.85,no,opc,no,grey,冀东水泥丰润有限责任公司 (Chinese) [100%],exact,Jidong Cement Fengrun Co Ltd Cement Plant,Jidong Cement Fengrun Co Ltd [100.0%],integrated,0.85,operating,GCCT,GCCT,Cement and Concrete,n/a
cement,P100000123193,Jidong Cement Fengxiang Co Ltd Cement Plant,冀东水泥凤翔有限责任公司 (金隅冀东凤翔环保科技有限公司) (Chinese),Jidong Cement Fengxiang Co Ltd [100.0%],China;,Shaanxi,operating,2009,1.4,1.4,1.4,1.83,dry,34.538699,107.502136,34.538699,107.502136,https://www.gem.wiki/Jidong_Cement_Fengxiang_Co_Ltd_Cement_Plant,no,"Shaanxi, China",1.4,1.4,no,unknown,no,,冀东水泥凤翔有限责任公司 (金隅冀东凤翔环保科技有限公司) (Chinese) [100%],exact,Jidong Cement Fengxiang Co Ltd Cement Plant,Jidong Cement Fengxiang Co Ltd [100.0%],integrated,1.4,operating,GCCT,GCCT,Cement and Concrete,n/a
cement,P100000123194,Anshan Jidong Cement Co Ltd Cement Plant,鞍山冀东水泥有限责任公司 (Chinese),Anshan Jidong Cement Co Ltd [100.0%],China;,Liaoning,operating,2004,2.4,2.4,2.4,1.64,dry,41.185542,123.000903,41.185542,123.000903,https://www.gem.wiki/Anshan_Jidong_Cement_Co_Ltd_Cement_Plant,no,"Liaoning, China",2.4,2.4,no,unknown,no,,鞍山冀东水泥有限责任公司 (Chinese) [100%],exact,Anshan Jidong Cement Co Ltd Cement Plant,Anshan Jidong Cement Co Ltd [100.0%],integrated,2.4,operating,GCCT,GCCT,Cement and Concrete,n/a
cement,P100000123195,Liaoyang Jidong Cement Co Ltd Cement Plant,辽阳冀东水泥有限公司 (Chinese),Liaoyang Jidong Cement Co Ltd [100.0%],China;,Liaoning,operating,2005,,n/a,n/a,0.91,dry,41.309641,123.336599,41.309641,123.336599,https://www.gem.wiki/Liaoyang_Jidong_Cement_Co_Ltd_Cement_Plant,no,"Liaoning, China",,,no,unknown,no,,辽阳冀东水泥有限公司 (Chinese) [100%],exact,Liaoyang Jidong Cement Co Ltd Cement Plant,Liaoyang Jidong Cement Co Ltd [100.0%],clinker only,1.5719178536863079,operating,GCCT,GCCT,Cement and Concrete,
cement,P100000123196,Jidong Heidelberg Jingyang Cement Company Ltd Cement Plant,冀东海德堡（泾阳）水泥有限公司 (Chinese),Jidong Heidelberg Jingyang Cement Co Ltd [100.0%],China;,Shaanxi,operating,2007,2.35,2.35,2.35,3.65,dry,34.610462,108.628211,34.610462,108.628211,https://www.gem.wiki/Jidong_Heidelberg_Jingyang_Cement_Company_Ltd_Cement_Plant,no,"Shaanxi, China",2.35,2.35,no,opc,no,grey,冀东海德堡（泾阳）水泥有限公司 (Chinese) [100%],exact,Jidong Heidelberg Jingyang Cement Company Ltd Cement Plant,Jidong Heidelberg Jingyang Cement Co Ltd [100.0%],integrated,2.35,operating,GCCT,GCCT,Cement and Concrete,n/a
cement,P100000123197,Jidong Heidelberg (Fufeng) Cement Co Ltd Cement Plant,冀东海德堡（扶风）水泥有限公司 (Chinese),Jidong Heidelberg (Fufeng) Cement Co Ltd [100.0%],China;,Shaanxi,operating,2003,2,2,2,3.47,dry,34.551467,107.992271,34.551467,107.992271,https://www.gem.wiki/Jidong_Heidelberg_(Fufeng)_Cement_Co_Ltd_Cement_Plant,no,"Shaanxi, China",2,2,no,opc,no,grey,冀东海德堡（扶风）水泥有限公司 (Chinese) [100%],exact,Jidong Heidelberg (Fufeng) Cement Co Ltd Cement Plant,Jidong Heidelberg (Fufeng) Cement Co Ltd [100.0%],integrated,2.0,operating,GCCT,GCCT,Cement and Concrete,n/a
cement,P100000123198,Baotou Jidong Cement Co Ltd Cement Plant,包头冀东水泥有限公司 (Chinese),Baotou Jidong Cement Co Ltd [100.0%],China;,Inner Mongolia,operating,2011,0.8,0.8,0.8,1.6,dry,41.879263,110.106906,41.879263,110.106906,https://www.gem.wiki/Baotou_Jidong_Cement_Co_Ltd_Cement_Plant,no,"Inner Mongolia, China",0.8,0.8,no,unknown,no,,包头冀东水泥有限公司 (Chinese) [100%],exact,Baotou Jidong Cement Co Ltd Cement Plant,Baotou Jidong Cement Co Ltd [100.0%],integrated,0.8,operating,GCCT,GCCT,Cement and Concrete,n/a
cement,P100000123199,Boai Jinyu Cement Co Ltd Cement Plant,博爱金隅水泥有限公司 (Chinese),Boai Jinyu Cement Co Ltd [100.0%],China;,Henan,operating,,1.2,1.2,1.2,0.91,dry,35.206282,113.109157,35.206282,113.109157,https://www.gem.wiki/Boai_Jinyu_Cement_Co_Ltd_Cement_Plant,no,"Henan, China",1.2,1.2,no,opc,no,grey,博爱金隅水泥有限公司 (Chinese) [100%],exact,Boai Jinyu Cement Co Ltd Cement Plant,Boai Jinyu Cement Co Ltd [100.0%],integrated,1.2,operating,GCCT,GCCT,Cement and Concrete,n/a
cement,P100000123200,Changli Jidong Cement Co Ltd Cement Plant,昌黎冀东水泥有限公司 (Chinese),Changli Jidong Cement Co Ltd [100.0%],China;,Hebei,operating,,1.2,1.2,1.2,0.91,dry,39.750306,118.799837,39.750306,118.799837,https://www.gem.wiki/Changli_Jidong_Cement_Co_Ltd_Cement_Plant,no,"Hebei, China",1.2,1.2,no,opc,no,grey,昌黎冀东水泥有限公司 (Chinese) [100%],exact,Changli Jidong Cement Co Ltd Cement Plant,Changli Jidong Cement Co Ltd [100.0%],integrated,1.2,operating,GCCT,GCCT,Cement and Concrete,n/a
cement,P100000123201,Chengde BBMG Cement Co Ltd Cement Plant,承德金隅水泥有限责任公司 (Chinese),Chengde BBMG Cement Co Ltd [100.0%],China;,Hebei,operating,2014,1.5,1.5,1.5,>0,dry,40.522194,117.606141,40.522194,117.606141,https://www.gem.wiki/Chengde_BBMG_Cement_Co_Ltd_Cement_Plant,no,"Hebei, China",1.5,1.5,no,blended,no,grey,承德金隅水泥有限责任公司 (Chinese) [100%],exact,Chengde BBMG Cement Co Ltd Cement Plant,Chengde BBMG Cement Co Ltd [100.0%],integrated,1.5,operating,GCCT,GCCT,Cement and Concrete,n/a
cement,P100000123202,Chengde Jidong Cement Co Ltd Cement Plant,承德冀东水泥有限责任公司 (Chinese),Chengde Jidong Cement Co Ltd [100.0%],China;,Hebei,operating,,,n/a,n/a,1.17,dry,40.783722,118.259527,40.783722,118.259527,https://www.gem.wiki/Chengde_Jidong_Cement_Co_Ltd_Cement_Plant,no,"Hebei, China",,,no,opc,no,grey,承德冀东水泥有限责任公司 (Chinese) [100%],exact,Chengde Jidong Cement Co Ltd Cement Plant,Chengde Jidong Cement Co Ltd [100.0%],clinker only,1.5719178536863079,operating,GCCT,GCCT,Cement and Concrete,
cement,P100000123203,Datong Jidong Cement Co Ltd Cement Plant,大同冀东水泥有限责任公司 (Chinese),Datong Jidong Cement Co Ltd [100.0%],China;,Shanxi,operating,2009,4,4,4,3.65,dry,39.983322,113.115851,39.983322,113.115851,https://www.gem.wiki/Datong_Jidong_Cement_Co_Ltd_Cement_Plant,no,"Shanxi, China",4,4,no,unknown,no,,大同冀东水泥有限责任公司 (Chinese) [100%],exact,Datong Jidong Cement Co Ltd Cement Plant,Datong Jidong Cement Co Ltd [100.0%],integrated,4.0,operating,GCCT,GCCT,Cement and Concrete,n/a
cement,P100000123204,Guangling Jinyu Cement Co Ltd Cement Plant,广灵金隅水泥有限公司 (Chinese),Guangling Jinyu Cement Co Ltd [100.0%],China;,Shanxi,operating,2013,1.86,1.86,1.86,1.1,dry,39.818388,114.367697,39.818388,114.367697,https://www.gem.wiki/Guangling_Jinyu_Cement_Co_Ltd_Cement_Plant,no,"Shanxi, China",1.86,1.86,no,opc,no,grey,广灵金隅水泥有限公司 (Chinese) [100%],exact,Guangling Jinyu Cement Co Ltd Cement Plant,Guangling Jinyu Cement Co Ltd [100.0%],integrated,1.86,operating,GCCT,GCCT,Cement and Concrete,n/a
cement,P100000123205,Handan Shexian Jinyu Cement Co Ltd Cement Plant,邯郸涉县金隅水泥有限公司 (Chinese),Handan Shexian Jinyu Cement Co Ltd [100.0%],China;,Hebei,operating,,1.44,1.44,1.44,1.83,dry,36.514118,113.619087,36.514118,113.619087,https://www.gem.wiki/Handan_Shexian_Jinyu_Cement_Co_Ltd_Cement_Plant,no,"Hebei, China",1.44,1.44,no,opc,no,grey,邯郸涉县金隅水泥有限公司 (Chinese) [100%],exact,Handan Shexian Jinyu Cement Co Ltd Cement Plant,Handan Shexian Jinyu Cement Co Ltd [100.0%],integrated,1.44,operating,GCCT,GCCT,Cement and Concrete,n/a
cement,P100000123206,Hebei Jinyu Dingxin Cement Co Ltd Cement Plant 3,河北金隅鼎鑫水泥有限公司 一分厂 (Chinese),Hebei Jinyu Dingxin Cement Co Ltd [100.0%],China;,Hebei,operating,,2.91,2.91,2.91,1.83,dry,38.181317,114.235322,38.181317,114.235322,https://www.gem.wiki/Hebei_Jinyu_Dingxin_Cement_Co_Ltd_Cement_Plant_3,no,"Hebei, China",2.91,2.91,no,opc,no,grey,河北金隅鼎鑫水泥有限公司 一分厂 (Chinese) [100%],exact,Hebei Jinyu Dingxin Cement Co Ltd Cement Plant 3,Hebei Jinyu Dingxin Cement Co Ltd [100.0%],integrated,2.91,operating,GCCT,GCCT,Cement and Concrete,n/a
cement,P100000123207,Inner Mongolia Yidong Jidong Cement Co Ltd Cement Plant,内蒙古伊东冀东水泥有限公司 (Chinese),Inner Mongolia Yidong Jidong Cement Co Ltd [100.0%],China;,Inner Mongolia,operating,2010,1,1,1,0.91,dry,41.000726,112.153955,41.000726,112.153955,https://www.gem.wiki/Inner_Mongolia_Yidong_Jidong_Cement_Co_Ltd_Cement_Plant,no,"Inner Mongolia, China",1,1,no,blended,no,grey,内蒙古伊东冀东水泥有限公司 (Chinese) [100%],exact,Inner Mongolia Yidong Jidong Cement Co Ltd Cement Plant,Inner Mongolia Yidong Jidong Cement Co Ltd [100.0%],integrated,1.0,operating,GCCT,GCCT,Cement and Concrete,n/a
cement,P100000123208,Inner Mongolia Yili Jidong Cement Co Ltd Cement Plant,内蒙古亿利冀东水泥有限责任公司 (Chinese),Inner Mongolia Yili Jidong Cement Co Ltd [100.0%],China;,Inner Mongolia,operating,2008,1.2,1.2,1.2,0.91,dry,40.36517,109.961504,40.36517,109.961504,https://www.gem.wiki/Inner_Mongolia_Yili_Jidong_Cement_Co_Ltd_Cement_Plant,no,"Inner Mongolia, China",1.2,1.2,no,blended,no,grey,内蒙古亿利冀东水泥有限责任公司 (Chinese) [100%],exact,Inner Mongolia Yili Jidong Cement Co Ltd Cement Plant,Inner Mongolia Yili Jidong Cement Co Ltd [100.0%],integrated,1.2,operating,GCCT,GCCT,Cement and Concrete,n/a
cement,P100000123209,Jidong Cement Abaga Qi Co Ltd Cement Plant,冀东水泥阿巴嘎旗有限责任公司 (Chinese),Jidong Cement Abaga Qi Co Ltd [100.0%],China;,Inner Mongolia,operating,2009,1.2,1.2,1.2,1.08,dry,43.625411,115.852039,43.625411,115.852039,https://www.gem.wiki/Jidong_Cement_Abaga_Qi_Co_Ltd_Cement_Plant,no,"Inner Mongolia, China",1.2,1.2,no,blended,no,grey,冀东水泥阿巴嘎旗有限责任公司 (Chinese) [100%],exact,Jidong Cement Abaga Qi Co Ltd Cement Plant,Jidong Cement Abaga Qi Co Ltd [100.0%],integrated,1.2,operating,GCCT,GCCT,Cement and Concrete,n/a
cement,P100000123210,Jidong Cement Bishan Co Ltd Cement Plant,冀东水泥璧山有限责任公司 (Chinese),Jidong Cement Bishan Co Ltd [100.0%],China;,Chongqing,operating,2011,2,2,2,1.64,dry,29.666575,106.166631,29.666575,106.166631,https://www.gem.wiki/Jidong_Cement_Bishan_Co_Ltd_Cement_Plant,no,"Chongqing, China",2,2,no,unknown,no,,冀东水泥璧山有限责任公司 (Chinese) [100%],exact,Jidong Cement Bishan Co Ltd Cement Plant,Jidong Cement Bishan Co Ltd [100.0%],integrated,2.0,operating,GCCT,GCCT,Cement and Concrete,n/a
cement,P100000123211,Jidong Cement Chongqing Hechuan Co Ltd Cement Plant,冀东水泥重庆合川有限责任公司 (Chinese),Jidong Cement Chongqing Hechuan Co Ltd [100.0%],China;,Chongqing,operating,2011,,n/a,n/a,1.64,dry,29.964419,106.379901,29.964419,106.379901,https://www.gem.wiki/Jidong_Cement_Chongqing_Hechuan_Co_Ltd_Cement_Plant,no,"Chongqing, China",,,no,blended,no,grey,冀东水泥重庆合川有限责任公司 (Chinese) [100%],exact,Jidong Cement Chongqing Hechuan Co Ltd Cement Plant,Jidong Cement Chongqing Hechuan Co Ltd [100.0%],clinker only,1.5719178536863079,operating,GCCT,GCCT,Cement and Concrete,
cement,P100000123212,Jidong Cement Heilongjiang Co Ltd Cement Plant,冀东水泥黑龙江有限公司 (Chinese),Jidong Cement Heilongjiang Co Ltd [100.0%],China;,Heilongjiang,operating,,,n/a,n/a,3.19,dry,45.398243,127.147605,45.398243,127.147605,https://www.gem.wiki/Jidong_Cement_Heilongjiang_Co_Ltd_Cement_Plant,no,"Heilongjiang, China",,,no,unknown,no,,冀东水泥黑龙江有限公司 (Chinese) [100%],exact,Jidong Cement Heilongjiang Co Ltd Cement Plant,Jidong Cement Heilongjiang Co Ltd [100.0%],clinker only,1.5719178536863079,operating,GCCT,GCCT,Cement and Concrete,
cement,P100000123213,Jidong Cement Luan County Co Ltd Cement Plant,冀东水泥滦县有限责任公司 (Chinese),Jidong Cement Luan County Co Ltd [100.0%],China;,Hebei,operating,2004,0.8,0.8,0.8,3.65,dry,39.917985,118.366615,39.917985,118.366615,https://www.gem.wiki/Jidong_Cement_Luan_County_Co_Ltd_Cement_Plant,no,"Hebei, China",0.8,0.8,no,unknown,no,grey,冀东水泥滦县有限责任公司 (Chinese) [100%],exact,Jidong Cement Luan County Co Ltd Cement Plant,Jidong Cement Luan County Co Ltd [100.0%],integrated,0.8,operating,GCCT,GCCT,Cement and Concrete,n/a
cement,P100000123214,Jidong Cement Panshi Co Ltd Cement Plant,冀东水泥磐石有限责任公司 (Chinese),Jidong Cement Panshi Co Ltd [100.0%],China;,Jilin,operating,2004,0.8,0.8,0.8,2.56,dry,42.872885,126.153327,42.872885,126.153327,https://www.gem.wiki/Jidong_Cement_Panshi_Co_Ltd_Cement_Plant,no,"Jilin, China",0.8,0.8,no,unknown,no,,冀东水泥磐石有限责任公司 (Chinese) [100%],exact,Jidong Cement Panshi Co Ltd Cement Plant,Jidong Cement Panshi Co Ltd [100.0%],integrated,0.8,operating,GCCT,GCCT,Cement and Concrete,n/a
cement,P100000123215,Jidong Cement Tongchuan Co Ltd Cement Plant,冀东水泥铜川有限公司 (Chinese),Jidong Cement Tongchuan Co Ltd [100.0%],China;,Shaanxi,operating,2021,3.6,3.6,3.6,3.1,dry,34.906028,108.991002,34.906028,108.991002,https://www.gem.wiki/Jidong_Cement_Tongchuan_Co_Ltd_Cement_Plant,no,"Shaanxi, China",3.6,3.6,no,unknown,no,,冀东水泥铜川有限公司 (Chinese) [100%],exact,Jidong Cement Tongchuan Co Ltd Cement Plant,Jidong Cement Tongchuan Co Ltd [100.0%],integrated,3.6,operating,GCCT,GCCT,Cement and Concrete,n/a
cement,P100000123216,Jidong Cement Yongji Co Ltd Cement Plant,吉林金隅冀东环保科技 (冀东水泥永吉有限责任公司) (Chinese),Jidong Cement Yongji Co Ltd [100.0%],China;,Jilin,operating,2012,2.02,2.02,2.02,1.83,dry,43.532882,126.268841,43.532882,126.268841,https://www.gem.wiki/Jidong_Cement_Yongji_Co_Ltd_Cement_Plant,no,"Jilin, China",2.02,2.02,no,unknown,no,,吉林金隅冀东环保科技 (冀东水泥永吉有限责任公司) (Chinese) [100%],exact,Jidong Cement Yongji Co Ltd Cement Plant,Jidong Cement Yongji Co Ltd [100.0%],integrated,2.02,operating,GCCT,GCCT,Cement and Concrete,n/a
cement,P100000123217,Jidong Haitian Cement Wenxi Co Ltd Cement Plant,冀东海天水泥闻喜有限责任公司 (Chinese),Jidong Haitian Cement Wenxi Co Ltd [100.0%],China;,Shanxi,operating,2008,2.3,2.3,2.3,1.64,dry,35.402755,111.329331,35.402755,111.329331,https://www.gem.wiki/Jidong_Haitian_Cement_Wenxi_Co_Ltd_Cement_Plant,no,"Shanxi, China",2.3,2.3,no,unknown,no,,冀东海天水泥闻喜有限责任公司 (Chinese) [100%],exact,Jidong Haitian Cement Wenxi Co Ltd Cement Plant,Jidong Haitian Cement Wenxi Co Ltd [100.0%],integrated,2.3,operating,GCCT,GCCT,Cement and Concrete,n/a
cement,P100000123218,Kuishan Jidong Cement Co Ltd Cement Plant 2,奎山水泥有限公司 (奎山冀东水泥有限公司) (Chinese),Kuishan Jidong Cement Co Ltd [100.0%],China;,Hebei,operating,1985,3.5,3.5,3.5,4.56,dry,37.406669,114.547772,37.406669,114.547772,https://www.gem.wiki/Kuishan_Jidong_Cement_Co_Ltd_Cement_Plant_2,no,"Hebei, China",3.5,3.5,no,unknown,no,,奎山水泥有限公司 (奎山冀东水泥有限公司) (Chinese) [100%],exact,Kuishan Jidong Cement Co Ltd Cement Plant 2,Kuishan Jidong Cement Co Ltd [100.0%],integrated,3.5,operating,GCCT,GCCT,Cement and Concrete,n/a
cement,P100000123219,Laishui Jidong Cement Co Ltd Cement Plant,涞水金隅冀东环保科技有限公司 (涞水冀东水泥有限责任公司) (Chinese),Laishui Jidong Cement Co Ltd [100.0%],China;,Hebei,operating,2012,2,2,2,2.63,dry,39.410181,115.630481,39.410181,115.630481,https://www.gem.wiki/Laishui_Jidong_Cement_Co_Ltd_Cement_Plant,no,"Hebei, China",2,2,no,opc,no,grey,涞水金隅冀东环保科技有限公司 (涞水冀东水泥有限责任公司) (Chinese) [100%],exact,Laishui Jidong Cement Co Ltd Cement Plant,Laishui Jidong Cement Co Ltd [100.0%],integrated,2.0,operating,GCCT,GCCT,Cement and Concrete,n/a
cement,P100000123220,Lanxian BBMG Cement Co Ltd Cement Plant,岚县金隅水泥有限公司 (Chinese),Lanxian BBMG Cement Co Ltd [100.0%],China;,Shanxi,operating,,1,1,1,0.91,dry,35.84369,113.345858,35.84369,113.345858,https://www.gem.wiki/Lanxian_BBMG_Cement_Co_Ltd_Cement_Plant,no,"Shanxi, China",1,1,no,opc,no,grey,岚县金隅水泥有限公司 (Chinese) [100%],exact,Lanxian BBMG Cement Co Ltd Cement Plant,Lanxian BBMG Cement Co Ltd [100.0%],integrated,1.0,operating,GCCT,GCCT,Cement and Concrete,n/a
cement,P100000123221,Lingchuan Jinyu Cement Co Ltd Cement Plant,陵川金隅冀东环保科技有限公司 (Chinese),Lingchuan Jinyu Cement Co Ltd [100.0%],China;,Shanxi,operating,2006,0.75,0.75,0.75,1,dry,35.84369,113.345858,35.84369,113.345858,https://www.gem.wiki/Lingchuan_Jinyu_Cement_Co_Ltd_Cement_Plant,no,"Shanxi, China",0.75,0.75,no,unknown,no,,陵川金隅冀东环保科技有限公司 (Chinese) [100%],exact,Lingchuan Jinyu Cement Co Ltd Cement Plant,Lingchuan Jinyu Cement Co Ltd [100.0%],integrated,0.75,operating,GCCT,GCCT,Cement and Concrete,n/a
cement,P100000123222,Lingshou Jidong Cement Co Ltd Cement Plant,灵寿冀东水泥有限责任公司 (Chinese),Lingshou Jidong Cement Co Ltd [100.0%],China;,Hebei,operating,,1.87,1.87,1.87,1.64,dry,38.391778,114.337788,38.391778,114.337788,https://www.gem.wiki/Lingshou_Jidong_Cement_Co_Ltd_Cement_Plant,no,"Hebei, China",1.87,1.87,no,opc,no,grey,灵寿冀东水泥有限责任公司 (Chinese) [100%],exact,Lingshou Jidong Cement Co Ltd Cement Plant,Lingshou Jidong Cement Co Ltd [100.0%],integrated,1.87,operating,GCCT,GCCT,Cement and Concrete,n/a
cement,P100000123223,Linli Jidong Cement Co Ltd Cement Plant,临澧冀东水泥有限公司 (Chinese),Linli Jidong Cement Co Ltd [100.0%],China;,Hunan,operating,2009,2,2,2,1.64,dry,29.701756,111.512822,29.701756,111.512822,https://www.gem.wiki/Linli_Jidong_Cement_Co_Ltd_Cement_Plant,no,"Hunan, China",2,2,no,unknown,no,,临澧冀东水泥有限公司 (Chinese) [100%],exact,Linli Jidong Cement Co Ltd Cement Plant,Linli Jidong Cement Co Ltd [100.0%],integrated,2.0,operating,GCCT,GCCT,Cement and Concrete,n/a
cement,P100000123224,Pingquan Jidong Cement Co Ltd Cement Plant,平泉冀东水泥有限责任公司 (Chinese),Pingquan Jidong Cement Co Ltd [100.0%],China;,Hebei,operating,,1,1,1,>0,dry,41.022515,118.795963,41.022515,118.795963,https://www.gem.wiki/Pingquan_Jidong_Cement_Co_Ltd_Cement_Plant,no,"Hebei, China",1,1,no,opc,no,grey,平泉冀东水泥有限责任公司 (Chinese) [100%],exact,Pingquan Jidong Cement Co Ltd Cement Plant,Pingquan Jidong Cement Co Ltd [100.0%],integrated,1.0,operating,GCCT,GCCT,Cement and Concrete,n/a
cement,P100000123225,Shanxi Shuangliang Dingxin Cement Co Ltd Cement Plant,山西双良鼎新水泥有限公司 (Chinese),Shanxi Shuangliang Dingxin Cement Co Ltd [100.0%],China;,Shanxi,operating,2009,0.85,0.85,0.85,1.1,dry,37.891743,112.666613,37.891743,112.666613,https://www.gem.wiki/Shanxi_Shuangliang_Dingxin_Cement_Co_Ltd_Cement_Plant,no,"Shanxi, China",0.85,0.85,no,unknown,no,,山西双良鼎新水泥有限公司 (Chinese) [100%],exact,Shanxi Shuangliang Dingxin Cement Co Ltd Cement Plant,Shanxi Shuangliang Dingxin Cement Co Ltd [100.0%],integrated,0.85,operating,GCCT,GCCT,Cement and Concrete,n/a
cement,P100000123226,Tang County Jidong Cement Co Ltd Cement Plant,唐县冀东水泥有限责任公司 (Chinese),Tang County Jidong Cement Co Ltd [100.0%],China;,Hebei,operating,,1.8,1.8,1.8,>0,dry,38.861113,114.829853,38.861113,114.829853,https://www.gem.wiki/Tang_County_Jidong_Cement_Co_Ltd_Cement_Plant,no,"Hebei, China",1.8,1.8,no,opc,no,grey,唐县冀东水泥有限责任公司 (Chinese) [100%],exact,Tang County Jidong Cement Co Ltd Cement Plant,Tang County Jidong Cement Co Ltd [100.0%],integrated,1.8,operating,GCCT,GCCT,Cement and Concrete,n/a
cement,P100000123227,Tangshan Jidong Cement Co Ltd Cement Plant 2,唐山冀东水泥股份有限公司 (一厂) (Chinese),Tangshan Jidong Cement Co Ltd [100.0%],China;,Hebei,operating,,0.008,>0,>0,3.29,dry,39.920995,118.227984,39.920995,118.227984,https://www.gem.wiki/Tangshan_Jidong_Cement_Co_Ltd_Cement_Plant_2,no,"Hebei, China",0.008,0.008,no,unknown,no,,唐山冀东水泥股份有限公司 (一厂) (Chinese) [100%],exact,Tangshan Jidong Cement Co Ltd Cement Plant 2,Tangshan Jidong Cement Co Ltd [100.0%],integrated,0.008,operating,GCCT,GCCT,Cement and Concrete,n/a
cement,P100000123228,Tangshan Jidong Cement Sanyou Co Ltd Cement Plant,唐山冀东水泥三友有限公司 (Chinese),Tangshan Jidong Cement Sanyou Co Ltd [100.0%],China;,Hebei,operating,2002,0.8,0.8,0.8,2.92,dry,39.763807,118.376732,39.763807,118.376732,https://www.gem.wiki/Tangshan_Jidong_Cement_Sanyou_Co_Ltd_Cement_Plant,no,"Hebei, China",0.8,0.8,no,opc,no,grey,唐山冀东水泥三友有限公司 (Chinese) [100%],exact,Tangshan Jidong Cement Sanyou Co Ltd Cement Plant,Tangshan Jidong Cement Sanyou Co Ltd [100.0%],integrated,0.8,operating,GCCT,GCCT,Cement and Concrete,n/a
cement,P100000123229,Tangshan Jidong Qixin Cement Co Ltd Cement Plant,唐山冀东启新水泥有限责任公司 (Chinese),Tangshan Jidong Qixin Cement Co Ltd [100.0%],China;,Hebei,operating,2010,1.65,1.65,1.65,1.83,dry,39.757913,118.463647,39.757913,118.463647,https://www.gem.wiki/Tangshan_Jidong_Qixin_Cement_Co_Ltd_Cement_Plant,no,"Hebei, China",1.65,1.65,no,opc,no,grey,唐山冀东启新水泥有限责任公司 (Chinese) [100%],exact,Tangshan Jidong Qixin Cement Co Ltd Cement Plant,Tangshan Jidong Qixin Cement Co Ltd [100.0%],integrated,1.65,operating,GCCT,GCCT,Cement and Concrete,n/a
cement,P100000123234,Wubao Jidong Cement Co Ltd Cement Plant,吴堡冀东特种水泥有限公司 (Chinese),Wubao Jidong Special Cement Co Ltd [100.0%],China;,Shaanxi,operating,2012,1.04,1.04,1.04,0.55,dry,37.452465,110.682016,37.452465,110.682016,https://www.gem.wiki/Wubao_Jidong_Cement_Co_Ltd_Cement_Plant,no,"Shaanxi, China",1.04,1.04,no,opc,no,grey,吴堡冀东特种水泥有限公司 (Chinese) [100%],exact,Wubao Jidong Cement Co Ltd Cement Plant,Wubao Jidong Special Cement Co Ltd [100.0%],integrated,1.04,operating,GCCT,GCCT,Cement and Concrete,n/a
cement,P100000123235,Xingtai Jinyu Yongning Cement Co Ltd Cement Plant,邢台金隅咏宁水泥有限公司 (Chinese),Xingtai Jinyu Yongning Cement Co Ltd [100.0%],China;,Hebei,operating,,3,3,3,1.6,dry,36.8812,114.315651,36.8812,114.315651,https://www.gem.wiki/Xingtai_Jinyu_Yongning_Cement_Co_Ltd_Cement_Plant,no,"Hebei, China",3,3,no,opc,no,grey,邢台金隅咏宁水泥有限公司 (Chinese) [100%],exact,Xingtai Jinyu Yongning Cement Co Ltd Cement Plant,Xingtai Jinyu Yongning Cement Co Ltd [100.0%],integrated,3.0,operating,GCCT,GCCT,Cement and Concrete,n/a
cement,P100000123236,Xuanhua BBMG Cement Co Ltd Cement Plant,宣化金隅水泥有限公司 (Chinese),Xuanhua BBMG Cement Co Ltd [100.0%],China;,Hebei,operating,2012,2,2,2,1.83,dry,40.765163,114.999039,40.765163,114.999039,https://www.gem.wiki/Xuanhua_BBMG_Cement_Co_Ltd_Cement_Plant,no,"Hebei, China",2,2,no,blended,no,grey,宣化金隅水泥有限公司 (Chinese) [100%],exact,Xuanhua BBMG Cement Co Ltd Cement Plant,Xuanhua BBMG Cement Co Ltd [100.0%],integrated,2.0,operating,GCCT,GCCT,Cement and Concrete,n/a
cement,P100000123237,Yangquan Jidong Cement Co Ltd Cement Plant,阳泉冀东水泥有限责任公司 (Chinese),Yangquan Jidong Cement Co Ltd [100.0%],China;,Shanxi,operating,2012,2,2,2,2.19,dry,37.888766,113.666389,37.888766,113.666389,https://www.gem.wiki/Yangquan_Jidong_Cement_Co_Ltd_Cement_Plant,no,"Shanxi, China",2,2,no,opc,no,grey,阳泉冀东水泥有限责任公司 (Chinese) [100%],exact,Yangquan Jidong Cement Co Ltd Cement Plant,Yangquan Jidong Cement Co Ltd [100.0%],integrated,2.0,operating,GCCT,GCCT,Cement and Concrete,n/a
cement,P100000123238,Zuoquan BBMG Cement Co Ltd Cement Plant,左权金隅水泥有限公司 (Chinese),Zuoquan BBMG Cement Co Ltd [100.0%],China;,Shanxi,operating,2013,1.2,1.2,1.2,1.22,dry,37.049849,113.370356,37.049849,113.370356,https://www.gem.wiki/Zuoquan_BBMG_Cement_Co_Ltd_Cement_Plant,no,"Shanxi, China",1.2,1.2,no,opc,no,grey,左权金隅水泥有限公司 (Chinese) [100%],exact,Zuoquan BBMG Cement Co Ltd Cement Plant,Zuoquan BBMG Cement Co Ltd [100.0%],integrated,1.2,operating,GCCT,GCCT,Cement and Concrete,n/a
cement,P100000123239,Innner Mongolia Jidong Cement Co Ltd Cement Plant,内蒙古冀东水泥有限责任公司 玉泉区 (Chinese),Inner Mongolia Jidong Cement Co Ltd [100.0%],China;,Inner Mongolia,operating,,3.8,3.8,3.8,n/a,n/a,40.738194,111.575579,40.738194,111.575579,https://www.gem.wiki/Innner_Mongolia_Jidong_Cement_Co_Ltd_Cement_Plant,n/a,"Inner Mongolia, China",3.8,3.8,n/a,opc,n/a,grey,内蒙古冀东水泥有限责任公司 玉泉区 (Chinese) [100%],exact,Innner Mongolia Jidong Cement Co Ltd Cement Plant,Inner Mongolia Jidong Cement Co Ltd [100.0%],grinding,3.8,operating,GCCT,GCCT,Cement and Concrete,n/a
cement,P100000123240,Jidong Cement Fuyu Co Ltd Cement Plant,冀东水泥扶余有限责任公司 (Chinese),Jidong Cement Fuyu Co Ltd [100.0%],China;,Jilin,operating,2004,0.8,0.8,0.8,n/a,n/a,45.117174,126.141284,45.117174,126.141284,https://www.gem.wiki/Jidong_Cement_Fuyu_Co_Ltd_Cement_Plant,n/a,"Jilin, China",0.8,0.8,n/a,opc,n/a,grey,冀东水泥扶余有限责任公司 (Chinese) [100%],exact,Jidong Cement Fuyu Co Ltd Cement Plant,Jidong Cement Fuyu Co Ltd [100.0%],grinding,0.8,operating,GCCT,GCCT,Cement and Concrete,n/a
cement,P100000123241,Jidong Cement Jilin Co Ltd Cement Plant,冀东水泥吉林有限责任公司 (Chinese),Jidong Cement Jilin Co Ltd [100.0%],China;,Jilin,operating,,1.5,1.5,1.5,n/a,n/a,43.888187,126.540238,43.888187,126.540238,https://www.gem.wiki/Jidong_Cement_Jilin_Co_Ltd_Cement_Plant,n/a,"Jilin, China",1.5,1.5,n/a,unknown,n/a,,冀东水泥吉林有限责任公司 (Chinese) [100%],exact,Jidong Cement Jilin Co Ltd Cement Plant,Jidong Cement Jilin Co Ltd [100.0%],grinding,1.5,operating,GCCT,GCCT,Cement and Concrete,n/a
cement,P100000123242,Kuishan Jidong Cement Co Ltd Cement Plant 1,奎山水泥有限公司 (奎山冀东水泥有限公司) (Chinese),Kuishan Jidong Cement Co Ltd [100.0%],China;,Hebei,operating,,3,3,3,1.65,dry,37.366197,114.717118,37.366197,114.717118,https://www.gem.wiki/Kuishan_Jidong_Cement_Co_Ltd_Cement_Plant_1,no,"Hebei, China",3,3,no,unknown,no,grey,奎山水泥有限公司 (奎山冀东水泥有限公司) (Chinese) [100%],exact,Kuishan Jidong Cement Co Ltd Cement Plant 1,Kuishan Jidong Cement Co Ltd [100.0%],integrated,3.0,operating,GCCT,GCCT,Cement and Concrete,n/a
cement,P100000123243,Sanhe Jidong Cement Co Ltd Cement Plant,三河冀东水泥有限责任公司 (Chinese),Sanhe Jidong Cement Co Ltd [100.0%],China;,Hebei,operating,,1.2,1.2,1.2,n/a,n/a,39.965989,116.992307,39.965989,116.992307,https://www.gem.wiki/Sanhe_Jidong_Cement_Co_Ltd_Cement_Plant,n/a,"Hebei, China",1.2,1.2,n/a,opc,n/a,grey,三河冀东水泥有限责任公司 (Chinese) [100%],exact,Sanhe Jidong Cement Co Ltd Cement Plant,Sanhe Jidong Cement Co Ltd [100.0%],grinding,1.2,operating,GCCT,GCCT,Cement and Concrete,n/a
cement,P100000123244,Shenyang Jidong Cement Co Ltd Cement Plant,沈阳冀东水泥有限公司 (Chinese),Shenyang Jidong Cement Co Ltd [100.0%],China;,Liaoning,operating,,1,1,1,n/a,n/a,41.572957,123.360689,41.572957,123.360689,https://www.gem.wiki/Shenyang_Jidong_Cement_Co_Ltd_Cement_Plant,n/a,"Liaoning, China",1,1,n/a,opc,n/a,grey,沈阳冀东水泥有限公司 (Chinese) [100%],exact,Shenyang Jidong Cement Co Ltd Cement Plant,Shenyang Jidong Cement Co Ltd [100.0%],grinding,1.0,operating,GCCT,GCCT,Cement and Concrete,n/a
cement,P100000123245,Shenzhou Jidong Cement Co Ltd Cement Plant,深州冀东水泥有限责任公司 (Chinese),Shenzhou Jidong Cement Co Ltd [100.0%],China;,Hebei,operating,,0.008,>0,>0,n/a,n/a,37.999837,115.604138,37.999837,115.604138,https://www.gem.wiki/Shenzhou_Jidong_Cement_Co_Ltd_Cement_Plant,n/a,"Hebei, China",0.008,0.008,n/a,unknown,n/a,,深州冀东水泥有限责任公司 (Chinese) [100%],exact,Shenzhou Jidong Cement Co Ltd Cement Plant,Shenzhou Jidong Cement Co Ltd [100.0%],grinding,0.008,operating,GCCT,GCCT,Cement and Concrete,n/a
cement,P100000123246,Tangshan Jidong Cement Co Ltd Cement Plant 1,唐山冀东水泥股份有限公司 (二厂) (Chinese),Tangshan Jidong Cement Co Ltd [100.0%],China;,Hebei,operating,2008,0.008,>0,>0,5.48,dry,39.951355,118.236892,39.951355,118.236892,https://www.gem.wiki/Tangshan_Jidong_Cement_Co_Ltd_Cement_Plant_1,no,"Hebei, China",0.008,0.008,no,opc,no,grey,唐山冀东水泥股份有限公司 (二厂) (Chinese) [100%],exact,Tangshan Jidong Cement Co Ltd Cement Plant 1,Tangshan Jidong Cement Co Ltd [100.0%],integrated,0.008,operating,GCCT,GCCT,Cement and Concrete,n/a
cement,P100000123247,Tianjin Jidong Cement Co Ltd Cement Plant,天津冀东水泥有限公司 (Chinese),Tianjin Jidong Cement Co Ltd [100.0%],China;,Tianjin,operating,2003,0.008,>0,>0,n/a,n/a,39.2829,117.383822,39.2829,117.383822,https://www.gem.wiki/Tianjin_Jidong_Cement_Co_Ltd_Cement_Plant,n/a,"Tianjin, China",0.008,0.008,n/a,unknown,n/a,,天津冀东水泥有限公司 (Chinese) [100%],exact,Tianjin Jidong Cement Co Ltd Cement Plant,Tianjin Jidong Cement Co Ltd [100.0%],grinding,0.008,operating,GCCT,GCCT,Cement and Concrete,n/a
cement,P100000123248,Zhangjiakou Jidong Cement Co Ltd Cement Plant,张家口冀东水泥有限责任公司 (Chinese),Zhangjiakou Jidong Cement [100.0%],China;,Hebei,operating,2013,0.8,0.8,0.8,n/a,n/a,40.580537,115.112043,40.580537,115.112043,https://www.gem.wiki/Zhangjiakou_Jidong_Cement_Co_Ltd_Cement_Plant,n/a,"Hebei, China",0.8,0.8,n/a,blast furnace slag,n/a,,张家口冀东水泥有限责任公司 (Chinese) [100%],exact,Zhangjiakou Jidong Cement Co Ltd Cement Plant,Zhangjiakou Jidong Cement [100.0%],grinding,0.8,operating,GCCT,GCCT,Cement and Concrete,n/a
cement,P100000123249,Gezhouba Yicheng Cement Co Ltd Cement Plant,葛洲坝宜城水泥有限公司 (Chinese),Gezhouba Yicheng Cement Co Ltd [100.0%],China;,Hubei,operating,2009,2,2,2,1.75,dry,31.741627,112.421607,31.741627,112.421607,https://www.gem.wiki/Gezhouba_Yicheng_Cement_Co_Ltd_Cement_Plant,no,"Hubei, China",2,2,no,opc,no,,葛洲坝宜城水泥有限公司 (Chinese) [100%],exact,Gezhouba Yicheng Cement Co Ltd Cement Plant,Gezhouba Yicheng Cement Co Ltd [100.0%],integrated,2.0,operating,GCCT,GCCT,Cement and Concrete,n/a
cement,P100000123250,Gezhouba Jingmen Cement Co Ltd Cement Plant,葛洲坝荆门水泥有限公司 (Chinese),Gezhouba Jingmen Cement Co Ltd [100.0%],China;,Hubei,operating,2008,2,2,2,1.75,dry,31.145625,112.188412,31.145625,112.188412,https://www.gem.wiki/Gezhouba_Jingmen_Cement_Co_Ltd_Cement_Plant,no,"Hubei, China",2,2,no,opc,no,,葛洲坝荆门水泥有限公司 (Chinese) [100%],exact,Gezhouba Jingmen Cement Co Ltd Cement Plant,Gezhouba Jingmen Cement Co Ltd [100.0%],integrated,2.0,operating,GCCT,GCCT,Cement and Concrete,n/a
cement,P100000123251,Gezhouba Jiayu Cement Co Ltd Cement Plant,葛洲坝嘉鱼水泥有限公司 (Chinese),Gezhouba Jiayu Cement Co Ltd [100.0%],China;,Hubei,operating,2009,2,2,2,1.49,dry,29.86611,113.802463,29.86611,113.802463,https://www.gem.wiki/Gezhouba_Jiayu_Cement_Co_Ltd_Cement_Plant,no,"Hubei, China",2,2,no,opc,no,,葛洲坝嘉鱼水泥有限公司 (Chinese) [100%],exact,Gezhouba Jiayu Cement Co Ltd Cement Plant,Gezhouba Jiayu Cement Co Ltd [100.0%],integrated,2.0,operating,GCCT,GCCT,Cement and Concrete,n/a
cement,P100000123252,Gezhouba Dangyang Cement Co Ltd Cement Plant,葛洲坝当阳水泥有限公司 (Chinese),Gezhouba Dangyang Cement Co Ltd [100.0%],China;,Hubei,operating,,5,5,5,2.08,dry,30.86526,111.640576,30.86526,111.640576,https://www.gem.wiki/Gezhouba_Dangyang_Cement_Co_Ltd_Cement_Plant,no,"Hubei, China",5,5,no,opc,no,,葛洲坝当阳水泥有限公司 (Chinese) [100%],exact,Gezhouba Dangyang Cement Co Ltd Cement Plant,Gezhouba Dangyang Cement Co Ltd [100.0%],integrated,5.0,operating,GCCT,GCCT,Cement and Concrete,n/a
cement,P100000123253,Gezhouba Laohekou Cement Co Ltd Cement Plant,葛洲坝老河口水泥有限公司 (Chinese),Gezhouba Laohekou Cement Co Ltd [100.0%],China;,Hubei,operating,2009,1,1,1,1.75,dry,32.461163,111.658317,32.461163,111.658317,https://www.gem.wiki/Gezhouba_Laohekou_Cement_Co_Ltd_Cement_Plant,no,"Hubei, China",1,1,no,opc,no,,葛洲坝老河口水泥有限公司 (Chinese) [100%],exact,Gezhouba Laohekou Cement Co Ltd Cement Plant,Gezhouba Laohekou Cement Co Ltd [100.0%],integrated,1.0,operating,GCCT,GCCT,Cement and Concrete,n/a
cement,P100000123254,Gezhouba Shimen Special Cement Co Ltd Cement Plant,葛洲坝石门特种水泥有限公司 (Chinese),Gezhouba Shimen Special Cement Co Ltd [100.0%],China;,Hunan,operating,2017,2.6,2.6,2.6,>0,dry,29.626508,111.307999,29.626508,111.307999,https://www.gem.wiki/Gezhouba_Shimen_Special_Cement_Co_Ltd_Cement_Plant,no,"Hunan, China",2.6,2.6,no,opc,no,white,葛洲坝石门特种水泥有限公司 (Chinese) [100%],exact,Gezhouba Shimen Special Cement Co Ltd Cement Plant,Gezhouba Shimen Special Cement Co Ltd [100.0%],integrated,2.6,operating,GCCT,GCCT,Cement and Concrete,n/a
cement,P100000123255,Gezhouba Songzi Cement Co Ltd Cement Plant,葛洲坝松滋水泥有限公司 (Chinese),Gezhouba Songzi Cement Co Ltd [100.0%],China;,Hubei,operating,2008,1.2,1.2,1.2,0.91,dry,30.077065,111.500255,30.077065,111.500255,https://www.gem.wiki/Gezhouba_Songzi_Cement_Co_Ltd_Cement_Plant,no,"Hubei, China",1.2,1.2,no,opc,no,,葛洲坝松滋水泥有限公司 (Chinese) [100%],exact,Gezhouba Songzi Cement Co Ltd Cement Plant,Gezhouba Songzi Cement Co Ltd [100.0%],integrated,1.2,operating,GCCT,GCCT,Cement and Concrete,n/a
cement,P100000123256,Gezhouba Xingshan Cement Co Ltd Cement Plant,葛洲坝兴山水泥有限公司 (Chinese),Gezhouba Xingshan Cement Co Ltd [100.0%],China;,Hubei,operating,2008,1,1,1,0.91,dry,31.178893,110.746287,31.178893,110.746287,https://www.gem.wiki/Gezhouba_Xingshan_Cement_Co_Ltd_Cement_Plant,no,"Hubei, China",1,1,no,opc,no,,葛洲坝兴山水泥有限公司 (Chinese) [100%],exact,Gezhouba Xingshan Cement Co Ltd Cement Plant,Gezhouba Xingshan Cement Co Ltd [100.0%],integrated,1.0,operating,GCCT,GCCT,Cement and Concrete,n/a
cement,P100000123257,Gezhouba Zhongxiang Cement Co Ltd Cement Plant,葛洲坝钟祥水泥有限公司 (Chinese),Gezhouba Zhongxiang Cement Co Ltd [100.0%],China;,Hubei,operating,2015,2,2,2,1.35,dry,31.274959,112.272753,31.274959,112.272753,https://www.gem.wiki/Gezhouba_Zhongxiang_Cement_Co_Ltd_Cement_Plant,no,"Hubei, China",2,2,no,opc,no,,葛洲坝钟祥水泥有限公司 (Chinese) [100%],exact,Gezhouba Zhongxiang Cement Co Ltd Cement Plant,Gezhouba Zhongxiang Cement Co Ltd [100.0%],integrated,2.0,operating,GCCT,GCCT,Cement and Concrete,n/a
cement,P100000123258,Gezhouba Hanchuan Handian Cement Co Ltd Cement Plant,葛洲坝汉川汉电水泥有限公司 (Chinese),Gezhouba Hanchuan Handian Cement Co Ltd [100.0%],China;,Hubei,operating,2009,1.2,1.2,1.2,n/a,n/a,30.669911,113.928119,30.669911,113.928119,https://www.gem.wiki/Gezhouba_Hanchuan_Handian_Cement_Co_Ltd_Cement_Plant,n/a,"Hubei, China",1.2,1.2,n/a,opc,n/a,,葛洲坝汉川汉电水泥有限公司 (Chinese) [100%],exact,Gezhouba Hanchuan Handian Cement Co Ltd Cement Plant,Gezhouba Hanchuan Handian Cement Co Ltd [100.0%],grinding,1.2,operating,GCCT,GCCT,Cement and Concrete,n/a
cement,P100000123259,Gezhouba Qianjiang Cement Co Ltd Cement Plant,葛洲坝潜江水泥有限公司 (Chinese),Gezhouba Qianjiang Cement Co Ltd [100.0%],China;,Hubei,operating,2009,1,1,1,n/a,n/a,30.188967,112.604904,30.188967,112.604904,https://www.gem.wiki/Gezhouba_Qianjiang_Cement_Co_Ltd_Cement_Plant,n/a,"Hubei, China",1,1,n/a,opc,n/a,,葛洲坝潜江水泥有限公司 (Chinese) [100%],exact,Gezhouba Qianjiang Cement Co Ltd Cement Plant,Gezhouba Qianjiang Cement Co Ltd [100.0%],grinding,1.0,operating,GCCT,GCCT,Cement and Concrete,n/a
cement,P100000123260,Anyang Hubo Clinker Co Ltd Cement Plant,安阳市湖波熟料有限公司 (Chinese),Anyang Hubo Clinker Co Ltd [100.0%],China;,Henan,operating,2013,2.555,2.555,2.555,>0,dry,36.087736,114.068821,36.087736,114.068821,https://www.gem.wiki/Anyang_Hubo_Clinker_Co_Ltd_Cement_Plant,no,"Henan, China",2.555,2.555,no,opc,no,grey,安阳市湖波熟料有限公司 (Chinese) [100%],exact,Anyang Hubo Clinker Co Ltd Cement Plant,Anyang Hubo Clinker Co Ltd [100.0%],integrated,2.555,operating,GCCT,GCCT,Cement and Concrete,n/a
cement,P100000123261,Qufu Zhonglian Cement Co Ltd Cement Plant,曲阜中联水泥有限公司 (Chinese),Qufu Zhonglian Cement Co Ltd [100.0%],China;,Shandong,operating,,1.41,1.41,1.41,1.28,dry,35.614161,117.080199,35.614161,117.080199,https://www.gem.wiki/Qufu_Zhonglian_Cement_Co_Ltd_Cement_Plant,no,"Shandong, China",1.41,1.41,no,unknown,no,,曲阜中联水泥有限公司 (Chinese) [100%],exact,Qufu Zhonglian Cement Co Ltd Cement Plant,Qufu Zhonglian Cement Co Ltd [100.0%],integrated,1.41,operating,GCCT,GCCT,Cement and Concrete,n/a
cement,P100000123262,Lanxi Zhuge Nanfang Cement Co Ltd Cement Plant,兰溪诸葛南方水泥有限公司 (Chinese),Lanxi Zhuge Nanfang Cement Co Ltd [100.0%],China;,Zhejiang,operating,,1.47,1.47,1.47,>0,dry,29.274489,119.297096,29.274489,119.297096,https://www.gem.wiki/Lanxi_Zhuge_Nanfang_Cement_Co_Ltd_Cement_Plant,no,"Zhejiang, China",1.47,1.47,no,blended,no,grey,兰溪诸葛南方水泥有限公司 (Chinese) [100%],exact,Lanxi Zhuge Nanfang Cement Co Ltd Cement Plant,Lanxi Zhuge Nanfang Cement Co Ltd [100.0%],integrated,1.47,operating,GCCT,GCCT,Cement and Concrete,n/a
cement,P100000123263,Linyi Zhonglian Cement Co Ltd Cement Plant,临沂中联水泥有限公司 (Chinese),Linyi Zhonglian Cement Co Ltd [100.0%],China;,Shandong,operating,2006,2,2,2,2.01,dry,34.968495,117.893384,34.968495,117.893384,https://www.gem.wiki/Linyi_Zhonglian_Cement_Co_Ltd_Cement_Plant,no,"Shandong, China",2,2,no,unknown,no,grey,临沂中联水泥有限公司 (Chinese) [100%],exact,Linyi Zhonglian Cement Co Ltd Cement Plant,Linyi Zhonglian Cement Co Ltd [100.0%],integrated,2.0,operating,GCCT,GCCT,Cement and Concrete,n/a
cement,P100000123264,Dezhou Zhonglian Dam Cement Co Ltd Cement Plant,德州中联大坝水泥有限公司 (Chinese),Dezhou Zhonglian Dam Cement Co Ltd [100.0%],China;,Shandong,operating,,3,3,3,1.7,dry,37.474302,116.239932,37.474302,116.239932,https://www.gem.wiki/Dezhou_Zhonglian_Dam_Cement_Co_Ltd_Cement_Plant,no,"Shandong, China",3,3,no,opc,no,grey,德州中联大坝水泥有限公司 (Chinese) [100%],exact,Dezhou Zhonglian Dam Cement Co Ltd Cement Plant,Dezhou Zhonglian Dam Cement Co Ltd [100.0%],integrated,3.0,operating,GCCT,GCCT,Cement and Concrete,n/a
cement,P100000123265,Juxian Zhonglian Cement Co Ltd Cement Plant,莒县中联水泥有限公司 (Chinese),Juxian Zhonglian Cement Co Ltd [100.0%],China;,Shandong,operating,,1.9,1.9,1.9,1.2,dry,35.939397,118.919357,35.939397,118.919357,https://www.gem.wiki/Juxian_Zhonglian_Cement_Co_Ltd_Cement_Plant,no,"Shandong, China",1.9,1.9,no,unknown,no,,莒县中联水泥有限公司 (Chinese) [100%],exact,Juxian Zhonglian Cement Co Ltd Cement Plant,Juxian Zhonglian Cement Co Ltd [100.0%],integrated,1.9,operating,GCCT,GCCT,Cement and Concrete,n/a
cement,P100000123266,Chuzhou Zhonglian Cement Co Ltd Cement Plant,滁州中联水泥有限公司 (Chinese),Chuzhou Zhonglian Cement Co Ltd [100.0%],China;,Anhui,operating,2023,1.99,1.99,1.99,1.46,dry,32.213098,118.279162,32.213098,118.279162,https://www.gem.wiki/Chuzhou_Zhonglian_Cement_Co_Ltd_Cement_Plant,no,"Anhui, China",1.99,1.99,no,opc,no,grey,滁州中联水泥有限公司 (Chinese) [100%],exact,Chuzhou Zhonglian Cement Co Ltd Cement Plant,Chuzhou Zhonglian Cement Co Ltd [100.0%],integrated,1.99,operating,GCCT,GCCT,Cement and Concrete,n/a
cement,P100000123267,Hunan Changde Nanfang Cement Co Ltd Cement Plant,湖南常德南方水泥有限公司 (Chinese),Hunan Changde Nanfang Cement Co Ltd [100.0%],China;,Hunan,operating,2010,2,2,2,1.83,dry,29.139568,111.614278,29.139568,111.614278,https://www.gem.wiki/Hunan_Changde_Nanfang_Cement_Co_Ltd_Cement_Plant,no,"Hunan, China",2,2,no,opc,no,grey,湖南常德南方水泥有限公司 (Chinese) [100%],exact,Hunan Changde Nanfang Cement Co Ltd Cement Plant,Hunan Changde Nanfang Cement Co Ltd [100.0%],integrated,2.0,operating,GCCT,GCCT,Cement and Concrete,n/a
cement,P100000123268,Hunan Liuyang Nanfang Cement Co Ltd Cement Plant,湖南浏阳南方水泥有限公司 (Chinese),Hunan Liuyang Nanfang Cement Co Ltd [100.0%],China;,Hunan,operating,,,n/a,n/a,1.27,dry,28.189018,113.306758,28.189018,113.306758,https://www.gem.wiki/Hunan_Liuyang_Nanfang_Cement_Co_Ltd_Cement_Plant,no,"Hunan, China",,,no,opc,no,grey,湖南浏阳南方水泥有限公司 (Chinese) [100%],exact,Hunan Liuyang Nanfang Cement Co Ltd Cement Plant,Hunan Liuyang Nanfang Cement Co Ltd [100.0%],clinker only,1.5719178536863079,operating,GCCT,GCCT,Cement and Concrete,
cement,P100000123269,Zaozhuang Zhonglian Cement Co Ltd Cement Plant,枣庄中联水泥有限公司 (Chinese),Zaozhuang Zhonglian Cement Co Ltd [100.0%],China;,Shandong,operating,,,n/a,n/a,1.46,dry,34.926747,117.528367,34.926747,117.528367,https://www.gem.wiki/Zaozhuang_Zhonglian_Cement_Co_Ltd_Cement_Plant,no,"Shandong, China",,,no,opc,no,grey,枣庄中联水泥有限公司 (Chinese) [100%],exact,Zaozhuang Zhonglian Cement Co Ltd Cement Plant,Zaozhuang Zhonglian Cement Co Ltd [100.0%],clinker only,1.5719178536863079,operating,GCCT,GCCT,Cement and Concrete,
cement,P100000123270,Tongxiang Heshan Nanfang Cement Co Ltd Cement Plant,桐乡河山南方水泥有限公司 (Chinese),Tongxiang Heshan Nanfang Cement Co Ltd [100.0%],China;,Zhejiang,operating,,1,1,1,>0,dry,30.648885,120.366445,30.648885,120.366445,https://www.gem.wiki/Tongxiang_Heshan_Nanfang_Cement_Co_Ltd_Cement_Plant,no,"Zhejiang, China",1,1,no,unknown,no,,桐乡河山南方水泥有限公司 (Chinese) [100%],exact,Tongxiang Heshan Nanfang Cement Co Ltd Cement Plant,Tongxiang Heshan Nanfang Cement Co Ltd [100.0%],integrated,1.0,operating,GCCT,GCCT,Cement and Concrete,n/a
cement,P100000123271,Pingyi Zhonglian Cement Co Ltd Cement Plant,平邑中联水泥有限公司 (Chinese),Pingyi Zhonglian Cement Co Ltd [100.0%],China;,Shandong,operating,,2.15,2.15,2.15,1.64,dry,35.405277,117.627232,35.405277,117.627232,https://www.gem.wiki/Pingyi_Zhonglian_Cement_Co_Ltd_Cement_Plant,no,"Shandong, China",2.15,2.15,no,unknown,no,,平邑中联水泥有限公司 (Chinese) [100%],exact,Pingyi Zhonglian Cement Co Ltd Cement Plant,Pingyi Zhonglian Cement Co Ltd [100.0%],integrated,2.15,operating,GCCT,GCCT,Cement and Concrete,n/a
cement,P100000123272,Anhui Guangde Hongshan Nanfang Cement Co Ltd Cement Plant,安徽广德洪山南方水泥有限公司 (Chinese),Anhui Guangde Hongshan Nanfang Cement Co Ltd [100.0%],China;,Anhui,operating,2009,1.44,1.44,1.44,1.64,dry,31.063867,119.594509,31.063867,119.594509,https://www.gem.wiki/Anhui_Guangde_Hongshan_Nanfang_Cement_Co_Ltd_Cement_Plant,no,"Anhui, China",1.44,1.44,no,opc,no,grey,安徽广德洪山南方水泥有限公司 (Chinese) [100%],exact,Anhui Guangde Hongshan Nanfang Cement Co Ltd Cement Plant,Anhui Guangde Hongshan Nanfang Cement Co Ltd [100.0%],integrated,1.44,operating,GCCT,GCCT,Cement and Concrete,n/a
cement,P100000123273,Lixian Zhonglian Tianguang Cement Co Ltd Cement Plant,郏县中联天广水泥有限公司 (Chinese),Lixian Zhonglian Tianguang Cement Co Ltd [100.0%],China;,Henan,operating,,3,3,3,1.64,dry,34.046654,113.153132,34.046654,113.153132,https://www.gem.wiki/Lixian_Zhonglian_Tianguang_Cement_Co_Ltd_Cement_Plant,no,"Henan, China",3,3,no,opc,no,grey,郏县中联天广水泥有限公司 (Chinese) [100%],exact,Lixian Zhonglian Tianguang Cement Co Ltd Cement Plant,Lixian Zhonglian Tianguang Cement Co Ltd [100.0%],integrated,3.0,operating,GCCT,GCCT,Cement and Concrete,n/a
cement,P100000123274,Changshan Nanfang Cement Co Ltd Cement Plant,常山南方水泥有限公司 (Chinese),Changshan Nanfang Cement Co Ltd [100.0%],China;,Zhejiang,operating,2004,4.2,4.2,4.2,4,dry,28.968326,118.456606,28.968326,118.456606,https://www.gem.wiki/Changshan_Nanfang_Cement_Co_Ltd_Cement_Plant,no,"Zhejiang, China",4.2,4.2,no,unknown,no,,常山南方水泥有限公司 (Chinese) [100%],exact,Changshan Nanfang Cement Co Ltd Cement Plant,Changshan Nanfang Cement Co Ltd [100.0%],integrated,4.2,operating,GCCT,GCCT,Cement and Concrete,n/a
cement,P100000123275,Guilin Nanfang Cement Co Ltd Cement Plant,桂林南方水泥有限公司 (Chinese),Guilin Nanfang Cement Co Ltd [100.0%],China;,Guangxi,operating,2010,2.4,2.4,2.4,2.92,dry,24.93015,110.829581,24.93015,110.829581,https://www.gem.wiki/Guilin_Nanfang_Cement_Co_Ltd_Cement_Plant,no,"Guangxi, China",2.4,2.4,no,opc,no,grey,桂林南方水泥有限公司 (Chinese) [100%],exact,Guilin Nanfang Cement Co Ltd Cement Plant,Guilin Nanfang Cement Co Ltd [100.0%],integrated,2.4,operating,GCCT,GCCT,Cement and Concrete,n/a
cement,P100000123276,Hunan Leiyang Nanfang Cement Co Ltd Cement Plant,湖南耒阳南方水泥有限公司 (Chinese),Hunan Leiyang Nanfang Cement Co Ltd [100.0%],China;,Hunan,operating,,3.2,3.2,3.2,2.56,dry,26.340874,112.811689,26.340874,112.811689,https://www.gem.wiki/Hunan_Leiyang_Nanfang_Cement_Co_Ltd_Cement_Plant,no,"Hunan, China",3.2,3.2,no,opc,no,grey,湖南耒阳南方水泥有限公司 (Chinese) [100%],exact,Hunan Leiyang Nanfang Cement Co Ltd Cement Plant,Hunan Leiyang Nanfang Cement Co Ltd [100.0%],integrated,3.2,operating,GCCT,GCCT,Cement and Concrete,n/a
cement,P100000123277,Lunan Zhonglian Cement Co Ltd Cement Plant,鲁南中联水泥有限公司 (Chinese),Lunan Zhonglian Cement Co Ltd [100.0%],China;,Shandong,operating,1980,1.8,1.8,1.8,1.83,dry,35.212656,117.027522,35.212656,117.027522,https://www.gem.wiki/Lunan_Zhonglian_Cement_Co_Ltd_Cement_Plant,no,"Shandong, China",1.8,1.8,no,unknown,no,,鲁南中联水泥有限公司 (Chinese) [100%],exact,Lunan Zhonglian Cement Co Ltd Cement Plant,Lunan Zhonglian Cement Co Ltd [100.0%],integrated,1.8,operating,GCCT,GCCT,Cement and Concrete,n/a
cement,P100000123278,Hunan Suxian Nanfang Cement Co Ltd Cement Plant,湖南苏仙南方水泥有限公司 (Chinese),Hunan Suxian Nanfang Cement Co Ltd [100.0%],China;,Hunan,operating,,1.5,1.5,1.5,>0,dry,25.574033,113.006797,25.574033,113.006797,https://www.gem.wiki/Hunan_Suxian_Nanfang_Cement_Co_Ltd_Cement_Plant,no,"Hunan, China",1.5,1.5,no,opc,no,grey,湖南苏仙南方水泥有限公司 (Chinese) [100%],exact,Hunan Suxian Nanfang Cement Co Ltd Cement Plant,Hunan Suxian Nanfang Cement Co Ltd [100.0%],integrated,1.5,operating,GCCT,GCCT,Cement and Concrete,n/a
cement,P100000123279,Jiangxi Luxi Nanfang Cement Co Ltd Cement Plant,江西芦溪南方水泥有限公司 (Chinese),Jiangxi Luxi Nanfang Cement Co Ltd [100.0%],China;,Jiangxi,operating,2006,1,1,1,0.78,dry,27.6541,114.074635,27.6541,114.074635,https://www.gem.wiki/Jiangxi_Luxi_Nanfang_Cement_Co_Ltd_Cement_Plant,no,"Jiangxi, China",1,1,no,unknown,no,,江西芦溪南方水泥有限公司 (Chinese) [100%],exact,Jiangxi Luxi Nanfang Cement Co Ltd Cement Plant,Jiangxi Luxi Nanfang Cement Co Ltd [100.0%],integrated,1.0,operating,GCCT,GCCT,Cement and Concrete,n/a
cement,P100000123280,Jiangxi Yushan Nanfang Cement Co Ltd Cement Plant,江西玉山南方水泥有限公司 (Chinese),Jiangxi Yushan Nanfang Cement Co Ltd [100.0%],China;,Jiangxi,operating,,3.2,3.2,3.2,2.48,dry,28.699945,118.314033,28.699945,118.314033,https://www.gem.wiki/Jiangxi_Yushan_Nanfang_Cement_Co_Ltd_Cement_Plant,no,"Jiangxi, China",3.2,3.2,no,opc,no,grey,江西玉山南方水泥有限公司 (Chinese) [100%],exact,Jiangxi Yushan Nanfang Cement Co Ltd Cement Plant,Jiangxi Yushan Nanfang Cement Co Ltd [100.0%],integrated,3.2,operating,GCCT,GCCT,Cement and Concrete,n/a
cement,P100000123281,Jiangsu Xushe Nanfang Cement Co Ltd Cement Plant,江苏徐舍南方水泥有限公司 (Chinese),Jiangsu Xushe Nanfang Cement Co Ltd [100.0%],China;,Jiangsu,retired,,1.5,1.5,1.5,0.91,dry,31.357426,119.581498,31.357426,119.581498,https://www.gem.wiki/Jiangsu_Xushe_Nanfang_Cement_Co_Ltd_Cement_Plant,no,"Jiangsu, China",1.5,1.5,no,unknown,no,,江苏徐舍南方水泥有限公司 (Chinese) [100%],exact,Jiangsu Xushe Nanfang Cement Co Ltd Cement Plant,Jiangsu Xushe Nanfang Cement Co Ltd [100.0%],integrated,1.5,retired-plus,GCCT,GCCT,Cement and Concrete,n/a
cement,P100000123282,Xuzhou Zhonglian Cement Co Ltd Cement Plant 2,徐州中联水泥有限公司 (Chinese),Xuzhou Zhonglian Cement Co Ltd [100.0%],China;,Jiangsu,operating,,,n/a,n/a,>0,dry,34.474876,117.459992,34.474876,117.459992,https://www.gem.wiki/Xuzhou_Zhonglian_Cement_Co_Ltd_Cement_Plant_2,no,"Jiangsu, China",,,no,unknown,no,,徐州中联水泥有限公司 (Chinese) [100%],exact,Xuzhou Zhonglian Cement Co Ltd Cement Plant 2,Xuzhou Zhonglian Cement Co Ltd [100.0%],clinker only,1.5719178536863079,operating,GCCT,GCCT,Cement and Concrete,
cement,P100000123283,Hunan Jinlei South Cement Co Ltd Cement Plant,湖南金磊南方水泥有限公司 (Chinese),Hunan Jinlei South Cement Co Ltd [100.0%],China;,Hunan,operating,,2,2,2,>0,dry,25.959229,113.238784,25.959229,113.238784,https://www.gem.wiki/Hunan_Jinlei_South_Cement_Co_Ltd_Cement_Plant,no,"Hunan, China",2,2,no,opc,no,grey,湖南金磊南方水泥有限公司 (Chinese) [100%],exact,Hunan Jinlei South Cement Co Ltd Cement Plant,Hunan Jinlei South Cement Co Ltd [100.0%],integrated,2.0,operating,GCCT,GCCT,Cement and Concrete,n/a
cement,P100000123284,Xingtai Zhonglian Cement Co Ltd Cement Plant,邢台中联水泥有限公司 (Chinese),Xingtai Zhonglian Cement Co Ltd [100.0%],China;,Hebei,operating,1950,0.5,0.5,0.5,>0,dry,37.304121,114.519444,37.304121,114.519444,https://www.gem.wiki/Xingtai_Zhonglian_Cement_Co_Ltd_Cement_Plant,no,"Hebei, China",0.5,0.5,no,unknown,no,,邢台中联水泥有限公司 (Chinese) [100%],exact,Xingtai Zhonglian Cement Co Ltd Cement Plant,Xingtai Zhonglian Cement Co Ltd [100.0%],integrated,0.5,operating,GCCT,GCCT,Cement and Concrete,n/a
cement,P100000123285,Wulanchabu Zhonglian Cement Co Ltd Cement Plant,乌兰察布中联水泥有限公司 (Chinese),Wulanchabu Zhonglian Cement Co Ltd [100.0%],China;,Inner Mongolia,operating,1999,2,2,2,2.74,dry,41.712344,113.106074,41.712344,113.106074,https://www.gem.wiki/Wulanchabu_Zhonglian_Cement_Co_Ltd_Cement_Plant,no,"Inner Mongolia, China",2,2,no,unknown,no,,乌兰察布中联水泥有限公司 (Chinese) [100%],exact,Wulanchabu Zhonglian Cement Co Ltd Cement Plant,Wulanchabu Zhonglian Cement Co Ltd [100.0%],integrated,2.0,operating,GCCT,GCCT,Cement and Concrete,n/a
cement,P100000123286,Dengfeng Zhonglian Dengdian Cement Co Ltd Cement Plant,登封中联登电水泥有限公司 (Chinese),Dengfeng Zhonglian Dengdian Cement Co Ltd [100.0%],China;,Henan,operating,2009,2.2,2.2,2.2,1.55,dry,34.372875,113.065124,34.372875,113.065124,https://www.gem.wiki/Dengfeng_Zhonglian_Dengdian_Cement_Co_Ltd_Cement_Plant,no,"Henan, China",2.2,2.2,no,opc,no,grey,登封中联登电水泥有限公司 (Chinese) [100%],exact,Dengfeng Zhonglian Dengdian Cement Co Ltd Cement Plant,Dengfeng Zhonglian Dengdian Cement Co Ltd [100.0%],integrated,2.2,operating,GCCT,GCCT,Cement and Concrete,n/a
cement,P100000123287,Xichuan Zhonglian Cement Co Ltd Cement Plant,淅川中联水泥有限公司 (Chinese),Xichuan Zhonglian Cement Co Ltd [100.0%],China;,Henan,operating,,0.008,>0,>0,1.64,dry,33.100208,111.48739,33.100208,111.48739,https://www.gem.wiki/Xichuan_Zhonglian_Cement_Co_Ltd_Cement_Plant,no,"Henan, China",0.008,0.008,no,unknown,no,,淅川中联水泥有限公司 (Chinese) [100%],exact,Xichuan Zhonglian Cement Co Ltd Cement Plant,Xichuan Zhonglian Cement Co Ltd [100.0%],integrated,0.008,operating,GCCT,GCCT,Cement and Concrete,n/a
cement,P100000123288,Nanyang Zhonglian Wolong Cement Co Ltd Cement Plant,南阳中联卧龙水泥有限公司 (Chinese),Nanyang Zhonglian Wolong Cement Co Ltd [100.0%],China;,Henan,operating,,3.6,3.6,3.6,2.79,dry,33.119861,112.603502,33.119861,112.603502,https://www.gem.wiki/Nanyang_Zhonglian_Wolong_Cement_Co_Ltd_Cement_Plant,no,"Henan, China",3.6,3.6,no,opc,no,grey,南阳中联卧龙水泥有限公司 (Chinese) [100%],exact,Nanyang Zhonglian Wolong Cement Co Ltd Cement Plant,Nanyang Zhonglian Wolong Cement Co Ltd [100.0%],integrated,3.6,operating,GCCT,GCCT,Cement and Concrete,n/a
cement,P100000123289,Jiangsu Xinjie Nanfang Cement Co Ltd Cement Plant,江苏新街南方水泥有限公司 (Chinese),Jiangsu Xinjie Nanfang Cement Co Ltd [100.0%],China;,Jiangsu,operating,2008,,n/a,n/a,1.83,dry,31.324863,119.647243,31.324863,119.647243,https://www.gem.wiki/Jiangsu_Xinjie_Nanfang_Cement_Co_Ltd_Cement_Plant,no,"Jiangsu, China",,,no,unknown,no,,江苏新街南方水泥有限公司 (Chinese) [100%],exact,Jiangsu Xinjie Nanfang Cement Co Ltd Cement Plant,Jiangsu Xinjie Nanfang Cement Co Ltd [100.0%],clinker only,1.5719178536863079,operating,GCCT,GCCT,Cement and Concrete,
cement,P100000123290,Hunan Qidong Nanfang Cement Co Ltd Cement Plant,湖南祁东南方水泥有限公司 (Chinese),Hunan Qidong Nanfang Cement Co Ltd [100.0%],China;,Hunan,operating,,1.2,1.2,1.2,1.64,dry,26.750371,112.082645,26.750371,112.082645,https://www.gem.wiki/Hunan_Qidong_Nanfang_Cement_Co_Ltd_Cement_Plant,no,"Hunan, China",1.2,1.2,no,opc,no,grey,湖南祁东南方水泥有限公司 (Chinese) [100%],exact,Hunan Qidong Nanfang Cement Co Ltd Cement Plant,Hunan Qidong Nanfang Cement Co Ltd [100.0%],integrated,1.2,operating,GCCT,GCCT,Cement and Concrete,n/a
cement,P100000123291,Huzhou Coal Mountain Southern Cement Co Ltd Cement Plant,湖州煤山南方水泥有限公司 (Chinese),Huzhou Coal Mountain Southern Cement Co Ltd [100.0%],China;,Zhejiang,retired,,1.53,1.53,1.53,1.46,dry,31.09595,119.751184,31.09595,119.751184,https://www.gem.wiki/Huzhou_Coal_Mountain_Southern_Cement_Co_Ltd_Cement_Plant,no,"Zhejiang, China",1.53,1.53,no,unknown,no,,湖州煤山南方水泥有限公司 (Chinese) [100%],exact,Huzhou Coal Mountain Southern Cement Co Ltd Cement Plant,Huzhou Coal Mountain Southern Cement Co Ltd [100.0%],integrated,1.53,retired-plus,GCCT,GCCT,Cement and Concrete,n/a
cement,P100000123292,Huzhou Nanfang Cement Co Ltd Cement Plant,湖州南方水泥有限公司 (Chinese),Huzhou Nanfang Cement Co Ltd [100.0%],China;,Zhejiang,retired,,5,5,5,18,dry,30.935667,119.946136,30.935667,119.946136,https://www.gem.wiki/Huzhou_Nanfang_Cement_Co_Ltd_Cement_Plant,no,"Zhejiang, China",5,5,no,unknown,no,,湖州南方水泥有限公司 (Chinese) [100%],exact,Huzhou Nanfang Cement Co Ltd Cement Plant,Huzhou Nanfang Cement Co Ltd [100.0%],integrated,5.0,retired-plus,GCCT,GCCT,Cement and Concrete,n/a
cement,P100000123293,Dongping Zhonglian Meijing Cement Co Ltd Cement Plant,东平中联水泥有限公司 (Chinese),Dongping Zhonglian Meijing Cement Co Ltd [100.0%],China;,Shandong,operating,,0.8,0.8,0.8,1.24,dry,35.997904,116.372894,35.997904,116.372894,https://www.gem.wiki/Dongping_Zhonglian_Meijing_Cement_Co_Ltd_Cement_Plant,no,"Shandong, China",0.8,0.8,no,unknown,no,,东平中联水泥有限公司 (Chinese) [100%],exact,Dongping Zhonglian Meijing Cement Co Ltd Cement Plant,Dongping Zhonglian Meijing Cement Co Ltd [100.0%],integrated,0.8,operating,GCCT,GCCT,Cement and Concrete,n/a
cement,P100000123294,Tonglu Nanfang Cement Co Ltd Cement Plant,桐庐南方水泥有限公司 (Chinese),Tonglu Nanfang Cement Co Ltd [100.0%],China;,Zhejiang,operating,2003,1.2,1.2,1.2,1.83,dry,29.827321,119.686369,29.827321,119.686369,https://www.gem.wiki/Tonglu_Nanfang_Cement_Co_Ltd_Cement_Plant,no,"Zhejiang, China",1.2,1.2,no,unknown,no,,桐庐南方水泥有限公司 (Chinese) [100%],exact,Tonglu Nanfang Cement Co Ltd Cement Plant,Tonglu Nanfang Cement Co Ltd [100.0%],integrated,1.2,operating,GCCT,GCCT,Cement and Concrete,n/a
cement,P100000123295,Qingzhou Zhonglian Cement Co Ltd Cement Plant,青州中联水泥有限公司 (Chinese),Qingzhou Zhonglian Cement Co Ltd [100.0%],China;,Shandong,operating,2006,4.38,4.38,4.38,4.38,dry,36.759859,118.406492,36.759859,118.406492,https://www.gem.wiki/Qingzhou_Zhonglian_Cement_Co_Ltd_Cement_Plant,no,"Shandong, China",4.38,4.38,yes,unknown,no,,青州中联水泥有限公司 (Chinese) [100%],exact,Qingzhou Zhonglian Cement Co Ltd Cement Plant,Qingzhou Zhonglian Cement Co Ltd [100.0%],integrated,4.38,operating,GCCT,GCCT,Cement and Concrete,n/a
cement,P100000123297,Huzhou Huaikan South Cement Co Ltd Cement Plant,湖州槐坎南方水泥有限公司 (Chinese),Huzhou Huaikan South Cement Co Ltd [100.0%],China;,Zhejiang,operating,,3.6,3.6,3.6,2.74,dry,31.091069,119.686372,31.091069,119.686372,https://www.gem.wiki/Huzhou_Huaikan_South_Cement_Co_Ltd_Cement_Plant,no,"Zhejiang, China",3.6,3.6,no,unknown,no,,湖州槐坎南方水泥有限公司 (Chinese) [100%],exact,Huzhou Huaikan South Cement Co Ltd Cement Plant,Huzhou Huaikan South Cement Co Ltd [100.0%],integrated,3.6,operating,GCCT,GCCT,Cement and Concrete,n/a
cement,P100000123298,Rizhao Zhonglian Cement Co Ltd Cement Plant,日照中联水泥有限公司 (Chinese),Rizhao Zhonglian Cement Co Ltd [100.0%],China;,Shandong,operating,,2,2,2,1.6,dry,35.659014,118.831003,35.659014,118.831003,https://www.gem.wiki/Rizhao_Zhonglian_Cement_Co_Ltd_Cement_Plant,no,"Shandong, China",2,2,no,opc,no,grey,日照中联水泥有限公司 (Chinese) [100%],exact,Rizhao Zhonglian Cement Co Ltd Cement Plant,Rizhao Zhonglian Cement Co Ltd [100.0%],integrated,2.0,operating,GCCT,GCCT,Cement and Concrete,n/a
cement,P100000123299,Jiangsu Liyang Nanfang Cement Co Ltd Cement Plant,江苏溧阳南方水泥有限公司 (Chinese),Jiangsu Liyang Nanfang Cement Co Ltd [100.0%],China;,Jiangsu,operating,,4,4,4,>0,dry,31.361481,119.330047,31.361481,119.330047,https://www.gem.wiki/Jiangsu_Liyang_Nanfang_Cement_Co_Ltd_Cement_Plant,no,"Jiangsu, China",4,4,no,unknown,no,,江苏溧阳南方水泥有限公司 (Chinese) [100%],exact,Jiangsu Liyang Nanfang Cement Co Ltd Cement Plant,Jiangsu Liyang Nanfang Cement Co Ltd [100.0%],integrated,4.0,operating,GCCT,GCCT,Cement and Concrete,n/a
cement,P100000123300,Jiangxi Taihe Nanfang Cement Co Ltd Cement Plant,江西泰和南方水泥有限公司 (Chinese),Jiangxi Taihe Nanfang Cement Co Ltd [100.0%],China;,Jiangxi,operating,,0.008,>0,>0,0.37,dry,26.816525,114.860425,26.816525,114.860425,https://www.gem.wiki/Jiangxi_Taihe_Nanfang_Cement_Co_Ltd_Cement_Plant,no,"Jiangxi, China",0.008,0.008,no,unknown,no,,江西泰和南方水泥有限公司 (Chinese) [100%],exact,Jiangxi Taihe Nanfang Cement Co Ltd Cement Plant,Jiangxi Taihe Nanfang Cement Co Ltd [100.0%],integrated,0.008,operating,GCCT,GCCT,Cement and Concrete,n/a
cement,P100000123301,Sichuan Lisen Building Materials Group Co Ltd Cement Plant,四川利森建材集团有限公司 (Chinese),Sichuan Lisen Building Materials Group Co Ltd [100.0%],China;,Sichuan,operating,,3.5,3.5,3.5,2.99,dry,31.258366,104.04253,31.258366,104.04253,https://www.gem.wiki/Sichuan_Lisen_Building_Materials_Group_Co_Ltd_Cement_Plant,no,"Sichuan, China",3.5,3.5,no,unknown,no,,四川利森建材集团有限公司 (Chinese) [100%],exact,Sichuan Lisen Building Materials Group Co Ltd Cement Plant,Sichuan Lisen Building Materials Group Co Ltd [100.0%],integrated,3.5,operating,GCCT,GCCT,Cement and Concrete,n/a
cement,P100000123302,Sinoma Tianshan (Yunfu) Cement Co Ltd Cement Plant,中材天山（云浮）水泥有限公司 (Chinese),Sinoma Tianshan (Yunfu) Cement [100.0%],China;,Guangdong,operating,,2,2,2,>0,dry,23.053386,111.998378,23.053386,111.998378,https://www.gem.wiki/Sinoma_Tianshan_(Yunfu)_Cement_Co_Ltd_Cement_Plant,no,"Guangdong, China",2,2,no,blended,no,grey,中材天山（云浮）水泥有限公司 (Chinese) [100%],exact,Sinoma Tianshan (Yunfu) Cement Co Ltd Cement Plant,Sinoma Tianshan (Yunfu) Cement [100.0%],integrated,2.0,operating,GCCT,GCCT,Cement and Concrete,n/a
cement,P100000123303,Sinoma Pingxiang Cement Co Ltd Cement Plant,中材萍乡水泥有限公司 (Chinese),Sinoma Pingxiang Cement Co Ltd [100.0%],China;,Jiangxi,operating,,3.5,3.5,3.5,2.56,dry,27.697284,113.825503,27.697284,113.825503,https://www.gem.wiki/Sinoma_Pingxiang_Cement_Co_Ltd_Cement_Plant,no,"Jiangxi, China",3.5,3.5,no,unknown,no,,中材萍乡水泥有限公司 (Chinese) [100%],exact,Sinoma Pingxiang Cement Co Ltd Cement Plant,Sinoma Pingxiang Cement Co Ltd [100.0%],integrated,3.5,operating,GCCT,GCCT,Cement and Concrete,n/a
cement,P100000123304,Sinoma Hengda Cement Co Ltd Cement Plant 2,中材亨达水泥有限公司（郁南分公 司） (Chinese),Sinoma Hengda Cement Co Ltd [100.0%],China;,Guangdong,operating,,5,5,5,2.74,dry,23.035101,111.980748,23.035101,111.980748,https://www.gem.wiki/Sinoma_Hengda_Cement_Co_Ltd_Cement_Plant_2,no,"Guangdong, China",5,5,no,opc,no,grey,中材亨达水泥有限公司 (Chinese) [100%],exact,Sinoma Hengda Cement Co Ltd Cement Plant 2,Sinoma Hengda Cement Co Ltd [100.0%],integrated,5.0,operating,GCCT,GCCT,Cement and Concrete,n/a
cement,P100000123305,Sinoma Anhui Cement Co Ltd Cement Plant,中材安徽水泥有限公司 (Chinese),Sinoma Anhui Cement Co Ltd [100.0%],China;,Anhui,operating,2008,2.5,2.5,2.5,6,dry,31.518947,117.752078,31.518947,117.752078,https://www.gem.wiki/Sinoma_Anhui_Cement_Co_Ltd_Cement_Plant,no,"Anhui, China",2.5,2.5,no,opc,no,grey,中材安徽水泥有限公司 (Chinese) [100%],exact,Sinoma Anhui Cement Co Ltd Cement Plant,Sinoma Anhui Cement Co Ltd [100.0%],integrated,2.5,operating,GCCT,GCCT,Cement and Concrete,n/a
cement,P100000123306,Sinoma Zhuzhou Cement Co Ltd Cement Plant,中材株洲水泥有限责任公司 (Chinese),Sinoma Zhuzhou Cement Co Ltd [100.0%],China;,Hunan,operating,2008,2,2,2,1.83,dry,27.963997,113.216266,27.963997,113.216266,https://www.gem.wiki/Sinoma_Zhuzhou_Cement_Co_Ltd_Cement_Plant,no,"Hunan, China",2,2,no,unknown,no,,中材株洲水泥有限责任公司 (Chinese) [100%],exact,Sinoma Zhuzhou Cement Co Ltd Cement Plant,Sinoma Zhuzhou Cement Co Ltd [100.0%],integrated,2.0,operating,GCCT,GCCT,Cement and Concrete,n/a
cement,P100000123307,Sinoma Hanjiang Cement Co Ltd Cement Plant,中材汉江水泥股份有限公司 (Chinese),Sinoma Hanjiang Cement Co Ltd [100.0%],China;,Shaanxi,operating,2002,2,2,2,1.83,dry,33.099215,106.992661,33.099215,106.992661,https://www.gem.wiki/Sinoma_Hanjiang_Cement_Co_Ltd_Cement_Plant,no,"Shaanxi, China",2,2,no,opc,no,grey,中材汉江水泥股份有限公司 (Chinese) [100%],exact,Sinoma Hanjiang Cement Co Ltd Cement Plant,Sinoma Hanjiang Cement Co Ltd [100.0%],integrated,2.0,operating,GCCT,GCCT,Cement and Concrete,n/a
cement,P100000123308,Sinoma Changde Cement Co Ltd Cement Plant,中材常德水泥有限责任公司 (Chinese),Sinoma Changde Cement Co Ltd [100.0%],China;,Hunan,operating,,1,1,1,>0,dry,29.311703,111.315189,29.311703,111.315189,https://www.gem.wiki/Sinoma_Changde_Cement_Co_Ltd_Cement_Plant,no,"Hunan, China",1,1,no,unknown,no,,中材常德水泥有限责任公司 (Chinese) [100%],exact,Sinoma Changde Cement Co Ltd Cement Plant,Sinoma Changde Cement Co Ltd [100.0%],integrated,1.0,operating,GCCT,GCCT,Cement and Concrete,n/a
cement,P100000123309,Sinoma Xiangtan Cement Co Ltd Cement Plant,中材湘潭水泥有限责任公司 (Chinese),Sinoma Xiangtan Cement Co Ltd [100.0%],China;,Hunan,operating,,2,2,2,1.83,dry,27.983793,112.847056,27.983793,112.847056,https://www.gem.wiki/Sinoma_Xiangtan_Cement_Co_Ltd_Cement_Plant,no,"Hunan, China",2,2,no,unknown,no,,中材湘潭水泥有限责任公司 (Chinese) [100%],exact,Sinoma Xiangtan Cement Co Ltd Cement Plant,Sinoma Xiangtan Cement Co Ltd [100.0%],integrated,2.0,operating,GCCT,GCCT,Cement and Concrete,n/a
cement,P100000123310,Anji Nanfang Cement Co Ltd Cement Plant,安吉南方水泥有限公司 (Chinese),Anji Nanfang Cement Co Ltd [100.0%],China;,Zhejiang,operating,2003,1.64,1.64,1.64,>0,dry,30.723,119.701685,30.723,119.701685,https://www.gem.wiki/Anji_Nanfang_Cement_Co_Ltd_Cement_Plant,no,"Zhejiang, China",1.64,1.64,no,unknown,no,,安吉南方水泥有限公司 (Chinese) [100%],exact,Anji Nanfang Cement Co Ltd Cement Plant,Anji Nanfang Cement Co Ltd [100.0%],integrated,1.64,operating,GCCT,GCCT,Cement and Concrete,n/a
cement,P100000123311,Anyang Zhonglian Cement Co Ltd Cement Plant,安阳中联水泥有限公司 (Chinese),Anyang Zhonglian Cement Co Ltd [100.0%],China;,Henan,operating,2011,4.8,4.8,4.8,3.29,dry,36.167804,114.065663,36.167804,114.065663,https://www.gem.wiki/Anyang_Zhonglian_Cement_Co_Ltd_Cement_Plant,no,"Henan, China",4.8,4.8,no,opc,no,grey,安阳中联水泥有限公司 (Chinese) [100%],exact,Anyang Zhonglian Cement Co Ltd Cement Plant,Anyang Zhonglian Cement Co Ltd [100.0%],integrated,4.8,operating,GCCT,GCCT,Cement and Concrete,n/a
cement,P100000123312,Bengbu Zhonglian Cement Co Ltd Cement Plant,蚌埠中联水泥有限公司 (Chinese),Bengbu Zhonglian Cement Co Ltd [100.0%],China;,Anhui,operating,2014,,n/a,n/a,1.64,dry,32.782547,117.174059,32.782547,117.174059,https://www.gem.wiki/Bengbu_Zhonglian_Cement_Co_Ltd_Cement_Plant,no,"Anhui, China",,,no,opc,no,grey,蚌埠中联水泥有限公司 (Chinese) [100%],exact,Bengbu Zhonglian Cement Co Ltd Cement Plant,Bengbu Zhonglian Cement Co Ltd [100.0%],clinker only,1.5719178536863079,operating,GCCT,GCCT,Cement and Concrete,
cement,P100000123313,Changxing South Cement Co Ltd Cement Plant,长兴南方水泥有限公司 (Chinese),Changxing South Cement Co Ltd [100.0%],China;,Zhejiang,operating,,2.7,2.7,2.7,>0,dry,31.110549,119.723102,31.110549,119.723102,https://www.gem.wiki/Changxing_South_Cement_Co_Ltd_Cement_Plant,no,"Zhejiang, China",2.7,2.7,no,opc,no,grey,长兴南方水泥有限公司 (Chinese) [100%],exact,Changxing South Cement Co Ltd Cement Plant,Changxing South Cement Co Ltd [100.0%],integrated,2.7,operating,GCCT,GCCT,Cement and Concrete,n/a
cement,P100000123317,Deqing Qianyuan Nanfang Cement Co Ltd Cement Plant,德清乾元南方水泥有限公司 (Chinese),Deqing Qianyuan Nanfang Cement Co Ltd [100.0%],China;,Zhejiang,retired,,1.5,1.5,1.5,0.37,dry,30.559766,120.091098,30.559766,120.091098,https://www.gem.wiki/Deqing_Qianyuan_Nanfang_Cement_Co_Ltd_Cement_Plant,no,"Zhejiang, China",1.5,1.5,no,unknown,no,,德清乾元南方水泥有限公司 (Chinese) [100%],exact,Deqing Qianyuan Nanfang Cement Co Ltd Cement Plant,Deqing Qianyuan Nanfang Cement Co Ltd [100.0%],integrated,1.5,retired-plus,GCCT,GCCT,Cement and Concrete,n/a
cement,P100000123318,Deqing Xinshi Nanfang Cement Company Cement Plant,德清新市南方水泥有限公司 (Chinese),Deqing Xinshi Nanfang Cement Co [100.0%],China;,Zhejiang,retired,,0.6,0.6,0.6,n/a,n/a,30.593294,120.232341,30.593294,120.232341,https://www.gem.wiki/Deqing_Xinshi_Nanfang_Cement_Company_Cement_Plant,n/a,"Zhejiang, China",0.6,0.6,n/a,unknown,n/a,,德清新市南方水泥有限公司 (Chinese) [100%],exact,Deqing Xinshi Nanfang Cement Company Cement Plant,Deqing Xinshi Nanfang Cement Co [100.0%],grinding,0.6,retired-plus,GCCT,GCCT,Cement and Concrete,n/a
cement,P100000123319,Fuyang Sanshi Cement Co Ltd Cement Plant,杭州富阳南方水泥有限公司 (Chinese),Fuyang Sanshi Cement Co Ltd [100.0%],China;,Zhejiang,operating,,1.13,1.13,1.13,>0,dry,29.936659,119.819031,29.936659,119.819031,https://www.gem.wiki/Fuyang_Sanshi_Cement_Co_Ltd_Cement_Plant,no,"Zhejiang, China",1.13,1.13,no,unknown,no,,杭州富阳南方水泥有限公司 (Chinese) [100%],exact,Fuyang Sanshi Cement Co Ltd Cement Plant,Fuyang Sanshi Cement Co Ltd [100.0%],integrated,1.13,operating,GCCT,GCCT,Cement and Concrete,n/a
cement,P100000123320,Fuyang Shanya Nanfang Cement Co Ltd Cement Plant,杭州山亚南方水泥有限公司 (Chinese),Fuyang Shanya Nanfang Cement Co Ltd [100.0%],China;,Zhejiang,operating,,,n/a,n/a,1.5,dry,29.875153,119.742454,29.875153,119.742454,https://www.gem.wiki/Fuyang_Shanya_Nanfang_Cement_Co_Ltd_Cement_Plant,no,"Zhejiang, China",,,no,opc,no,grey,杭州山亚南方水泥有限公司 (Chinese) [100%],exact,Fuyang Shanya Nanfang Cement Co Ltd Cement Plant,Fuyang Shanya Nanfang Cement Co Ltd [100.0%],clinker only,1.5719178536863079,operating,GCCT,GCCT,Cement and Concrete,
cement,P100000123321,Guangde Xinhang Nanfang Cement Co Ltd Cement Plant,广德新杭南方水泥有限公司 (Chinese),Guangde Xinhang Nanfang Cement Co Ltd [100.0%],China;,Anhui,operating,,1.74,1.74,1.74,2.74,dry,31.077059,119.578067,31.077059,119.578067,https://www.gem.wiki/Guangde_Xinhang_Nanfang_Cement_Co_Ltd_Cement_Plant,no,"Anhui, China",1.74,1.74,no,opc,no,grey,广德新杭南方水泥有限公司 (Chinese) [100%],exact,Guangde Xinhang Nanfang Cement Co Ltd Cement Plant,Guangde Xinhang Nanfang Cement Co Ltd [100.0%],integrated,1.74,operating,GCCT,GCCT,Cement and Concrete,n/a
cement,P100000123322,Guangxi Jinli Cement Co Ltd Cement Plant,广西金鲤水泥有限公司 (Chinese),Guangxi Jinli Cement Co Ltd [100.0%],China;,Guangxi,operating,2020,4.5,4.5,4.5,3.29,dry,22.730285,109.407823,22.730285,109.407823,https://www.gem.wiki/Guangxi_Jinli_Cement_Co_Ltd_Cement_Plant,no,"Guangxi, China",4.5,4.5,no,blended,no,grey,广西金鲤水泥有限公司 (Chinese) [100%],exact,Guangxi Jinli Cement Co Ltd Cement Plant,Guangxi Jinli Cement Co Ltd [100.0%],integrated,4.5,operating,GCCT,GCCT,Cement and Concrete,n/a
cement,P100000123323,Huaihai Zhonglian Cement Co Ltd Cement Plant,淮海中联水泥有限公司 (Chinese),Huaihai Zhonglian Cement Co Ltd [100.0%],China;,Jiangsu,retired,,3.15,3.15,3.15,>0,dry,34.415816,117.250549,34.415816,117.250549,https://www.gem.wiki/Huaihai_Zhonglian_Cement_Co_Ltd_Cement_Plant,no,"Jiangsu, China",3.15,3.15,no,unknown,no,,淮海中联水泥有限公司 (Chinese) [100%],exact,Huaihai Zhonglian Cement Co Ltd Cement Plant,Huaihai Zhonglian Cement Co Ltd [100.0%],integrated,3.15,retired-plus,GCCT,GCCT,Cement and Concrete,n/a
cement,P100000123324,Huichang Red Lion Cement Co Ltd Cement Plant,会昌红狮水泥有限公司 (Chinese),Huichang Red Lion Cement Co Ltd [100.0%],China;,Jiangxi,operating,,4,4,4,3.65,dry,25.844446,115.865441,25.844446,115.865441,https://www.gem.wiki/Huichang_Red_Lion_Cement_Co_Ltd_Cement_Plant,no,"Jiangxi, China",4,4,no,opc,no,grey,会昌红狮水泥有限公司 (Chinese) [100%],exact,Huichang Red Lion Cement Co Ltd Cement Plant,Huichang Red Lion Cement Co Ltd [100.0%],integrated,4.0,operating,GCCT,GCCT,Cement and Concrete,n/a
cement,P100000123325,Hunan Anren South Cement Co Ltd Cement Plant,湖南安仁南方水泥有限公司 (Chinese),Hunan Anren South Cement Co [100.0%],China;,Hunan,operating,,1.1,1.1,1.1,0.78,dry,26.553552,113.304149,26.553552,113.304149,https://www.gem.wiki/Hunan_Anren_South_Cement_Co_Ltd_Cement_Plant,no,"Hunan, China",1.1,1.1,no,unknown,no,,湖南安仁南方水泥有限公司 (Chinese) [100%],exact,Hunan Anren South Cement Co Ltd Cement Plant,Hunan Anren South Cement Co [100.0%],integrated,1.1,operating,GCCT,GCCT,Cement and Concrete,n/a
cement,P100000123326,Guzhang South Cement Company Cement Plant,湖南古丈南方水泥有限公司 (Chinese),Guzhang South Cement Co [100.0%],China;,Hunan,operating,,,n/a,n/a,0.91,dry,28.720093,109.882675,28.720093,109.882675,https://www.gem.wiki/Guzhang_South_Cement_Company_Cement_Plant,no,"Hunan, China",,,no,opc,no,grey,湖南古丈南方水泥有限公司 (Chinese) [100%],exact,Guzhang South Cement Company Cement Plant,Guzhang South Cement Co [100.0%],clinker only,1.5719178536863079,operating,GCCT,GCCT,Cement and Concrete,
cement,P100000123327,Hunan Hengnan Nanfang Cement Co Ltd Cement Plant,湖南衡南南方水泥有限公司 (Chinese),Hunan Hengnan Nanfang Cement Co Ltd [100.0%],China;,Hunan,retired,,1.49,1.49,1.49,>0,dry,26.828354,112.953578,26.828354,112.953578,https://www.gem.wiki/Hunan_Hengnan_Nanfang_Cement_Co_Ltd_Cement_Plant,no,"Hunan, China",1.49,1.49,no,unknown,no,,湖南衡南南方水泥有限公司 (Chinese) [100%],exact,Hunan Hengnan Nanfang Cement Co Ltd Cement Plant,Hunan Hengnan Nanfang Cement Co Ltd [100.0%],integrated,1.49,retired-plus,GCCT,GCCT,Cement and Concrete,n/a
cement,P100000123328,Hunan Ningxiang Nanfang Cement Co Ltd Cement Plant,湖南宁乡南方水泥有限公司 (Chinese),Hunan Ningxiang Nanfang Cement Co Ltd [100.0%],China;,Hunan,operating,2004,3.2,3.2,3.2,2.37,dry,28.224586,112.682477,28.224586,112.682477,https://www.gem.wiki/Hunan_Ningxiang_Nanfang_Cement_Co_Ltd_Cement_Plant,no,"Hunan, China",3.2,3.2,no,opc,no,grey,湖南宁乡南方水泥有限公司 (Chinese) [100%],exact,Hunan Ningxiang Nanfang Cement Co Ltd Cement Plant,Hunan Ningxiang Nanfang Cement Co Ltd [100.0%],integrated,3.2,operating,GCCT,GCCT,Cement and Concrete,n/a
cement,P100000123329,Hunan Pingtang South Cement Co Ltd Cement Plant,湖南坪塘南方水泥有限公司 (Chinese),Hunan Pingtang South Cement Co Ltd [100.0%],China;,Hunan,retired,2007,1.81,1.81,1.81,1.83,dry,28.053748,112.892786,28.053748,112.892786,https://www.gem.wiki/Hunan_Pingtang_South_Cement_Co_Ltd_Cement_Plant,no,"Hunan, China",1.81,1.81,no,unknown,no,,湖南坪塘南方水泥有限公司 (Chinese) [100%],exact,Hunan Pingtang South Cement Co Ltd Cement Plant,Hunan Pingtang South Cement Co Ltd [100.0%],integrated,1.81,retired-plus,GCCT,GCCT,Cement and Concrete,n/a
cement,P100000123330,Hunan Shaofeng South Cement Co Ltd Cement Plant,湖南韶峰南方水泥有限公司 (Chinese),Hunan Shaofeng South Cement Co Ltd [100.0%],China;,Hunan,operating,,3,3,3,4.75,dry,27.733621,112.218816,27.733621,112.218816,https://www.gem.wiki/Hunan_Shaofeng_South_Cement_Co_Ltd_Cement_Plant,no,"Hunan, China",3,3,no,opc,no,grey,湖南韶峰南方水泥有限公司 (Chinese) [100%],exact,Hunan Shaofeng South Cement Co Ltd Cement Plant,Hunan Shaofeng South Cement Co Ltd [100.0%],integrated,3.0,operating,GCCT,GCCT,Cement and Concrete,n/a
cement,P100000123331,Hunan Taojiang Nanfang Cement Co Ltd Cement Plant,湖南桃江南方水泥有限公司 (Chinese),Hunan Taojiang Nanfang Cement Co Ltd [100.0%],China;,Hunan,operating,,1,1,1,1.64,dry,28.314626,112.236868,28.314626,112.236868,https://www.gem.wiki/Hunan_Taojiang_Nanfang_Cement_Co_Ltd_Cement_Plant,no,"Hunan, China",1,1,no,opc,no,grey,湖南桃江南方水泥有限公司 (Chinese) [100%],exact,Hunan Taojiang Nanfang Cement Co Ltd Cement Plant,Hunan Taojiang Nanfang Cement Co Ltd [100.0%],integrated,1.0,operating,GCCT,GCCT,Cement and Concrete,n/a
cement,P100000123332,Huzhou Baixian South Cement Co Ltd Cement Plant,湖州白岘南方水泥有限公司 (Chinese),Huzhou Baixian South Cement Co Ltd [100.0%],China;,Zhejiang,operating,,1.31,1.31,1.31,>0,dry,31.116327,119.700671,31.116327,119.700671,https://www.gem.wiki/Huzhou_Baixian_South_Cement_Co_Ltd_Cement_Plant,no,"Zhejiang, China",1.31,1.31,no,unknown,no,,湖州白岘南方水泥有限公司 (Chinese) [100%],exact,Huzhou Baixian South Cement Co Ltd Cement Plant,Huzhou Baixian South Cement Co Ltd [100.0%],integrated,1.31,operating,GCCT,GCCT,Cement and Concrete,n/a
cement,P100000123333,Huzhou Lijiaxiang Nanfang Cement Co Ltd Cement Plant,湖州李家巷南方水泥有限公司 (Chinese),Huzhou Lijiaxiang Nanfang Cement Co Ltd [100.0%],China;,Zhejiang,retired,,1.13,1.13,1.13,>0,dry,30.943903,119.981004,30.943903,119.981004,https://www.gem.wiki/Huzhou_Lijiaxiang_Nanfang_Cement_Co_Ltd_Cement_Plant,no,"Zhejiang, China",1.13,1.13,no,unknown,no,,湖州李家巷南方水泥有限公司 (Chinese) [100%],exact,Huzhou Lijiaxiang Nanfang Cement Co Ltd Cement Plant,Huzhou Lijiaxiang Nanfang Cement Co Ltd [100.0%],integrated,1.13,retired-plus,GCCT,GCCT,Cement and Concrete,n/a
cement,P100000123334,Huzhou Xiaopu Nanfang Cement Co Ltd Cement Plant,湖州小浦南方水泥有限公司 (Chinese),Huzhou Xiaopu Nanfang Cement Co Ltd [100.0%],China;,Zhejiang,operating,,1.2,1.2,1.2,0.73,dry,31.04043,119.823512,31.04043,119.823512,https://www.gem.wiki/Huzhou_Xiaopu_Nanfang_Cement_Co_Ltd_Cement_Plant,no,"Zhejiang, China",1.2,1.2,no,unknown,no,,湖州小浦南方水泥有限公司 (Chinese) [100%],exact,Huzhou Xiaopu Nanfang Cement Co Ltd Cement Plant,Huzhou Xiaopu Nanfang Cement Co Ltd [100.0%],integrated,1.2,operating,GCCT,GCCT,Cement and Concrete,n/a
cement,P100000123335,Jiangsu Qingshi Cement Co Ltd Cement Plant,江苏青狮水泥有限公司 (Chinese),Jiangsu Qingshi Cement Co Ltd [100.0%],China;,Jiangsu,operating,,1.58,1.58,1.58,3.1,dry,31.245958,119.800396,31.245958,119.800396,https://www.gem.wiki/Jiangsu_Qingshi_Cement_Co_Ltd_Cement_Plant,no,"Jiangsu, China",1.58,1.58,no,opc,no,grey,江苏青狮水泥有限公司 (Chinese) [100%],exact,Jiangsu Qingshi Cement Co Ltd Cement Plant,Jiangsu Qingshi Cement Co Ltd [100.0%],integrated,1.58,operating,GCCT,GCCT,Cement and Concrete,n/a
cement,P100000123336,Jiangsu Yangxian Nanfang Cement Co Ltd Cement Plant,江苏阳羡南方水泥有限公司 (Chinese),Jiangsu Yangxian Nanfang Cement Co Ltd [100.0%],China;,Jiangsu,retired,,,not found,,>0,dry,31.241391,119.802962,31.241391,119.802962,https://www.gem.wiki/Jiangsu_Yangxian_Nanfang_Cement_Co_Ltd_Cement_Plant,no,"Jiangsu, China",,,no,unknown,no,,江苏阳羡南方水泥有限公司 (Chinese) [100%],exact,Jiangsu Yangxian Nanfang Cement Co Ltd Cement Plant,Jiangsu Yangxian Nanfang Cement Co Ltd [100.0%],integrated,1.5719178536863079,retired-plus,GCCT,GCCT,Cement and Concrete,
cement,P100000123337,Jiangxi Anfu Nanfang Cement Co Ltd Cement Plant,江西安福南方水泥有限公司 (Chinese),Jiangxi Anfu Nanfang Cement Co Ltd [100.0%],China;,Jiangxi,operating,,1.43,1.43,1.43,>0,dry,27.40032,114.690611,27.40032,114.690611,https://www.gem.wiki/Jiangxi_Anfu_Nanfang_Cement_Co_Ltd_Cement_Plant,no,"Jiangxi, China",1.43,1.43,no,unknown,no,,江西安福南方水泥有限公司 (Chinese) [100%],exact,Jiangxi Anfu Nanfang Cement Co Ltd Cement Plant,Jiangxi Anfu Nanfang Cement Co Ltd [100.0%],integrated,1.43,operating,GCCT,GCCT,Cement and Concrete,n/a
cement,P100000123338,Jiangxi Fengcheng Nanfang Cement Co Ltd Cement Plant,江西丰城南方水泥有限公司 (Chinese),Jiangxi Fengcheng Nanfang Cement Co Ltd [100.0%],China;,Jiangxi,operating,,,n/a,n/a,1.74,,28.222593,115.698101,28.222593,115.698101,https://www.gem.wiki/Jiangxi_Fengcheng_Nanfang_Cement_Co_Ltd_Cement_Plant,n/a,"Jiangxi, China",,,n/a,unknown,n/a,,江西丰城南方水泥有限公司 (Chinese) [100%],exact,Jiangxi Fengcheng Nanfang Cement Co Ltd Cement Plant,Jiangxi Fengcheng Nanfang Cement Co Ltd [100.0%],clinker only,1.5719178536863079,operating,GCCT,GCCT,Cement and Concrete,
cement,P100000123339,Jiangxi Hongsheng Yuhua Cement Co Ltd Cement Plant,江西宏盛玉华水泥有限公司 (Chinese),Jiangxi Hongsheng Yuhua Cement Co Ltd [100.0%],China;,Jiangxi,retired,,2,2,2,1.53,dry,27.369127,114.669097,27.369127,114.669097,https://www.gem.wiki/Jiangxi_Hongsheng_Yuhua_Cement_Co_Ltd_Cement_Plant,no,"Jiangxi, China",2,2,no,unknown,no,,江西宏盛玉华水泥有限公司 (Chinese) [100%],exact,Jiangxi Hongsheng Yuhua Cement Co Ltd Cement Plant,Jiangxi Hongsheng Yuhua Cement Co Ltd [100.0%],integrated,2.0,retired-plus,GCCT,GCCT,Cement and Concrete,n/a
cement,P100000123340,Jiangxi Hushan Yanying Cement Co Ltd Cement Plant,江西虎山岩鹰水泥有限公司 (Chinese),Jiangxi Hushan Yanying Cement Co Ltd [100.0%],China;,Jiangxi,operating,2004,3,3,3,2.74,dry,28.700614,118.339868,28.700614,118.339868,https://www.gem.wiki/Jiangxi_Hushan_Yanying_Cement_Co_Ltd_Cement_Plant,no,"Jiangxi, China",3,3,no,unknown,no,,江西虎山岩鹰水泥有限公司 (Chinese) [100%],exact,Jiangxi Hushan Yanying Cement Co Ltd Cement Plant,Jiangxi Hushan Yanying Cement Co Ltd [100.0%],integrated,3.0,operating,GCCT,GCCT,Cement and Concrete,n/a
cement,P100000123341,Jiangxi Jiujiang Nanfang Cement Co Ltd Cement Plant,江西九江南方水泥有限公司 (Chinese),Jiangxi Jiujiang Nanfang Cement Co Ltd [100.0%],China;,Jiangxi,operating,2006,2.18,2.18,2.18,1.83,dry,29.926156,116.565899,29.926156,116.565899,https://www.gem.wiki/Jiangxi_Jiujiang_Nanfang_Cement_Co_Ltd_Cement_Plant,no,"Jiangxi, China",2.18,2.18,no,opc,no,grey,江西九江南方水泥有限公司 (Chinese) [100%],exact,Jiangxi Jiujiang Nanfang Cement Co Ltd Cement Plant,Jiangxi Jiujiang Nanfang Cement Co Ltd [100.0%],integrated,2.18,operating,GCCT,GCCT,Cement and Concrete,n/a
cement,P100000123342,Jiangxi Nancheng Nanfang Cement Co Ltd Cement Plant,江西南城南方水泥有限公司 (Chinese),Jiangxi Nanchang Nanfang Cement Co Ltd [100.0%],China;,Jiangxi,operating,,2,2,2,1.75,dry,27.408521,116.669502,27.408521,116.669502,https://www.gem.wiki/Jiangxi_Nancheng_Nanfang_Cement_Co_Ltd_Cement_Plant,no,"Jiangxi, China",2,2,no,opc,no,,江西南城南方水泥有限公司 (Chinese) [100%],exact,Jiangxi Nancheng Nanfang Cement Co Ltd Cement Plant,Jiangxi Nanchang Nanfang Cement Co Ltd [100.0%],integrated,2.0,operating,GCCT,GCCT,Cement and Concrete,n/a
cement,P100000123343,Jiangxi Pingxiang Nanfang Cement Co Ltd Cement Plant,江西萍乡南方水泥有限公司 (Chinese),Jiangxi Pingxiang Nanfang Cement Co Ltd [100.0%],China;,Jiangxi,retired,,,not found,,n/a,n/a,27.651948,113.735237,27.651948,113.735237,https://www.gem.wiki/Jiangxi_Pingxiang_Nanfang_Cement_Co_Ltd_Cement_Plant,n/a,"Jiangxi, China",,,n/a,unknown,n/a,,江西萍乡南方水泥有限公司 (Chinese) [100%],exact,Jiangxi Pingxiang Nanfang Cement Co Ltd Cement Plant,Jiangxi Pingxiang Nanfang Cement Co Ltd [100.0%],grinding,1.5719178536863079,retired-plus,GCCT,GCCT,Cement and Concrete,
cement,P100000123344,Jiangxi Shanggao South Cement Co Ltd Cement Plant,江西上高南方水泥有限公司 (Chinese),Jiangxi Shanggao South Cement Co Ltd [100.0%],China;,Jiangxi,operating,,1,1,1,>0,dry,28.18057,114.629883,28.18057,114.629883,https://www.gem.wiki/Jiangxi_Shanggao_South_Cement_Co_Ltd_Cement_Plant,no,"Jiangxi, China",1,1,no,unknown,no,,江西上高南方水泥有限公司 (Chinese) [100%],exact,Jiangxi Shanggao South Cement Co Ltd Cement Plant,Jiangxi Shanggao South Cement Co Ltd [100.0%],integrated,1.0,operating,GCCT,GCCT,Cement and Concrete,n/a
cement,P100000123345,Jiangxi Yongfeng South Cement Co Ltd Cement Plant,江西永丰南方水泥有限公司 (Chinese),Jiangxi Yongfeng South Cement Co Ltd [100.0%],China;,Jiangxi,operating,2010,2,2,2,1.64,dry,27.069471,115.741168,27.069471,115.741168,https://www.gem.wiki/Jiangxi_Yongfeng_South_Cement_Co_Ltd_Cement_Plant,no,"Jiangxi, China",2,2,no,opc,no,grey,江西永丰南方水泥有限公司 (Chinese) [100%],exact,Jiangxi Yongfeng South Cement Co Ltd Cement Plant,Jiangxi Yongfeng South Cement Co Ltd [100.0%],integrated,2.0,operating,GCCT,GCCT,Cement and Concrete,n/a
cement,P100000123346,Jining Zhonglian Cement Co Ltd Cement Plant,济宁中联水泥有限公司 (Chinese),Jining Zhonglian Cement Co Ltd [100.0%],China;,Shandong,operating,,1.5,1.5,1.5,2.63,dry,35.628638,117.316337,35.628638,117.316337,https://www.gem.wiki/Jining_Zhonglian_Cement_Co_Ltd_Cement_Plant,no,"Shandong, China",1.5,1.5,no,opc,no,grey,济宁中联水泥有限公司 (Chinese) [100%],exact,Jining Zhonglian Cement Co Ltd Cement Plant,Jining Zhonglian Cement Co Ltd [100.0%],integrated,1.5,operating,GCCT,GCCT,Cement and Concrete,n/a
cement,P100000123347,Jiyuan Zhonglian Cement Co Ltd Cement Plant,济源中联水泥有限公司 (Chinese),Jiyuan Zhonglian Cement Co Ltd [100.0%],China;,Henan,operating,2017,1,1,1,1.24,dry,35.140431,112.611989,35.140431,112.611989,https://www.gem.wiki/Jiyuan_Zhonglian_Cement_Co_Ltd_Cement_Plant,no,"Henan, China",1,1,no,opc,no,grey,济源中联水泥有限公司 (Chinese) [100%],exact,Jiyuan Zhonglian Cement Co Ltd Cement Plant,Jiyuan Zhonglian Cement Co Ltd [100.0%],integrated,1.0,operating,GCCT,GCCT,Cement and Concrete,n/a
cement,P100000123348,Lanxi Nanfang Cement Co Ltd Cement Plant,兰溪诸葛南方水泥有限公司 (Chinese),Lanxi Nanfang Cement Co Ltd [100.0%],China;,Zhejiang,operating,,,n/a,n/a,1.46,dry,29.200945,119.510059,29.200945,119.510059,https://www.gem.wiki/Lanxi_Nanfang_Cement_Co_Ltd_Cement_Plant,no,"Zhejiang, China",,,no,unknown,no,,兰溪诸葛南方水泥有限公司 (Chinese) [100%],exact,Lanxi Nanfang Cement Co Ltd Cement Plant,Lanxi Nanfang Cement Co Ltd [100.0%],clinker only,1.5719178536863079,operating,GCCT,GCCT,Cement and Concrete,
cement,P100000123349,Lincheng Zhonglian Cement Co Ltd Cement Plant,临城中联水泥有限公司 (Chinese),Lincheng Zhonglian Cement Co Ltd [100.0%],China;,Hebei,operating,,,n/a,n/a,1.2,dry,37.453949,114.458518,37.453949,114.458518,https://www.gem.wiki/Lincheng_Zhonglian_Cement_Co_Ltd_Cement_Plant,no,"Hebei, China",,,no,opc,no,grey,临城中联水泥有限公司 (Chinese) [100%],exact,Lincheng Zhonglian Cement Co Ltd Cement Plant,Lincheng Zhonglian Cement Co Ltd [100.0%],clinker only,1.5719178536863079,operating,GCCT,GCCT,Cement and Concrete,
cement,P100000123350,Lincheng Zhonglian Fushi Cement Co Ltd Cement Plant,临城中联福石水泥有限公司 (Chinese),Lincheng Zhonglian Fushi Cement Co Ltd [100.0%],China;,Hebei,operating,,1.97,1.97,1.97,1.1,dry,37.525584,114.441562,37.525584,114.441562,https://www.gem.wiki/Lincheng_Zhonglian_Fushi_Cement_Co_Ltd_Cement_Plant,no,"Hebei, China",1.97,1.97,no,unknown,no,,临城中联福石水泥有限公司 (Chinese) [100%],exact,Lincheng Zhonglian Fushi Cement Co Ltd Cement Plant,Lincheng Zhonglian Fushi Cement Co Ltd [100.0%],integrated,1.97,operating,GCCT,GCCT,Cement and Concrete,n/a
cement,P100000123351,Luoyang Zhonglian Cement Co Ltd Cement Plant,洛阳中联水泥有限公司 (Chinese),Luoyang Zhonglian Cement Co Ltd [100.0%],China;,Henan,operating,2014,1,1,1,1.5,dry,34.159013,112.403142,34.159013,112.403142,https://www.gem.wiki/Luoyang_Zhonglian_Cement_Co_Ltd_Cement_Plant,no,"Henan, China",1,1,no,opc,no,grey,洛阳中联水泥有限公司 (Chinese) [100%],exact,Luoyang Zhonglian Cement Co Ltd Cement Plant,Luoyang Zhonglian Cement Co Ltd [100.0%],integrated,1.0,operating,GCCT,GCCT,Cement and Concrete,n/a
cement,P100000123352,Nanjing Zhonglian Cement Co Ltd Cement Plant,南京中联水泥有限公司 (Chinese),Nanjing Zhonglian Cement Co Ltd [100.0%],China;,Jiangsu,operating,,3.5,3.5,3.5,2.01,dry,31.971305,118.970578,31.971305,118.970578,https://www.gem.wiki/Nanjing_Zhonglian_Cement_Co_Ltd_Cement_Plant,no,"Jiangsu, China",3.5,3.5,no,unknown,no,,南京中联水泥有限公司 (Chinese) [100%],exact,Nanjing Zhonglian Cement Co Ltd Cement Plant,Nanjing Zhonglian Cement Co Ltd [100.0%],integrated,3.5,operating,GCCT,GCCT,Cement and Concrete,n/a
cement,P100000123353,China United Cement Nanyang Co Ltd Cement Plant,南阳中联水泥有限公司 (Chinese),China United Cement Nanyang Co Ltd [100.0%],China;,Henan,operating,2003,3.6,3.6,3.6,2.79,dry,33.084004,112.211553,33.084004,112.211553,https://www.gem.wiki/China_United_Cement_Nanyang_Co_Ltd_Cement_Plant,no,"Henan, China",3.6,3.6,no,opc,no,grey,南阳中联水泥有限公司 (Chinese) [100%],exact,China United Cement Nanyang Co Ltd Cement Plant,China United Cement Nanyang Co Ltd [100.0%],integrated,3.6,operating,GCCT,GCCT,Cement and Concrete,n/a
cement,P100000123354,SDIC Hainan Cement Co Ltd Cement Plant,华润水泥(昌江)有限公司 (Chinese),China Resources Cement (Changjiang) Ltd [100.0%],China;,Hainan,operating,,4.3,4.3,4.3,3.6,dry,19.235544,108.999663,19.235544,108.999663,https://www.gem.wiki/SDIC_Hainan_Cement_Co_Ltd_Cement_Plant,no,"Hainan, China",4.3,4.3,no,opc,no,grey,华润水泥(昌江)有限公司 (Chinese) [100%],exact,SDIC Hainan Cement Co Ltd Cement Plant,China Resources Cement (Changjiang) Ltd [100.0%],integrated,4.3,operating,GCCT,GCCT,Cement and Concrete,n/a
cement,P100000123355,Shaoyang Nanfang Cement Co Ltd Cement Plant,邵阳南方水泥有限公司 (Chinese),Shaoyang Nanfang Cement Co Ltd [100.0%],China;,Hunan,operating,2010,1.5,1.5,1.5,1.83,dry,27.13111,111.493982,27.13111,111.493982,https://www.gem.wiki/Shaoyang_Nanfang_Cement_Co_Ltd_Cement_Plant,no,"Hunan, China",1.5,1.5,no,unknown,no,,邵阳南方水泥有限公司 (Chinese) [100%],exact,Shaoyang Nanfang Cement Co Ltd Cement Plant,Shaoyang Nanfang Cement Co Ltd [100.0%],integrated,1.5,operating,GCCT,GCCT,Cement and Concrete,n/a
cement,P100000123356,Shuozhou Zhonglian Cement Co Ltd Cement Plant,宿州中联水泥有限公司 (Chinese),Shuozhou Zhonglian Cement Co Ltd [100.0%],China;,Shanxi,operating,,1.4,1.4,1.4,n/a,n/a,39.805178,112.508961,39.805178,112.508961,https://www.gem.wiki/Shuozhou_Zhonglian_Cement_Co_Ltd_Cement_Plant,n/a,"Shanxi, China",1.4,1.4,n/a,unknown,n/a,,宿州中联水泥有限公司 (Chinese) [100%],exact,Shuozhou Zhonglian Cement Co Ltd Cement Plant,Shuozhou Zhonglian Cement Co Ltd [100.0%],grinding,1.4,operating,GCCT,GCCT,Cement and Concrete,n/a
cement,P100000123357,Sinoma Hengda Cement Co Ltd Cement Plant 1,中材亨达水泥有限公司 (Chinese),Sinoma Hengda Cement Co Ltd [100.0%],China;,Guangdong,operating,,5,5,5,4.56,dry,23.130214,111.768823,23.130214,111.768823,https://www.gem.wiki/Sinoma_Hengda_Cement_Co_Ltd_Cement_Plant_1,no,"Guangdong, China",5,5,no,unknown,no,,中材亨达水泥有限公司 (Chinese) [100%],exact,Sinoma Hengda Cement Co Ltd Cement Plant 1,Sinoma Hengda Cement Co Ltd [100.0%],integrated,5.0,operating,GCCT,GCCT,Cement and Concrete,n/a
cement,P100000123358,Sinoma Luoding Cement Co Ltd Cement Plant,中材罗定水泥有限公司 (Chinese),Sinoma Luoding Cement Co Ltd [100.0%],China;,Guangdong,operating,2011,2,2,2,1.64,dry,22.742819,111.732139,22.742819,111.732139,https://www.gem.wiki/Sinoma_Luoding_Cement_Co_Ltd_Cement_Plant,no,"Guangdong, China",2,2,no,blended,no,grey,中材罗定水泥有限公司 (Chinese) [100%],exact,Sinoma Luoding Cement Co Ltd Cement Plant,Sinoma Luoding Cement Co Ltd [100.0%],integrated,2.0,operating,GCCT,GCCT,Cement and Concrete,n/a
cement,P100000123359,Tai'an Zhonglian Cement Co Ltd Cement Plant,泰安中联水泥有限公司 (Chinese),Tai'an Zhonglian Cement Co Ltd [100.0%],China;,Shandong,operating,,,n/a,n/a,1.41,dry,36.191336,116.892517,36.191336,116.892517,https://www.gem.wiki/Tai'an_Zhonglian_Cement_Co_Ltd_Cement_Plant,no,"Shandong, China",,,no,opc,no,grey,泰安中联水泥有限公司 (Chinese) [100%],exact,Tai'an Zhonglian Cement Co Ltd Cement Plant,Tai'an Zhonglian Cement Co Ltd [100.0%],clinker only,1.5719178536863079,operating,GCCT,GCCT,Cement and Concrete,
cement,P100000123360,Tengzhou Zhonglian Cement Co Ltd Cement Plant,滕州中联水泥有限公司 (Chinese),Tengzhou Zhonglian Cement Co Ltd [100.0%],China;,Shandong,operating,,2.4,2.4,2.4,1.55,dry,35.021182,117.347123,35.021182,117.347123,https://www.gem.wiki/Tengzhou_Zhonglian_Cement_Co_Ltd_Cement_Plant,no,"Shandong, China",2.4,2.4,no,opc,no,grey,滕州中联水泥有限公司 (Chinese) [100%],exact,Tengzhou Zhonglian Cement Co Ltd Cement Plant,Tengzhou Zhonglian Cement Co Ltd [100.0%],integrated,2.4,operating,GCCT,GCCT,Cement and Concrete,n/a
cement,P100000123361,Tongliao Zhonglian Cement Co Ltd Cement Plant,通辽中联水泥有限公司 (Chinese),Tongliao Zhonglian Cements Co Ltd [100.0%],China;,Inner Mongolia,operating,2008,,n/a,n/a,1.83,dry,42.852202,120.687764,42.852202,120.687764,https://www.gem.wiki/Tongliao_Zhonglian_Cement_Co_Ltd_Cement_Plant,no,"Inner Mongolia, China",,,no,opc,no,grey,通辽中联水泥有限公司 (Chinese) [100%],exact,Tongliao Zhonglian Cement Co Ltd Cement Plant,Tongliao Zhonglian Cements Co Ltd [100.0%],clinker only,1.5719178536863079,operating,GCCT,GCCT,Cement and Concrete,
cement,P100000123362,Wuhai Saima Cement Co Ltd Cement Plant,乌海赛马水泥有限责任公司 (Chinese),Wuhai Saima Cement Co Ltd [100.0%],China;,Inner Mongolia,operating,2010,1.2,1.2,1.2,0.91,dry,39.355998,106.840623,39.355998,106.840623,https://www.gem.wiki/Wuhai_Saima_Cement_Co_Ltd_Cement_Plant,no,"Inner Mongolia, China",1.2,1.2,no,unknown,no,,乌海赛马水泥有限责任公司 (Chinese) [100%],exact,Wuhai Saima Cement Co Ltd Cement Plant,Wuhai Saima Cement Co Ltd [100.0%],integrated,1.2,operating,GCCT,GCCT,Cement and Concrete,n/a
cement,P100000123363,Wuhai Xishui Cement Co Ltd Cement Plant,乌海市西水水泥有限责任公司 (Chinese),Wuhai Xishui Cement Co Ltd [100.0%],China;,Inner Mongolia,operating,2008,,n/a,n/a,1.83,dry,39.438149,106.819595,39.438149,106.819595,https://www.gem.wiki/Wuhai_Xishui_Cement_Co_Ltd_Cement_Plant,no,"Inner Mongolia, China",,,no,opc,no,grey,乌海市西水水泥有限责任公司 (Chinese) [100%],exact,Wuhai Xishui Cement Co Ltd Cement Plant,Wuhai Xishui Cement Co Ltd [100.0%],clinker only,1.5719178536863079,operating,GCCT,GCCT,Cement and Concrete,
cement,P100000123364,Xin'an Zhonglian Wanji Cement Co Ltd Cement Plant,新安中联万基水泥有限公司 (Chinese),Xin'an Zhonglian Wanji Cement Co Ltd [100.0%],China;,Henan,operating,,3,3,3,>0,dry,34.741398,112.048737,34.741398,112.048737,https://www.gem.wiki/Xin'an_Zhonglian_Wanji_Cement_Co_Ltd_Cement_Plant,no,"Henan, China",3,3,no,opc,no,grey,新安中联万基水泥有限公司 (Chinese) [100%],exact,Xin'an Zhonglian Wanji Cement Co Ltd Cement Plant,Xin'an Zhonglian Wanji Cement Co Ltd [100.0%],integrated,3.0,operating,GCCT,GCCT,Cement and Concrete,n/a
cement,P100000123365,Xintai Zhonglian Taifeng Cement Co Ltd Cement Plant,新泰中联泰丰水泥有限公司 (Chinese),Xintai Zhonglian Taifeng Cement Co Ltd [100.0%],China;,Shandong,operating,,1.52,1.52,1.52,>0,dry,35.781709,117.766258,35.781709,117.766258,https://www.gem.wiki/Xintai_Zhonglian_Taifeng_Cement_Co_Ltd_Cement_Plant,no,"Shandong, China",1.52,1.52,no,unknown,no,,新泰中联泰丰水泥有限公司 (Chinese) [100%],exact,Xintai Zhonglian Taifeng Cement Co Ltd Cement Plant,Xintai Zhonglian Taifeng Cement Co Ltd [100.0%],integrated,1.52,operating,GCCT,GCCT,Cement and Concrete,n/a
cement,P100000123366,Yantai Qixia Zhonglian Cement Co Ltd Cement Plant,烟台栖霞中联水泥有限公司 (Chinese),Yantai Qixia Zhonglian Cement Co Ltd [100.0%],China;,Shandong,operating,1995,1.3,1.3,1.3,1.1,dry,37.486988,121.061614,37.486988,121.061614,https://www.gem.wiki/Yantai_Qixia_Zhonglian_Cement_Co_Ltd_Cement_Plant,no,"Shandong, China",1.3,1.3,no,unknown,no,,烟台栖霞中联水泥有限公司 (Chinese) [100%],exact,Yantai Qixia Zhonglian Cement Co Ltd Cement Plant,Yantai Qixia Zhonglian Cement Co Ltd [100.0%],integrated,1.3,operating,GCCT,GCCT,Cement and Concrete,n/a
cement,P100000123367,Yinan Zhonglian Cement Co Ltd Cement Plant,沂南中联水泥有限公司 (Chinese),Yinan Zhonglian Cement Co Ltd [100.0%],China;,Shandong,operating,2013,1,1,1,1.49,dry,35.675366,118.281929,35.675366,118.281929,https://www.gem.wiki/Yinan_Zhonglian_Cement_Co_Ltd_Cement_Plant,no,"Shandong, China",1,1,no,unknown,no,,沂南中联水泥有限公司 (Chinese) [100%],exact,Yinan Zhonglian Cement Co Ltd Cement Plant,Yinan Zhonglian Cement Co Ltd [100.0%],integrated,1.0,operating,GCCT,GCCT,Cement and Concrete,n/a
cement,P100000123368,Zhejiang Cement Co Ltd Cement Plant,浙江水泥有限公司 (Chinese),Zhejiang Cement Co Ltd [100.0%],China;,Zhejiang,retired,2003,1.21,1.21,1.21,>0,dry,30.125698,120.311397,30.125698,120.311397,https://www.gem.wiki/Zhejiang_Cement_Co_Ltd_Cement_Plant,no,"Zhejiang, China",1.21,1.21,no,unknown,no,,浙江水泥有限公司 (Chinese) [100%],exact,Zhejiang Cement Co Ltd Cement Plant,Zhejiang Cement Co Ltd [100.0%],integrated,1.21,retired-plus,GCCT,GCCT,Cement and Concrete,n/a
cement,P100000123369,Zhejiang Tianma Cement Co Ltd Cement Plant,浙江天马水泥有限公司 (Chinese),Zhejiang Tianma Cement Co Ltd [100.0%],China;,Zhejiang,retired,,1.6,1.6,1.6,>0,dry,28.941969,118.491982,28.941969,118.491982,https://www.gem.wiki/Zhejiang_Tianma_Cement_Co_Ltd_Cement_Plant,no,"Zhejiang, China",1.6,1.6,no,unknown,no,,浙江天马水泥有限公司 (Chinese) [100%],exact,Zhejiang Tianma Cement Co Ltd Cement Plant,Zhejiang Tianma Cement Co Ltd [100.0%],integrated,1.6,retired-plus,GCCT,GCCT,Cement and Concrete,n/a
cement,P100000123370,Zhejiang Tiger Eagle Cement Co Ltd Cement Plant,浙江虎鹰水泥有限公司 (Chinese),Zhejiang Tiger Eagle Cement Co Ltd [100.0%],China;,Zhejiang,operating,,0.35,0.35,0.35,>0,dry,29.169091,119.571258,29.169091,119.571258,https://www.gem.wiki/Zhejiang_Tiger_Eagle_Cement_Co_Ltd_Cement_Plant,no,"Zhejiang, China",0.35,0.35,no,unknown,no,,浙江虎鹰水泥有限公司 (Chinese) [100%],exact,Zhejiang Tiger Eagle Cement Co Ltd Cement Plant,Zhejiang Tiger Eagle Cement Co Ltd [100.0%],integrated,0.35,operating,GCCT,GCCT,Cement and Concrete,n/a
cement,P100000123371,Shaoxing South Cement Co Ltd Cement Plant,绍兴南方水泥有限公司 (Chinese),Shaoxing South Cement Co Ltd [100.0%],China;,Zhejiang,retired,,,not found,,n/a,n/a,30.135733,120.330806,30.135733,120.330806,https://www.gem.wiki/Shaoxing_South_Cement_Co_Ltd_Cement_Plant,n/a,"Zhejiang, China",,,n/a,unknown,n/a,,绍兴南方水泥有限公司 (Chinese) [100%],exact,Shaoxing South Cement Co Ltd Cement Plant,Shaoxing South Cement Co Ltd [100.0%],grinding,1.5719178536863079,retired-plus,GCCT,GCCT,Cement and Concrete,
cement,P100000123372,Bayannaoer Zhonglian Cement Co Ltd Cement Plant,巴彦淖尔中联水泥有限公司 (Chinese),Bayannaoer Zhonglian Cement Co Ltd [100.0%],China;,Inner Mongolia,operating,1999,0.008,>0,>0,1.64,dry,40.654653,108.794004,40.654653,108.794004,https://www.gem.wiki/Bayannaoer_Zhonglian_Cement_Co_Ltd_Cement_Plant,no,"Inner Mongolia, China",0.008,0.008,no,opc,no,grey,巴彦淖尔中联水泥有限公司 (Chinese) [100%],exact,Bayannaoer Zhonglian Cement Co Ltd Cement Plant,Bayannaoer Zhonglian Cement Co Ltd [100.0%],integrated,0.008,operating,GCCT,GCCT,Cement and Concrete,n/a
cement,P100000123373,Chengwu Zhonglian Cement Co Ltd Cement Plant,成武中联水泥有限公司 (Chinese),Chengwu Zhonglian Cement Co Ltd [100.0%],China;,Shandong,operating,,0.6,0.6,0.6,n/a,n/a,34.941037,115.853247,34.941037,115.853247,https://www.gem.wiki/Chengwu_Zhonglian_Cement_Co_Ltd_Cement_Plant,n/a,"Shandong, China",0.6,0.6,n/a,unknown,n/a,,成武中联水泥有限公司 (Chinese) [100%],exact,Chengwu Zhonglian Cement Co Ltd Cement Plant,Chengwu Zhonglian Cement Co Ltd [100.0%],grinding,0.6,operating,GCCT,GCCT,Cement and Concrete,n/a
cement,P100000123374,Cixi Nanfang Cement Co Ltd Cement Plant,慈溪南方水泥有限公司 (Chinese),Cixi Nanfang Cement Co Ltd [100.0%],China;,Zhejiang,operating,2004,0.5,0.5,0.5,n/a,n/a,30.148734,121.214294,30.148734,121.214294,https://www.gem.wiki/Cixi_Nanfang_Cement_Co_Ltd_Cement_Plant,n/a,"Zhejiang, China",0.5,0.5,n/a,unknown,n/a,,慈溪南方水泥有限公司 (Chinese) [100%],exact,Cixi Nanfang Cement Co Ltd Cement Plant,Cixi Nanfang Cement Co Ltd [100.0%],grinding,0.5,operating,GCCT,GCCT,Cement and Concrete,n/a
cement,P100000123375,Dengzhou Zhonglian Cement Co Ltd Cement Plant,邓州中联水泥有限公司 (Chinese),Dengzhou Zhonglian Cement Co Ltd [100.0%],China;,Henan,operating,2008,1.2,1.2,1.2,3.29,dry,32.658557,112.038596,32.658557,112.038596,https://www.gem.wiki/Dengzhou_Zhonglian_Cement_Co_Ltd_Cement_Plant,no,"Henan, China",1.2,1.2,no,opc,no,grey,邓州中联水泥有限公司 (Chinese) [100%],exact,Dengzhou Zhonglian Cement Co Ltd Cement Plant,Dengzhou Zhonglian Cement Co Ltd [100.0%],integrated,1.2,operating,GCCT,GCCT,Cement and Concrete,n/a
cement,P100000123376,Deqing Nanfang Cement Co Ltd Cement Plant,德清南方水泥有限公司 (Chinese),Deqing Nanfang Cement Co Ltd [100.0%],China;,Zhejiang,operating,,7,7,7,0.91,dry,30.581061,120.189699,30.581061,120.189699,https://www.gem.wiki/Deqing_Nanfang_Cement_Co_Ltd_Cement_Plant,no,"Zhejiang, China",7,7,no,unknown,no,,德清南方水泥有限公司 (Chinese) [100%],exact,Deqing Nanfang Cement Co Ltd Cement Plant,Deqing Nanfang Cement Co Ltd [100.0%],integrated,7.0,operating,GCCT,GCCT,Cement and Concrete,n/a
cement,P100000123377,Haining Sanshi Cement Co Ltd Cement Plant,海宁市三狮水泥有限责任公司 (Chinese),Haining Sanshi Cement Co Ltd [100.0%],China;,Zhejiang,retired,,,not found,,n/a,n/a,30.454715,120.710736,30.454715,120.710736,https://www.gem.wiki/Haining_Sanshi_Cement_Co_Ltd_Cement_Plant,n/a,"Zhejiang, China",,,n/a,unknown,n/a,,海宁市三狮水泥有限责任公司 (Chinese) [100%],exact,Haining Sanshi Cement Co Ltd Cement Plant,Haining Sanshi Cement Co Ltd [100.0%],grinding,1.5719178536863079,retired-plus,GCCT,GCCT,Cement and Concrete,
cement,P100000123378,Huaibei Nanping Zhonglian Cement Co Ltd Cement Plant,淮北南坪中联水泥有限公司 (Chinese),Huaibei Nanping Zhonglian Cement Co Ltd [100.0%],China;,Anhui,operating,,1.2,1.2,1.2,n/a,n/a,33.515292,116.88052,33.515292,116.88052,https://www.gem.wiki/Huaibei_Nanping_Zhonglian_Cement_Co_Ltd_Cement_Plant,n/a,"Anhui, China",1.2,1.2,n/a,opc,n/a,grey,淮北南坪中联水泥有限公司 (Chinese) [100%],exact,Huaibei Nanping Zhonglian Cement Co Ltd Cement Plant,Huaibei Nanping Zhonglian Cement Co Ltd [100.0%],grinding,1.2,operating,GCCT,GCCT,Cement and Concrete,n/a
cement,P100000123379,Huaibei Sipu Zhonglian Cement Co Ltd Cement Plant,淮北四铺中联水泥有限公司 (Chinese),Huaibei Sipu Zhonglian Cement Co Ltd [100.0%],China;,Anhui,operating,,0.008,>0,>0,n/a,n/a,33.731217,116.794254,33.731217,116.794254,https://www.gem.wiki/Huaibei_Sipu_Zhonglian_Cement_Co_Ltd_Cement_Plant,n/a,"Anhui, China",0.008,0.008,n/a,unknown,n/a,,淮北四铺中联水泥有限公司 (Chinese) [100%],exact,Huaibei Sipu Zhonglian Cement Co Ltd Cement Plant,Huaibei Sipu Zhonglian Cement Co Ltd [100.0%],grinding,0.008,operating,GCCT,GCCT,Cement and Concrete,n/a
cement,P100000123380,Huangshan Mountain Nanfang Cement Co Ltd Cement Plant,黄山南方水泥有限公司 (Chinese),Huangshan Mountain Nanfang Cement Co Ltd [100.0%],China;,Anhui,operating,,1.2,1.2,1.2,n/a,n/a,29.679576,118.237402,29.679576,118.237402,https://www.gem.wiki/Huangshan_Mountain_Nanfang_Cement_Co_Ltd_Cement_Plant,n/a,"Anhui, China",1.2,1.2,n/a,unknown,n/a,,黄山南方水泥有限公司 (Chinese) [100%],exact,Huangshan Mountain Nanfang Cement Co Ltd Cement Plant,Huangshan Mountain Nanfang Cement Co Ltd [100.0%],grinding,1.2,operating,GCCT,GCCT,Cement and Concrete,n/a
cement,P100000123381,Hunan Guiyang Nanfang Cement Co Ltd Cement Plant,湖南岳阳南方水泥有限公司 (Chinese),Hunan Guiyang Nanfang Cement Co Ltd [100.0%],China;,Hunan,retired,2010,1,1,1,n/a,n/a,25.751919,112.774096,25.751919,112.774096,https://www.gem.wiki/Hunan_Guiyang_Nanfang_Cement_Co_Ltd_Cement_Plant,n/a,"Hunan, China",1,1,n/a,unknown,n/a,,湖南桂阳南方水泥有限公司 (Chinese) [100%],exact,Hunan Guiyang Nanfang Cement Co Ltd Cement Plant,Hunan Guiyang Nanfang Cement Co Ltd [100.0%],grinding,1.0,retired-plus,GCCT,GCCT,Cement and Concrete,n/a
cement,P100000123382,Hunan Yueyang Nanfang Cement Co Ltd Cement Plant,湖南岳阳南方水泥有限公司 (Chinese),Hunan Yueyang Nanfang Cement Co Ltd [100.0%],China;,Hunan,operating,,1,1,1,n/a,n/a,29.164945,113.004552,29.164945,113.004552,https://www.gem.wiki/Hunan_Yueyang_Nanfang_Cement_Co_Ltd_Cement_Plant,n/a,"Hunan, China",1,1,n/a,unknown,n/a,,湖南岳阳南方水泥有限公司 (Chinese) [100%],exact,Hunan Yueyang Nanfang Cement Co Ltd Cement Plant,Hunan Yueyang Nanfang Cement Co Ltd [100.0%],grinding,1.0,operating,GCCT,GCCT,Cement and Concrete,n/a
cement,P100000123383,Jiande Sanshi Songtao Cement Co Ltd Cement Plant,建德三狮松涛水泥有限公司 (Chinese),Jiande Sanshi Songtao Cement Co Ltd [100.0%],China;,Zhejiang,retired,,2,2,2,n/a,n/a,29.258095,119.261725,29.258095,119.261725,https://www.gem.wiki/Jiande_Sanshi_Songtao_Cement_Co_Ltd_Cement_Plant,n/a,"Zhejiang, China",2,2,n/a,unknown,n/a,,建德三狮松涛水泥有限公司 (Chinese) [100%],exact,Jiande Sanshi Songtao Cement Co Ltd Cement Plant,Jiande Sanshi Songtao Cement Co Ltd [100.0%],grinding,2.0,retired-plus,GCCT,GCCT,Cement and Concrete,n/a
cement,P100000123384,Jiande Shanxiang Building Material Co Ltd Cement Plant,建德市杉翔建材有限公司 (Chinese),Jiande Shanxiang Building Material Co Ltd [100.0%],China;,Zhejiang,retired,2006,0.6,0.6,0.6,n/a,n/a,29.360042,119.229893,29.360042,119.229893,https://www.gem.wiki/Jiande_Shanxiang_Building_Material_Co_Ltd_Cement_Plant,n/a,"Zhejiang, China",0.6,0.6,n/a,unknown,n/a,,建德市杉翔建材有限公司 (Chinese) [100%],exact,Jiande Shanxiang Building Material Co Ltd Cement Plant,Jiande Shanxiang Building Material Co Ltd [100.0%],grinding,0.6,retired-plus,GCCT,GCCT,Cement and Concrete,n/a
cement,P100000123385,Jiangsu Yicheng Nanfang Cement Co Ltd Cement Plant,江苏宜城南方水泥有限公司 (Chinese),Jiangsu Yicheng Nanfang Cement Co Ltd [100.0%],China;,Jiangsu,operating,,0.008,>0,>0,>0,dry,31.399474,119.839351,31.399474,119.839351,https://www.gem.wiki/Jiangsu_Yicheng_Nanfang_Cement_Co_Ltd_Cement_Plant,no,"Jiangsu, China",0.008,0.008,no,unknown,no,,江苏宜城南方水泥有限公司 (Chinese) [100%],exact,Jiangsu Yicheng Nanfang Cement Co Ltd Cement Plant,Jiangsu Yicheng Nanfang Cement Co Ltd [100.0%],integrated,0.008,operating,GCCT,GCCT,Cement and Concrete,n/a
cement,P100000123386,Jiangxi Fuzhou South Cement Co Ltd Cement Plant,江西抚州南方水泥有限公司 (Chinese),Jiangxi Fuzhou South Cement Co Ltd [100.0%],China;,Jiangxi,retired,,1,1,1,n/a,n/a,27.903675,116.420507,27.903675,116.420507,https://www.gem.wiki/Jiangxi_Fuzhou_South_Cement_Co_Ltd_Cement_Plant,n/a,"Jiangxi, China",1,1,n/a,unknown,n/a,,江西抚州南方水泥有限公司 (Chinese) [100%],exact,Jiangxi Fuzhou South Cement Co Ltd Cement Plant,Jiangxi Fuzhou South Cement Co Ltd [100.0%],grinding,1.0,retired-plus,GCCT,GCCT,Cement and Concrete,n/a
cement,P100000123387,Jiangxi Guixi Nanfang Cement Co Ltd Cement Plant,江西贵溪南方水泥有限公司 (Chinese),Jiangxi Guixi Nanfang Cement Co Ltd [100.0%],China;,Jiangxi,operating,2011,2,2,2,n/a,n/a,28.264659,117.145255,28.264659,117.145255,https://www.gem.wiki/Jiangxi_Guixi_Nanfang_Cement_Co_Ltd_Cement_Plant,n/a,"Jiangxi, China",2,2,n/a,unknown,n/a,,江西贵溪南方水泥有限公司 (Chinese) [100%],exact,Jiangxi Guixi Nanfang Cement Co Ltd Cement Plant,Jiangxi Guixi Nanfang Cement Co Ltd [100.0%],grinding,2.0,operating,GCCT,GCCT,Cement and Concrete,n/a
cement,P100000123388,Jiangxi Jishui Nanfang Cement Co Ltd Cement Plant,江西吉水南方水泥有限公司 (Chinese),Jiangxi Jishui Nanfang Cement Co Ltd [100.0%],China;,Jiangxi,retired,,,not found,,n/a,n/a,27.466853,115.267214,27.466853,115.267214,https://www.gem.wiki/Jiangxi_Jishui_Nanfang_Cement_Co_Ltd_Cement_Plant,n/a,"Jiangxi, China",,,n/a,unknown,n/a,,江西吉水南方水泥有限公司 (Chinese) [100%],exact,Jiangxi Jishui Nanfang Cement Co Ltd Cement Plant,Jiangxi Jishui Nanfang Cement Co Ltd [100.0%],grinding,1.5719178536863079,retired-plus,GCCT,GCCT,Cement and Concrete,
cement,P100000123389,Jiangxi Jizhou Nanfang Cement Co Ltd Cement Plant,江西吉州南方水泥有限公司 (Chinese),Jiangxi Jizhou Nanfang Cement Co Ltd [100.0%],China;,Jiangxi,operating,,0.008,>0,>0,n/a,n/a,27.122245,114.867547,27.122245,114.867547,https://www.gem.wiki/Jiangxi_Jizhou_Nanfang_Cement_Co_Ltd_Cement_Plant,n/a,"Jiangxi, China",0.008,0.008,n/a,unknown,n/a,,江西吉州南方水泥有限公司 (Chinese) [100%],exact,Jiangxi Jizhou Nanfang Cement Co Ltd Cement Plant,Jiangxi Jizhou Nanfang Cement Co Ltd [100.0%],grinding,0.008,operating,GCCT,GCCT,Cement and Concrete,n/a
cement,P100000123390,Jiangxi Nanchang Nanfang Cement Co Ltd Cement Plant,江西南昌南方水泥有限公司 (Chinese),Jiangxi Nanchang Nanfang Cement Co Ltd [100.0%],China;,Jiangxi,operating,,1.5,1.5,1.5,n/a,n/a,28.559765,115.949564,28.559765,115.949564,https://www.gem.wiki/Jiangxi_Nanchang_Nanfang_Cement_Co_Ltd_Cement_Plant,n/a,"Jiangxi, China",1.5,1.5,n/a,unknown,n/a,,江西南昌南方水泥有限公司 (Chinese) [100%],exact,Jiangxi Nanchang Nanfang Cement Co Ltd Cement Plant,Jiangxi Nanchang Nanfang Cement Co Ltd [100.0%],grinding,1.5,operating,GCCT,GCCT,Cement and Concrete,n/a
cement,P100000123391,Jiangxi Xinyu South Building Material Co Ltd Cement Plant,江西新余南方建材有限公司 (Chinese),Jiangxi Xinyu South Building Material Co Ltd [100.0%],China;,Jiangxi,operating,,1.4,1.4,1.4,n/a,n/a,27.779886,114.885214,27.779886,114.885214,https://www.gem.wiki/Jiangxi_Xinyu_South_Building_Material_Co_Ltd_Cement_Plant,n/a,"Jiangxi, China",1.4,1.4,n/a,unknown,n/a,,江西新余南方建材有限公司 (Chinese) [100%],exact,Jiangxi Xinyu South Building Material Co Ltd Cement Plant,Jiangxi Xinyu South Building Material Co Ltd [100.0%],grinding,1.4,operating,GCCT,GCCT,Cement and Concrete,n/a
cement,P100000123392,Jiangxi Xiushui Nanfang Cement Co Ltd Cement Plant,江西修水南方水泥有限公司 (Chinese),Jiangxi Xiushui Nanfang Cement Co Ltd [100.0%],China;,Jiangxi,operating,2011,1,1,1,n/a,n/a,29.160128,114.629196,29.160128,114.629196,https://www.gem.wiki/Jiangxi_Xiushui_Nanfang_Cement_Co_Ltd_Cement_Plant,n/a,"Jiangxi, China",1,1,n/a,unknown,n/a,,江西修水南方水泥有限公司 (Chinese) [100%],exact,Jiangxi Xiushui Nanfang Cement Co Ltd Cement Plant,Jiangxi Xiushui Nanfang Cement Co Ltd [100.0%],grinding,1.0,operating,GCCT,GCCT,Cement and Concrete,n/a
cement,P100000123393,Jiashan South Cement Co Ltd Cement Plant,嘉善南方水泥有限公司 (Chinese),Jiashan South Cement Co Ltd [100.0%],China;,Zhejiang,operating,,1.2,1.2,1.2,n/a,n/a,30.971005,120.774633,30.971005,120.774633,https://www.gem.wiki/Jiashan_South_Cement_Co_Ltd_Cement_Plant,n/a,"Zhejiang, China",1.2,1.2,n/a,opc,n/a,,嘉善南方水泥有限公司 (Chinese) [100%],exact,Jiashan South Cement Co Ltd Cement Plant,Jiashan South Cement Co Ltd [100.0%],grinding,1.2,operating,GCCT,GCCT,Cement and Concrete,n/a
cement,P100000123394,Jiashan Tianning South Cement Co Ltd Cement Plant,嘉善天凝南方水泥有限公司 (Chinese),Jiashan Tianning South Cement Co Ltd [100.0%],China;,Zhejiang,operating,,0.008,>0,>0,n/a,n/a,30.901781,120.819259,30.901781,120.819259,https://www.gem.wiki/Jiashan_Tianning_South_Cement_Co_Ltd_Cement_Plant,n/a,"Zhejiang, China",0.008,0.008,n/a,blended,n/a,,嘉善天凝南方水泥有限公司 (Chinese) [100%],exact,Jiashan Tianning South Cement Co Ltd Cement Plant,Jiashan Tianning South Cement Co Ltd [100.0%],grinding,0.008,operating,GCCT,GCCT,Cement and Concrete,n/a
cement,P100000123395,Jiaxing Nanhu Nanfang Cement Co Ltd Cement Plant,嘉兴南湖南方水泥有限公司 (Chinese),Jiaxing Nanhu Nanfang Cement Co Ltd [100.0%],China;,Zhejiang,operating,,1.8,1.8,1.8,n/a,n/a,30.801144,120.843408,30.801144,120.843408,https://www.gem.wiki/Jiaxing_Nanhu_Nanfang_Cement_Co_Ltd_Cement_Plant,n/a,"Zhejiang, China",1.8,1.8,n/a,unknown,n/a,,嘉兴南湖南方水泥有限公司 (Chinese) [100%],exact,Jiaxing Nanhu Nanfang Cement Co Ltd Cement Plant,Jiaxing Nanhu Nanfang Cement Co Ltd [100.0%],grinding,1.8,operating,GCCT,GCCT,Cement and Concrete,n/a
cement,P100000123396,Jiaxing South Cement Co Ltd Cement Plant,嘉兴南方水泥有限公司 (Chinese),Jiaxing South Cement Co Ltd [100.0%],China;,Zhejiang,retired,,,not found,,n/a,n/a,30.769852,120.858293,30.769852,120.858293,https://www.gem.wiki/Jiaxing_South_Cement_Co_Ltd_Cement_Plant,n/a,"Zhejiang, China",,,n/a,unknown,n/a,,嘉兴南方水泥有限公司 (Chinese) [100%],exact,Jiaxing South Cement Co Ltd Cement Plant,Jiaxing South Cement Co Ltd [100.0%],grinding,1.5719178536863079,retired-plus,GCCT,GCCT,Cement and Concrete,
cement,P100000123458,Jiaxing Xiuzhou South Cement Co Ltd Cement Plant,嘉兴秀洲南方混凝土有限公司 (Chinese),Jiaxing Xiuzhou South Cement Co Ltd [100.0%],China;,Zhejiang,operating,,0.008,>0,>0,n/a,n/a,30.716385,120.622002,30.716385,120.622002,https://www.gem.wiki/Jiaxing_Xiuzhou_South_Cement_Co_Ltd_Cement_Plant,n/a,"Zhejiang, China",0.008,0.008,n/a,unknown,n/a,,嘉兴秀洲南方混凝土有限公司 (Chinese) [100%],exact,Jiaxing Xiuzhou South Cement Co Ltd Cement Plant,Jiaxing Xiuzhou South Cement Co Ltd [100.0%],grinding,0.008,operating,GCCT,GCCT,Cement and Concrete,n/a
cement,P100000123459,Lianyungang Banqiao Zhonglian Cement Co Ltd Cement Plant,连云港板桥中联水泥有限公司 (Chinese),Lianyungang Banqiao Zhonglian Cement Co Ltd [100.0%],China;,Jiangsu,operating,,0.008,>0,>0,n/a,n/a,34.613629,119.449217,34.613629,119.449217,https://www.gem.wiki/Lianyungang_Banqiao_Zhonglian_Cement_Co_Ltd_Cement_Plant,n/a,"Jiangsu, China",0.008,0.008,n/a,opc,n/a,grey,连云港板桥中联水泥有限公司 (Chinese) [100%],exact,Lianyungang Banqiao Zhonglian Cement Co Ltd Cement Plant,Lianyungang Banqiao Zhonglian Cement Co Ltd [100.0%],grinding,0.008,operating,GCCT,GCCT,Cement and Concrete,n/a
cement,P100000123460,Longyou Tianchishan Cement Manufacturing Co Ltd Cement Plant,龙游天池山水泥制造有限公司 (Chinese),Longyou Tianchishan Cement Manufacturing Co Ltd [100.0%],China;,Zhejiang,retired,,,not found,,n/a,n/a,29.245982,119.245864,29.245982,119.245864,https://www.gem.wiki/Longyou_Tianchishan_Cement_Manufacturing_Co_Ltd_Cement_Plant,n/a,"Zhejiang, China",,,n/a,unknown,n/a,,龙游天池山水泥制造有限公司 (Chinese) [100%],exact,Longyou Tianchishan Cement Manufacturing Co Ltd Cement Plant,Longyou Tianchishan Cement Manufacturing Co Ltd [100.0%],grinding,1.5719178536863079,retired-plus,GCCT,GCCT,Cement and Concrete,
cement,P100000123461,Mengjin Zhonglian Cement Co Ltd Cement Plant,孟津中联水泥有限公司 (Chinese),Mengjin Zhonglian Cement Co Ltd [100.0%],China;,Henan,retired,2012,,not found,,n/a,n/a,34.845198,112.547809,34.845198,112.547809,https://www.gem.wiki/Mengjin_Zhonglian_Cement_Co_Ltd_Cement_Plant,n/a,"Henan, China",,,n/a,unknown,n/a,,孟津中联水泥有限公司 (Chinese) [100%],exact,Mengjin Zhonglian Cement Co Ltd Cement Plant,Mengjin Zhonglian Cement Co Ltd [100.0%],grinding,1.5719178536863079,retired-plus,GCCT,GCCT,Cement and Concrete,
cement,P100000123462,Pinghu South Cement Co Ltd Cement Plant,平湖南方水泥有限公司 (Chinese),Pinghu South Cement Co Ltd [100.0%],China;,Zhejiang,operating,,0.008,>0,>0,n/a,n/a,30.816758,121.095397,30.816758,121.095397,https://www.gem.wiki/Pinghu_South_Cement_Co_Ltd_Cement_Plant,n/a,"Zhejiang, China",0.008,0.008,n/a,unknown,n/a,,平湖南方水泥有限公司 (Chinese) [100%],exact,Pinghu South Cement Co Ltd Cement Plant,Pinghu South Cement Co Ltd [100.0%],grinding,0.008,operating,GCCT,GCCT,Cement and Concrete,n/a
cement,P100000123463,Qingdao Jimo Zhonglian Cement Co Ltd Cement Plant,青岛即墨中联水泥有限公司 (Chinese),Qingdao Jimo Zhonglian Cement Co Ltd [100.0%],China;,Shandong,operating,,2,2,2,n/a,n/a,36.579702,120.325447,36.579702,120.325447,https://www.gem.wiki/Qingdao_Jimo_Zhonglian_Cement_Co_Ltd_Cement_Plant,n/a,"Shandong, China",2,2,n/a,unknown,n/a,,青岛即墨中联水泥有限公司 (Chinese) [100%],exact,Qingdao Jimo Zhonglian Cement Co Ltd Cement Plant,Qingdao Jimo Zhonglian Cement Co Ltd [100.0%],grinding,2.0,operating,GCCT,GCCT,Cement and Concrete,n/a
cement,P100000123464,Rizhao Zhonglian Gangzhong Cement Co Ltd Cement Plant,日照中联港中水泥有限公司 (Chinese),Rizhao Zhonglian Hongzhong Cement Co Ltd [100.0%],China;,Shandong,retired,2005,3.5,3.5,3.5,n/a,n/a,35.369689,119.554148,35.369689,119.554148,https://www.gem.wiki/Rizhao_Zhonglian_Gangzhong_Cement_Co_Ltd_Cement_Plant,n/a,"Shandong, China",3.5,3.5,n/a,unknown,n/a,,日照中联港中水泥有限公司 (Chinese) [100%],exact,Rizhao Zhonglian Gangzhong Cement Co Ltd Cement Plant,Rizhao Zhonglian Hongzhong Cement Co Ltd [100.0%],grinding,3.5,retired-plus,GCCT,GCCT,Cement and Concrete,n/a
cement,P100000123465,Rizhao Zhonglian Port Cement Co Ltd Cement Plant,日照中联港口水泥有限公司 (Chinese),Rizhao Zhonglian Port Cement Co Ltd [100.0%],China;,Shandong,operating,2006,2,2,2,n/a,n/a,35.375184,119.557354,35.375184,119.557354,https://www.gem.wiki/Rizhao_Zhonglian_Port_Cement_Co_Ltd_Cement_Plant,n/a,"Shandong, China",2,2,n/a,opc,n/a,,日照中联港口水泥有限公司 (Chinese) [100%],exact,Rizhao Zhonglian Port Cement Co Ltd Cement Plant,Rizhao Zhonglian Port Cement Co Ltd [100.0%],grinding,2.0,operating,GCCT,GCCT,Cement and Concrete,n/a
cement,P100000123467,Sixian Zhonglian Cement Co Ltd Cement Plant,泗县中联水泥有限公司 (Chinese),Sixian Zhonglian Cement Co Ltd [100.0%],China;,Anhui,operating,,0.008,>0,>0,n/a,n/a,33.447978,117.877446,33.447978,117.877446,https://www.gem.wiki/Sixian_Zhonglian_Cement_Co_Ltd_Cement_Plant,n/a,"Anhui, China",0.008,0.008,n/a,unknown,n/a,,泗县中联水泥有限公司 (Chinese) [100%],exact,Sixian Zhonglian Cement Co Ltd Cement Plant,Sixian Zhonglian Cement Co Ltd [100.0%],grinding,0.008,operating,GCCT,GCCT,Cement and Concrete,n/a
cement,P100000123468,Suzhou Zhonglian Cement Co Ltd Cement Plant,宿州中联水泥有限公司 (Chinese),Suzhou Zhonglian Cement Co Ltd [100.0%],China;,Anhui,operating,,0.008,>0,>0,n/a,n/a,33.801165,117.002924,33.801165,117.002924,https://www.gem.wiki/Suzhou_Zhonglian_Cement_Co_Ltd_Cement_Plant,n/a,"Anhui, China",0.008,0.008,n/a,unknown,n/a,,宿州中联水泥有限公司 (Chinese) [100%],exact,Suzhou Zhonglian Cement Co Ltd Cement Plant,Suzhou Zhonglian Cement Co Ltd [100.0%],grinding,0.008,operating,GCCT,GCCT,Cement and Concrete,n/a
cement,P100000123469,Tengzhou Tengnan Zhonglian Cement Co Ltd Cement Plant,滕州滕南中联水泥有限公司 (Chinese),Tengzhou Tengnan Zhonglian Cement Co Ltd [100.0%],China;,Shandong,operating,,0.008,>0,>0,n/a,n/a,34.908525,117.169955,34.908525,117.169955,https://www.gem.wiki/Tengzhou_Tengnan_Zhonglian_Cement_Co_Ltd_Cement_Plant,n/a,"Shandong, China",0.008,0.008,n/a,unknown,n/a,,滕州滕南中联水泥有限公司 (Chinese) [100%],exact,Tengzhou Tengnan Zhonglian Cement Co Ltd Cement Plant,Tengzhou Tengnan Zhonglian Cement Co Ltd [100.0%],grinding,0.008,operating,GCCT,GCCT,Cement and Concrete,n/a
cement,P100000123470,Tongxiang Nanfang Cement Co Ltd Cement Plant,桐乡南方水泥有限公司 (Chinese),Tongxiang Nanfang Cement Co Ltd [100.0%],China;,Zhejiang,operating,,0.008,>0,>0,n/a,n/a,30.524239,120.416866,30.524239,120.416866,https://www.gem.wiki/Tongxiang_Nanfang_Cement_Co_Ltd_Cement_Plant,n/a,"Zhejiang, China",0.008,0.008,n/a,unknown,n/a,,桐乡南方水泥有限公司 (Chinese) [100%],exact,Tongxiang Nanfang Cement Co Ltd Cement Plant,Tongxiang Nanfang Cement Co Ltd [100.0%],grinding,0.008,operating,GCCT,GCCT,Cement and Concrete,n/a
cement,P100000123471,Wuhe Zhonglian Cement Co Ltd Cement Plant,五河中联水泥有限公司 (Chinese),Wuhe Zhonglian Cement Co Ltd [100.0%],China;,Anhui,operating,,0.008,>0,>0,n/a,n/a,33.168695,117.895834,33.168695,117.895834,https://www.gem.wiki/Wuhe_Zhonglian_Cement_Co_Ltd_Cement_Plant,n/a,"Anhui, China",0.008,0.008,n/a,unknown,n/a,,五河中联水泥有限公司 (Chinese) [100%],exact,Wuhe Zhonglian Cement Co Ltd Cement Plant,Wuhe Zhonglian Cement Co Ltd [100.0%],grinding,0.008,operating,GCCT,GCCT,Cement and Concrete,n/a
cement,P100000123472,Wujiang Nanfang Cement Co Ltd Cement Plant,吴江南方水泥有限公司 (Chinese),Wujiang Nanfang Cement Co Ltd [100.0%],China;,Jiangsu,operating,,0.008,>0,>0,n/a,n/a,31.015002,120.647526,31.015002,120.647526,https://www.gem.wiki/Wujiang_Nanfang_Cement_Co_Ltd_Cement_Plant,n/a,"Jiangsu, China",0.008,0.008,n/a,unknown,n/a,,吴江南方水泥有限公司 (Chinese) [100%],exact,Wujiang Nanfang Cement Co Ltd Cement Plant,Wujiang Nanfang Cement Co Ltd [100.0%],grinding,0.008,operating,GCCT,GCCT,Cement and Concrete,n/a
cement,P100000123473,Xiangshuilian Cement Co Ltd Cement Plant,响水中联水泥有限公司 (Chinese),Xiangshuilian Cement Co Ltd [100.0%],China;,Jiangsu,operating,,0.008,>0,>0,n/a,n/a,34.228719,119.608103,34.228719,119.608103,https://www.gem.wiki/Xiangshuilian_Cement_Co_Ltd_Cement_Plant,n/a,"Jiangsu, China",0.008,0.008,n/a,opc,n/a,grey,响水中联水泥有限公司 (Chinese) [100%],exact,Xiangshuilian Cement Co Ltd Cement Plant,Xiangshuilian Cement Co Ltd [100.0%],grinding,0.008,operating,GCCT,GCCT,Cement and Concrete,n/a
cement,P100000123474,Xixia Zhonglian Cement Co Ltd Cement Plant,西峡中联水泥有限公司 (Chinese),Xixia Zhonglian Cement Co Ltd [100.0%],China;,Henan,retired,2008,,not found,,n/a,n/a,33.320942,111.501242,33.320942,111.501242,https://www.gem.wiki/Xixia_Zhonglian_Cement_Co_Ltd_Cement_Plant,n/a,"Henan, China",,,n/a,unknown,n/a,,西峡中联水泥有限公司 (Chinese) [100%],exact,Xixia Zhonglian Cement Co Ltd Cement Plant,Xixia Zhonglian Cement Co Ltd [100.0%],grinding,1.5719178536863079,retired-plus,GCCT,GCCT,Cement and Concrete,
cement,P100000123475,Yexian Zhonglian Cement Co Ltd Cement Plant,叶县中联水泥有限公司 (Chinese),Yexian Zhonglian Cement Co Ltd [100.0%],China;,Henan,retired,,,not found,,n/a,n/a,33.615414,113.372382,33.615414,113.372382,https://www.gem.wiki/Yexian_Zhonglian_Cement_Co_Ltd_Cement_Plant,n/a,"Henan, China",,,n/a,unknown,n/a,,叶县中联水泥有限公司 (Chinese) [100%],exact,Yexian Zhonglian Cement Co Ltd Cement Plant,Yexian Zhonglian Cement Co Ltd [100.0%],grinding,1.5719178536863079,retired-plus,GCCT,GCCT,Cement and Concrete,
cement,P100000123476,Xuzhou Zhonglian Cement Co Ltd Cement Plant 1,徐州中联水泥有限公司邳州分公司 (Chinese),Xuzhou Zhonglian Cement Co Ltd [100.0%],China;,Jiangsu,operating,,0.008,>0,>0,n/a,n/a,34.260891,117.714876,34.260891,117.714876,https://www.gem.wiki/Xuzhou_Zhonglian_Cement_Co_Ltd_Cement_Plant_1,n/a,"Jiangsu, China",0.008,0.008,n/a,unknown,n/a,,徐州中联水泥有限公司邳州分公司 (Chinese) [100%],exact,Xuzhou Zhonglian Cement Co Ltd Cement Plant 1,Xuzhou Zhonglian Cement Co Ltd [100.0%],grinding,0.008,operating,GCCT,GCCT,Cement and Concrete,n/a
cement,P100000123477,Haiyan Qinshan South Cement Co Ltd Cement Plant,海盐秦山南方水泥有限公司 (Chinese),Haiyan Qinshan South Cement Co Ltd [100.0%],China;,Zhejiang,operating,,6.8,6.8,6.8,n/a,n/a,30.460705,120.933522,30.460705,120.933522,https://www.gem.wiki/Haiyan_Qinshan_South_Cement_Co_Ltd_Cement_Plant,n/a,"Zhejiang, China",6.8,6.8,n/a,unknown,n/a,,海盐秦山南方水泥有限公司 (Chinese) [100%],exact,Haiyan Qinshan South Cement Co Ltd Cement Plant,Haiyan Qinshan South Cement Co Ltd [100.0%],grinding,6.8,operating,GCCT,GCCT,Cement and Concrete,n/a
cement,P100000123478,Zhejiang Xiandu Cement Co Ltd Cement Plant,浙江仙都水泥有限公司 (Chinese),Zhejiang Xiandu Cement Co Ltd [100.0%],China;,Zhejiang,retired,,0.15,0.15,0.15,n/a,n/a,28.797003,120.218656,28.797003,120.218656,https://www.gem.wiki/Zhejiang_Xiandu_Cement_Co_Ltd_Cement_Plant,n/a,"Zhejiang, China",0.15,0.15,n/a,unknown,n/a,,浙江仙都水泥有限公司 (Chinese) [100%],exact,Zhejiang Xiandu Cement Co Ltd Cement Plant,Zhejiang Xiandu Cement Co Ltd [100.0%],grinding,0.15,retired-plus,GCCT,GCCT,Cement and Concrete,n/a
cement,P100000123479,Zhuji South Cement Co Ltd Cement Plant,诸暨南方水泥有限公司 (Chinese),Zhuji South Cement Co Ltd [100.0%],China;,Zhejiang,operating,,1.5,1.5,1.5,n/a,n/a,29.814858,120.347015,29.814858,120.347015,https://www.gem.wiki/Zhuji_South_Cement_Co_Ltd_Cement_Plant,n/a,"Zhejiang, China",1.5,1.5,n/a,unknown,n/a,,诸暨南方水泥有限公司 (Chinese) [100%],exact,Zhuji South Cement Co Ltd Cement Plant,Zhuji South Cement Co Ltd [100.0%],grinding,1.5,operating,GCCT,GCCT,Cement and Concrete,n/a
cement,P100000123480,Jiangxi Xingan South Cement Co Ltd Cement Plant,江西新干南方水泥有限公司 (Chinese),Jiangxi Xingan South Cement Co Ltd [100.0%],China;,Jiangxi,retired,,,not found,,unknown,,27.767243,115.395725,27.767243,115.395725,https://www.gem.wiki/Jiangxi_Xingan_South_Cement_Co_Ltd_Cement_Plant,n/a,"Jiangxi, China",,,n/a,unknown,n/a,,江西新干南方水泥有限公司 (Chinese) [100%],exact,Jiangxi Xingan South Cement Co Ltd Cement Plant,Jiangxi Xingan South Cement Co Ltd [100.0%],,1.5719178536863079,retired-plus,GCCT,GCCT,Cement and Concrete,
cement,P100000123481,China Resources Cement (Yongding) Ltd Cement Plant,华润水泥（永定）有限公司 (Chinese),China Resources Cement (Yongding) Ltd [100.0%],China;,Fujian,operating,2011,1.87,1.87,1.87,3.29,dry,24.826029,117.014467,24.826029,117.014467,https://www.gem.wiki/China_Resources_Cement_(Yongding)_Ltd_Cement_Plant,no,"Fujian, China",1.87,1.87,no,unknown,no,,华润水泥（永定）有限公司 (Chinese) [100%],exact,China Resources Cement (Yongding) Ltd Cement Plant,China Resources Cement (Yongding) Ltd [100.0%],integrated,1.87,operating,GCCT,GCCT,Cement and Concrete,n/a
cement,P100000123482,China Resources Cement (Guigang) Ltd Cement Plant,华润水泥（贵港）有限公司 (Chinese),China Resources Cement (Guigang) Ltd [100.0%],China;,Guangxi,operating,2006,3.6,3.6,3.6,3.65,dry,22.934966,109.564835,22.934966,109.564835,https://www.gem.wiki/China_Resources_Cement_(Guigang)_Ltd_Cement_Plant,no,"Guangxi, China",3.6,3.6,no,opc,no,grey,华润水泥（贵港）有限公司 (Chinese) [100%],exact,China Resources Cement (Guigang) Ltd Cement Plant,China Resources Cement (Guigang) Ltd [100.0%],integrated,3.6,operating,GCCT,GCCT,Cement and Concrete,n/a
cement,P100000123483,China Resources Cement (Fuchuan) Ltd Cement Plant,华润水泥（富川）有限公司 (Chinese),China Resources Cement (Fuchuan) Ltd [100.0%],China;,Guangxi,operating,2010,2,2,2,1.55,dry,24.708562,111.390059,24.708562,111.390059,https://www.gem.wiki/China_Resources_Cement_(Fuchuan)_Ltd_Cement_Plant,no,"Guangxi, China",2,2,no,opc,no,grey,华润水泥（富川）有限公司 (Chinese) [100%],exact,China Resources Cement (Fuchuan) Ltd Cement Plant,China Resources Cement (Fuchuan) Ltd [100.0%],integrated,2.0,operating,GCCT,GCCT,Cement and Concrete,n/a
cement,P100000123484,China Resources Cement (Fengkai) Ltd Cement Plant,华润水泥（封开）有限公司 (Chinese),China Resources Cement (Fengkai) Ltd [100.0%],China;,Guangdong,operating,2009,12,12,12,14.6,dry,23.243143,111.575119,23.243143,111.575119,https://www.gem.wiki/China_Resources_Cement_(Fengkai)_Ltd_Cement_Plant,no,"Guangdong, China",12,12,no,opc,no,grey,华润水泥（封开）有限公司 (Chinese) [100%],exact,China Resources Cement (Fengkai) Ltd Cement Plant,China Resources Cement (Fengkai) Ltd [100.0%],integrated,12.0,operating,GCCT,GCCT,Cement and Concrete,n/a
cement,P100000123485,China Resources Cement (Tianyang) Ltd Cement Plant,华润水泥（田阳）有限公司 (Chinese),China Resources Cement (Tianyang) Ltd [100.0%],China;,Guangxi,operating,2010,1.4,1.4,1.4,1.64,dry,23.737718,106.778815,23.737718,106.778815,https://www.gem.wiki/China_Resources_Cement_(Tianyang)_Ltd_Cement_Plant,no,"Guangxi, China",1.4,1.4,no,unknown,no,,华润水泥（田阳）有限公司 (Chinese) [100%],exact,China Resources Cement (Tianyang) Ltd Cement Plant,China Resources Cement (Tianyang) Ltd [100.0%],integrated,1.4,operating,GCCT,GCCT,Cement and Concrete,n/a
cement,P100000123486,China Resources Cement (Nanning) Ltd Cement Plant,华润水泥（南宁）有限公司 (Chinese),China Resources Cement (Nanning) Ltd [100.0%],China;,Guangxi,operating,2008,2.93,2.93,2.93,3.65,dry,23.037389,108.081907,23.037389,108.081907,https://www.gem.wiki/China_Resources_Cement_(Nanning)_Ltd_Cement_Plant,no,"Guangxi, China",2.93,2.93,no,unknown,no,,华润水泥（南宁）有限公司 (Chinese) [100%],exact,China Resources Cement (Nanning) Ltd Cement Plant,China Resources Cement (Nanning) Ltd [100.0%],integrated,2.93,operating,GCCT,GCCT,Cement and Concrete,n/a
cement,P100000123487,China Resources Cement (Longyan) Ltd Cement Plant,华润水泥（龙岩）有限公司 (Chinese),China Resources Cement (Longyan) Ltd [100.0%],China;,Fujian,operating,2011,1.5,1.5,1.5,>0,dry,25.146517,117.159313,25.146517,117.159313,https://www.gem.wiki/China_Resources_Cement_(Longyan)_Ltd_Cement_Plant,no,"Fujian, China",1.5,1.5,no,opc,no,grey,华润水泥（龙岩）有限公司 (Chinese) [100%],exact,China Resources Cement (Longyan) Ltd Cement Plant,China Resources Cement (Longyan) Ltd [100.0%],integrated,1.5,operating,GCCT,GCCT,Cement and Concrete,n/a
cement,P100000123488,China Resources Cement (Pingnan) Ltd Cement Plant,华润水泥（平南）有限公司 (Chinese),China Resources Cement (Pingnan) Ltd [100.0%],China;,Guangxi,operating,2004,0.008,>0,>0,6,dry,23.489914,110.496048,23.489914,110.496048,https://www.gem.wiki/China_Resources_Cement_(Pingnan)_Ltd_Cement_Plant,no,"Guangxi, China",0.008,0.008,no,unknown,no,,华润水泥（平南）有限公司 (Chinese) [100%],exact,China Resources Cement (Pingnan) Ltd Cement Plant,China Resources Cement (Pingnan) Ltd [100.0%],integrated,0.008,operating,GCCT,GCCT,Cement and Concrete,n/a
cement,P100000123489,China Resources Cement (Shangsi) Ltd Cement Plant,华润水泥（上思）有限公司 (Chinese),China Resources Cement (Shangsi) Ltd [100.0%],China;,Guangxi,operating,2010,3.05,3.05,3.05,3.29,dry,22.171185,107.928982,22.171185,107.928982,https://www.gem.wiki/China_Resources_Cement_(Shangsi)_Ltd_Cement_Plant,no,"Guangxi, China",3.05,3.05,no,unknown,no,,华润水泥（上思）有限公司 (Chinese) [100%],exact,China Resources Cement (Shangsi) Ltd Cement Plant,China Resources Cement (Shangsi) Ltd [100.0%],integrated,3.05,operating,GCCT,GCCT,Cement and Concrete,n/a
cement,P100000123490,China Resources Cement (Wuxuan) Ltd Cement Plant,华润水泥（武宣）有限公司 (Chinese),China Resources Cement (Wuxuan) Ltd [100.0%],China;,Guangxi,operating,2011,2.17,2.17,2.17,>0,dry,23.515795,109.705269,23.515795,109.705269,https://www.gem.wiki/China_Resources_Cement_(Wuxuan)_Ltd_Cement_Plant,no,"Guangxi, China",2.17,2.17,no,opc,no,grey,华润水泥（武宣）有限公司 (Chinese) [100%],exact,China Resources Cement (Wuxuan) Ltd Cement Plant,China Resources Cement (Wuxuan) Ltd [100.0%],integrated,2.17,operating,GCCT,GCCT,Cement and Concrete,n/a
cement,P100000123491,China Resources Cement (Hepu) Co Ltd Cement Plant,华润水泥（合浦）有限公司 (Chinese),China Resources Cement (Hepu) Co Ltd [100.0%],China;,Guangxi,operating,2017,2.3,2.3,2.3,1.8,dry,21.736687,109.573329,21.736687,109.573329,https://www.gem.wiki/China_Resources_Cement_(Hepu)_Co_Ltd_Cement_Plant,no,"Guangxi, China",2.3,2.3,no,unknown,no,,华润水泥（合浦）有限公司 (Chinese) [100%],exact,China Resources Cement (Hepu) Co Ltd Cement Plant,China Resources Cement (Hepu) Co Ltd [100.0%],integrated,2.3,operating,GCCT,GCCT,Cement and Concrete,n/a
cement,P100000123492,China Resources Cement (Anshun) Co Ltd Cement Plant,华润水泥（安顺）有限公司 (Chinese),China Resources Cement (Anshun) Co Ltd [100.0%],China;,Guizhou,operating,2020,1.4,1.4,1.4,>0,dry,26.349882,105.932554,26.349882,105.932554,https://www.gem.wiki/China_Resources_Cement_(Anshun)_Co_Ltd_Cement_Plant,no,"Guizhou, China",1.4,1.4,no,unknown,no,,华润水泥（安顺）有限公司 (Chinese) [100%],exact,China Resources Cement (Anshun) Co Ltd Cement Plant,China Resources Cement (Anshun) Co Ltd [100.0%],integrated,1.4,operating,GCCT,GCCT,Cement and Concrete,n/a
cement,P100000123493,China Resources Cement (Changzhi) Ltd Cement Plant,华润水泥（长治）有限公司 (Chinese),China Resources Cement (Changzhi) Ltd [100.0%],China;,Shanxi,operating,2013,2,2,2,1.83,dry,36.297887,113.138464,36.297887,113.138464,https://www.gem.wiki/China_Resources_Cement_(Changzhi)_Ltd_Cement_Plant,no,"Shanxi, China",2,2,no,opc,no,grey,华润水泥（长治）有限公司 (Chinese) [100%],exact,China Resources Cement (Changzhi) Ltd Cement Plant,China Resources Cement (Changzhi) Ltd [100.0%],integrated,2.0,operating,GCCT,GCCT,Cement and Concrete,n/a
cement,P100000123494,Shanxi CRC Fulong Cement Co Ltd Cement Plant,山西金隅冀东环保科技有限公司 (Chinese),Shanxi Jinyu Jidong Environmental Protection Technology Co Ltd [100.0%],China;,Shanxi,operating,2010,4,4,4,3.65,dry,37.462752,110.951299,37.462752,110.951299,https://www.gem.wiki/Shanxi_CRC_Fulong_Cement_Co_Ltd_Cement_Plant,no,"Shanxi, China",4,4,no,unknown,no,,山西金隅冀东环保科技有限公司 (Chinese) [100%],exact,Shanxi CRC Fulong Cement Co Ltd Cement Plant,Shanxi Jinyu Jidong Environmental Protection Technology Co Ltd [100.0%],integrated,4.0,operating,GCCT,GCCT,Cement and Concrete,n/a
cement,P100000123495,China Resources Cement (Hongshuihe) Co Ltd Cement Plant,广西华润红水河水泥有限公司 (Chinese),China Resources Cement (Hongshuihe) Co Ltd [100.0%],China;,Guangxi,operating,,2.3,2.3,2.3,2.08,dry,23.209965,109.155783,23.209965,109.155783,https://www.gem.wiki/China_Resources_Cement_(Hongshuihe)_Co_Ltd_Cement_Plant,no,"Guangxi, China",2.3,2.3,no,opc,no,grey,广西华润红水河水泥有限公司 (Chinese) [100%],exact,China Resources Cement (Hongshuihe) Co Ltd Cement Plant,China Resources Cement (Hongshuihe) Co Ltd [100.0%],integrated,2.3,operating,GCCT,GCCT,Cement and Concrete,n/a
cement,P100000123496,China Resources Cement (Huizhou) Ltd Cement Plant,华润水泥（惠州）有限公司 (Chinese),China Resources Cement (Huizhou) Ltd [100.0%],China;,Guangdong,operating,,1.2,1.2,1.2,>0,dry,23.642102,114.366638,23.642102,114.366638,https://www.gem.wiki/China_Resources_Cement_(Huizhou)_Ltd_Cement_Plant,no,"Guangdong, China",1.2,1.2,no,opc,no,grey,华润水泥（惠州）有限公司 (Chinese) [100%],exact,China Resources Cement (Huizhou) Ltd Cement Plant,China Resources Cement (Huizhou) Ltd [100.0%],integrated,1.2,operating,GCCT,GCCT,Cement and Concrete,n/a
cement,P100000123497,China Resources Cement (Lianjiang) Co Ltd Cement Plant 1,华润混凝土（廉江）有限公司 (Chinese),China Resources Cement (Lianjiang) Co Ltd [100.0%],China;,Guangdong,operating,2016,1,1,1,n/a,n/a,21.643025,110.152792,21.643025,110.152792,https://www.gem.wiki/China_Resources_Cement_(Lianjiang)_Co_Ltd_Cement_Plant_1,n/a,"Guangdong, China",1,1,n/a,unknown,n/a,,华润混凝土（廉江）有限公司 (Chinese) [100%],exact,China Resources Cement (Lianjiang) Co Ltd Cement Plant 1,China Resources Cement (Lianjiang) Co Ltd [100.0%],grinding,1.0,operating,GCCT,GCCT,Cement and Concrete,n/a
cement,P100000123498,China Resources Cement (Longyan Caoxi) Ltd Cement Plant,华润水泥（龙岩曹溪）有限公司 (Chinese),China Resources Cement (Longyan Caoxi) Ltd [100.0%],China;,Fujian,operating,,2,2,2,1.64,dry,25.055917,117.058837,25.055917,117.058837,https://www.gem.wiki/China_Resources_Cement_(Longyan_Caoxi)_Ltd_Cement_Plant,no,"Fujian, China",2,2,no,opc,no,grey,华润水泥（龙岩曹溪）有限公司 (Chinese) [100%],exact,China Resources Cement (Longyan Caoxi) Ltd Cement Plant,China Resources Cement (Longyan Caoxi) Ltd [100.0%],integrated,2.0,operating,GCCT,GCCT,Cement and Concrete,n/a
cement,P100000123499,China Resources Cement (Luchuan) Ltd Cement Plant,华润水泥（陆川）有限公司 (Chinese),China Resources Cement (Luchuan) Ltd [100.0%],China;,Guangxi,operating,2011,1.6,1.6,1.6,1.48,dry,22.559853,110.196576,22.559853,110.196576,https://www.gem.wiki/China_Resources_Cement_(Luchuan)_Ltd_Cement_Plant,no,"Guangxi, China",1.6,1.6,no,opc,no,grey,华润水泥（陆川）有限公司 (Chinese) [100%],exact,China Resources Cement (Luchuan) Ltd Cement Plant,China Resources Cement (Luchuan) Ltd [100.0%],integrated,1.6,operating,GCCT,GCCT,Cement and Concrete,n/a
cement,P100000123500,China Resources Cement (Luoding) Co Ltd Cement Plant,华润水泥（罗定）有限公司 (Chinese),China Resources Cement (Luoding) Co Ltd [100.0%],China;,Guangdong,operating,2012,1.66,1.66,1.66,>0,dry,22.618681,111.723067,22.618681,111.723067,https://www.gem.wiki/China_Resources_Cement_(Luoding)_Co_Ltd_Cement_Plant,no,"Guangdong, China",1.66,1.66,no,opc,no,grey,华润水泥（罗定）有限公司 (Chinese) [100%],exact,China Resources Cement (Luoding) Co Ltd Cement Plant,China Resources Cement (Luoding) Co Ltd [100.0%],integrated,1.66,operating,GCCT,GCCT,Cement and Concrete,n/a
cement,P100000123501,China Resources Cement (Midu) Co Ltd Cement Plant,华润水泥（弥渡）有限公司 (Chinese),China Resources Cement (Midu) Co Ltd [100.0%],China;,Yunnan,operating,,4.8,4.8,4.8,0.84,dry,25.290296,100.549139,25.290296,100.549139,https://www.gem.wiki/China_Resources_Cement_(Midu)_Co_Ltd_Cement_Plant,no,"Yunnan, China",4.8,4.8,no,unknown,no,,华润水泥（弥渡）有限公司 (Chinese) [100%],exact,China Resources Cement (Midu) Co Ltd Cement Plant,China Resources Cement (Midu) Co Ltd [100.0%],integrated,4.8,operating,GCCT,GCCT,Cement and Concrete,n/a
cement,P100000123502,China Resources Cement (Zhangping) Co Ltd Cement Plant,华润水泥（漳平）有限公司 (Chinese),China Resources Cement (Zhangping) Co Ltd [100.0%],China;,Fujian,operating,2008,1,1,1,0.91,dry,25.277299,117.394263,25.277299,117.394263,https://www.gem.wiki/China_Resources_Cement_(Zhangping)_Co_Ltd_Cement_Plant,no,"Fujian, China",1,1,no,opc,no,grey,华润水泥（漳平）有限公司 (Chinese) [100%],exact,China Resources Cement (Zhangping) Co Ltd Cement Plant,China Resources Cement (Zhangping) Co Ltd [100.0%],integrated,1.0,operating,GCCT,GCCT,Cement and Concrete,n/a
cement,P100000123503,China Resources Cement Plant (Heqing) Co Ltd,华润水泥（鹤庆）有限公司 (Chinese),China Resources Cement Plant (Heqing) Co Ltd [100.0%],China;,Yunnan,operating,2008,2,2,2,1.83,dry,26.669122,100.194898,26.669122,100.194898,https://www.gem.wiki/China_Resources_Cement_Plant_(Heqing)_Co_Ltd,no,"Yunnan, China",2,2,no,unknown,no,,华润水泥（鹤庆）有限公司 (Chinese) [100%],exact,China Resources Cement Plant (Heqing) Co Ltd,China Resources Cement Plant (Heqing) Co Ltd [100.0%],integrated,2.0,operating,GCCT,GCCT,Cement and Concrete,n/a
cement,P100000123504,China Resources Cement Plant (Jinsha) Co Ltd,华润水泥（金沙）有限公司 (Chinese),China Resources Cement Plant (Jinsha) Co Ltd [100.0%],China;,Guizhou,operating,2014,4,4,4,>0,dry,27.520101,106.553859,27.520101,106.553859,https://www.gem.wiki/China_Resources_Cement_Plant_(Jinsha)_Co_Ltd,no,"Guizhou, China",4,4,no,unknown,no,,华润水泥（金沙）有限公司 (Chinese) [100%],exact,China Resources Cement Plant (Jinsha) Co Ltd,China Resources Cement Plant (Jinsha) Co Ltd [100.0%],integrated,4.0,operating,GCCT,GCCT,Cement and Concrete,n/a
cement,P100000123505,China Resources Cement (Zhanjiang) Ltd Cement Plant,华润水泥（湛江）有限公司 (Chinese),China Resources Cement (Zhanjiang) Ltd [100.0%],China;,Guangdong,operating,,1.8,1.8,1.8,n/a,n/a,21.406225,110.263092,21.406225,110.263092,https://www.gem.wiki/China_Resources_Cement_(Zhanjiang)_Ltd_Cement_Plant,n/a,"Guangdong, China",1.8,1.8,n/a,unknown,n/a,,华润水泥（湛江）有限公司 (Chinese) [100%],exact,China Resources Cement (Zhanjiang) Ltd Cement Plant,China Resources Cement (Zhanjiang) Ltd [100.0%],grinding,1.8,operating,GCCT,GCCT,Cement and Concrete,n/a
cement,P100000123506,China Resources Cement (Shantou) Ltd Cement Plant,华润水泥（汕头）有限公司 (Chinese),China Resources Cement (Shantou) Ltd [100.0%],China;,Guangdong,operating,2009,0.008,>0,>0,n/a,n/a,23.326833,116.747178,23.326833,116.747178,https://www.gem.wiki/China_Resources_Cement_(Shantou)_Ltd_Cement_Plant,n/a,"Guangdong, China",0.008,0.008,n/a,unknown,n/a,,华润水泥（汕头）有限公司 (Chinese) [100%],exact,China Resources Cement (Shantou) Ltd Cement Plant,China Resources Cement (Shantou) Ltd [100.0%],grinding,0.008,operating,GCCT,GCCT,Cement and Concrete,n/a
cement,P100000123507,China Resources Cement (Dongguan) Ltd Cement Plant,东莞华润水泥厂有限公司 (Chinese),China Resources Cement (Dongguan) Ltd [100.0%],China;,Guangdong,operating,1998,1.2,1.2,1.2,n/a,n/a,22.894675,113.584333,22.894675,113.584333,https://www.gem.wiki/China_Resources_Cement_(Dongguan)_Ltd_Cement_Plant,n/a,"Guangdong, China",1.2,1.2,n/a,opc,n/a,grey,东莞华润水泥厂有限公司 (Chinese) [100%],exact,China Resources Cement (Dongguan) Ltd Cement Plant,China Resources Cement (Dongguan) Ltd [100.0%],grinding,1.2,operating,GCCT,GCCT,Cement and Concrete,n/a
cement,P100000123508,China Resources Cement (Lianjiang) Co Ltd Cement Plant 2,华润水泥（连江）有限公司 (Chinese),China Resources Cement (Lianjiang) Co Ltd [100.0%],China;,Fujian,operating,,0.008,>0,>0,n/a,n/a,26.249001,119.580219,26.249001,119.580219,https://www.gem.wiki/China_Resources_Cement_(Lianjiang)_Co_Ltd_Cement_Plant_2,n/a,"Fujian, China",0.008,0.008,n/a,opc,n/a,grey,华润水泥（连江）有限公司 (Chinese) [100%],exact,China Resources Cement (Lianjiang) Co Ltd Cement Plant 2,China Resources Cement (Lianjiang) Co Ltd [100.0%],grinding,0.008,operating,GCCT,GCCT,Cement and Concrete,n/a
cement,P100000123509,China Resources Cement (Quanzhou) Ltd Cement Plant,华润水泥（泉州）有限公司 (Chinese),China Resources Cement (Quanzhou) Ltd [100.0%],China;,Fujian,operating,,0.3,0.3,0.3,n/a,n/a,24.999031,118.791502,24.999031,118.791502,https://www.gem.wiki/China_Resources_Cement_(Quanzhou)_Ltd_Cement_Plant,n/a,"Fujian, China",0.3,0.3,n/a,opc,n/a,grey,华润水泥（泉州）有限公司 (Chinese) [100%],exact,China Resources Cement (Quanzhou) Ltd Cement Plant,China Resources Cement (Quanzhou) Ltd [100.0%],grinding,0.3,operating,GCCT,GCCT,Cement and Concrete,n/a
cement,P100000123510,China Resources Cement (Wuzhishan) Co Ltd Cement Plant,华润水泥（五指山）有限公司 (Chinese),China Resources Cement (Wuzhishan) Co Ltd [100.0%],China;,Hainan,operating,2013,0.6,0.6,0.6,n/a,n/a,18.937759,109.539782,18.937759,109.539782,https://www.gem.wiki/China_Resources_Cement_(Wuzhishan)_Co_Ltd_Cement_Plant,n/a,"Hainan, China",0.6,0.6,n/a,opc,n/a,grey,华润水泥（五指山）有限公司 (Chinese) [100%],exact,China Resources Cement (Wuzhishan) Co Ltd Cement Plant,China Resources Cement (Wuzhishan) Co Ltd [100.0%],grinding,0.6,operating,GCCT,GCCT,Cement and Concrete,n/a
cement,P100000123511,China Resources Cement (Fangchenggang) Ltd Cement Plant,华润水泥（防城港）有限公司 (Chinese),China Resources Cement (Fangchenggang) Ltd [100.0%],China;,Guangxi,operating,,0.2,0.2,0.2,n/a,n/a,21.848321,108.463072,21.848321,108.463072,https://www.gem.wiki/China_Resources_Cement_(Fangchenggang)_Ltd_Cement_Plant,n/a,"Guangxi, China",0.2,0.2,n/a,opc,n/a,grey,华润水泥（防城港）有限公司 (Chinese) [100%],exact,China Resources Cement (Fangchenggang) Ltd Cement Plant,China Resources Cement (Fangchenggang) Ltd [100.0%],grinding,0.2,operating,GCCT,GCCT,Cement and Concrete,n/a
cement,P100000123512,Tianrui Group Nanzhao Cement Co Ltd Cement Plant 1,天瑞集团南召水泥有限公司 (Chinese),Tianrui Group Nanzhao Cement Co Ltd [100.0%],China;,Henan,operating,,1,1,1,1.8,dry,33.410232,112.321117,33.410232,112.321117,https://www.gem.wiki/Tianrui_Group_Nanzhao_Cement_Co_Ltd_Cement_Plant_1,no,"Henan, China",1,1,no,opc,no,grey,天瑞集团南召水泥有限公司 (Chinese) [100%],exact,Tianrui Group Nanzhao Cement Co Ltd Cement Plant 1,Tianrui Group Nanzhao Cement Co Ltd [100.0%],integrated,1.0,operating,GCCT,GCCT,Cement and Concrete,n/a
cement,P100000123513,Tianrui Group Guangshan Cement Co Ltd Cement Plant,天瑞集团光山水泥有限公司 (Chinese),Tianrui Group Guangshan Cement Co Ltd [100.0%],China;,Henan,operating,2008,2,2,2,1.8,dry,31.949452,114.630104,31.949452,114.630104,https://www.gem.wiki/Tianrui_Group_Guangshan_Cement_Co_Ltd_Cement_Plant,no,"Henan, China",2,2,no,opc,no,grey,天瑞集团光山水泥有限公司 (Chinese) [100%],exact,Tianrui Group Guangshan Cement Co Ltd Cement Plant,Tianrui Group Guangshan Cement Co Ltd [100.0%],integrated,2.0,operating,GCCT,GCCT,Cement and Concrete,n/a
cement,P100000123514,Liaoyang Tianrui Cement Co Ltd Cement Plant,辽阳天瑞水泥有限公司 (Chinese),Liaoyang Tianrui Cement Co Ltd [100.0%],China;,Liaoning,operating,2010,0.008,>0,>0,3.65,dry,41.277623,123.287185,41.277623,123.287185,https://www.gem.wiki/Liaoyang_Tianrui_Cement_Co_Ltd_Cement_Plant,no,"Liaoning, China",0.008,0.008,no,unknown,no,,辽阳天瑞水泥有限公司 (Chinese) [100%],exact,Liaoyang Tianrui Cement Co Ltd Cement Plant,Liaoyang Tianrui Cement Co Ltd [100.0%],integrated,0.008,operating,GCCT,GCCT,Cement and Concrete,n/a
cement,P100000123515,Tianrui Group Yuzhou Cement Co Ltd Qianjing Branch Cement Plant,天瑞集团禹州水泥有限公司浅井分公司 (Chinese),Tianrui Group Yuzhou Cement Co Ltd Qianjing Branch [100.0%],China;,Henan,operating,2012,2,2,2,1.8,dry,34.299281,113.416752,34.299281,113.416752,https://www.gem.wiki/Tianrui_Group_Yuzhou_Cement_Co_Ltd_Qianjing_Branch_Cement_Plant,no,"Henan, China",2,2,no,unknown,no,,天瑞集团禹州水泥有限公司浅井分公司 (Chinese) [100%],exact,Tianrui Group Yuzhou Cement Co Ltd Qianjing Branch Cement Plant,Tianrui Group Yuzhou Cement Co Ltd Qianjing Branch [100.0%],integrated,2.0,operating,GCCT,GCCT,Cement and Concrete,n/a
cement,P100000123516,Ruzhou Tianrui Group Cement Co Ltd Cement Plant,天瑞集团汝州水泥有限公司 (Chinese),Tianrui Group Ruzhou Cement Co Ltd [100.0%],China;,Henan,operating,2003,3.6,3.6,3.6,2.8,dry,34.121937,112.827104,34.121937,112.827104,https://www.gem.wiki/Ruzhou_Tianrui_Group_Cement_Co_Ltd_Cement_Plant,no,"Henan, China",3.6,3.6,no,unknown,no,,天瑞集团汝州水泥有限公司 (Chinese) [100%],exact,Ruzhou Tianrui Group Cement Co Ltd Cement Plant,Tianrui Group Ruzhou Cement Co Ltd [100.0%],integrated,3.6,operating,GCCT,GCCT,Cement and Concrete,n/a
cement,P100000123517,Dalian Tianrui Cement Co Ltd Cement Plant,大连天瑞水泥有限公司 (Chinese),Dalian Tianrui Cement Co Ltd [100.0%],China;,Liaoning,operating,2007,2,2,2,4.2,dry,39.581583,121.434166,39.581583,121.434166,https://www.gem.wiki/Dalian_Tianrui_Cement_Co_Ltd_Cement_Plant,no,"Liaoning, China",2,2,no,unknown,no,,大连天瑞水泥有限公司 (Chinese) [100%],exact,Dalian Tianrui Cement Co Ltd Cement Plant,Dalian Tianrui Cement Co Ltd [100.0%],integrated,2.0,operating,GCCT,GCCT,Cement and Concrete,n/a
cement,P100000123518,Tianrui Group Zhengzhou Cement Co Ltd Cement Plant,天瑞集团郑州水泥有限公司 (Chinese),Tianrui Group Zhengzhou Cement Co Ltd [100.0%],China;,Henan,operating,1997,5,5,5,4.38,dry,34.656464,113.371716,34.656464,113.371716,https://www.gem.wiki/Tianrui_Group_Zhengzhou_Cement_Co_Ltd_Cement_Plant,no,"Henan, China",5,5,no,opc,no,grey,天瑞集团郑州水泥有限公司 (Chinese) [100%],exact,Tianrui Group Zhengzhou Cement Co Ltd Cement Plant,Tianrui Group Zhengzhou Cement Co Ltd [100.0%],integrated,5.0,operating,GCCT,GCCT,Cement and Concrete,n/a
cement,P100000123519,Pingdingshan Ruiping Shilong Cement Co Ltd Cement Plant,平顶山瑞平石龙水泥有限公司 (Chinese),Pingdingshan Ruiping Shilong Cement Co Ltd [100.0%],China;,Henan,operating,2007,0.008,>0,>0,3.1,dry,33.883746,112.897971,33.883746,112.897971,https://www.gem.wiki/Pingdingshan_Ruiping_Shilong_Cement_Co_Ltd_Cement_Plant,no,"Henan, China",0.008,0.008,no,unknown,no,,平顶山瑞平石龙水泥有限公司 (Chinese) [100%],exact,Pingdingshan Ruiping Shilong Cement Co Ltd Cement Plant,Pingdingshan Ruiping Shilong Cement Co Ltd [100.0%],integrated,0.008,operating,GCCT,GCCT,Cement and Concrete,n/a
cement,P100000123520,Weihui Tianrui Cement Co Ltd Cement Plant,卫辉市天瑞水泥有限公司(天瑞集团卫辉水泥有限公司) (Chinese),Weihui Tianrui Cement Co Ltd [100.0%],China;,Henan,operating,2005,3,3,3,3.65,dry,35.433052,114.037664,35.433052,114.037664,https://www.gem.wiki/Weihui_Tianrui_Cement_Co_Ltd_Cement_Plant,no,"Henan, China",3,3,no,opc,no,grey,卫辉市天瑞水泥有限公司(天瑞集团卫辉水泥有限公司) (Chinese) [100%],exact,Weihui Tianrui Cement Co Ltd Cement Plant,Weihui Tianrui Cement Co Ltd [100.0%],integrated,3.0,operating,GCCT,GCCT,Cement and Concrete,n/a
cement,P100000123521,Tianrui Group Xiaoxian Cement Co Ltd Cement Plant,天瑞集团萧县水泥有限公司 (Chinese),Tianrui Group Xiaoxian Cement Co Ltd [100.0%],China;,Anhui,operating,2010,2,2,2,1.8,dry,34.1317,117.018336,34.1317,117.018336,https://www.gem.wiki/Tianrui_Group_Xiaoxian_Cement_Co_Ltd_Cement_Plant,no,"Anhui, China",2,2,no,opc,no,grey,天瑞集团萧县水泥有限公司 (Chinese) [100%],exact,Tianrui Group Xiaoxian Cement Co Ltd Cement Plant,Tianrui Group Xiaoxian Cement Co Ltd [100.0%],integrated,2.0,operating,GCCT,GCCT,Cement and Concrete,n/a
cement,P100000123522,Haicheng First Cement Co Ltd Cement Plant,海城市第一水泥有限公司 (Chinese),Haicheng First Cement Co Ltd [100.0%],China;,Liaoning,operating,2012,1.2,1.2,1.2,1,dry,40.819119,122.679432,40.819119,122.679432,https://www.gem.wiki/Haicheng_First_Cement_Co_Ltd_Cement_Plant,no,"Liaoning, China",1.2,1.2,no,opc,no,grey,海城市第一水泥有限公司 (Chinese) [100%],exact,Haicheng First Cement Co Ltd Cement Plant,Haicheng First Cement Co Ltd [100.0%],integrated,1.2,operating,GCCT,GCCT,Cement and Concrete,n/a
cement,P100000123523,Henan YongAn Cement Co Ltd Cement Plant,河南永安水泥有限责任公司 (Chinese),Henan YongAn Cement Co Ltd [100.0%],China;,Henan,operating,2011,2,2,2,1.55,dry,34.690753,112.933981,34.690753,112.933981,https://www.gem.wiki/Henan_YongAn_Cement_Co_Ltd_Cement_Plant,no,"Henan, China",2,2,no,opc,no,grey,河南永安水泥有限责任公司 (Chinese) [100%],exact,Henan YongAn Cement Co Ltd Cement Plant,Henan YongAn Cement Co Ltd [100.0%],integrated,2.0,operating,GCCT,GCCT,Cement and Concrete,n/a
cement,P100000123524,Liaoyang Tianrui Liaota Cement Co Ltd Cement Plant,辽阳天瑞辽塔水泥有限公司 (Chinese),Liaoyang Tianrui Liaota Cement Co Ltd [100.0%],China;,Liaoning,operating,2008,1.3,1.3,1.3,1.2,dry,41.314542,123.367797,41.314542,123.367797,https://www.gem.wiki/Liaoyang_Tianrui_Liaota_Cement_Co_Ltd_Cement_Plant,no,"Liaoning, China",1.3,1.3,no,unknown,no,,辽阳天瑞辽塔水泥有限公司 (Chinese) [100%],exact,Liaoyang Tianrui Liaota Cement Co Ltd Cement Plant,Liaoyang Tianrui Liaota Cement Co Ltd [100.0%],integrated,1.3,operating,GCCT,GCCT,Cement and Concrete,n/a
cement,P100000123525,Tianrui Group Cement (Linru) Co Ltd Cement Plant,天瑞水泥集团有限公司临汝分公司 (Chinese),Tianrui Group Cement (Linru) Co Ltd [100.0%],China;,Henan,operating,2006,1.2,1.2,1.2,0.9,dry,34.270982,112.619899,34.270982,112.619899,https://www.gem.wiki/Tianrui_Group_Cement_(Linru)_Co_Ltd_Cement_Plant,no,"Henan, China",1.2,1.2,no,opc,no,grey,天瑞水泥集团有限公司临汝分公司 (Chinese) [100%],exact,Tianrui Group Cement (Linru) Co Ltd Cement Plant,Tianrui Group Cement (Linru) Co Ltd [100.0%],integrated,1.2,operating,GCCT,GCCT,Cement and Concrete,n/a
cement,P100000123526,Tianrui Group Yuzhou Cement Company Cement Plant,天瑞集团禹州水泥有限公司 (Chinese),Tianrui Group Yuzhou Cement Co Ltd [100.0%],China;,Henan,operating,,1,1,1,1.55,dry,34.141317,113.422937,34.141317,113.422937,https://www.gem.wiki/Tianrui_Group_Yuzhou_Cement_Company_Cement_Plant,no,"Henan, China",1,1,no,unknown,no,,天瑞集团禹州水泥有限公司 (Chinese) [100%],exact,Tianrui Group Yuzhou Cement Company Cement Plant,Tianrui Group Yuzhou Cement Co Ltd [100.0%],integrated,1.0,operating,GCCT,GCCT,Cement and Concrete,n/a
cement,P100000123527,Tianrui Xindeng Zhengzhou Cement Co Ltd Cement Plant,天瑞新登郑州水泥有限公司 (Chinese),Tianrui Xindeng Zhengzhou Cement Co Ltd [100.0%],China;,Henan,operating,2008,2,2,2,1.55,dry,34.392625,113.237962,34.392625,113.237962,https://www.gem.wiki/Tianrui_Xindeng_Zhengzhou_Cement_Co_Ltd_Cement_Plant,no,"Henan, China",2,2,no,opc,no,grey,天瑞新登郑州水泥有限公司 (Chinese) [100%],exact,Tianrui Xindeng Zhengzhou Cement Co Ltd Cement Plant,Tianrui Xindeng Zhengzhou Cement Co Ltd [100.0%],integrated,2.0,operating,GCCT,GCCT,Cement and Concrete,n/a
cement,P100000123528,Liaoyang Tianrui Chengxing Cement Co Ltd Cement Plant,辽阳天瑞诚兴水泥有限公司 (Chinese),Liaoyang Tianrui Chengxing Cement Co Ltd [100.0%],China;,Liaoning,operating,2007,1.1,1.1,1.1,n/a,n/a,41.358192,123.300948,41.358192,123.300948,https://www.gem.wiki/Liaoyang_Tianrui_Chengxing_Cement_Co_Ltd_Cement_Plant,n/a,"Liaoning, China",1.1,1.1,n/a,unknown,n/a,,辽阳天瑞诚兴水泥有限公司 (Chinese) [100%],exact,Liaoyang Tianrui Chengxing Cement Co Ltd Cement Plant,Liaoyang Tianrui Chengxing Cement Co Ltd [100.0%],grinding,1.1,operating,GCCT,GCCT,Cement and Concrete,n/a
cement,P100000123529,Panjin Jinrun Cement Co Ltd Cement Plant,盘锦金润水泥有限责任公司 (Chinese),Panjin Jinrun Cement Co Ltd [100.0%],China;,Liaoning,operating,,1,1,1,n/a,n/a,41.155895,122.168897,41.155895,122.168897,https://www.gem.wiki/Panjin_Jinrun_Cement_Co_Ltd_Cement_Plant,n/a,"Liaoning, China",1,1,n/a,unknown,n/a,,盘锦金润水泥有限责任公司 (Chinese) [100%],exact,Panjin Jinrun Cement Co Ltd Cement Plant,Panjin Jinrun Cement Co Ltd [100.0%],grinding,1.0,operating,GCCT,GCCT,Cement and Concrete,n/a
cement,P100000123530,Pingdingshan Tianrui Yaodian Cement Co Ltd Cement Plant,平顶山天瑞姚电水泥有限公司 (Chinese),Pingdingshan Tianrui Yaodian Cement Co Ltd [100.0%],China;,Henan,operating,2010,1.2,1.2,1.2,n/a,n/a,33.731854,113.238889,33.731854,113.238889,https://www.gem.wiki/Pingdingshan_Tianrui_Yaodian_Cement_Co_Ltd_Cement_Plant,n/a,"Henan, China",1.2,1.2,n/a,unknown,n/a,,平顶山天瑞姚电水泥有限公司 (Chinese) [100%],exact,Pingdingshan Tianrui Yaodian Cement Co Ltd Cement Plant,Pingdingshan Tianrui Yaodian Cement Co Ltd [100.0%],grinding,1.2,operating,GCCT,GCCT,Cement and Concrete,n/a
cement,P100000123531,Shenyang Tiger Cement Co Ltd Cement Plant,沈阳老虎水泥有限公司 (Chinese),Shenyang Tiger Cement Co Ltd [100.0%],China;,Liaoning,operating,2017,1,1,1,n/a,n/a,41.64,123.391669,41.64,123.391669,https://www.gem.wiki/Shenyang_Tiger_Cement_Co_Ltd_Cement_Plant,n/a,"Liaoning, China",1,1,n/a,unknown,n/a,,沈阳老虎水泥有限公司 (Chinese) [100%],exact,Shenyang Tiger Cement Co Ltd Cement Plant,Shenyang Tiger Cement Co Ltd [100.0%],grinding,1.0,operating,GCCT,GCCT,Cement and Concrete,n/a
cement,P100000123532,Tianjin Tianrui Cement Co Ltd Cement Plant,天津天瑞水泥有限公司 (Chinese),Tianjin Tianrui Cement Co Ltd [100.0%],China;,Tianjin,operating,2011,3,3,3,n/a,n/a,38.640147,117.392155,38.640147,117.392155,https://www.gem.wiki/Tianjin_Tianrui_Cement_Co_Ltd_Cement_Plant,n/a,"Tianjin, China",3,3,n/a,unknown,n/a,,天津天瑞水泥有限公司 (Chinese) [100%],exact,Tianjin Tianrui Cement Co Ltd Cement Plant,Tianjin Tianrui Cement Co Ltd [100.0%],grinding,3.0,operating,GCCT,GCCT,Cement and Concrete,n/a
cement,P100000123533,Tianrui Group Nanzhao Cement Co Ltd Cement Plant 2,天瑞集团南召水泥有限公司 (Chinese),Tianrui Group Nanzhao Cement Co Ltd [100.0%],China;,Henan,operating,2010,2.2,2.2,2.2,1.64,dry,33.301953,112.638997,33.301953,112.638997,https://www.gem.wiki/Tianrui_Group_Nanzhao_Cement_Co_Ltd_Cement_Plant_2,no,"Henan, China",2.2,2.2,no,opc,no,grey,天瑞集团南召水泥有限公司 (Chinese) [100%],exact,Tianrui Group Nanzhao Cement Co Ltd Cement Plant 2,Tianrui Group Nanzhao Cement Co Ltd [100.0%],integrated,2.2,operating,GCCT,GCCT,Cement and Concrete,n/a
cement,P100000123534,Tianrui Group Xuchang Cement Co Ltd Cement Plant,天瑞集团许昌水泥有限公司 (Chinese),Tianrui Group Xuchang Cement Co Ltd [100.0%],China;,Henan,operating,2008,2,2,2,n/a,n/a,33.995995,113.872489,33.995995,113.872489,https://www.gem.wiki/Tianrui_Group_Xuchang_Cement_Co_Ltd_Cement_Plant,n/a,"Henan, China",2,2,n/a,unknown,n/a,,天瑞集团许昌水泥有限公司 (Chinese) [100%],exact,Tianrui Group Xuchang Cement Co Ltd Cement Plant,Tianrui Group Xuchang Cement Co Ltd [100.0%],grinding,2.0,operating,GCCT,GCCT,Cement and Concrete,n/a
cement,P100000123535,Xinyang Tianrui Cement Co Ltd Cement Plant,信阳天瑞水泥有限公司 (Chinese),Xinyang Tianrui Cement Co Ltd [100.0%],China;,Henan,operating,,1,1,1,n/a,n/a,32.111387,114.157942,32.111387,114.157942,https://www.gem.wiki/Xinyang_Tianrui_Cement_Co_Ltd_Cement_Plant,n/a,"Henan, China",1,1,n/a,unknown,n/a,,信阳天瑞水泥有限公司 (Chinese) [100%],exact,Xinyang Tianrui Cement Co Ltd Cement Plant,Xinyang Tianrui Cement Co Ltd [100.0%],grinding,1.0,operating,GCCT,GCCT,Cement and Concrete,n/a
cement,P100000123536,Xuchang Taida Cement Co Ltd Cement Plant,许昌泰达水泥有限公司 (Chinese),Xuchang Taida Cement Co Ltd [100.0%],China;,Henan,operating,,0.008,>0,>0,n/a,n/a,34.118384,113.694507,34.118384,113.694507,https://www.gem.wiki/Xuchang_Taida_Cement_Co_Ltd_Cement_Plant,n/a,"Henan, China",0.008,0.008,n/a,unknown,n/a,,许昌泰达水泥有限公司 (Chinese) [100%],exact,Xuchang Taida Cement Co Ltd Cement Plant,Xuchang Taida Cement Co Ltd [100.0%],grinding,0.008,operating,GCCT,GCCT,Cement and Concrete,n/a
cement,P100000123537,Yingkou Tianrui Cement Co Ltd Cement Plant,营口天瑞水泥有限公司 (Chinese),Yingkou Tianrui Cement Co Ltd [100.0%],China;,Liaoning,operating,2008,2,2,2,n/a,n/a,40.274056,122.196014,40.274056,122.196014,https://www.gem.wiki/Yingkou_Tianrui_Cement_Co_Ltd_Cement_Plant,n/a,"Liaoning, China",2,2,n/a,unknown,n/a,,营口天瑞水泥有限公司 (Chinese) [100%],exact,Yingkou Tianrui Cement Co Ltd Cement Plant,Yingkou Tianrui Cement Co Ltd [100.0%],grinding,2.0,operating,GCCT,GCCT,Cement and Concrete,n/a
cement,P100000123556,Zhengzhou Tianrui Cement Co Ltd Cement Plant,郑州天瑞水泥有限公司 (Chinese),Zhengzhou Tianrui Cement Co Ltd [100.0%],China;,Henan,operating,2006,2,2,2,n/a,n/a,34.743994,113.845622,34.743994,113.845622,https://www.gem.wiki/Zhengzhou_Tianrui_Cement_Co_Ltd_Cement_Plant,n/a,"Henan, China",2,2,n/a,opc,n/a,grey,郑州天瑞水泥有限公司 (Chinese) [100%],exact,Zhengzhou Tianrui Cement Co Ltd Cement Plant,Zhengzhou Tianrui Cement Co Ltd [100.0%],grinding,2.0,operating,GCCT,GCCT,Cement and Concrete,n/a
cement,P100000123557,Antai Cement Limited Company Cement Plant,鲁山县安泰水泥有限公司 (Chinese),Antai Cement Co Ltd [100.0%],China;,Henan,operating,,0.008,>0,>0,n/a,n/a,33.808131,112.935966,33.808131,112.935966,https://www.gem.wiki/Antai_Cement_Limited_Company_Cement_Plant,n/a,"Henan, China",0.008,0.008,n/a,unknown,n/a,,鲁山县安泰水泥有限公司 (Chinese) [100%],exact,Antai Cement Limited Company Cement Plant,Antai Cement Co Ltd [100.0%],grinding,0.008,operating,GCCT,GCCT,Cement and Concrete,n/a
cement,P100000123558,Shangqiu Tianrui Cement Co Ltd Cement Plant,商丘天瑞水泥有限公司 (Chinese),Shangqiu Tianrui Cement Co Ltd [100.0%],China;,Henan,operating,2005,2,2,2,n/a,n/a,34.46036,115.609716,34.46036,115.609716,https://www.gem.wiki/Shangqiu_Tianrui_Cement_Co_Ltd_Cement_Plant,n/a,"Henan, China",2,2,n/a,opc,n/a,grey,商丘天瑞水泥有限公司 (Chinese) [100%],exact,Shangqiu Tianrui Cement Co Ltd Cement Plant,Shangqiu Tianrui Cement Co Ltd [100.0%],grinding,2.0,operating,GCCT,GCCT,Cement and Concrete,n/a
cement,P100000123559,Tianrui Group Zhoukou Cement Co Ltd Cement Plant,天瑞集团周口水泥有限公司 (Chinese),Tianrui Group Zhoukou Cement Co Ltd [100.0%],China;,Henan,operating,2005,3,3,3,n/a,n/a,33.608367,114.588345,33.608367,114.588345,https://www.gem.wiki/Tianrui_Group_Zhoukou_Cement_Co_Ltd_Cement_Plant,n/a,"Henan, China",3,3,n/a,opc,n/a,grey,天瑞集团周口水泥有限公司 (Chinese) [100%],exact,Tianrui Group Zhoukou Cement Co Ltd Cement Plant,Tianrui Group Zhoukou Cement Co Ltd [100.0%],grinding,3.0,operating,GCCT,GCCT,Cement and Concrete,n/a
cement,P100000123560,Zhejiang Shangfeng Building Material Co Ltd Cement Plant,浙江上峰建材有限公司 (Chinese),Zhejiang Shangfeng Building Materials Co Ltd [100.0%],China;,Zhejiang,operating,,1.5,1.5,1.5,0.9,dry,29.878435,120.144776,29.878435,120.144776,https://www.gem.wiki/Zhejiang_Shangfeng_Building_Material_Co_Ltd_Cement_Plant,no,"Zhejiang, China",1.5,1.5,no,unknown,no,,浙江上峰建材有限公司 (Chinese) [100%],exact,Zhejiang Shangfeng Building Material Co Ltd Cement Plant,Zhejiang Shangfeng Building Materials Co Ltd [100.0%],integrated,1.5,operating,GCCT,GCCT,Cement and Concrete,n/a
cement,P100000123561,Tongling Shangfeng Cement Co Ltd Cement Plant,铜陵上峰水泥股份有限公司 (Chinese),Tongling Shangfeng Cement [100.0%],China;,Anhui,operating,,1,1,1,5.48,dry,30.82264,117.799468,30.82264,117.799468,https://www.gem.wiki/Tongling_Shangfeng_Cement_Co_Ltd_Cement_Plant,no,"Anhui, China",1,1,no,unknown,no,,铜陵上峰水泥股份有限公司 (Chinese) [100%],exact,Tongling Shangfeng Cement Co Ltd Cement Plant,Tongling Shangfeng Cement [100.0%],integrated,1.0,operating,GCCT,GCCT,Cement and Concrete,n/a
cement,P100000123562,Bole Zhongbo Cement Co Ltd Cement Plant,博乐市上峰水泥有限公司 (Chinese),Bole Zhongbo Cement Co Ltd [100.0%],China;,Xinjiang,operating,,1,1,1,1.83,dry,44.755208,82.071995,44.755208,82.071995,https://www.gem.wiki/Bole_Zhongbo_Cement_Co_Ltd_Cement_Plant,no,"Xinjiang, China",1,1,no,unknown,no,,博乐市上峰水泥有限公司 (Chinese) [100%],exact,Bole Zhongbo Cement Co Ltd Cement Plant,Bole Zhongbo Cement Co Ltd [100.0%],integrated,1.0,operating,GCCT,GCCT,Cement and Concrete,n/a
cement,P100000123563,Huaining Shangfeng Cement Co Ltd Cement Plant,怀宁上峰水泥有限公司 (Chinese),Huaining Shangfeng Cement Co Ltd [100.0%],China;,Anhui,operating,,2,2,2,3.65,dry,30.589074,116.961446,30.589074,116.961446,https://www.gem.wiki/Huaining_Shangfeng_Cement_Co_Ltd_Cement_Plant,no,"Anhui, China",2,2,no,opc,no,grey,怀宁上峰水泥有限公司 (Chinese) [100%],exact,Huaining Shangfeng Cement Co Ltd Cement Plant,Huaining Shangfeng Cement Co Ltd [100.0%],integrated,2.0,operating,GCCT,GCCT,Cement and Concrete,n/a
cement,P100000123564,Wusu Shangfeng Cement Co Ltd Cement Plant,乌苏上峰水泥有限公司 (Chinese),Wusu Shangfeng Cement Co Ltd [100.0%],China;,Xinjiang,operating,,1,1,1,n/a,n/a,44.442782,84.763185,44.442782,84.763185,https://www.gem.wiki/Wusu_Shangfeng_Cement_Co_Ltd_Cement_Plant,n/a,"Xinjiang, China",1,1,n/a,unknown,n/a,,乌苏上峰水泥有限公司 (Chinese) [100%],exact,Wusu Shangfeng Cement Co Ltd Cement Plant,Wusu Shangfeng Cement Co Ltd [100.0%],grinding,1.0,operating,GCCT,GCCT,Cement and Concrete,n/a
cement,P100000123565,Jiangsu Shangfeng Cement Co Ltd Cement Plant,江苏上峰水泥有限公司 (Chinese),Jiangsu Shangfeng Cement Co Ltd [100.0%],China;,Jiangsu,operating,,1,1,1,n/a,n/a,33.02174,119.887872,33.02174,119.887872,https://www.gem.wiki/Jiangsu_Shangfeng_Cement_Co_Ltd_Cement_Plant,n/a,"Jiangsu, China",1,1,n/a,opc,n/a,grey,江苏上峰水泥有限公司 (Chinese) [100%],exact,Jiangsu Shangfeng Cement Co Ltd Cement Plant,Jiangsu Shangfeng Cement Co Ltd [100.0%],grinding,1.0,operating,GCCT,GCCT,Cement and Concrete,n/a
cement,P100000123566,Jiujiang Shangfeng Cement Co Ltd Cement Plant,九江上峰水泥有限公司 (Chinese),Jiujiang Shangfeng Cement Co Ltd [100.0%],China;,Jiangxi,operating,,1,1,1,n/a,n/a,29.749805,116.145811,29.749805,116.145811,https://www.gem.wiki/Jiujiang_Shangfeng_Cement_Co_Ltd_Cement_Plant,n/a,"Jiangxi, China",1,1,n/a,unknown,n/a,,九江上峰水泥有限公司 (Chinese) [100%],exact,Jiujiang Shangfeng Cement Co Ltd Cement Plant,Jiujiang Shangfeng Cement Co Ltd [100.0%],grinding,1.0,operating,GCCT,GCCT,Cement and Concrete,n/a
cement,P100000123567,Taizhou Shangfeng Cement Co Ltd Cement Plant,台州上峰水泥有限公司 (Chinese),Taizhou Shangfeng Cement Co Ltd [100.0%],China;,Zhejiang,operating,,1,1,1,n/a,n/a,28.694278,121.351389,28.694278,121.351389,https://www.gem.wiki/Taizhou_Shangfeng_Cement_Co_Ltd_Cement_Plant,n/a,"Zhejiang, China",1,1,n/a,unknown,n/a,,台州上峰水泥有限公司 (Chinese) [100%],exact,Taizhou Shangfeng Cement Co Ltd Cement Plant,Taizhou Shangfeng Cement Co Ltd [100.0%],grinding,1.0,operating,GCCT,GCCT,Cement and Concrete,n/a
cement,P100000123568,Yingshang Shangfeng Cement Co Ltd Cement Plant,颍上上峰水泥有限公司 (Chinese),Yingshang Shangfeng Cement Co Ltd [100.0%],China;,Anhui,operating,,2,2,2,n/a,n/a,32.643189,116.309796,32.643189,116.309796,https://www.gem.wiki/Yingshang_Shangfeng_Cement_Co_Ltd_Cement_Plant,n/a,"Anhui, China",2,2,n/a,unknown,n/a,,颍上上峰水泥有限公司 (Chinese) [100%],exact,Yingshang Shangfeng Cement Co Ltd Cement Plant,Yingshang Shangfeng Cement Co Ltd [100.0%],grinding,2.0,operating,GCCT,GCCT,Cement and Concrete,n/a
cement,P100000123569,Huizhou Tapai Cement Co Ltd Cement Plant,惠州塔牌水泥有限公司 (Chinese),Huizhou Tapai Cement Co Ltd [100.0%],China;,Guangdong,operating,,0.008,>0,>0,>0,dry,23.665299,114.319396,23.665299,114.319396,https://www.gem.wiki/Huizhou_Tapai_Cement_Co_Ltd_Cement_Plant,no,"Guangdong, China",0.008,0.008,no,blended,no,grey,惠州塔牌水泥有限公司 (Chinese) [100%],exact,Huizhou Tapai Cement Co Ltd Cement Plant,Huizhou Tapai Cement Co Ltd [100.0%],integrated,0.008,operating,GCCT,GCCT,Cement and Concrete,n/a
cement,P100000123570,Fujian Tapai Cement Co Ltd Cement Plant,福建塔牌水泥有限公司 (Chinese),Fujian Tapai Cement Co Ltd [100.0%],China;,Fujian,operating,,2.65,2.65,2.65,>0,dry,24.864336,116.197732,24.864336,116.197732,https://www.gem.wiki/Fujian_Tapai_Cement_Co_Ltd_Cement_Plant,no,"Fujian, China",2.65,2.65,no,blended,no,grey,福建塔牌水泥有限公司 (Chinese) [100%],exact,Fujian Tapai Cement Co Ltd Cement Plant,Fujian Tapai Cement Co Ltd [100.0%],integrated,2.65,operating,GCCT,GCCT,Cement and Concrete,n/a
cement,P100000123571,Meizhou Jinta Cement Co Ltd Cement Plant,梅州金塔水泥有限公司 (Chinese),Meizhou Jinta Cement Co Ltd [100.0%],China;,Guangdong,operating,,0.84,0.84,0.84,>0,dry,24.599296,116.149067,24.599296,116.149067,https://www.gem.wiki/Meizhou_Jinta_Cement_Co_Ltd_Cement_Plant,no,"Guangdong, China",0.84,0.84,no,opc,no,grey,梅州金塔水泥有限公司 (Chinese) [100%],exact,Meizhou Jinta Cement Co Ltd Cement Plant,Meizhou Jinta Cement Co Ltd [100.0%],integrated,0.84,operating,GCCT,GCCT,Cement and Concrete,n/a
cement,P100000123572,Meizhou Huashan Cement Co Ltd Cement Plant,梅州市华山水泥有限公司 (Chinese),Meizhou Huashan Cement Co Ltd [100.0%],China;,Guangdong,retired,,1.55,1.55,1.55,>0,dry,24.755619,116.190774,24.755619,116.190774,https://www.gem.wiki/Meizhou_Huashan_Cement_Co_Ltd_Cement_Plant,no,"Guangdong, China",1.55,1.55,no,unknown,no,,梅州市华山水泥有限公司 (Chinese) [100%],exact,Meizhou Huashan Cement Co Ltd Cement Plant,Meizhou Huashan Cement Co Ltd [100.0%],integrated,1.55,retired-plus,GCCT,GCCT,Cement and Concrete,n/a
cement,P100000123573,Meixian Hengta Rotary Kiln Cement Co Ltd Cement Plant,梅州市梅县区恒塔旋窑水泥有限公司 (Chinese),Meixian Hengta Rotary Kiln Cement Co Ltd [100.0%],China;,Guangdong,operating,,0.008,>0,>0,n/a,n/a,24.376133,116.132253,24.376133,116.132253,https://www.gem.wiki/Meixian_Hengta_Rotary_Kiln_Cement_Co_Ltd_Cement_Plant,n/a,"Guangdong, China",0.008,0.008,n/a,blended,n/a,grey,梅州市梅县区恒塔旋窑水泥有限公司 (Chinese) [100%],exact,Meixian Hengta Rotary Kiln Cement Co Ltd Cement Plant,Meixian Hengta Rotary Kiln Cement Co Ltd [100.0%],grinding,0.008,operating,GCCT,GCCT,Cement and Concrete,n/a
cement,P100000123574,Meizhou Meixian District Hengfa Building Material Co Ltd Cement Plant,塔牌集团梅县恒发建材有限公司 (Chinese),Meizhou Meixian District Hengfa Building Material Co Ltd [100.0%],China;,Guangdong,retired,,1.4,1.4,1.4,n/a,n/a,24.149412,116.082492,24.149412,116.082492,https://www.gem.wiki/Meizhou_Meixian_District_Hengfa_Building_Material_Co_Ltd_Cement_Plant,n/a,"Guangdong, China",1.4,1.4,n/a,unknown,n/a,,塔牌集团梅县恒发建材有限公司 (Chinese) [100%],exact,Meizhou Meixian District Hengfa Building Material Co Ltd Cement Plant,Meizhou Meixian District Hengfa Building Material Co Ltd [100.0%],grinding,1.4,retired-plus,GCCT,GCCT,Cement and Concrete,n/a
cement,P100000123575,Hebei Jinlong Cement Group Co Ltd Cement Plant,河北金隆水泥集团有限公司 (Chinese),Hebei Jinlong Cement Group Co Ltd [100.0%],China;,Hebei,operating,,3.2,3.2,3.2,0.91,dry,37.387134,114.686116,37.387134,114.686116,https://www.gem.wiki/Hebei_Jinlong_Cement_Group_Co_Ltd_Cement_Plant,no,"Hebei, China",3.2,3.2,no,unknown,no,,河北金隆水泥集团有限公司 (Chinese) [100%],exact,Hebei Jinlong Cement Group Co Ltd Cement Plant,Hebei Jinlong Cement Group Co Ltd [100.0%],integrated,3.2,operating,GCCT,GCCT,Cement and Concrete,n/a
cement,P100000123576,Tonglu Red Lion Cement Co Ltd Cement Plant,桐庐红狮水泥有限公司 (Chinese),Tonglu Hongshi Cement Co Ltd [100.0%],China;,Zhejiang,operating,,5,5,5,3.65,dry,29.843562,119.701739,29.843562,119.701739,https://www.gem.wiki/Tonglu_Red_Lion_Cement_Co_Ltd_Cement_Plant,no,"Zhejiang, China",5,5,no,opc,no,grey,桐庐红狮水泥有限公司 (Chinese) [100%],exact,Tonglu Red Lion Cement Co Ltd Cement Plant,Tonglu Hongshi Cement Co Ltd [100.0%],integrated,5.0,operating,GCCT,GCCT,Cement and Concrete,n/a
cement,P100000123577,Jiande Red Lion Cement Co Ltd Cement Plant,建德红狮水泥有限公司 (Chinese),Jiande Red Lion Cement Co Ltd [100.0%],China;,Zhejiang,operating,2004,2.13,2.13,2.13,3.3,dry,29.423656,119.152434,29.423656,119.152434,https://www.gem.wiki/Jiande_Red_Lion_Cement_Co_Ltd_Cement_Plant,no,"Zhejiang, China",2.13,2.13,no,opc,no,grey,建德红狮水泥有限公司 (Chinese) [100%],exact,Jiande Red Lion Cement Co Ltd Cement Plant,Jiande Red Lion Cement Co Ltd [100.0%],integrated,2.13,operating,GCCT,GCCT,Cement and Concrete,n/a
cement,P100000123578,Gaoan Red Lion Cement Co Ltd Cement Plant,高安田南红狮水泥有限公司 (Chinese),Gaoan Red Lion Cement Co Ltd [100.0%],China;,Jiangxi,operating,,2.48,2.48,2.48,1.46,dry,28.152583,115.505367,28.152583,115.505367,https://www.gem.wiki/Gaoan_Red_Lion_Cement_Co_Ltd_Cement_Plant,no,"Jiangxi, China",2.48,2.48,no,opc,no,grey,高安田南红狮水泥有限公司 (Chinese) [100%],exact,Gaoan Red Lion Cement Co Ltd Cement Plant,Gaoan Red Lion Cement Co Ltd [100.0%],integrated,2.48,operating,GCCT,GCCT,Cement and Concrete,n/a
cement,P100000123579,Linshui Red Lion Cement Co Ltd Cement Plant,邻水红狮水泥有限公司 (Chinese),Linshui Red Lion Cement Co Ltd [100.0%],China;,Sichuan,operating,,4.5,4.5,4.5,>0,dry,30.188933,106.826575,30.188933,106.826575,https://www.gem.wiki/Linshui_Red_Lion_Cement_Co_Ltd_Cement_Plant,no,"Sichuan, China",4.5,4.5,no,opc,no,grey,邻水红狮水泥有限公司 (Chinese) [100%],exact,Linshui Red Lion Cement Co Ltd Cement Plant,Linshui Red Lion Cement Co Ltd [100.0%],integrated,4.5,operating,GCCT,GCCT,Cement and Concrete,n/a
cement,P100000123580,Jiangyou Red Lion Cement Co Ltd Cement Plant,江油红狮水泥有限公司 (Chinese),Jiangyou Red Lion Cement Co Ltd [100.0%],China;,Sichuan,operating,,3,3,3,2.92,dry,31.867406,104.760639,31.867406,104.760639,https://www.gem.wiki/Jiangyou_Red_Lion_Cement_Co_Ltd_Cement_Plant,no,"Sichuan, China",3,3,no,opc,no,grey,江油红狮水泥有限公司 (Chinese) [100%],exact,Jiangyou Red Lion Cement Co Ltd Cement Plant,Jiangyou Red Lion Cement Co Ltd [100.0%],integrated,3.0,operating,GCCT,GCCT,Cement and Concrete,n/a
cement,P100000123581,Zhangping Red Lion Cement Co Ltd Cement Plant,漳平红狮水泥有限公司 (Chinese),Zhangping Hongshi Cement Co Ltd [100.0%],China;,Fujian,operating,2007,2,2,2,1.83,dry,25.354875,117.373748,25.354875,117.373748,https://www.gem.wiki/Zhangping_Red_Lion_Cement_Co_Ltd_Cement_Plant,no,"Fujian, China",2,2,no,opc,no,grey,漳平红狮水泥有限公司 (Chinese) [100%],exact,Zhangping Red Lion Cement Co Ltd Cement Plant,Zhangping Hongshi Cement Co Ltd [100.0%],integrated,2.0,operating,GCCT,GCCT,Cement and Concrete,n/a
cement,P100000123582,Yiliang Red Lion Cement Co Ltd Cement Plant,宜良红狮水泥有限公司 (Chinese),Yiliang Hongshi Cement Co Ltd [100.0%],China;,Yunnan,operating,2010,4,4,4,2.92,dry,24.998691,103.215129,24.998691,103.215129,https://www.gem.wiki/Yiliang_Red_Lion_Cement_Co_Ltd_Cement_Plant,no,"Yunnan, China",4,4,no,opc,no,grey,宜良红狮水泥有限公司 (Chinese) [100%],exact,Yiliang Red Lion Cement Co Ltd Cement Plant,Yiliang Hongshi Cement Co Ltd [100.0%],integrated,4.0,operating,GCCT,GCCT,Cement and Concrete,n/a
cement,P100000123583,Datian Red Lion Cement Co Ltd Cement Plant,大田红狮水泥有限公司 (Chinese),Datian Red Lion Cement Co Ltd [100.0%],China;,Fujian,operating,2010,2.28,2.28,2.28,1.83,dry,25.776757,117.713928,25.776757,117.713928,https://www.gem.wiki/Datian_Red_Lion_Cement_Co_Ltd_Cement_Plant,no,"Fujian, China",2.28,2.28,no,opc,no,grey,大田红狮水泥有限公司 (Chinese) [100%],exact,Datian Red Lion Cement Co Ltd Cement Plant,Datian Red Lion Cement Co Ltd [100.0%],integrated,2.28,operating,GCCT,GCCT,Cement and Concrete,n/a
cement,P100000123584,Zhejiang Qinglongshan Building Material Co Ltd Cement Plant,浙江青龙山建材有限公司 (Chinese),Zhejiang Qinglongshan Building Material Co Ltd [100.0%],China;,Zhejiang,operating,,1,1,1,0.37,dry,29.187948,119.162736,29.187948,119.162736,https://www.gem.wiki/Zhejiang_Qinglongshan_Building_Material_Co_Ltd_Cement_Plant,no,"Zhejiang, China",1,1,no,unknown,no,,浙江青龙山建材有限公司 (Chinese) [100%],exact,Zhejiang Qinglongshan Building Material Co Ltd Cement Plant,Zhejiang Qinglongshan Building Material Co Ltd [100.0%],integrated,1.0,operating,GCCT,GCCT,Cement and Concrete,n/a
cement,P100000123585,Longli Red Lion Cement Co Ltd Cement Plant,龙里红狮水泥有限公司 (Chinese),Longli Red Lion Cement Co Ltd [100.0%],China;,Guizhou,operating,2021,0.008,>0,>0,1.46,dry,26.539523,106.892092,26.539523,106.892092,https://www.gem.wiki/Longli_Red_Lion_Cement_Co_Ltd_Cement_Plant,no,"Guizhou, China",0.008,0.008,no,opc,no,grey,龙里红狮水泥有限公司 (Chinese) [100%],exact,Longli Red Lion Cement Co Ltd Cement Plant,Longli Red Lion Cement Co Ltd [100.0%],integrated,0.008,operating,GCCT,GCCT,Cement and Concrete,n/a
cement,P100000123586,Changning Red Lion Cement Co Ltd Cement Plant,长宁红狮水泥有限公司 (Chinese),Changning Red Lion Cement Co Ltd [100.0%],China;,Sichuan,operating,,1.6,1.6,1.6,1.2,dry,28.43444,104.844946,28.43444,104.844946,https://www.gem.wiki/Changning_Red_Lion_Cement_Co_Ltd_Cement_Plant,no,"Sichuan, China",1.6,1.6,no,opc,no,grey,长宁红狮水泥有限公司 (Chinese) [100%],exact,Changning Red Lion Cement Co Ltd Cement Plant,Changning Red Lion Cement Co Ltd [100.0%],integrated,1.6,operating,GCCT,GCCT,Cement and Concrete,n/a
cement,P100000123587,Chongzuo Red Lion Cement Co Ltd Cement Plant,崇左红狮水泥有限公司 (Chinese),Chongzuo Red Lion Cement Co Ltd [100.0%],China;,Guangxi,operating,2015,2.2,2.2,2.2,3.94,dry,22.366812,107.297175,22.366812,107.297175,https://www.gem.wiki/Chongzuo_Red_Lion_Cement_Co_Ltd_Cement_Plant,no,"Guangxi, China",2.2,2.2,no,opc,no,grey,崇左红狮水泥有限公司 (Chinese) [100%],exact,Chongzuo Red Lion Cement Co Ltd Cement Plant,Chongzuo Red Lion Cement Co Ltd [100.0%],integrated,2.2,operating,GCCT,GCCT,Cement and Concrete,n/a
cement,P100000123588,Guangxi Hengqing Building Material Co Ltd Cement Plant,广西恒庆建材有限公司 (Chinese),Guangxi Hengqing Building Material Co Ltd [100.0%],China;,Guangxi,operating,2018,2.1,2.1,2.1,1.5,dry,22.701734,109.813109,22.701734,109.813109,https://www.gem.wiki/Guangxi_Hengqing_Building_Material_Co_Ltd_Cement_Plant,no,"Guangxi, China",2.1,2.1,no,unknown,no,,广西恒庆建材有限公司 (Chinese) [100%],exact,Guangxi Hengqing Building Material Co Ltd Cement Plant,Guangxi Hengqing Building Material Co Ltd [100.0%],integrated,2.1,operating,GCCT,GCCT,Cement and Concrete,n/a
cement,P100000123589,Guizhou Maoxin Cement Co Ltd Cement Plant,贵州茂鑫水泥有限责任公司 (Chinese),Guizhou Maoxin Cement Co Ltd [100.0%],China;,Guizhou,operating,2016,2.13,2.13,2.13,1.64,dry,27.370378,108.934791,27.370378,108.934791,https://www.gem.wiki/Guizhou_Maoxin_Cement_Co_Ltd_Cement_Plant,no,"Guizhou, China",2.13,2.13,no,unknown,no,,贵州茂鑫水泥有限责任公司 (Chinese) [100%],exact,Guizhou Maoxin Cement Co Ltd Cement Plant,Guizhou Maoxin Cement Co Ltd [100.0%],integrated,2.13,operating,GCCT,GCCT,Cement and Concrete,n/a
cement,P100000123590,Hengyang Red Lion Cement Co Ltd Cement Plant,衡阳红狮水泥有限公司 (Chinese),Hengyang Red Lion Cement Co Ltd [100.0%],China;,Hunan,operating,,2,2,2,1.46,dry,27.123236,113.111218,27.123236,113.111218,https://www.gem.wiki/Hengyang_Red_Lion_Cement_Co_Ltd_Cement_Plant,no,"Hunan, China",2,2,no,opc,no,grey,衡阳红狮水泥有限公司 (Chinese) [100%],exact,Hengyang Red Lion Cement Co Ltd Cement Plant,Hengyang Red Lion Cement Co Ltd [100.0%],integrated,2.0,operating,GCCT,GCCT,Cement and Concrete,n/a
cement,P100000123591,Jiangxi Yingpeng Cement Co Ltd Cement Plant,江西鹰鹏水泥有限公司 (Chinese),Jiangxi Yingpeng Cement Co Ltd [100.0%],China;,Jiangxi,operating,,6,6,6,6.02,dry,27.080198,115.70328,27.080198,115.70328,https://www.gem.wiki/Jiangxi_Yingpeng_Cement_Co_Ltd_Cement_Plant,no,"Jiangxi, China",6,6,no,unknown,no,,江西鹰鹏水泥有限公司 (Chinese) [100%],exact,Jiangxi Yingpeng Cement Co Ltd Cement Plant,Jiangxi Yingpeng Cement Co Ltd [100.0%],integrated,6.0,operating,GCCT,GCCT,Cement and Concrete,n/a
cement,P100000123592,Kuqa Red Lion Cement Co Ltd Cement Plant,库车红狮水泥有限公司 (Chinese),Kuqa Red Lion Cement Co Ltd [100.0%],China;,Xinjiang,operating,2013,2.3,2.3,2.3,3.29,dry,41.763196,83.272359,41.763196,83.272359,https://www.gem.wiki/Kuqa_Red_Lion_Cement_Co_Ltd_Cement_Plant,no,"Xinjiang, China",2.3,2.3,no,opc,no,grey,库车红狮水泥有限公司 (Chinese) [100%],exact,Kuqa Red Lion Cement Co Ltd Cement Plant,Kuqa Red Lion Cement Co Ltd [100.0%],integrated,2.3,operating,GCCT,GCCT,Cement and Concrete,n/a
cement,P100000123593,Lanzhou Red Lion Cement Co Ltd Cement Plant,兰州红狮水泥有限公司 (Chinese),Lanzhou Red Lion Cement Co Ltd [100.0%],China;,Gansu,operating,,0.008,>0,>0,1.68,dry,36.828282,103.215062,36.828282,103.215062,https://www.gem.wiki/Lanzhou_Red_Lion_Cement_Co_Ltd_Cement_Plant,no,"Gansu, China",0.008,0.008,no,opc,no,grey,兰州红狮水泥有限公司 (Chinese) [100%],exact,Lanzhou Red Lion Cement Co Ltd Cement Plant,Lanzhou Red Lion Cement Co Ltd [100.0%],integrated,0.008,operating,GCCT,GCCT,Cement and Concrete,n/a
cement,P100000123594,Nanning Red Lion Cement Co Ltd Cement Plant,南宁红狮水泥有限公司 (Chinese),Nanning Red Lion Cement Co Ltd [100.0%],China;,Guangxi,operating,2011,1.93,1.93,1.93,3.47,dry,23.087391,108.210571,23.087391,108.210571,https://www.gem.wiki/Nanning_Red_Lion_Cement_Co_Ltd_Cement_Plant,no,"Guangxi, China",1.93,1.93,no,opc,no,grey,南宁红狮水泥有限公司 (Chinese) [100%],exact,Nanning Red Lion Cement Co Ltd Cement Plant,Nanning Red Lion Cement Co Ltd [100.0%],integrated,1.93,operating,GCCT,GCCT,Cement and Concrete,n/a
cement,P100000123595,Yichun Red Lion Cement Co Ltd Cement Plant,宜春红狮水泥有限公司 (Chinese),Yichun Hongshi Cement Co LLC [100.0%],China;,Jiangxi,operating,2019,2.04,2.04,2.04,1.64,dry,27.973142,114.395136,27.973142,114.395136,https://www.gem.wiki/Yichun_Red_Lion_Cement_Co_Ltd_Cement_Plant,no,"Jiangxi, China",2.04,2.04,no,opc,no,grey,宜春红狮水泥有限公司 (Chinese) [100%],exact,Yichun Red Lion Cement Co Ltd Cement Plant,Yichun Hongshi Cement Co LLC [100.0%],integrated,2.04,operating,GCCT,GCCT,Cement and Concrete,n/a
cement,P100000123596,Yongping Wuliangshan Cement Co Ltd Cement Plant,永平无量山水泥有限责任公司 (Chinese),Yongping Wuliangshan Cements Co Ltd [100.0%],China;,Yunnan,operating,2013,1.6,1.6,1.6,1.2,dry,25.383708,99.308613,25.383708,99.308613,https://www.gem.wiki/Yongping_Wuliangshan_Cement_Co_Ltd_Cement_Plant,no,"Yunnan, China",1.6,1.6,no,unknown,no,,永平无量山水泥有限责任公司 (Chinese) [100%],exact,Yongping Wuliangshan Cement Co Ltd Cement Plant,Yongping Wuliangshan Cements Co Ltd [100.0%],integrated,1.6,operating,GCCT,GCCT,Cement and Concrete,n/a
cement,P100000123597,Yongzhou Lotus Cement Co Ltd Cement Plant,永州莲花水泥有限责任公司 (Chinese),Yongzhou Lotus Cement Co Ltd [100.0%],China;,Hunan,operating,2007,2.5,2.5,2.5,>0,dry,25.643099,111.941242,25.643099,111.941242,https://www.gem.wiki/Yongzhou_Lotus_Cement_Co_Ltd_Cement_Plant,no,"Hunan, China",2.5,2.5,no,opc,no,grey,永州莲花水泥有限责任公司 (Chinese) [100%],exact,Yongzhou Lotus Cement Co Ltd Cement Plant,Yongzhou Lotus Cement Co Ltd [100.0%],integrated,2.5,operating,GCCT,GCCT,Cement and Concrete,n/a
cement,P100000123598,Yongzhou Red Lion Cement Co Ltd Cement Plant,永州红狮水泥有限公司 (Chinese),Yongzhou Hongshi Cement Co Ltd [100.0%],China;,Hunan,operating,2017,2.19,2.19,2.19,>0,dry,26.603678,111.471374,26.603678,111.471374,https://www.gem.wiki/Yongzhou_Red_Lion_Cement_Co_Ltd_Cement_Plant,no,"Hunan, China",2.19,2.19,no,opc,no,grey,永州红狮水泥有限公司 (Chinese) [100%],exact,Yongzhou Red Lion Cement Co Ltd Cement Plant,Yongzhou Hongshi Cement Co Ltd [100.0%],integrated,2.19,operating,GCCT,GCCT,Cement and Concrete,n/a
cement,P100000123599,Zhejiang Red Lion Cement Co Ltd Cement Plant,浙江红狮水泥股份有限公司 (Chinese),Zhejiang Hongshi Cement Co Ltd [100.0%],China;,Zhejiang,operating,,3.01,3.01,3.01,>0,dry,29.153264,119.537408,29.153264,119.537408,https://www.gem.wiki/Zhejiang_Red_Lion_Cement_Co_Ltd_Cement_Plant,no,"Zhejiang, China",3.01,3.01,no,opc,no,grey,浙江红狮水泥股份有限公司 (Chinese) [100%],exact,Zhejiang Red Lion Cement Co Ltd Cement Plant,Zhejiang Hongshi Cement Co Ltd [100.0%],integrated,3.01,operating,GCCT,GCCT,Cement and Concrete,n/a
cement,P100000123600,Fuzhou Hongshi Cement Co Ltd Cement Plant,抚州红狮水泥有限公司 (Chinese),Fuzhou Hongshi Cement Co Ltd [100.0%],China;,Jiangxi,operating,,2,2,2,n/a,n/a,28.038874,116.270229,28.038874,116.270229,https://www.gem.wiki/Fuzhou_Hongshi_Cement_Co_Ltd_Cement_Plant,n/a,"Jiangxi, China",2,2,n/a,opc,n/a,grey,抚州红狮水泥有限公司 (Chinese) [100%],exact,Fuzhou Hongshi Cement Co Ltd Cement Plant,Fuzhou Hongshi Cement Co Ltd [100.0%],grinding,2.0,operating,GCCT,GCCT,Cement and Concrete,n/a
cement,P100000123601,Ji'an Hongguang Industrial Co Ltd Cement Plant,吉安市宏光实业有限公司 (Chinese),Ji'an Hongguang Industrial Co Ltd [100.0%],China;,Jiangxi,operating,,0.008,>0,>0,n/a,n/a,27.123991,115.051997,27.123991,115.051997,https://www.gem.wiki/Ji'an_Hongguang_Industrial_Co_Ltd_Cement_Plant,n/a,"Jiangxi, China",0.008,0.008,n/a,unknown,n/a,,吉安市宏光实业有限公司 (Chinese) [100%],exact,Ji'an Hongguang Industrial Co Ltd Cement Plant,Ji'an Hongguang Industrial Co Ltd [100.0%],grinding,0.008,operating,GCCT,GCCT,Cement and Concrete,n/a
cement,P100000123602,Jinyun Red Lion Cement Co Ltd Cement Plant,缙云红狮水泥有限公司 (Chinese),Jinyun Red Lion Cement Co Ltd [100.0%],China;,Zhejiang,operating,,3,3,3,n/a,n/a,28.728349,120.088661,28.728349,120.088661,https://www.gem.wiki/Jinyun_Red_Lion_Cement_Co_Ltd_Cement_Plant,n/a,"Zhejiang, China",3,3,n/a,opc,n/a,grey,缙云红狮水泥有限公司 (Chinese) [100%],exact,Jinyun Red Lion Cement Co Ltd Cement Plant,Jinyun Red Lion Cement Co Ltd [100.0%],grinding,3.0,operating,GCCT,GCCT,Cement and Concrete,n/a
cement,P100000123603,Lanxi Chaofeng Cement Co Ltd Cement Plant,兰溪市超峰水泥有限公司 (Chinese),Lanxi Chaofeng Cement Co Ltd [100.0%],China;,Zhejiang,operating,1990,0.8,0.8,0.8,n/a,n/a,29.200018,119.531209,29.200018,119.531209,https://www.gem.wiki/Lanxi_Chaofeng_Cement_Co_Ltd_Cement_Plant,n/a,"Zhejiang, China",0.8,0.8,n/a,opc,n/a,,兰溪市超峰水泥有限公司 (Chinese) [100%],exact,Lanxi Chaofeng Cement Co Ltd Cement Plant,Lanxi Chaofeng Cement Co Ltd [100.0%],grinding,0.8,operating,GCCT,GCCT,Cement and Concrete,n/a
cement,P100000123604,Nan'an Red Lion Cement Co Ltd Cement Plant,南安红狮水泥有限公司 (Chinese),Nan'an Red Lion Cement Co Ltd [100.0%],China;,Fujian,operating,,2,2,2,n/a,n/a,25.039753,118.512942,25.039753,118.512942,https://www.gem.wiki/Nan'an_Red_Lion_Cement_Co_Ltd_Cement_Plant,n/a,"Fujian, China",2,2,n/a,opc,n/a,grey,南安红狮水泥有限公司 (Chinese) [100%],exact,Nan'an Red Lion Cement Co Ltd Cement Plant,Nan'an Red Lion Cement Co Ltd [100.0%],grinding,2.0,operating,GCCT,GCCT,Cement and Concrete,n/a
cement,P100000123605,Nanchong Red Lion Cement Co Ltd Cement Plant,南充红狮水泥有限公司 (Chinese),Nanchong Red Lion Cement Co Ltd [100.0%],China;,Sichuan,operating,,0.008,>0,>0,n/a,n/a,30.765644,105.990925,30.765644,105.990925,https://www.gem.wiki/Nanchong_Red_Lion_Cement_Co_Ltd_Cement_Plant,n/a,"Sichuan, China",0.008,0.008,n/a,opc,n/a,grey,南充红狮水泥有限公司 (Chinese) [100%],exact,Nanchong Red Lion Cement Co Ltd Cement Plant,Nanchong Red Lion Cement Co Ltd [100.0%],grinding,0.008,operating,GCCT,GCCT,Cement and Concrete,n/a
cement,P100000123606,Zhangzhou Zijin Building Material Co Ltd Cement Plant,漳州紫金建材有限公司 (Chinese),Zhangzhou Zijin Building Material Co Ltd [100.0%],China;,Fujian,operating,,1.5,1.5,1.5,n/a,n/a,24.665912,117.613304,24.665912,117.613304,https://www.gem.wiki/Zhangzhou_Zijin_Building_Material_Co_Ltd_Cement_Plant,n/a,"Fujian, China",1.5,1.5,n/a,opc,n/a,grey,漳州紫金建材有限公司 (Chinese) [100%],exact,Zhangzhou Zijin Building Material Co Ltd Cement Plant,Zhangzhou Zijin Building Material Co Ltd [100.0%],grinding,1.5,operating,GCCT,GCCT,Cement and Concrete,n/a
cement,P100000123607,Huaxin Cement Tibet Co Ltd Cement Plant,华新水泥（西藏）有限公司 (Chinese),Huaxin Cement Tibet Co Ltd [100.0%],China;,Xizang,operating,2005,2.2,2.2,2.2,1.8,dry,29.263564,91.927128,29.263564,91.927128,https://www.gem.wiki/Huaxin_Cement_Tibet_Co_Ltd_Cement_Plant,no,"Xizang, China",2.2,2.2,no,opc,no,grey,华新水泥（西藏）有限公司 (Chinese) [100%],exact,Huaxin Cement Tibet Co Ltd Cement Plant,Huaxin Cement Tibet Co Ltd [100.0%],integrated,2.2,operating,GCCT,GCCT,Cement and Concrete,n/a
cement,P100000123608,Huaxin Cement Fangxian Co Ltd Cement Plant,华新水泥（房县）有限公司 (Chinese),Huaxin Cement Fangxian Co Ltd [100.0%],China;,Hubei,operating,2011,1.1,1.1,1.1,0.9,dry,32.037239,110.561639,32.037239,110.561639,https://www.gem.wiki/Huaxin_Cement_Fangxian_Co_Ltd_Cement_Plant,no,"Hubei, China",1.1,1.1,no,opc,no,grey,华新水泥（房县）有限公司 (Chinese) [100%],exact,Huaxin Cement Fangxian Co Ltd Cement Plant,Huaxin Cement Fangxian Co Ltd [100.0%],integrated,1.1,operating,GCCT,GCCT,Cement and Concrete,n/a
cement,P100000123609,Huaxin Cement (Henan Xinyang) Co Ltd Cement Plant,华新水泥（河南信阳）有限公司 (Chinese),Huaxin Cement (Henan Xinyang) Co Ltd [100.0%],China;,Henan,operating,2014,2,2,2,1.5,dry,31.917506,114.024402,31.917506,114.024402,https://www.gem.wiki/Huaxin_Cement_(Henan_Xinyang)_Co_Ltd_Cement_Plant,no,"Henan, China",2,2,no,opc,no,grey,华新水泥（河南信阳）有限公司 (Chinese) [100%],exact,Huaxin Cement (Henan Xinyang) Co Ltd Cement Plant,Huaxin Cement (Henan Xinyang) Co Ltd [100.0%],integrated,2.0,operating,GCCT,GCCT,Cement and Concrete,n/a
cement,P100000123610,Huaxin Cement Wuxue Co Ltd Cement Plant,华新水泥（武穴）有限公司 (Chinese),Huaxin Cement Wuxue Co Ltd [100.0%],China;,Hubei,operating,2005,4.5,4.5,4.5,3.6,dry,29.893953,115.443373,29.893953,115.443373,https://www.gem.wiki/Huaxin_Cement_Wuxue_Co_Ltd_Cement_Plant,no,"Hubei, China",4.5,4.5,no,opc,no,grey,华新水泥（武穴）有限公司 (Chinese) [100%],exact,Huaxin Cement Wuxue Co Ltd Cement Plant,Huaxin Cement Wuxue Co Ltd [100.0%],integrated,4.5,operating,GCCT,GCCT,Cement and Concrete,n/a
cement,P100000123611,Huaxin Cement Huangshi Co Ltd Cement Plant,华新水泥（黄石）有限公司 (Chinese),Huaxin Cement Huangshi Co Ltd [100.0%],China;,Hubei,operating,2020,3.65,3.65,3.65,2.85,dry,30.192933,115.058655,30.192933,115.058655,https://www.gem.wiki/Huaxin_Cement_Huangshi_Co_Ltd_Cement_Plant,no,"Hubei, China",3.65,3.65,no,opc,no,grey,华新水泥（黄石）有限公司 (Chinese) [100%],exact,Huaxin Cement Huangshi Co Ltd Cement Plant,Huaxin Cement Huangshi Co Ltd [100.0%],integrated,3.65,operating,GCCT,GCCT,Cement and Concrete,n/a
cement,P100000123612,Huaxin Cement Chongqing Fuling Co Ltd Cement Plant,华新水泥重庆涪陵有限公司 (Chinese),Huaxin Cement Chongqing Fuling Co Ltd [100.0%],China;,Chongqing,operating,2010,2.2,2.2,2.2,1.68,dry,29.591467,107.431126,29.591467,107.431126,https://www.gem.wiki/Huaxin_Cement_Chongqing_Fuling_Co_Ltd_Cement_Plant,no,"Chongqing, China",2.2,2.2,no,blended,no,grey,华新水泥重庆涪陵有限公司 (Chinese) [100%],exact,Huaxin Cement Chongqing Fuling Co Ltd Cement Plant,Huaxin Cement Chongqing Fuling Co Ltd [100.0%],integrated,2.2,operating,GCCT,GCCT,Cement and Concrete,n/a
cement,P100000123613,Huaxin Cement (Yangxin) Co Ltd Cement Plant,华新水泥（阳新）有限公司 (Chinese),Huaxin Cement (Yangxin) Co Ltd [100.0%],China;,Hubei,operating,2004,5,5,5,3.8,dry,30.114916,115.272579,30.114916,115.272579,https://www.gem.wiki/Huaxin_Cement_(Yangxin)_Co_Ltd_Cement_Plant,no,"Hubei, China",5,5,no,opc,no,grey,华新水泥（阳新）有限公司 (Chinese) [100%],exact,Huaxin Cement (Yangxin) Co Ltd Cement Plant,Huaxin Cement (Yangxin) Co Ltd [100.0%],integrated,5.0,operating,GCCT,GCCT,Cement and Concrete,n/a
cement,P100000123614,Huaxin Cement (Chibi) Co Ltd Cement Plant,华新水泥（赤壁）有限公司 (Chinese),Huaxin Cement (Chibi) Co Ltd [100.0%],China;,Hubei,operating,2007,1.6,1.6,1.6,1.46,dry,29.742366,113.985854,29.742366,113.985854,https://www.gem.wiki/Huaxin_Cement_(Chibi)_Co_Ltd_Cement_Plant,no,"Hubei, China",1.6,1.6,no,unknown,no,,华新水泥（赤壁）有限公司 (Chinese) [100%],exact,Huaxin Cement (Chibi) Co Ltd Cement Plant,Huaxin Cement (Chibi) Co Ltd [100.0%],integrated,1.6,operating,GCCT,GCCT,Cement and Concrete,n/a
cement,P100000123615,Huaxin Cement Yunlong Co Ltd Cement Plant,华新水泥（云龙）有限公司 (Chinese),Huaxin Cement Yunlong Co Ltd [100.0%],China;,Yunnan,operating,2008,1.15,1.15,1.15,0.85,dry,25.620055,99.094852,25.620055,99.094852,https://www.gem.wiki/Huaxin_Cement_Yunlong_Co_Ltd_Cement_Plant,no,"Yunnan, China",1.15,1.15,no,unknown,no,,华新水泥（云龙）有限公司 (Chinese) [100%],exact,Huaxin Cement Yunlong Co Ltd Cement Plant,Huaxin Cement Yunlong Co Ltd [100.0%],integrated,1.15,operating,GCCT,GCCT,Cement and Concrete,n/a
cement,P100000123616,Huaxin Cement Lincang Co Ltd Cement Plant,华新水泥（临沧）有限公司 (Chinese),Huaxin Cement Lincang Co Ltd [100.0%],China;,Yunnan,operating,2013,1.2,1.2,1.2,1.6,dry,23.899932,99.688232,23.899932,99.688232,https://www.gem.wiki/Huaxin_Cement_Lincang_Co_Ltd_Cement_Plant,no,"Yunnan, China",1.2,1.2,no,unknown,no,,华新水泥（临沧）有限公司 (Chinese) [100%],exact,Huaxin Cement Lincang Co Ltd Cement Plant,Huaxin Cement Lincang Co Ltd [100.0%],integrated,1.2,operating,GCCT,GCCT,Cement and Concrete,n/a
cement,P100000123617,Huaxin Cement Honghe Co Ltd Cement Plant 3,华新水泥（红河）有限公司 (Chinese),Huaxin Cement Honghe Co Ltd [100.0%],China;,Yunnan,operating,1969,2,2,2,1.46,dry,23.696975,103.242141,23.696975,103.242141,https://www.gem.wiki/Huaxin_Cement_Honghe_Co_Ltd_Cement_Plant_3,no,"Yunnan, China",2,2,no,unknown,no,,华新水泥（红河）有限公司 (Chinese) [100%],exact,Huaxin Cement Honghe Co Ltd Cement Plant 3,Huaxin Cement Honghe Co Ltd [100.0%],integrated,2.0,operating,GCCT,GCCT,Cement and Concrete,n/a
cement,P100000123618,Guizhou Shuicheng Ruian Cement Co Cement Plant,贵州水城瑞安水泥有限公司 (Chinese),Guizhou Shuicheng Ruian Cement Co [100.0%],China;,Guizhou,operating,1989,1.1,1.1,1.1,0.91,dry,26.571939,104.941286,26.571939,104.941286,https://www.gem.wiki/Guizhou_Shuicheng_Ruian_Cement_Co_Cement_Plant,no,"Guizhou, China",1.1,1.1,no,unknown,no,,贵州水城瑞安水泥有限公司 (Chinese) [100%],exact,Guizhou Shuicheng Ruian Cement Co Cement Plant,Guizhou Shuicheng Ruian Cement Co [100.0%],integrated,1.1,operating,GCCT,GCCT,Cement and Concrete,n/a
cement,P100000123619,Huaxin Cement Lijiang Co Ltd Cement Plant,华新水泥（丽江）有限公司 (Chinese),Huaxin Cement Lijiang Co Ltd [100.0%],China;,Yunnan,operating,2007,1.3,1.3,1.3,0.73,dry,26.620871,101.454145,26.620871,101.454145,https://www.gem.wiki/Huaxin_Cement_Lijiang_Co_Ltd_Cement_Plant,no,"Yunnan, China",1.3,1.3,no,opc,no,grey,华新水泥（丽江）有限公司 (Chinese) [100%],exact,Huaxin Cement Lijiang Co Ltd Cement Plant,Huaxin Cement Lijiang Co Ltd [100.0%],integrated,1.3,operating,GCCT,GCCT,Cement and Concrete,n/a
cement,P100000123620,Chongqing Lafarge Shui On Diwei Cement Co Ltd Cement Plant,重庆华新地维水泥有限公司 (Chinese),Chongqing Lafarge Shui On Diwei Cement Co Ltd [100.0%],China;,Chongqing,operating,1971,1.1,1.1,1.1,0.91,dry,29.338635,106.401066,29.338635,106.401066,https://www.gem.wiki/Chongqing_Lafarge_Shui_On_Diwei_Cement_Co_Ltd_Cement_Plant,no,"Chongqing, China",1.1,1.1,no,opc,no,grey,重庆华新地维水泥有限公司 (Chinese) [100%],exact,Chongqing Lafarge Shui On Diwei Cement Co Ltd Cement Plant,Chongqing Lafarge Shui On Diwei Cement Co Ltd [100.0%],integrated,1.1,operating,GCCT,GCCT,Cement and Concrete,n/a
cement,P100000123621,Chongqing Huaxin Yanjing Cement Co Ltd Cement Plant,重庆华新盐井水泥有限公司 (Chinese),Chongqing Huaxin Yanjing Cement Co Ltd [100.0%],China;,Chongqing,operating,,1.4,1.4,1.4,1.17,dry,29.948981,106.362761,29.948981,106.362761,https://www.gem.wiki/Chongqing_Huaxin_Yanjing_Cement_Co_Ltd_Cement_Plant,no,"Chongqing, China",1.4,1.4,no,opc,no,,重庆华新盐井水泥有限公司 (Chinese) [100%],exact,Chongqing Huaxin Yanjing Cement Co Ltd Cement Plant,Chongqing Huaxin Yanjing Cement Co Ltd [100.0%],integrated,1.4,operating,GCCT,GCCT,Cement and Concrete,n/a
cement,P100000123622,Huaxin Cement (Changyang) Co Ltd Cement Plant,华新水泥（长阳）有限公司 (Chinese),Huaxin Cement (Changyang) Co Ltd [100.0%],China;,Hubei,operating,,2.6,2.6,2.6,1.46,dry,30.521327,111.229041,30.521327,111.229041,https://www.gem.wiki/Huaxin_Cement_(Changyang)_Co_Ltd_Cement_Plant,no,"Hubei, China",2.6,2.6,no,unknown,no,,华新水泥（长阳）有限公司 (Chinese) [100%],exact,Huaxin Cement (Changyang) Co Ltd Cement Plant,Huaxin Cement (Changyang) Co Ltd [100.0%],integrated,2.6,operating,GCCT,GCCT,Cement and Concrete,n/a
cement,P100000123623,Huaxin Cement (Diqing) Co Ltd Cement Plant,华新水泥（迪庆）有限公司 (Chinese),Huaxin Cement (Diqing) Co Ltd [100.0%],China;,Yunnan,operating,2011,1.2,1.2,1.2,0.73,dry,27.541595,99.556958,27.541595,99.556958,https://www.gem.wiki/Huaxin_Cement_(Diqing)_Co_Ltd_Cement_Plant,no,"Yunnan, China",1.2,1.2,no,unknown,no,,华新水泥（迪庆）有限公司 (Chinese) [100%],exact,Huaxin Cement (Diqing) Co Ltd Cement Plant,Huaxin Cement (Diqing) Co Ltd [100.0%],integrated,1.2,operating,GCCT,GCCT,Cement and Concrete,n/a
cement,P100000123624,Huaxin Cement (Jinghong) Co Ltd Cement Plant,华新红塔水泥（景洪）有限公司 (Chinese),Huaxin Cement (Jinghong) Co Ltd [100.0%],China;,Yunnan,operating,2011,1,1,1,0.73,dry,21.906467,101.051228,21.906467,101.051228,https://www.gem.wiki/Huaxin_Cement_(Jinghong)_Co_Ltd_Cement_Plant,no,"Yunnan, China",1,1,no,opc,no,grey,华新红塔水泥（景洪）有限公司 (Chinese) [100%],exact,Huaxin Cement (Jinghong) Co Ltd Cement Plant,Huaxin Cement (Jinghong) Co Ltd [100.0%],integrated,1.0,operating,GCCT,GCCT,Cement and Concrete,n/a
cement,P100000123625,Huaxin Cement (Kunming Dongchuan) Co Ltd Cement Plant,华新水泥（昆明东川）有限公司 (Chinese),Huaxin Cement (Kunming Dongchuan) Co Ltd [100.0%],China;,Yunnan,operating,2010,1,1,1,0.6,dry,26.130707,103.168809,26.130707,103.168809,https://www.gem.wiki/Huaxin_Cement_(Kunming_Dongchuan)_Co_Ltd_Cement_Plant,no,"Yunnan, China",1,1,no,unknown,no,,华新水泥（昆明东川）有限公司 (Chinese) [100%],exact,Huaxin Cement (Kunming Dongchuan) Co Ltd Cement Plant,Huaxin Cement (Kunming Dongchuan) Co Ltd [100.0%],integrated,1.0,operating,GCCT,GCCT,Cement and Concrete,n/a
cement,P100000123626,Huaxin Cement (Lengshuijiang) Co Ltd Cement Plant,华新水泥（冷水江）有限公司 (Chinese),Huaxin Cement (Lengshuijiang) Co Ltd [100.0%],China;,Hunan,operating,2012,2,2,2,1.8,dry,27.621464,111.419666,27.621464,111.419666,https://www.gem.wiki/Huaxin_Cement_(Lengshuijiang)_Co_Ltd_Cement_Plant,no,"Hunan, China",2,2,no,unknown,no,,华新水泥（冷水江）有限公司 (Chinese) [100%],exact,Huaxin Cement (Lengshuijiang) Co Ltd Cement Plant,Huaxin Cement (Lengshuijiang) Co Ltd [100.0%],integrated,2.0,operating,GCCT,GCCT,Cement and Concrete,n/a
cement,P100000123627,Huaxin Cement (Chenzhou) Co Ltd Cement Plant,华新水泥（郴州）有限公司 (Chinese),Huaxin Cement (Chenzhou) Co Ltd [100.0%],China;,Hunan,operating,2009,2.2,2.2,2.2,1.6,dry,25.714919,112.893295,25.714919,112.893295,https://www.gem.wiki/Huaxin_Cement_(Chenzhou)_Co_Ltd_Cement_Plant,no,"Hunan, China",2.2,2.2,no,unknown,no,,华新水泥（郴州）有限公司 (Chinese) [100%],exact,Huaxin Cement (Chenzhou) Co Ltd Cement Plant,Huaxin Cement (Chenzhou) Co Ltd [100.0%],integrated,2.2,operating,GCCT,GCCT,Cement and Concrete,n/a
cement,P100000123628,Huaxin Cement (Quxian) Co Ltd Cement Plant,华新水泥（渠县）有限公司 (Chinese),Huaxin Cement (Quxian) Co Ltd [100.0%],China;,Sichuan,operating,2009,1.44,1.44,1.44,1.46,dry,30.767029,107.060274,30.767029,107.060274,https://www.gem.wiki/Huaxin_Cement_(Quxian)_Co_Ltd_Cement_Plant,no,"Sichuan, China",1.44,1.44,no,opc,no,grey,华新水泥（渠县）有限公司 (Chinese) [100%],exact,Huaxin Cement (Quxian) Co Ltd Cement Plant,Huaxin Cement (Quxian) Co Ltd [100.0%],integrated,1.44,operating,GCCT,GCCT,Cement and Concrete,n/a
cement,P100000123629,Huaxin Cement (Xiangyang) Co Ltd Cement Plant,华新水泥（襄阳）有限公司 (Chinese),Huaxin Cement (Xiangyang) Co Ltd [100.0%],China;,Hubei,operating,2009,2,2,2,2.5,dry,31.794829,111.896669,31.794829,111.896669,https://www.gem.wiki/Huaxin_Cement_(Xiangyang)_Co_Ltd_Cement_Plant,no,"Hubei, China",2,2,no,opc,no,grey,华新水泥（襄阳）有限公司 (Chinese) [100%],exact,Huaxin Cement (Xiangyang) Co Ltd Cement Plant,Huaxin Cement (Xiangyang) Co Ltd [100.0%],integrated,2.0,operating,GCCT,GCCT,Cement and Concrete,n/a
cement,P100000123630,Huaxin Cement (Yichang) Co Ltd Cement Plant,华新水泥（宜昌）有限公司 (Chinese),Huaxin Cement (Yichang) Co Ltd [100.0%],China;,Hubei,operating,2003,3.5,3.5,3.5,2,dry,30.317354,111.493135,30.317354,111.493135,https://www.gem.wiki/Huaxin_Cement_(Yichang)_Co_Ltd_Cement_Plant,no,"Hubei, China",3.5,3.5,no,unknown,no,,华新水泥（宜昌）有限公司 (Chinese) [100%],exact,Huaxin Cement (Yichang) Co Ltd Cement Plant,Huaxin Cement (Yichang) Co Ltd [100.0%],integrated,3.5,operating,GCCT,GCCT,Cement and Concrete,n/a
cement,P100000123631,Huaxin Cement (Zhaotong) Co Ltd Cement Plant,华新水泥（昭通）有限公司 (Chinese),Huaxin Cement (Zhaotong) Co Ltd [100.0%],China;,Yunnan,operating,2006,1.5,1.5,1.5,1.2,dry,27.442529,103.794044,27.442529,103.794044,https://www.gem.wiki/Huaxin_Cement_(Zhaotong)_Co_Ltd_Cement_Plant,no,"Yunnan, China",1.5,1.5,no,unknown,no,,华新水泥（昭通）有限公司 (Chinese) [100%],exact,Huaxin Cement (Zhaotong) Co Ltd Cement Plant,Huaxin Cement (Zhaotong) Co Ltd [100.0%],integrated,1.5,operating,GCCT,GCCT,Cement and Concrete,n/a
cement,P100000123632,Huaxin Cement (Zhuzhou) Co Ltd Cement Plant,华新水泥（株洲）有限公司 (Chinese),Huaxin Cement (Zhuzhou) Co Ltd [100.0%],China;,Hunan,operating,2009,2.1,2.1,2.1,1.5,dry,27.553634,113.126645,27.553634,113.126645,https://www.gem.wiki/Huaxin_Cement_(Zhuzhou)_Co_Ltd_Cement_Plant,no,"Hunan, China",2.1,2.1,no,unknown,no,,华新水泥（株洲）有限公司 (Chinese) [100%],exact,Huaxin Cement (Zhuzhou) Co Ltd Cement Plant,Huaxin Cement (Zhuzhou) Co Ltd [100.0%],integrated,2.1,operating,GCCT,GCCT,Cement and Concrete,n/a
cement,P100000123633,Huaxin Cement (Zigui) Co Ltd Cement Plant,华新水泥（秭归）有限公司 (Chinese),Huaxin Cement (Zigui) Co Ltd [100.0%],China;,Hubei,operating,2009,1.8,1.8,1.8,1.46,dry,30.920549,110.709316,30.920549,110.709316,https://www.gem.wiki/Huaxin_Cement_(Zigui)_Co_Ltd_Cement_Plant,no,"Hubei, China",1.8,1.8,no,unknown,no,,华新水泥（秭归）有限公司 (Chinese) [100%],exact,Huaxin Cement (Zigui) Co Ltd Cement Plant,Huaxin Cement (Zigui) Co Ltd [100.0%],integrated,1.8,operating,GCCT,GCCT,Cement and Concrete,n/a
cement,P100000123634,Huaxin Cement Dao Xian Ltd Cement Plant,华新水泥（道县）有限公司 (Chinese),Huaxin Cement Dao Xian Ltd [100.0%],China;,Hunan,operating,2010,1.65,1.65,1.65,1.24,dry,25.607911,111.422097,25.607911,111.422097,https://www.gem.wiki/Huaxin_Cement_Dao_Xian_Ltd_Cement_Plant,no,"Hunan, China",1.65,1.65,no,opc,no,grey,华新水泥（道县）有限公司 (Chinese) [100%],exact,Huaxin Cement Dao Xian Ltd Cement Plant,Huaxin Cement Dao Xian Ltd [100.0%],integrated,1.65,operating,GCCT,GCCT,Cement and Concrete,n/a
cement,P100000123635,Huaxin Cement Daye Co Ltd Cement Plant,华新水泥（大冶）有限公司 (Chinese),Huaxin Cement Daye Co Ltd [100.0%],China;,Hubei,operating,2013,1.3,1.3,1.3,1.5,dry,30.208389,114.858977,30.208389,114.858977,https://www.gem.wiki/Huaxin_Cement_Daye_Co_Ltd_Cement_Plant,no,"Hubei, China",1.3,1.3,no,unknown,no,,华新水泥（大冶）有限公司 (Chinese) [100%],exact,Huaxin Cement Daye Co Ltd Cement Plant,Huaxin Cement Daye Co Ltd [100.0%],integrated,1.3,operating,GCCT,GCCT,Cement and Concrete,n/a
cement,P100000123640,Huaxin Cement En Ping Ltd Cement Plant,华新水泥（恩平）有限公司 (Chinese),Huaxin Cement En Ping Ltd [100.0%],China;,Guangdong,operating,2014,2,2,2,1.46,dry,22.026117,112.356406,22.026117,112.356406,https://www.gem.wiki/Huaxin_Cement_En_Ping_Ltd_Cement_Plant,no,"Guangdong, China",2,2,no,opc,no,grey,华新水泥（恩平）有限公司 (Chinese) [100%],exact,Huaxin Cement En Ping Ltd Cement Plant,Huaxin Cement En Ping Ltd [100.0%],integrated,2.0,operating,GCCT,GCCT,Cement and Concrete,n/a
cement,P100000123641,Huaxin Cement Enshi Co Ltd Cement Plant,华新水泥（恩施）有限公司 (Chinese),Huaxin Cement Enshi Co Ltd [100.0%],China;,Hubei,operating,2003,1,1,1,0.7,dry,30.268679,109.436413,30.268679,109.436413,https://www.gem.wiki/Huaxin_Cement_Enshi_Co_Ltd_Cement_Plant,no,"Hubei, China",1,1,no,opc,no,grey,华新水泥（恩施）有限公司 (Chinese) [100%],exact,Huaxin Cement Enshi Co Ltd Cement Plant,Huaxin Cement Enshi Co Ltd [100.0%],integrated,1.0,operating,GCCT,GCCT,Cement and Concrete,n/a
cement,P100000123642,Huaxin Cement Fumin Co Ltd Cement Plant,华新水泥（富民）有限公司 (Chinese),Huaxin Cement Fumin Co Ltd [100.0%],China;,Yunnan,operating,2009,1.41,1.41,1.41,>0,dry,25.229735,102.549576,25.229735,102.549576,https://www.gem.wiki/Huaxin_Cement_Fumin_Co_Ltd_Cement_Plant,no,"Yunnan, China",1.41,1.41,no,opc,no,grey,华新水泥（富民）有限公司 (Chinese) [100%],exact,Huaxin Cement Fumin Co Ltd Cement Plant,Huaxin Cement Fumin Co Ltd [100.0%],integrated,1.41,operating,GCCT,GCCT,Cement and Concrete,n/a
cement,P100000123643,Huaxin Cement Hefeng National Building Material Co Ltd Cement Plant,华新水泥（鹤峰）民族建材有限公司 (Chinese),Huaxin Cement Hefeng National Building Material Co Ltd [100.0%],China;,Hubei,operating,2008,0.6,0.6,0.6,0.44,dry,29.826554,109.908444,29.826554,109.908444,https://www.gem.wiki/Huaxin_Cement_Hefeng_National_Building_Material_Co_Ltd_Cement_Plant,no,"Hubei, China",0.6,0.6,no,opc,no,grey,华新水泥（鹤峰）民族建材有限公司 (Chinese) [100%],exact,Huaxin Cement Hefeng National Building Material Co Ltd Cement Plant,Huaxin Cement Hefeng National Building Material Co Ltd [100.0%],integrated,0.6,operating,GCCT,GCCT,Cement and Concrete,n/a
cement,P100000123644,Huaxin Cement Jianchuan Co Ltd Cement Plant,华新水泥（剑川）有限公司 (Chinese),Huaxin Cement Jianchuan Co Ltd [100.0%],China;,Yunnan,operating,1987,1.2,1.2,1.2,0.91,dry,26.587838,99.932958,26.587838,99.932958,https://www.gem.wiki/Huaxin_Cement_Jianchuan_Co_Ltd_Cement_Plant,no,"Yunnan, China",1.2,1.2,no,opc,no,grey,华新水泥（剑川）有限公司 (Chinese) [100%],exact,Huaxin Cement Jianchuan Co Ltd Cement Plant,Huaxin Cement Jianchuan Co Ltd [100.0%],integrated,1.2,operating,GCCT,GCCT,Cement and Concrete,n/a
cement,P100000123645,Huaxin Cement Sang Zhi Ltd Cement Plant,华新水泥（桑植）有限公司 (Chinese),Huaxin Cement Sang Zhi Ltd [100.0%],China;,Hunan,operating,2011,1,1,1,0.8,dry,29.405903,110.24828,29.405903,110.24828,https://www.gem.wiki/Huaxin_Cement_Sang_Zhi_Ltd_Cement_Plant,no,"Hunan, China",1,1,no,unknown,no,,华新水泥（桑植）有限公司 (Chinese) [100%],exact,Huaxin Cement Sang Zhi Ltd Cement Plant,Huaxin Cement Sang Zhi Ltd [100.0%],integrated,1.0,operating,GCCT,GCCT,Cement and Concrete,n/a
cement,P100000123646,Huaxin Concrete (Wanyuan) Co Ltd Cement Plant,华新水泥（万源）有限公司 (Chinese),Huaxin Concrete (Wanyuan) Co Ltd [100.0%],China;,Sichuan,operating,2010,1.1,1.1,1.1,0.9,dry,32.136481,108.068223,32.136481,108.068223,https://www.gem.wiki/Huaxin_Concrete_(Wanyuan)_Co_Ltd_Cement_Plant,no,"Sichuan, China",1.1,1.1,no,opc,no,grey,华新水泥（万源）有限公司 (Chinese) [100%],exact,Huaxin Concrete (Wanyuan) Co Ltd Cement Plant,Huaxin Concrete (Wanyuan) Co Ltd [100.0%],integrated,1.1,operating,GCCT,GCCT,Cement and Concrete,n/a
cement,P100000123647,Huaxin Guizhou Dingxiao Special Cement Co Ltd Cement Plant,华新贵州顶效特种水泥有限公司 (Chinese),Huaxin Guizhou Dingxiao Special Cement Co Ltd [100.0%],China;,Guizhou,operating,2002,0.72,0.72,0.72,0.37,dry,25.167761,105.037116,25.167761,105.037116,https://www.gem.wiki/Huaxin_Guizhou_Dingxiao_Special_Cement_Co_Ltd_Cement_Plant,no,"Guizhou, China",0.72,0.72,no,blended,no,grey,华新贵州顶效特种水泥有限公司 (Chinese) [100%],exact,Huaxin Guizhou Dingxiao Special Cement Co Ltd Cement Plant,Huaxin Guizhou Dingxiao Special Cement Co Ltd [100.0%],integrated,0.72,operating,GCCT,GCCT,Cement and Concrete,n/a
cement,P100000123648,Huaxin Jinlong Cement (Li County) Co Ltd Cement Plant,华新金龙水泥（郧县）有限公司 (Chinese),Huaxin Jinlong Cement (Li County) Co Ltd [100.0%],China;,Hubei,operating,,2,2,2,3.94,dry,32.752551,110.841097,32.752551,110.841097,https://www.gem.wiki/Huaxin_Jinlong_Cement_(Li_County)_Co_Ltd_Cement_Plant,no,"Hubei, China",2,2,no,unknown,no,,华新金龙水泥（郧县）有限公司 (Chinese) [100%],exact,Huaxin Jinlong Cement (Li County) Co Ltd Cement Plant,Huaxin Jinlong Cement (Li County) Co Ltd [100.0%],integrated,2.0,operating,GCCT,GCCT,Cement and Concrete,n/a
cement,P100000123649,Yunnan Huaxin Jundong Cement Co Ltd Cement Plant,云南华新东骏水泥有限公司 (Chinese),Yunnan Huaxin Jundong Cement Co Ltd [100.0%],China;,Yunnan,operating,2006,1.4,1.4,1.4,1.46,dry,25.101186,102.903083,25.101186,102.903083,https://www.gem.wiki/Yunnan_Huaxin_Jundong_Cement_Co_Ltd_Cement_Plant,no,"Yunnan, China",1.4,1.4,no,opc,no,grey,云南华新东骏水泥有限公司 (Chinese) [100%],exact,Yunnan Huaxin Jundong Cement Co Ltd Cement Plant,Yunnan Huaxin Jundong Cement Co Ltd [100.0%],integrated,1.4,operating,GCCT,GCCT,Cement and Concrete,n/a
cement,P100000123650,Huaxin Cement (Chuxiong) Co Ltd Cement Plant,华新水泥（楚雄）有限公司 (Chinese),Huaxin Cement (Chuxiong) Co Ltd [100.0%],China;,Yunnan,operating,1993,0.6,0.6,0.6,n/a,n/a,25.068883,101.573088,25.068883,101.573088,https://www.gem.wiki/Huaxin_Cement_(Chuxiong)_Co_Ltd_Cement_Plant,n/a,"Yunnan, China",0.6,0.6,n/a,blended,n/a,,华新水泥（楚雄）有限公司 (Chinese) [100%],exact,Huaxin Cement (Chuxiong) Co Ltd Cement Plant,Huaxin Cement (Chuxiong) Co Ltd [100.0%],grinding,0.6,operating,GCCT,GCCT,Cement and Concrete,n/a
cement,P100000123651,Huaxin Cement (Jingzhou) Co Ltd Cement Plant,华新水泥（荆州）有限公司 (Chinese),Huaxin Cement (Jingzhou) Co Ltd [100.0%],China;,Hubei,operating,2009,0.6,0.6,0.6,n/a,n/a,30.247099,112.321899,30.247099,112.321899,https://www.gem.wiki/Huaxin_Cement_(Jingzhou)_Co_Ltd_Cement_Plant,n/a,"Hubei, China",0.6,0.6,n/a,unknown,n/a,,华新水泥（荆州）有限公司 (Chinese) [100%],exact,Huaxin Cement (Jingzhou) Co Ltd Cement Plant,Huaxin Cement (Jingzhou) Co Ltd [100.0%],grinding,0.6,operating,GCCT,GCCT,Cement and Concrete,n/a
cement,P100000123652,Huaxin Cement (Macheng) Co Ltd Cement Plant,华新水泥（麻城）有限公司 (Chinese),Huaxin Cement (Macheng) Co Ltd [100.0%],China;,Hubei,operating,,0.8,0.8,0.8,n/a,n/a,31.135873,114.894846,31.135873,114.894846,https://www.gem.wiki/Huaxin_Cement_(Macheng)_Co_Ltd_Cement_Plant,n/a,"Hubei, China",0.8,0.8,n/a,unknown,n/a,,华新水泥（麻城）有限公司 (Chinese) [100%],exact,Huaxin Cement (Macheng) Co Ltd Cement Plant,Huaxin Cement (Macheng) Co Ltd [100.0%],grinding,0.8,operating,GCCT,GCCT,Cement and Concrete,n/a
cement,P100000123653,Huaxin Cement (Nantong) Co Ltd Cement Plant,华新水泥（南通）有限公司 (Chinese),Huaxin Cement (Nantong) Co Ltd [100.0%],China;,Jiangsu,retired,,1,1,1,n/a,n/a,31.974124,120.857121,31.974124,120.857121,https://www.gem.wiki/Huaxin_Cement_(Nantong)_Co_Ltd_Cement_Plant,n/a,"Jiangsu, China",1,1,n/a,unknown,n/a,,华新水泥（南通）有限公司 (Chinese) [100%],exact,Huaxin Cement (Nantong) Co Ltd Cement Plant,Huaxin Cement (Nantong) Co Ltd [100.0%],grinding,1.0,retired-plus,GCCT,GCCT,Cement and Concrete,n/a
cement,P100000123654,Huaxin Cement (Xiantao) Co Ltd Cement Plant,华新水泥（仙桃）有限公司 (Chinese),Huaxin Cement (Xiantao) Co Ltd [100.0%],China;,Hubei,operating,2000,0.6,0.6,0.6,n/a,n/a,30.390405,113.429536,30.390405,113.429536,https://www.gem.wiki/Huaxin_Cement_(Xiantao)_Co_Ltd_Cement_Plant,n/a,"Hubei, China",0.6,0.6,n/a,unknown,n/a,,华新水泥（仙桃）有限公司 (Chinese) [100%],exact,Huaxin Cement (Xiantao) Co Ltd Cement Plant,Huaxin Cement (Xiantao) Co Ltd [100.0%],grinding,0.6,operating,GCCT,GCCT,Cement and Concrete,n/a
cement,P100000123655,Huaxin Cement E Zhou Co Ltd Cement Plant,华新水泥（鄂州）有限公司 (Chinese),Huaxin Cement E Zhou Co Ltd [100.0%],China;,Hubei,operating,2013,2.5,2.5,2.5,n/a,n/a,30.533073,114.760078,30.533073,114.760078,https://www.gem.wiki/Huaxin_Cement_E_Zhou_Co_Ltd_Cement_Plant,n/a,"Hubei, China",2.5,2.5,n/a,opc,n/a,grey,华新水泥（鄂州）有限公司 (Chinese) [100%],exact,Huaxin Cement E Zhou Co Ltd Cement Plant,Huaxin Cement E Zhou Co Ltd [100.0%],grinding,2.5,operating,GCCT,GCCT,Cement and Concrete,n/a
cement,P100000123656,Huaxin Cement Honghe Co Ltd Cement Plant 2,华新水泥（红河）有限公司个旧分公司 (Chinese),Huaxin Cement Honghe Co Ltd [100.0%],China;,Yunnan,operating,2005,0.7,0.7,0.7,n/a,n/a,23.400412,103.233822,23.400412,103.233822,https://www.gem.wiki/Huaxin_Cement_Honghe_Co_Ltd_Cement_Plant_2,n/a,"Yunnan, China",0.7,0.7,n/a,unknown,n/a,,华新水泥（红河）有限公司个旧分公司 (Chinese) [100%],exact,Huaxin Cement Honghe Co Ltd Cement Plant 2,Huaxin Cement Honghe Co Ltd [100.0%],grinding,0.7,operating,GCCT,GCCT,Cement and Concrete,n/a
cement,P100000123657,Huaxin Cement Honghe Co Ltd Cement Plant 1,华新水泥（红河）有限公司昆明分公司 (Chinese),Huaxin Cement Honghe Co Ltd [100.0%],China;,Yunnan,operating,1996,0.6,0.6,0.6,n/a,n/a,24.930353,102.840932,24.930353,102.840932,https://www.gem.wiki/Huaxin_Cement_Honghe_Co_Ltd_Cement_Plant_1,n/a,"Yunnan, China",0.6,0.6,n/a,unknown,n/a,,华新水泥（红河）有限公司昆明分公司 (Chinese) [100%],exact,Huaxin Cement Honghe Co Ltd Cement Plant 1,Huaxin Cement Honghe Co Ltd [100.0%],grinding,0.6,operating,GCCT,GCCT,Cement and Concrete,n/a
cement,P100000123658,Huaxin Cement Suizhou Co Ltd Cement Plant,华新水泥随州有限公司 (Chinese),Huaxin Cement Suizhou Co Ltd [100.0%],China;,Hubei,operating,,0.6,0.6,0.6,n/a,n/a,31.755759,113.197478,31.755759,113.197478,https://www.gem.wiki/Huaxin_Cement_Suizhou_Co_Ltd_Cement_Plant,n/a,"Hubei, China",0.6,0.6,n/a,opc,n/a,grey,华新水泥随州有限公司 (Chinese) [100%],exact,Huaxin Cement Suizhou Co Ltd Cement Plant,Huaxin Cement Suizhou Co Ltd [100.0%],grinding,0.6,operating,GCCT,GCCT,Cement and Concrete,n/a
cement,P100000123659,Huaxin Cement Xiangyang Xiangcheng Ltd Cement Plant,华新水泥襄阳襄城有限公司 (Chinese),Huaxin Cement Xiangyang Xiangcheng Ltd [100.0%],China;,Hubei,operating,2009,1,1,1,n/a,n/a,31.895544,112.149581,31.895544,112.149581,https://www.gem.wiki/Huaxin_Cement_Xiangyang_Xiangcheng_Ltd_Cement_Plant,n/a,"Hubei, China",1,1,n/a,unknown,n/a,,华新水泥襄阳襄城有限公司 (Chinese) [100%],exact,Huaxin Cement Xiangyang Xiangcheng Ltd Cement Plant,Huaxin Cement Xiangyang Xiangcheng Ltd [100.0%],grinding,1.0,operating,GCCT,GCCT,Cement and Concrete,n/a
cement,P100000123660,Huaxin Cement Yueyang Co Ltd Cement Plant,华新水泥（岳阳）有限公司 (Chinese),Huaxin Cement Yueyang Co Ltd [100.0%],China;,Hunan,operating,2004,1.5,1.5,1.5,n/a,n/a,29.497966,113.199387,29.497966,113.199387,https://www.gem.wiki/Huaxin_Cement_Yueyang_Co_Ltd_Cement_Plant,n/a,"Hunan, China",1.5,1.5,n/a,unknown,n/a,,华新水泥（岳阳）有限公司 (Chinese) [100%],exact,Huaxin Cement Yueyang Co Ltd Cement Plant,Huaxin Cement Yueyang Co Ltd [100.0%],grinding,1.5,operating,GCCT,GCCT,Cement and Concrete,n/a
cement,P100000123661,Hunan Huaxinxiang Steel Cement Co Ltd Cement Plant,湖南华新湘钢水泥有限公司 (Chinese),Hunan Huaxinxiang Steel Cement Co Ltd [100.0%],China;,Hunan,operating,2007,3,3,3,n/a,n/a,27.804029,112.917678,27.804029,112.917678,https://www.gem.wiki/Hunan_Huaxinxiang_Steel_Cement_Co_Ltd_Cement_Plant,n/a,"Hunan, China",3,3,n/a,unknown,n/a,,湖南华新湘钢水泥有限公司 (Chinese) [100%],exact,Hunan Huaxinxiang Steel Cement Co Ltd Cement Plant,Hunan Huaxinxiang Steel Cement Co Ltd [100.0%],grinding,3.0,operating,GCCT,GCCT,Cement and Concrete,n/a
cement,P100000123662,Panzhihua Huaxin Cement Co Ltd Cement Plant,攀枝花华新水泥有限公司 (Chinese),Panzhihua Huaxin Cement Co Ltd [100.0%],China;,Sichuan,operating,2016,1,1,1,n/a,n/a,26.52425,101.854559,26.52425,101.854559,https://www.gem.wiki/Panzhihua_Huaxin_Cement_Co_Ltd_Cement_Plant,n/a,"Sichuan, China",1,1,n/a,opc,n/a,,攀枝花华新水泥有限公司 (Chinese) [100%],exact,Panzhihua Huaxin Cement Co Ltd Cement Plant,Panzhihua Huaxin Cement Co Ltd [100.0%],grinding,1.0,operating,GCCT,GCCT,Cement and Concrete,n/a
cement,P100000123663,Wuhan Wisco Huaxin Cement Co Ltd Cement Plant,武汉钢华水泥有限责任公司 (Chinese),Wuhan Wisco Huaxin Cement Co Ltd [100.0%],China;,Hubei,operating,,1,1,1,n/a,n/a,30.638993,114.425916,30.638993,114.425916,https://www.gem.wiki/Wuhan_Wisco_Huaxin_Cement_Co_Ltd_Cement_Plant,n/a,"Hubei, China",1,1,n/a,opc,n/a,grey,武汉钢华水泥有限责任公司 (Chinese) [100%],exact,Wuhan Wisco Huaxin Cement Co Ltd Cement Plant,Wuhan Wisco Huaxin Cement Co Ltd [100.0%],grinding,1.0,operating,GCCT,GCCT,Cement and Concrete,n/a
cement,P100000123664,Hailar Mengxi Cement Co Ltd Cement Plant,海拉尔蒙西水泥有限公司 (Chinese),Hailar Mengxi Cement Co Ltd [100.0%],China;,Inner Mongolia,operating,2004,1.2,1.2,1.2,0.7,dry,49.254792,119.865058,49.254792,119.865058,https://www.gem.wiki/Hailar_Mengxi_Cement_Co_Ltd_Cement_Plant,no,"Inner Mongolia, China",1.2,1.2,no,opc,no,grey,海拉尔蒙西水泥有限公司 (Chinese) [100%],exact,Hailar Mengxi Cement Co Ltd Cement Plant,Hailar Mengxi Cement Co Ltd [100.0%],integrated,1.2,operating,GCCT,GCCT,Cement and Concrete,n/a
cement,P100000123665,Jilin Yatai Mingcheng Cement Co Ltd Cement Plant,吉林亚泰明城水泥有限公司 (Chinese),Jilin Yatai Mingcheng Cement Co Ltd [100.0%],China;,Jilin,operating,2003,2.2,2.2,2.2,3.25,dry,43.167148,126.041253,43.167148,126.041253,https://www.gem.wiki/Jilin_Yatai_Mingcheng_Cement_Co_Ltd_Cement_Plant,no,"Jilin, China",2.2,2.2,no,opc,no,grey,吉林亚泰明城水泥有限公司 (Chinese) [100%],exact,Jilin Yatai Mingcheng Cement Co Ltd Cement Plant,Jilin Yatai Mingcheng Cement Co Ltd [100.0%],integrated,2.2,operating,GCCT,GCCT,Cement and Concrete,n/a
cement,P100000123666,Yatai (Group) Harbin Cement Co Ltd Cement Plant,亚泰集团哈尔滨水泥有限公司 (Chinese),Yatai (Group) Harbin Cement Co Ltd [100.0%],China;,Heilongjiang,operating,1948,3.8,3.8,3.8,1.25,dry,45.832016,126.713864,45.832016,126.713864,https://www.gem.wiki/Yatai_(Group)_Harbin_Cement_Co_Ltd_Cement_Plant,no,"Heilongjiang, China",3.8,3.8,no,opc,no,grey,亚泰集团哈尔滨水泥有限公司 (Chinese) [100%],exact,Yatai (Group) Harbin Cement Co Ltd Cement Plant,Yatai (Group) Harbin Cement Co Ltd [100.0%],integrated,3.8,operating,GCCT,GCCT,Cement and Concrete,n/a
cement,P100000123668,Yatai Group Tonghua Cement Co Ltd Cement Plant,亚泰集团通化水泥股份有限公司 (Chinese),Yatai Group Tonghua Cement Co Ltd [100.0%],China;,Jilin,operating,1977,2.4,2.4,2.4,1.2,dry,41.804666,126.248334,41.804666,126.248334,https://www.gem.wiki/Yatai_Group_Tonghua_Cement_Co_Ltd_Cement_Plant,no,"Jilin, China",2.4,2.4,no,opc,no,grey,亚泰集团通化水泥股份有限公司 (Chinese) [100%],exact,Yatai Group Tonghua Cement Co Ltd Cement Plant,Yatai Group Tonghua Cement Co Ltd [100.0%],integrated,2.4,operating,GCCT,GCCT,Cement and Concrete,n/a
cement,P100000123669,Yatai Group Yitong Cement Ltd Cement Plant,亚泰集团伊通水泥有限公司 (Chinese),Yatai Group Yitong Cement Ltd [100.0%],China;,Jilin,operating,,1.2,1.2,1.2,0.775,dry,43.346185,125.332517,43.346185,125.332517,https://www.gem.wiki/Yatai_Group_Yitong_Cement_Ltd_Cement_Plant,no,"Jilin, China",1.2,1.2,no,unknown,no,,亚泰集团伊通水泥有限公司 (Chinese) [100%],exact,Yatai Group Yitong Cement Ltd Cement Plant,Yatai Group Yitong Cement Ltd [100.0%],integrated,1.2,operating,GCCT,GCCT,Cement and Concrete,n/a
cement,P100000123670,Jilin Yatai Cement Co Ltd Hailun Branch Cement Plant,吉林亚泰水泥有限公司海伦分公司 (Chinese),Jilin Yatai Cement Co Ltd Hailun Branch [100.0%],China;,Heilongjiang,operating,2003,0.5,0.5,0.5,n/a,n/a,47.470385,126.971263,47.470385,126.971263,https://www.gem.wiki/Jilin_Yatai_Cement_Co_Ltd_Hailun_Branch_Cement_Plant,n/a,"Heilongjiang, China",0.5,0.5,n/a,opc,n/a,grey,吉林亚泰水泥有限公司海伦分公司 (Chinese) [100%],exact,Jilin Yatai Cement Co Ltd Hailun Branch Cement Plant,Jilin Yatai Cement Co Ltd Hailun Branch [100.0%],grinding,0.5,operating,GCCT,GCCT,Cement and Concrete,n/a
cement,P100000123671,Jilin Yatai Longtan Cement Co Ltd Cement Plant,吉林亚泰龙潭水泥有限公司 (Chinese),Jilin Yatai Longtan Cement Co Ltd [100.0%],China;,Jilin,operating,,2,2,2,n/a,n/a,43.904444,126.605421,43.904444,126.605421,https://www.gem.wiki/Jilin_Yatai_Longtan_Cement_Co_Ltd_Cement_Plant,n/a,"Jilin, China",2,2,n/a,opc,n/a,grey,吉林亚泰龙潭水泥有限公司 (Chinese) [100%],exact,Jilin Yatai Longtan Cement Co Ltd Cement Plant,Jilin Yatai Longtan Cement Co Ltd [100.0%],grinding,2.0,operating,GCCT,GCCT,Cement and Concrete,n/a
cement,P100000123672,Yatai Group Tumen Cement Co Ltd Cement Plant,亚泰集团图们水泥有限公司 (Chinese),Yatai Group Tumen Cement Co Ltd [100.0%],China;,Jilin,operating,2012,1.2,1.2,1.2,n/a,n/a,43.021965,129.670273,43.021965,129.670273,https://www.gem.wiki/Yatai_Group_Tumen_Cement_Co_Ltd_Cement_Plant,n/a,"Jilin, China",1.2,1.2,n/a,opc,n/a,,亚泰集团图们水泥有限公司 (Chinese) [100%],exact,Yatai Group Tumen Cement Co Ltd Cement Plant,Yatai Group Tumen Cement Co Ltd [100.0%],grinding,1.2,operating,GCCT,GCCT,Cement and Concrete,n/a
cement,P100000123673,Yatai Group Anda Cement Co Ltd Cement Plant,亚泰集团安达水泥有限公司 (Chinese),Yatai Group Anda Cement Co Ltd [100.0%],China;,Heilongjiang,operating,2010,1.5,1.5,1.5,n/a,n/a,46.396969,125.285752,46.396969,125.285752,https://www.gem.wiki/Yatai_Group_Anda_Cement_Co_Ltd_Cement_Plant,n/a,"Heilongjiang, China",1.5,1.5,n/a,opc,n/a,grey,亚泰集团安达水泥有限公司 (Chinese) [100%],exact,Yatai Group Anda Cement Co Ltd Cement Plant,Yatai Group Anda Cement Co Ltd [100.0%],grinding,1.5,operating,GCCT,GCCT,Cement and Concrete,n/a
cement,P100000123674,Yatai Group Diaobingshan Cement Co Ltd Cement Plant,亚泰集团调兵山水泥有限公司 (Chinese),Yatai Group Diaobingshan Cement Co Ltd [100.0%],China;,Liaoning,operating,,1,1,1,n/a,n/a,42.453949,123.598077,42.453949,123.598077,https://www.gem.wiki/Yatai_Group_Diaobingshan_Cement_Co_Ltd_Cement_Plant,n/a,"Liaoning, China",1,1,n/a,unknown,n/a,,亚泰集团调兵山水泥有限公司 (Chinese) [100%],exact,Yatai Group Diaobingshan Cement Co Ltd Cement Plant,Yatai Group Diaobingshan Cement Co Ltd [100.0%],grinding,1.0,operating,GCCT,GCCT,Cement and Concrete,n/a
cement,P100000123675,Dandong Jiaotong Cement Co Ltd Cement Plant,丹东交通水泥有限公司 (Chinese),Dandong Jiaotong Cement Co Ltd [100.0%],China;,Liaoning,operating,,0.008,>0,>0,n/a,n/a,40.255925,124.204101,40.255925,124.204101,https://www.gem.wiki/Dandong_Jiaotong_Cement_Co_Ltd_Cement_Plant,n/a,"Liaoning, China",0.008,0.008,n/a,opc,n/a,grey,丹东交通水泥有限公司 (Chinese) [100%],exact,Dandong Jiaotong Cement Co Ltd Cement Plant,Dandong Jiaotong Cement Co Ltd [100.0%],grinding,0.008,operating,GCCT,GCCT,Cement and Concrete,n/a
cement,P100000123676,Jilin Yatai (Group) Liaoyang Cement Co Ltd Cement Plant,吉林亚泰集团辽阳水泥有限公司 (Chinese),Jilin Yatai (Group) Liaoyang Cement Co Ltd [100.0%],China;,Liaoning,operating,2010,1,1,1,n/a,n/a,41.607614,123.123221,41.607614,123.123221,https://www.gem.wiki/Jilin_Yatai_(Group)_Liaoyang_Cement_Co_Ltd_Cement_Plant,n/a,"Liaoning, China",1,1,n/a,unknown,n/a,,吉林亚泰集团辽阳水泥有限公司 (Chinese) [100%],exact,Jilin Yatai (Group) Liaoyang Cement Co Ltd Cement Plant,Jilin Yatai (Group) Liaoyang Cement Co Ltd [100.0%],grinding,1.0,operating,GCCT,GCCT,Cement and Concrete,n/a
cement,P100000123677,Dujiangyan Lafarge Cement Co Ltd Cement Plant,都江堰拉法基水泥有限公司 (Chinese),Dujiangyan Lafarge Cement Co Ltd [100.0%],China;,Sichuan,operating,2002,2.8,2.8,2.8,1.08,dry,31.043354,103.655499,31.043354,103.655499,https://www.gem.wiki/Dujiangyan_Lafarge_Cement_Co_Ltd_Cement_Plant,no,"Sichuan, China",2.8,2.8,no,unknown,no,,都江堰拉法基水泥有限公司 (Chinese) [100%],exact,Dujiangyan Lafarge Cement Co Ltd Cement Plant,Dujiangyan Lafarge Cement Co Ltd [100.0%],integrated,2.8,operating,GCCT,GCCT,Cement and Concrete,n/a
cement,P100000123678,Sichuan Shuangma Cement Co Ltd Cement Plant,四川和谐双马股份有限公司 (Chinese),Sichuan Shuangma Cement Co Ltd [100.0%],China;,Sichuan,operating,,2,2,2,>0,dry,32.048641,105.092399,32.048641,105.092399,https://www.gem.wiki/Sichuan_Shuangma_Cement_Co_Ltd_Cement_Plant,no,"Sichuan, China",2,2,no,opc,no,grey,四川和谐双马股份有限公司 (Chinese) [100%],exact,Sichuan Shuangma Cement Co Ltd Cement Plant,Sichuan Shuangma Cement Co Ltd [100.0%],integrated,2.0,operating,GCCT,GCCT,Cement and Concrete,n/a
cement,P100000123679,Ningxia Qingtongxia Cement Co Ltd Cement Plant,宁夏青铜峡水泥股份有限公司 (Chinese),Ningxia Qingtongxia Cement Co Ltd [100.0%],China;,Ningxia,operating,2009,1.6,1.6,1.6,1.2,dry,37.876862,105.944429,37.876862,105.944429,https://www.gem.wiki/Ningxia_Qingtongxia_Cement_Co_Ltd_Cement_Plant,no,"Ningxia, China",1.6,1.6,no,opc,no,grey,宁夏青铜峡水泥股份有限公司 (Chinese) [100%],exact,Ningxia Qingtongxia Cement Co Ltd Cement Plant,Ningxia Qingtongxia Cement Co Ltd [100.0%],integrated,1.6,operating,GCCT,GCCT,Cement and Concrete,n/a
cement,P100000123680,Ningxia Zhongning Saima Cement Co Ltd Cement Plant,宁夏中宁赛马水泥有限公司 (Chinese),Ningxia Zhongning Saima Cement Co Ltd [100.0%],China;,Ningxia,operating,,1.3,1.3,1.3,0.91,dry,37.40569,105.682742,37.40569,105.682742,https://www.gem.wiki/Ningxia_Zhongning_Saima_Cement_Co_Ltd_Cement_Plant,no,"Ningxia, China",1.3,1.3,no,unknown,no,,宁夏中宁赛马水泥有限公司 (Chinese) [100%],exact,Ningxia Zhongning Saima Cement Co Ltd Cement Plant,Ningxia Zhongning Saima Cement Co Ltd [100.0%],integrated,1.3,operating,GCCT,GCCT,Cement and Concrete,n/a
cement,P100000123681,Ningxia Saima Cement Co Ltd Cement Plant,宁夏赛马水泥有限公司 (Chinese),Ningxia Saima Cement Co Ltd [100.0%],China;,Ningxia,operating,2009,6.8,6.8,6.8,3.8,dry,38.514533,105.979095,38.514533,105.979095,https://www.gem.wiki/Ningxia_Saima_Cement_Co_Ltd_Cement_Plant,no,"Ningxia, China",6.8,6.8,no,opc,no,grey,宁夏赛马水泥有限公司 (Chinese) [100%],exact,Ningxia Saima Cement Co Ltd Cement Plant,Ningxia Saima Cement Co Ltd [100.0%],integrated,6.8,operating,GCCT,GCCT,Cement and Concrete,n/a
cement,P100000123682,Sinoma Gansu Cement Co Ltd Cement Plant,中材甘肃水泥有限责任公司 (Chinese),Sinoma Gansu Cement Co Ltd [100.0%],China;,Gansu,operating,,1.25,1.25,1.25,1.83,dry,36.594548,104.119308,36.594548,104.119308,https://www.gem.wiki/Sinoma_Gansu_Cement_Co_Ltd_Cement_Plant,no,"Gansu, China",1.25,1.25,no,opc,no,grey,中材甘肃水泥有限责任公司 (Chinese) [100%],exact,Sinoma Gansu Cement Co Ltd Cement Plant,Sinoma Gansu Cement Co Ltd [100.0%],integrated,1.25,operating,GCCT,GCCT,Cement and Concrete,n/a
cement,P100000123683,Haraqin Grassland Cement Co Ltd Cement Plant,喀喇沁草原水泥有限责任公司 (Chinese),Haraqin Grassland Cement Co Ltd [100.0%],China;,Inner Mongolia,operating,2014,1.67,1.67,1.67,1.64,dry,42.014954,118.974762,42.014954,118.974762,https://www.gem.wiki/Haraqin_Grassland_Cement_Co_Ltd_Cement_Plant,no,"Inner Mongolia, China",1.67,1.67,no,unknown,no,,喀喇沁草原水泥有限责任公司 (Chinese) [100%],exact,Haraqin Grassland Cement Co Ltd Cement Plant,Haraqin Grassland Cement Co Ltd [100.0%],integrated,1.67,operating,GCCT,GCCT,Cement and Concrete,n/a
cement,P100000123684,Tianshui Cement Co Ltd Cement Plant,天水中材水泥有限责任公司 (Chinese),Tianshui Zhongcai Cement Co Ltd [100.0%],China;,Gansu,operating,2009,2,2,2,1.83,dry,34.621473,105.398327,34.621473,105.398327,https://www.gem.wiki/Tianshui_Cement_Co_Ltd_Cement_Plant,no,"Gansu, China",2,2,no,opc,no,grey,天水中材水泥有限责任公司 (Chinese) [100%],exact,Tianshui Cement Co Ltd Cement Plant,Tianshui Zhongcai Cement Co Ltd [100.0%],integrated,2.0,operating,GCCT,GCCT,Cement and Concrete,n/a
cement,P100000123685,Ningxia Shizuishan Race Horse Cement Co Ltd Cement Plant,宁夏石嘴山赛马水泥有限责任公司 (Chinese),Ningxia Shizuishan Race Horse Cement Co Ltd [100.0%],China;,Ningxia,operating,,0.008,>0,>0,n/a,n/a,38.965969,106.315205,38.965969,106.315205,https://www.gem.wiki/Ningxia_Shizuishan_Race_Horse_Cement_Co_Ltd_Cement_Plant,n/a,"Ningxia, China",0.008,0.008,n/a,unknown,n/a,,宁夏石嘴山赛马水泥有限责任公司 (Chinese) [100%],exact,Ningxia Shizuishan Race Horse Cement Co Ltd Cement Plant,Ningxia Shizuishan Race Horse Cement Co Ltd [100.0%],grinding,0.008,operating,GCCT,GCCT,Cement and Concrete,n/a
cement,P100000123686,Chaoyang Shanshui Dongxin Cement Co Ltd Cement Plant,朝阳山水东鑫水泥有限公司 (Chinese),Chaoyang Shanshui Dongxin Cement Co Ltd [100.0%],China;,Liaoning,operating,2007,3,3,3,0.91,dry,41.449538,120.040669,41.449538,120.040669,https://www.gem.wiki/Chaoyang_Shanshui_Dongxin_Cement_Co_Ltd_Cement_Plant,no,"Liaoning, China",3,3,no,opc,no,grey,朝阳山水东鑫水泥有限公司 (Chinese) [100%],exact,Chaoyang Shanshui Dongxin Cement Co Ltd Cement Plant,Chaoyang Shanshui Dongxin Cement Co Ltd [100.0%],integrated,3.0,operating,GCCT,GCCT,Cement and Concrete,n/a
cement,P100000123687,Chifeng Shanshui Yuanhang Cement Co Ltd Cement Plant,赤峰山水远航水泥有限公司 (Chinese),Chifeng Shanshui Yuanhang Cement Co Ltd [100.0%],China;,Inner Mongolia,operating,2004,2.54,2.54,2.54,1.64,dry,42.201655,118.890757,42.201655,118.890757,https://www.gem.wiki/Chifeng_Shanshui_Yuanhang_Cement_Co_Ltd_Cement_Plant,no,"Inner Mongolia, China",2.54,2.54,no,unknown,no,,赤峰山水远航水泥有限公司 (Chinese) [100%],exact,Chifeng Shanshui Yuanhang Cement Co Ltd Cement Plant,Chifeng Shanshui Yuanhang Cement Co Ltd [100.0%],integrated,2.54,operating,GCCT,GCCT,Cement and Concrete,n/a
cement,P100000123688,Shandong Cement Factory Co Ltd Cement Plant,山东山水水泥厂有限公司 (Chinese),Shandong Cement Factory Co Ltd [100.0%],China;,Shandong,operating,,2.17,2.17,2.17,>0,dry,36.581954,116.917226,36.581954,116.917226,https://www.gem.wiki/Shandong_Cement_Factory_Co_Ltd_Cement_Plant,no,"Shandong, China",2.17,2.17,no,unknown,no,,山东山水水泥厂有限公司 (Chinese) [100%],exact,Shandong Cement Factory Co Ltd Cement Plant,Shandong Cement Factory Co Ltd [100.0%],integrated,2.17,operating,GCCT,GCCT,Cement and Concrete,n/a
cement,P100000123689,Weifang Shanshui Cement Co Ltd Cement Plant,潍坊山水水泥有限公司 (Chinese),Weifang Shanshui Cement Co Ltd [100.0%],China;,Shandong,operating,1958,2,2,2,>0,dry,36.675572,118.983956,36.675572,118.983956,https://www.gem.wiki/Weifang_Shanshui_Cement_Co_Ltd_Cement_Plant,no,"Shandong, China",2,2,no,unknown,no,,潍坊山水水泥有限公司 (Chinese) [100%],exact,Weifang Shanshui Cement Co Ltd Cement Plant,Weifang Shanshui Cement Co Ltd [100.0%],integrated,2.0,operating,GCCT,GCCT,Cement and Concrete,n/a
cement,P100000123690,Jinan Century Innovation Cement Co Ltd Cement Plant,济南世纪创新水泥有限公司 (Chinese),Jinan Century Innovation Cement Co Ltd [100.0%],China;,Shandong,operating,,0.6,0.6,0.6,0.8,dry,36.558452,116.855374,36.558452,116.855374,https://www.gem.wiki/Jinan_Century_Innovation_Cement_Co_Ltd_Cement_Plant,no,"Shandong, China",0.6,0.6,no,blended,no,,济南世纪创新水泥有限公司 (Chinese) [100%],exact,Jinan Century Innovation Cement Co Ltd Cement Plant,Jinan Century Innovation Cement Co Ltd [100.0%],integrated,0.6,operating,GCCT,GCCT,Cement and Concrete,n/a
cement,P100000123691,Jining Shanshui Cement Co Ltd Cement Plant,济宁山水水泥有限公司 (Chinese),Jining Shanshui Cement Co Ltd [100.0%],China;,Shandong,operating,,1,1,1,0.86,dry,35.361077,116.375794,35.361077,116.375794,https://www.gem.wiki/Jining_Shanshui_Cement_Co_Ltd_Cement_Plant,no,"Shandong, China",1,1,no,unknown,no,,济宁山水水泥有限公司 (Chinese) [100%],exact,Jining Shanshui Cement Co Ltd Cement Plant,Jining Shanshui Cement Co Ltd [100.0%],integrated,1.0,operating,GCCT,GCCT,Cement and Concrete,n/a
cement,P100000123692,Kangda (Shandong) Cement Products Co Ltd Cement Plant,康达（山东）水泥制成品有限公司 (Chinese),Kangda (Shandong) Cement Products Co Ltd [100.0%],China;,Shandong,retired,2007,1.5,1.5,1.5,1.28,dry,37.686461,120.830683,37.686461,120.830683,https://www.gem.wiki/Kangda_(Shandong)_Cement_Products_Co_Ltd_Cement_Plant,no,"Shandong, China",1.5,1.5,no,unknown,no,,康达（山东）水泥制成品有限公司 (Chinese) [100%],exact,Kangda (Shandong) Cement Products Co Ltd Cement Plant,Kangda (Shandong) Cement Products Co Ltd [100.0%],integrated,1.5,retired-plus,GCCT,GCCT,Cement and Concrete,n/a
cement,P100000123693,Pingyin Shanshui Cement Co Ltd Jinan Cement Plant,平阴山水水泥有限公司 (Chinese),Pingyin Shanshui Cement Co Ltd [100.0%],China;,Shandong,operating,2004,3,3,3,1.83,dry,36.276841,116.574379,36.276841,116.574379,https://www.gem.wiki/Pingyin_Shanshui_Cement_Co_Ltd_Jinan_Cement_Plant,no,"Shandong, China",3,3,no,opc,no,grey,平阴山水水泥有限公司 (Chinese) [100%],exact,Pingyin Shanshui Cement Co Ltd Jinan Cement Plant,Pingyin Shanshui Cement Co Ltd [100.0%],integrated,3.0,operating,GCCT,GCCT,Cement and Concrete,n/a
cement,P100000123694,Yantai Shanshui Cement Co Ltd Cement Plant,烟台山水水泥有限公司 (Chinese),Yantai Shanshui Cement Co Ltd [100.0%],China;,Shandong,operating,2003,3,3,3,2.5,dry,37.473146,121.055879,37.473146,121.055879,https://www.gem.wiki/Yantai_Shanshui_Cement_Co_Ltd_Cement_Plant,no,"Shandong, China",3,3,no,opc,no,grey,烟台山水水泥有限公司 (Chinese) [100%],exact,Yantai Shanshui Cement Co Ltd Cement Plant,Yantai Shanshui Cement Co Ltd [100.0%],integrated,3.0,operating,GCCT,GCCT,Cement and Concrete,n/a
cement,P100000123695,Dalian Shanshui Cement Co Ltd Cement Plant,大连山水水泥有限公司 (Chinese),Dalian Shanshui Cement Co Ltd [100.0%],China;,Liaoning,operating,2009,2,2,2,1.6,dry,39.473451,121.627325,39.473451,121.627325,https://www.gem.wiki/Dalian_Shanshui_Cement_Co_Ltd_Cement_Plant,no,"Liaoning, China",2,2,no,blended,no,grey,大连山水水泥有限公司 (Chinese) [100%],exact,Dalian Shanshui Cement Co Ltd Cement Plant,Dalian Shanshui Cement Co Ltd [100.0%],integrated,2.0,operating,GCCT,GCCT,Cement and Concrete,n/a
cement,P100000123696,Liaoyang Qianshan Cement Co Ltd Cement Plant,辽阳千山水泥有限责任公司 (Chinese),Liaoyang Qianshan Cement Co Ltd [100.0%],China;,Liaoning,operating,2008,2,2,2,1.8,dry,41.224779,123.340701,41.224779,123.340701,https://www.gem.wiki/Liaoyang_Qianshan_Cement_Co_Ltd_Cement_Plant,no,"Liaoning, China",2,2,no,opc,no,grey,辽阳千山水泥有限责任公司 (Chinese) [100%],exact,Liaoyang Qianshan Cement Co Ltd Cement Plant,Liaoyang Qianshan Cement Co Ltd [100.0%],integrated,2.0,operating,GCCT,GCCT,Cement and Concrete,n/a
cement,P100000123697,Zaozhuang Shanshui Cement Co Ltd Cement Plant,枣庄山水水泥有限公司 (Chinese),Zaozhuang Shanshui Cement Co Ltd [100.0%],China;,Shandong,operating,2010,1.36,1.36,1.36,>0,dry,34.532309,117.620679,34.532309,117.620679,https://www.gem.wiki/Zaozhuang_Shanshui_Cement_Co_Ltd_Cement_Plant,no,"Shandong, China",1.36,1.36,no,opc,no,grey,枣庄山水水泥有限公司 (Chinese) [100%],exact,Zaozhuang Shanshui Cement Co Ltd Cement Plant,Zaozhuang Shanshui Cement Co Ltd [100.0%],integrated,1.36,operating,GCCT,GCCT,Cement and Concrete,n/a
cement,P100000123698,Anqiu Shanshui Cement Co Ltd Cement Plant,安丘山水水泥有限公司 (Chinese),Anqiu Shanshui Cement Co Ltd [100.0%],China;,Shandong,operating,2004,1.6,1.6,1.6,3.6,dry,36.123423,119.026673,36.123423,119.026673,https://www.gem.wiki/Anqiu_Shanshui_Cement_Co_Ltd_Cement_Plant,no,"Shandong, China",1.6,1.6,no,unknown,no,,安丘山水水泥有限公司 (Chinese) [100%],exact,Anqiu Shanshui Cement Co Ltd Cement Plant,Anqiu Shanshui Cement Co Ltd [100.0%],integrated,1.6,operating,GCCT,GCCT,Cement and Concrete,n/a
cement,P100000123699,Zibo Shanshui Cement Co Ltd Cement Plant,淄博山水水泥有限公司 (Chinese),Zibo Shanshui Cement Co Ltd [100.0%],China;,Shandong,operating,2003,0.008,>0,>0,>0,dry,36.637222,117.750335,36.637222,117.750335,https://www.gem.wiki/Zibo_Shanshui_Cement_Co_Ltd_Cement_Plant,no,"Shandong, China",0.008,0.008,no,unknown,no,,淄博山水水泥有限公司 (Chinese) [100%],exact,Zibo Shanshui Cement Co Ltd Cement Plant,Zibo Shanshui Cement Co Ltd [100.0%],integrated,0.008,operating,GCCT,GCCT,Cement and Concrete,n/a
cement,P100000123700,Alu Kerqin Qi Shanshui Cement Co Ltd Cement Plant,阿鲁科尔沁旗山水水泥有限公司 (Chinese),Alu Kerqin Qi Shanshui Cement Co Ltd [100.0%],China;,Inner Mongolia,operating,2010,0.5,0.5,0.5,2.66,dry,43.911207,120.117266,43.911207,120.117266,https://www.gem.wiki/Alu_Kerqin_Qi_Shanshui_Cement_Co_Ltd_Cement_Plant,no,"Inner Mongolia, China",0.5,0.5,no,opc,no,grey,阿鲁科尔沁旗山水水泥有限公司 (Chinese) [100%],exact,Alu Kerqin Qi Shanshui Cement Co Ltd Cement Plant,Alu Kerqin Qi Shanshui Cement Co Ltd [100.0%],integrated,0.5,operating,GCCT,GCCT,Cement and Concrete,n/a
cement,P100000123701,Baishan Shanshui Cement Co Ltd Cement Plant,白山山水水泥有限责任公司 (Chinese),Baishan Shanshui Cement Co Ltd [100.0%],China;,Jilin,operating,2020,1,1,1,1.83,dry,41.955044,126.562746,41.955044,126.562746,https://www.gem.wiki/Baishan_Shanshui_Cement_Co_Ltd_Cement_Plant,no,"Jilin, China",1,1,no,opc,no,grey,白山山水水泥有限责任公司 (Chinese) [100%],exact,Baishan Shanshui Cement Co Ltd Cement Plant,Baishan Shanshui Cement Co Ltd [100.0%],integrated,1.0,operating,GCCT,GCCT,Cement and Concrete,n/a
cement,P100000123702,Donge Shanshui Dongchang Cement Co Ltd Cement Plant,东阿东昌水泥有限公司 (Chinese),Donge Shanshui Dongchang Cement Co Ltd [100.0%],China;,Shandong,operating,,1,1,1,>0,dry,36.311173,116.339123,36.311173,116.339123,https://www.gem.wiki/Donge_Shanshui_Dongchang_Cement_Co_Ltd_Cement_Plant,no,"Shandong, China",1,1,no,blended,no,grey,东阿东昌水泥有限公司 (Chinese) [100%],exact,Donge Shanshui Dongchang Cement Co Ltd Cement Plant,Donge Shanshui Dongchang Cement Co Ltd [100.0%],integrated,1.0,operating,GCCT,GCCT,Cement and Concrete,n/a
cement,P100000123703,Huixian Shanshui Cement Co Ltd Cement Plant,辉县市山水水泥有限公司 (Chinese),Huixian Shanshui Cement Co Ltd [100.0%],China;,Henan,operating,2013,2.05,2.05,2.05,1.39,dry,35.458594,113.900559,35.458594,113.900559,https://www.gem.wiki/Huixian_Shanshui_Cement_Co_Ltd_Cement_Plant,no,"Henan, China",2.05,2.05,no,unknown,no,,辉县市山水水泥有限公司 (Chinese) [100%],exact,Huixian Shanshui Cement Co Ltd Cement Plant,Huixian Shanshui Cement Co Ltd [100.0%],integrated,2.05,operating,GCCT,GCCT,Cement and Concrete,n/a
cement,P100000123704,Jincheng Cement Co Ltd Cement Plant,晋城山水水泥有限公司 (Chinese),Jincheng Cement Co Ltd [100.0%],China;,Shanxi,operating,2012,1.42,1.42,1.42,1.1,dry,35.369146,112.437858,35.369146,112.437858,https://www.gem.wiki/Jincheng_Cement_Co_Ltd_Cement_Plant,no,"Shanxi, China",1.42,1.42,no,opc,no,grey,晋城山水水泥有限公司 (Chinese) [100%],exact,Jincheng Cement Co Ltd Cement Plant,Jincheng Cement Co Ltd [100.0%],integrated,1.42,operating,GCCT,GCCT,Cement and Concrete,n/a
cement,P100000123705,Jincheng Shanshui Heju Cement Co Ltd Cement Plant,晋城山水合聚水泥有限公司 (Chinese),Jincheng Shanshui Heju Cement Co Ltd [100.0%],China;,Shanxi,operating,2013,2,2,2,1.83,dry,35.556184,112.982692,35.556184,112.982692,https://www.gem.wiki/Jincheng_Shanshui_Heju_Cement_Co_Ltd_Cement_Plant,no,"Shanxi, China",2,2,no,opc,no,grey,晋城山水合聚水泥有限公司 (Chinese) [100%],exact,Jincheng Shanshui Heju Cement Co Ltd Cement Plant,Jincheng Shanshui Heju Cement Co Ltd [100.0%],integrated,2.0,operating,GCCT,GCCT,Cement and Concrete,n/a
cement,P100000123706,Linqu Shanshui Cement Co Ltd Cement Plant,临朐山水水泥有限公司 (Chinese),Linqu Shanshui Cement Co Ltd [100.0%],China;,Shandong,operating,2009,1,1,1,2.92,dry,36.428412,118.396165,36.428412,118.396165,https://www.gem.wiki/Linqu_Shanshui_Cement_Co_Ltd_Cement_Plant,no,"Shandong, China",1,1,no,unknown,no,,临朐山水水泥有限公司 (Chinese) [100%],exact,Linqu Shanshui Cement Co Ltd Cement Plant,Linqu Shanshui Cement Co Ltd [100.0%],integrated,1.0,operating,GCCT,GCCT,Cement and Concrete,n/a
cement,P100000123707,Lvliang Yilong Cement Co Ltd Cement Plant,吕梁山水水泥有限公司 (Chinese),Lvliang Yilong Cement Co Ltd [100.0%],China;,Shanxi,operating,2013,1,1,1,1.83,dry,37.62537,111.012133,37.62537,111.012133,https://www.gem.wiki/Lvliang_Yilong_Cement_Co_Ltd_Cement_Plant,no,"Shanxi, China",1,1,no,unknown,no,,吕梁山水水泥有限公司 (Chinese) [100%],exact,Lvliang Yilong Cement Co Ltd Cement Plant,Lvliang Yilong Cement Co Ltd [100.0%],integrated,1.0,operating,GCCT,GCCT,Cement and Concrete,n/a
cement,P100000123708,Qixia Xinghao Cement Co Ltd Cement Plant,烟台兴昊山水水泥有限公司 (Chinese),Qixia Xinghao Cement Co Ltd [100.0%],China;,Shandong,operating,,1.44,1.44,1.44,>0,dry,37.441699,120.982457,37.441699,120.982457,https://www.gem.wiki/Qixia_Xinghao_Cement_Co_Ltd_Cement_Plant,no,"Shandong, China",1.44,1.44,no,opc,no,grey,烟台兴昊山水水泥有限公司 (Chinese) [100%],exact,Qixia Xinghao Cement Co Ltd Cement Plant,Qixia Xinghao Cement Co Ltd [100.0%],integrated,1.44,operating,GCCT,GCCT,Cement and Concrete,n/a
cement,P100000123709,Taiyuan Shanshui Cement Co Ltd Cement Plant,太原山水水泥有限公司 (Chinese),Taiyuan Shanshui Cement Co Ltd [100.0%],China;,Shanxi,operating,2010,0.9,0.9,0.9,0.91,dry,38.180728,112.700594,38.180728,112.700594,https://www.gem.wiki/Taiyuan_Shanshui_Cement_Co_Ltd_Cement_Plant,no,"Shanxi, China",0.9,0.9,no,unknown,no,,太原山水水泥有限公司 (Chinese) [100%],exact,Taiyuan Shanshui Cement Co Ltd Cement Plant,Taiyuan Shanshui Cement Co Ltd [100.0%],integrated,0.9,operating,GCCT,GCCT,Cement and Concrete,n/a
cement,P100000123710,Weishan Shanshui Cement Co Ltd Cement Plant,微山山水水泥有限公司 (Chinese),Weishan Shanshui Cement Co Ltd [100.0%],China;,Shandong,operating,,1,1,1,1.8,dry,35.132078,116.738284,35.132078,116.738284,https://www.gem.wiki/Weishan_Shanshui_Cement_Co_Ltd_Cement_Plant,no,"Shandong, China",1,1,no,unknown,no,,微山山水水泥有限公司 (Chinese) [100%],exact,Weishan Shanshui Cement Co Ltd Cement Plant,Weishan Shanshui Cement Co Ltd [100.0%],integrated,1.0,operating,GCCT,GCCT,Cement and Concrete,n/a
cement,P100000123711,Wuxiang Shanshui Cement Co Ltd Cement Plant,武乡山水水泥有限公司 (Chinese),Wuxiang Shanshui Cement Co Ltd [100.0%],China;,Shanxi,operating,2013,1,1,1,1.03,dry,36.794231,113.141214,36.794231,113.141214,https://www.gem.wiki/Wuxiang_Shanshui_Cement_Co_Ltd_Cement_Plant,no,"Shanxi, China",1,1,no,unknown,no,,武乡山水水泥有限公司 (Chinese) [100%],exact,Wuxiang Shanshui Cement Co Ltd Cement Plant,Wuxiang Shanshui Cement Co Ltd [100.0%],integrated,1.0,operating,GCCT,GCCT,Cement and Concrete,n/a
cement,P100000123712,Zhalate Banner Shanshui Cement Co Ltd Cement Plant,扎赉特旗山水水泥有限公司 (Chinese),Zhalate Banner Shanshui Cement Co Ltd [100.0%],China;,Inner Mongolia,operating,2014,0.6,0.6,0.6,1.25,dry,46.746438,122.677667,46.746438,122.677667,https://www.gem.wiki/Zhalate_Banner_Shanshui_Cement_Co_Ltd_Cement_Plant,no,"Inner Mongolia, China",0.6,0.6,no,unknown,no,,扎赉特旗山水水泥有限公司 (Chinese) [100%],exact,Zhalate Banner Shanshui Cement Co Ltd Cement Plant,Zhalate Banner Shanshui Cement Co Ltd [100.0%],integrated,0.6,operating,GCCT,GCCT,Cement and Concrete,n/a
cement,P100000123713,Bahrain Youqi Shanshui Cement Co Ltd Cement Plant,巴林右旗山水水泥有限公司 (Chinese),Bahrain Youqi Shanshui Cement Co Ltd [100.0%],China;,Inner Mongolia,operating,,0.008,>0,>0,n/a,n/a,43.601215,118.721365,43.601215,118.721365,https://www.gem.wiki/Bahrain_Youqi_Shanshui_Cement_Co_Ltd_Cement_Plant,n/a,"Inner Mongolia, China",0.008,0.008,n/a,opc,n/a,grey,巴林右旗山水水泥有限公司 (Chinese) [100%],exact,Bahrain Youqi Shanshui Cement Co Ltd Cement Plant,Bahrain Youqi Shanshui Cement Co Ltd [100.0%],grinding,0.008,operating,GCCT,GCCT,Cement and Concrete,n/a
cement,P100000123714,Binzhou Shanshui Cement Co Ltd Cement Plant,滨州山水水泥有限公司 (Chinese),Binzhou Shanshui Cement Co Ltd [100.0%],China;,Shandong,operating,,2,2,2,n/a,n/a,37.479161,117.997209,37.479161,117.997209,https://www.gem.wiki/Binzhou_Shanshui_Cement_Co_Ltd_Cement_Plant,n/a,"Shandong, China",2,2,n/a,unknown,n/a,,滨州山水水泥有限公司 (Chinese) [100%],exact,Binzhou Shanshui Cement Co Ltd Cement Plant,Binzhou Shanshui Cement Co Ltd [100.0%],grinding,2.0,operating,GCCT,GCCT,Cement and Concrete,n/a
cement,P100000123715,Caoxian Shanshui Cement Co Ltd Cement Plant,曹县山水水泥有限公司 (Chinese),Caoxian Shanshui Cement Co Ltd [100.0%],China;,Shandong,operating,2010,2,2,2,n/a,n/a,34.990091,115.551654,34.990091,115.551654,https://www.gem.wiki/Caoxian_Shanshui_Cement_Co_Ltd_Cement_Plant,n/a,"Shandong, China",2,2,n/a,unknown,n/a,,曹县山水水泥有限公司 (Chinese) [100%],exact,Caoxian Shanshui Cement Co Ltd Cement Plant,Caoxian Shanshui Cement Co Ltd [100.0%],grinding,2.0,operating,GCCT,GCCT,Cement and Concrete,n/a
cement,P100000123716,Dandong Shanshui Cement Co Ltd Cement Plant,丹东山水工源水泥有限公司 (Chinese),Dandong Shanshui Cement Co Ltd [100.0%],China;,Liaoning,operating,2009,1.2,1.2,1.2,n/a,n/a,40.170211,124.384907,40.170211,124.384907,https://www.gem.wiki/Dandong_Shanshui_Cement_Co_Ltd_Cement_Plant,n/a,"Liaoning, China",1.2,1.2,n/a,opc,n/a,grey,丹东山水工源水泥有限公司 (Chinese) [100%],exact,Dandong Shanshui Cement Co Ltd Cement Plant,Dandong Shanshui Cement Co Ltd [100.0%],grinding,1.2,operating,GCCT,GCCT,Cement and Concrete,n/a
cement,P100000123717,Guangrao Shanshui Cement Co Ltd Cement Plant,广饶山水水泥有限公司 (Chinese),Guangrao Shanshui Cement Co Ltd [100.0%],China;,Shandong,operating,,0.6,0.6,0.6,n/a,n/a,36.975854,118.350178,36.975854,118.350178,https://www.gem.wiki/Guangrao_Shanshui_Cement_Co_Ltd_Cement_Plant,n/a,"Shandong, China",0.6,0.6,n/a,unknown,n/a,,广饶山水水泥有限公司 (Chinese) [100%],exact,Guangrao Shanshui Cement Co Ltd Cement Plant,Guangrao Shanshui Cement Co Ltd [100.0%],grinding,0.6,operating,GCCT,GCCT,Cement and Concrete,n/a
cement,P100000123718,Huolinguole Shanshui Cement Co Ltd Cement Plant,霍林郭勒山水水泥有限公司 (Chinese),Huolinguole Shanshui Cement Co Ltd [100.0%],China;,Inner Mongolia,operating,2011,0.6,0.6,0.6,n/a,n/a,45.449609,119.624457,45.449609,119.624457,https://www.gem.wiki/Huolinguole_Shanshui_Cement_Co_Ltd_Cement_Plant,n/a,"Inner Mongolia, China",0.6,0.6,n/a,opc,n/a,grey,霍林郭勒山水水泥有限公司 (Chinese) [100%],exact,Huolinguole Shanshui Cement Co Ltd Cement Plant,Huolinguole Shanshui Cement Co Ltd [100.0%],grinding,0.6,operating,GCCT,GCCT,Cement and Concrete,n/a
cement,P100000123719,Juye Shanshui Cement Co Ltd Cement Plant,巨野山水水泥有限公司 (Chinese),Juye Shanshui Cement Co Ltd [100.0%],China;,Shandong,operating,2006,1,1,1,n/a,n/a,35.413928,116.039421,35.413928,116.039421,https://www.gem.wiki/Juye_Shanshui_Cement_Co_Ltd_Cement_Plant,n/a,"Shandong, China",1,1,n/a,opc,n/a,,巨野山水水泥有限公司 (Chinese) [100%],exact,Juye Shanshui Cement Co Ltd Cement Plant,Juye Shanshui Cement Co Ltd [100.0%],grinding,1.0,operating,GCCT,GCCT,Cement and Concrete,n/a
cement,P100000123720,Kenli Shanshui Cement Co Ltd Cement Plant,垦利山水水泥有限公司 (Chinese),Kenli Shanshui Cement Co Ltd [100.0%],China;,Shandong,operating,,0.9,0.9,0.9,n/a,n/a,37.48186,118.414521,37.48186,118.414521,https://www.gem.wiki/Kenli_Shanshui_Cement_Co_Ltd_Cement_Plant,n/a,"Shandong, China",0.9,0.9,n/a,unknown,n/a,,垦利山水水泥有限公司 (Chinese) [100%],exact,Kenli Shanshui Cement Co Ltd Cement Plant,Kenli Shanshui Cement Co Ltd [100.0%],grinding,0.9,operating,GCCT,GCCT,Cement and Concrete,n/a
cement,P100000123721,Keyouzhong Shanshui Cement Co Ltd Cement Plant,科右中旗山水水泥有限公司 (Chinese),Keyouzhong Shanshui Cement Co Ltd [100.0%],China;,Inner Mongolia,operating,,1,1,1,n/a,n/a,44.977031,121.415366,44.977031,121.415366,https://www.gem.wiki/Keyouzhong_Shanshui_Cement_Co_Ltd_Cement_Plant,n/a,"Inner Mongolia, China",1,1,n/a,unknown,n/a,,科右中旗山水水泥有限公司 (Chinese) [100%],exact,Keyouzhong Shanshui Cement Co Ltd Cement Plant,Keyouzhong Shanshui Cement Co Ltd [100.0%],grinding,1.0,operating,GCCT,GCCT,Cement and Concrete,n/a
cement,P100000123722,Leling Shanshui Cement Co Ltd Cement Plant,乐陵山水水泥有限公司 (Chinese),Leling Shanshui Cement Co Ltd [100.0%],China;,Shandong,operating,,0.008,>0,>0,n/a,n/a,37.761608,117.192788,37.761608,117.192788,https://www.gem.wiki/Leling_Shanshui_Cement_Co_Ltd_Cement_Plant,n/a,"Shandong, China",0.008,0.008,n/a,unknown,n/a,,乐陵山水水泥有限公司 (Chinese) [100%],exact,Leling Shanshui Cement Co Ltd Cement Plant,Leling Shanshui Cement Co Ltd [100.0%],grinding,0.008,operating,GCCT,GCCT,Cement and Concrete,n/a
cement,P100000123723,Panjin Shanshui Cement Co Ltd Cement Plant,盘锦山水水泥有限公司 (Chinese),Panjin Shanshui Cement Co Ltd [100.0%],China;,Liaoning,operating,,0.008,>0,>0,n/a,n/a,41.089067,121.974851,41.089067,121.974851,https://www.gem.wiki/Panjin_Shanshui_Cement_Co_Ltd_Cement_Plant,n/a,"Liaoning, China",0.008,0.008,n/a,blended,n/a,grey,盘锦山水水泥有限公司 (Chinese) [100%],exact,Panjin Shanshui Cement Co Ltd Cement Plant,Panjin Shanshui Cement Co Ltd [100.0%],grinding,0.008,operating,GCCT,GCCT,Cement and Concrete,n/a
cement,P100000123724,Pingyin Shanshui Cement Co Ltd Qingdao Cement Plant,平阴山水水泥有限公司 (Chinese),Pingyin Shanshui Cement Co Ltd [100.0%],China;,Shandong,operating,2023,3,3,3,1.83,dry,36.085378,119.956016,36.085378,119.956016,https://www.gem.wiki/Pingyin_Shanshui_Cement_Co_Ltd_Qingdao_Cement_Plant,no,"Shandong, China",3,3,no,opc,no,grey,平阴山水水泥有限公司 (Chinese) [100%],exact,Pingyin Shanshui Cement Co Ltd Qingdao Cement Plant,Pingyin Shanshui Cement Co Ltd [100.0%],integrated,3.0,operating,GCCT,GCCT,Cement and Concrete,n/a
cement,P100000123725,Qingdao Shanshui Jianxin Cement Co Ltd Cement Plant,青岛山水建新水泥有限公司 (Chinese),Qingdao Shanshui Jianxin Cement Co Ltd [100.0%],China;,Shandong,operating,,1,1,1,n/a,n/a,36.742069,119.999091,36.742069,119.999091,https://www.gem.wiki/Qingdao_Shanshui_Jianxin_Cement_Co_Ltd_Cement_Plant,n/a,"Shandong, China",1,1,n/a,unknown,n/a,,青岛山水建新水泥有限公司 (Chinese) [100%],exact,Qingdao Shanshui Jianxin Cement Co Ltd Cement Plant,Qingdao Shanshui Jianxin Cement Co Ltd [100.0%],grinding,1.0,operating,GCCT,GCCT,Cement and Concrete,n/a
cement,P100000123726,Rushan Shanshui Cement Co Ltd Cement Plant,乳山山水水泥有限公司 (Chinese),Rushan Shanshui Cement Co Ltd [100.0%],China;,Shandong,operating,,1,1,1,n/a,n/a,37.011342,121.479414,37.011342,121.479414,https://www.gem.wiki/Rushan_Shanshui_Cement_Co_Ltd_Cement_Plant,n/a,"Shandong, China",1,1,n/a,unknown,n/a,,乳山山水水泥有限公司 (Chinese) [100%],exact,Rushan Shanshui Cement Co Ltd Cement Plant,Rushan Shanshui Cement Co Ltd [100.0%],grinding,1.0,operating,GCCT,GCCT,Cement and Concrete,n/a
cement,P100000123727,Shandong Shanshui Cement Group Co Ltd Qingdao Branch Cement Plant,山东山水水泥集团有限公司青岛分公司 (Chinese),Shandong Shanshui Cement Group Co Ltd Qingdao Branch [100.0%],China;,Shandong,operating,2011,3,3,3,n/a,n/a,36.284059,120.352439,36.284059,120.352439,https://www.gem.wiki/Shandong_Shanshui_Cement_Group_Co_Ltd_Qingdao_Branch_Cement_Plant,n/a,"Shandong, China",3,3,n/a,opc,n/a,,山东山水水泥集团有限公司青岛分公司 (Chinese) [100%],exact,Shandong Shanshui Cement Group Co Ltd Qingdao Branch Cement Plant,Shandong Shanshui Cement Group Co Ltd Qingdao Branch [100.0%],grinding,3.0,operating,GCCT,GCCT,Cement and Concrete,n/a
cement,P100000123728,Shanhe Shanshui Cement Co Ltd Cement Plant,商河山水水泥有限公司 (Chinese),Shanghe Shanshui Cement [100.0%],China;,Shandong,operating,2021,1,1,1,n/a,n/a,37.18097,117.155977,37.18097,117.155977,https://www.gem.wiki/Shanhe_Shanshui_Cement_Co_Ltd_Cement_Plant,n/a,"Shandong, China",1,1,n/a,unknown,n/a,,商河山水水泥有限公司 (Chinese) [100%],exact,Shanhe Shanshui Cement Co Ltd Cement Plant,Shanghe Shanshui Cement [100.0%],grinding,1.0,operating,GCCT,GCCT,Cement and Concrete,n/a
cement,P100000123729,Shenxian Shanshui Cement Co Ltd Cement Plant,莘县山水水泥有限公司 (Chinese),Shenxian Shanshui Cement Co Ltd [100.0%],China;,Shandong,operating,,0.8,0.8,0.8,n/a,n/a,36.042816,115.477965,36.042816,115.477965,https://www.gem.wiki/Shenxian_Shanshui_Cement_Co_Ltd_Cement_Plant,n/a,"Shandong, China",0.8,0.8,n/a,unknown,n/a,,莘县山水水泥有限公司 (Chinese) [100%],exact,Shenxian Shanshui Cement Co Ltd Cement Plant,Shenxian Shanshui Cement Co Ltd [100.0%],grinding,0.8,operating,GCCT,GCCT,Cement and Concrete,n/a
cement,P100000123730,Shenyang Shanshui Gongyuan Cement Co Ltd Cement Plant,沈阳山水工源水泥有限公司 (Chinese),Shenyang Shanshui Gongyuan Cement Co Ltd [100.0%],China;,Liaoning,operating,,2,2,2,n/a,n/a,41.533996,123.586349,41.533996,123.586349,https://www.gem.wiki/Shenyang_Shanshui_Gongyuan_Cement_Co_Ltd_Cement_Plant,n/a,"Liaoning, China",2,2,n/a,unknown,n/a,,沈阳山水工源水泥有限公司 (Chinese) [100%],exact,Shenyang Shanshui Gongyuan Cement Co Ltd Cement Plant,Shenyang Shanshui Gongyuan Cement Co Ltd [100.0%],grinding,2.0,operating,GCCT,GCCT,Cement and Concrete,n/a
cement,P100000123731,Tianjin Shanshui Cement Co Ltd Cement Plant,天津山水水泥有限公司 (Chinese),Tianjin Shanshui Cement Co Ltd [100.0%],China;,Tianjin,operating,,2,2,2,n/a,n/a,38.870303,117.423572,38.870303,117.423572,https://www.gem.wiki/Tianjin_Shanshui_Cement_Co_Ltd_Cement_Plant,n/a,"Tianjin, China",2,2,n/a,unknown,n/a,,天津山水水泥有限公司 (Chinese) [100%],exact,Tianjin Shanshui Cement Co Ltd Cement Plant,Tianjin Shanshui Cement Co Ltd [100.0%],grinding,2.0,operating,GCCT,GCCT,Cement and Concrete,n/a
cement,P100000123732,Tongliao Shanshui Gongyuan Cement Co Ltd Cement Plant,通辽山水工源水泥有限公司 (Chinese),Tongliao Shanshui Gongyuan Cement Co Ltd [100.0%],China;,Inner Mongolia,operating,2005,1,1,1,n/a,n/a,43.666657,122.199808,43.666657,122.199808,https://www.gem.wiki/Tongliao_Shanshui_Gongyuan_Cement_Co_Ltd_Cement_Plant,n/a,"Inner Mongolia, China",1,1,n/a,opc,n/a,grey,通辽山水工源水泥有限公司 (Chinese) [100%],exact,Tongliao Shanshui Gongyuan Cement Co Ltd Cement Plant,Tongliao Shanshui Gongyuan Cement Co Ltd [100.0%],grinding,1.0,operating,GCCT,GCCT,Cement and Concrete,n/a
cement,P100000123733,Weifang Binhai Shanshui Cement Co Ltd Cement Plant,潍坊滨海山水水泥有限公司 (Chinese),Weifang Binhai Shanshui Cement Co Ltd [100.0%],China;,Shandong,operating,,2,2,2,n/a,n/a,37.123203,119.036159,37.123203,119.036159,https://www.gem.wiki/Weifang_Binhai_Shanshui_Cement_Co_Ltd_Cement_Plant,n/a,"Shandong, China",2,2,n/a,unknown,n/a,,潍坊滨海山水水泥有限公司 (Chinese) [100%],exact,Weifang Binhai Shanshui Cement Co Ltd Cement Plant,Weifang Binhai Shanshui Cement Co Ltd [100.0%],grinding,2.0,operating,GCCT,GCCT,Cement and Concrete,n/a
cement,P100000123734,Weihai Shanshui Cement Co Ltd Cement Plant,威海山水水泥有限公司 (Chinese),Weihai Shanshui Cement Co Ltd [100.0%],China;,Shandong,operating,2009,2,2,2,n/a,n/a,37.310234,122.087505,37.310234,122.087505,https://www.gem.wiki/Weihai_Shanshui_Cement_Co_Ltd_Cement_Plant,n/a,"Shandong, China",2,2,n/a,unknown,n/a,,威海山水水泥有限公司 (Chinese) [100%],exact,Weihai Shanshui Cement Co Ltd Cement Plant,Weihai Shanshui Cement Co Ltd [100.0%],grinding,2.0,operating,GCCT,GCCT,Cement and Concrete,n/a
cement,P100000123735,Wulanhaote Shanshui Cement Co Ltd Cement Plant,乌兰浩特山水水泥有限公司 (Chinese),Wulanhaote Shanshui Cement Co Ltd [100.0%],China;,Inner Mongolia,operating,2010,1.5,1.5,1.5,n/a,n/a,46.099097,122.135083,46.099097,122.135083,https://www.gem.wiki/Wulanhaote_Shanshui_Cement_Co_Ltd_Cement_Plant,n/a,"Inner Mongolia, China",1.5,1.5,n/a,unknown,n/a,,乌兰浩特山水水泥有限公司 (Chinese) [100%],exact,Wulanhaote Shanshui Cement Co Ltd Cement Plant,Wulanhaote Shanshui Cement Co Ltd [100.0%],grinding,1.5,operating,GCCT,GCCT,Cement and Concrete,n/a
cement,P100000123736,Yingkou Shanshui Cement Co Ltd Cement Plant,营口山水水泥有限公司 (Chinese),Yingkou Shanshui Cement Co Ltd [100.0%],China;,Liaoning,operating,,0.008,>0,>0,n/a,n/a,40.420455,122.324314,40.420455,122.324314,https://www.gem.wiki/Yingkou_Shanshui_Cement_Co_Ltd_Cement_Plant,n/a,"Liaoning, China",0.008,0.008,n/a,opc,n/a,grey,营口山水水泥有限公司 (Chinese) [100%],exact,Yingkou Shanshui Cement Co Ltd Cement Plant,Yingkou Shanshui Cement Co Ltd [100.0%],grinding,0.008,operating,GCCT,GCCT,Cement and Concrete,n/a
cement,P100000123737,Yishui Chuang-xin Shanshui Cement Co Ltd Cement Plant,沂水山水水泥有限公司 (Chinese),Yishui Chuang-xin Shanshui Cement Co Ltd [100.0%],China;,Shandong,operating,,,n/a,n/a,1.68,dry,35.717067,118.563622,35.717067,118.563622,https://www.gem.wiki/Yishui_Chuang-xin_Shanshui_Cement_Co_Ltd_Cement_Plant,no,"Shandong, China",,,no,unknown,no,,沂水山水水泥有限公司 (Chinese) [100%],exact,Yishui Chuang-xin Shanshui Cement Co Ltd Cement Plant,Yishui Chuang-xin Shanshui Cement Co Ltd [100.0%],clinker only,1.5719178536863079,operating,GCCT,GCCT,Cement and Concrete,
cement,P100000123738,Yulin Shanshui Cement Co Ltd Cement Plant,榆林山水水泥有限公司 (Chinese),Yulin Shanshui Cement Co Ltd [100.0%],China;,Shaanxi,operating,2009,0.008,>0,>0,n/a,n/a,38.380673,109.956107,38.380673,109.956107,https://www.gem.wiki/Yulin_Shanshui_Cement_Co_Ltd_Cement_Plant,n/a,"Shaanxi, China",0.008,0.008,n/a,unknown,n/a,,榆林山水水泥有限公司 (Chinese) [100%],exact,Yulin Shanshui Cement Co Ltd Cement Plant,Yulin Shanshui Cement Co Ltd [100.0%],grinding,0.008,operating,GCCT,GCCT,Cement and Concrete,n/a
cement,P100000123739,Zibo Shuangfeng Shanshui Cement Co Ltd Cement Plant,淄博双凤山水水泥有限公司 (Chinese),Zibo Shuangfeng Shanshui Cement Co Ltd [100.0%],China;,Shandong,operating,2004,0.8,0.8,0.8,>0,dry,36.682175,117.991216,36.682175,117.991216,https://www.gem.wiki/Zibo_Shuangfeng_Shanshui_Cement_Co_Ltd_Cement_Plant,no,"Shandong, China",0.8,0.8,no,opc,no,grey,淄博双凤山水水泥有限公司 (Chinese) [100%],exact,Zibo Shuangfeng Shanshui Cement Co Ltd Cement Plant,Zibo Shuangfeng Shanshui Cement Co Ltd [100.0%],integrated,0.8,operating,GCCT,GCCT,Cement and Concrete,n/a
cement,P100000123740,Bohai Cement Jinzhou Co Ltd Cement Plant,渤海水泥（锦州）有限公司 (Chinese),Bohai Cement Jinzhou Co Ltd [100.0%],China;,Liaoning,operating,,0.008,>0,>0,n/a,n/a,41.049244,120.975971,41.049244,120.975971,https://www.gem.wiki/Bohai_Cement_Jinzhou_Co_Ltd_Cement_Plant,n/a,"Liaoning, China",0.008,0.008,n/a,unknown,n/a,,渤海水泥（锦州）有限公司 (Chinese) [100%],exact,Bohai Cement Jinzhou Co Ltd Cement Plant,Bohai Cement Jinzhou Co Ltd [100.0%],grinding,0.008,operating,GCCT,GCCT,Cement and Concrete,n/a
cement,P100000123741,Changle Shanshui Cement Co Ltd Cement Plant,昌乐山水水泥有限公司 (Chinese),Changle Shanshui Cement Co Ltd [100.0%],China;,Shandong,operating,2003,1,1,1,0.91,dry,36.700608,118.896355,36.700608,118.896355,https://www.gem.wiki/Changle_Shanshui_Cement_Co_Ltd_Cement_Plant,no,"Shandong, China",1,1,no,opc,no,grey,昌乐山水水泥有限公司 (Chinese) [100%],exact,Changle Shanshui Cement Co Ltd Cement Plant,Changle Shanshui Cement Co Ltd [100.0%],integrated,1.0,operating,GCCT,GCCT,Cement and Concrete,n/a
cement,P100000123742,Gucheng Shanshui Cement Co Ltd Cement Plant,故城山水水泥有限公司 (Chinese),Gucheng Shanshui Cement Co Ltd [100.0%],China;,Hebei,operating,,2,2,2,n/a,n/a,37.435592,116.222427,37.435592,116.222427,https://www.gem.wiki/Gucheng_Shanshui_Cement_Co_Ltd_Cement_Plant,n/a,"Hebei, China",2,2,n/a,opc,n/a,grey,故城山水水泥有限公司 (Chinese) [100%],exact,Gucheng Shanshui Cement Co Ltd Cement Plant,Gucheng Shanshui Cement Co Ltd [100.0%],grinding,2.0,operating,GCCT,GCCT,Cement and Concrete,n/a
cement,P100000123743,Liaocheng Shanshui Cement Co Ltd Cement Plant,聊城山水水泥有限公司 (Chinese),Liaocheng Shanshui Cement Co Ltd [100.0%],China;,Shandong,operating,,2.3,2.3,2.3,n/a,n/a,36.486607,115.835416,36.486607,115.835416,https://www.gem.wiki/Liaocheng_Shanshui_Cement_Co_Ltd_Cement_Plant,n/a,"Shandong, China",2.3,2.3,n/a,unknown,n/a,,聊城山水水泥有限公司 (Chinese) [100%],exact,Liaocheng Shanshui Cement Co Ltd Cement Plant,Liaocheng Shanshui Cement Co Ltd [100.0%],grinding,2.3,operating,GCCT,GCCT,Cement and Concrete,n/a
cement,P100000123744,Qingdao Shanshui Hengtai Cement Co Ltd Cement Plant,青岛山水恒泰水泥有限公司 (Chinese),Qingdao Shanshui Hengtai Cement Co Ltd [100.0%],China;,Shandong,operating,,0.8,0.8,0.8,n/a,n/a,36.817228,120.518239,36.817228,120.518239,https://www.gem.wiki/Qingdao_Shanshui_Hengtai_Cement_Co_Ltd_Cement_Plant,n/a,"Shandong, China",0.8,0.8,n/a,unknown,n/a,,青岛山水恒泰水泥有限公司 (Chinese) [100%],exact,Qingdao Shanshui Hengtai Cement Co Ltd Cement Plant,Qingdao Shanshui Hengtai Cement Co Ltd [100.0%],grinding,0.8,operating,GCCT,GCCT,Cement and Concrete,n/a
cement,P100000123745,Sichuan Esheng Cement Group Co Ltd Cement Plant,四川峨胜水泥集团股份有限公司九里厂区 (Chinese),Sichuan Esheng Cement Group [100.0%],China;,Sichuan,operating,,12,12,12,>0,dry,29.500886,103.486006,29.500886,103.486006,https://www.gem.wiki/Sichuan_Esheng_Cement_Group_Co_Ltd_Cement_Plant,no,"Sichuan, China",12,12,no,opc,no,grey,四川峨胜水泥集团股份有限公司九里厂区 (Chinese) [100%],exact,Sichuan Esheng Cement Group Co Ltd Cement Plant,Sichuan Esheng Cement Group [100.0%],integrated,12.0,operating,GCCT,GCCT,Cement and Concrete,n/a
cement,P100000123746,Emeishan SW. Cement Co Ltd Cement Plant,四川峨眉山西南水泥有限公司 (Chinese),Emeishan SW. Cement Co Ltd [100.0%],China;,Sichuan,operating,,0.91,0.91,0.91,1.64,dry,29.476399,103.533149,29.476399,103.533149,https://www.gem.wiki/Emeishan_SW._Cement_Co_Ltd_Cement_Plant,no,"Sichuan, China",0.91,0.91,no,unknown,no,,四川峨眉山西南水泥有限公司 (Chinese) [100%],exact,Emeishan SW. Cement Co Ltd Cement Plant,Emeishan SW. Cement Co Ltd [100.0%],integrated,0.91,operating,GCCT,GCCT,Cement and Concrete,n/a
cement,P100000123747,Xinjiang Tianshan Cement Co Ltd Cement Plant,新疆天山水泥有限责任公司 (Chinese),Xinjiang Tianshan Cement Co Ltd [100.0%],China;,Xinjiang,operating,,0.008,>0,>0,>0,dry,43.749069,87.583228,43.749069,87.583228,https://www.gem.wiki/Xinjiang_Tianshan_Cement_Co_Ltd_Cement_Plant,no,"Xinjiang, China",0.008,0.008,no,unknown,no,,新疆天山水泥有限责任公司 (Chinese) [100%],exact,Xinjiang Tianshan Cement Co Ltd Cement Plant,Xinjiang Tianshan Cement Co Ltd [100.0%],integrated,0.008,operating,GCCT,GCCT,Cement and Concrete,n/a
cement,P100000123748,Jiangnan Onoda Cement Co Ltd Cement Plant,江南-小野田水泥有限公司 (Chinese),Jiangnan Onoda Cement Co Ltd [100.0%],China;,Jiangsu,operating,1996,1.35,1.35,1.35,1.46,dry,32.160389,118.975255,32.160389,118.975255,https://www.gem.wiki/Jiangnan_Onoda_Cement_Co_Ltd_Cement_Plant,no,"Jiangsu, China",1.35,1.35,no,opc,no,grey,江南-小野田水泥有限公司 (Chinese) [100%],exact,Jiangnan Onoda Cement Co Ltd Cement Plant,Jiangnan Onoda Cement Co Ltd [100.0%],integrated,1.35,operating,GCCT,GCCT,Cement and Concrete,n/a
cement,P100000123749,Dalian Onoda Cement Co Ltd Cement Plant,大连小野田水泥有限公司 (Chinese),Dalian Onoda Cement Co Ltd [100.0%],China;,Liaoning,operating,1992,1.6,1.6,1.6,1.46,dry,38.993604,121.538527,38.993604,121.538527,https://www.gem.wiki/Dalian_Onoda_Cement_Co_Ltd_Cement_Plant,no,"Liaoning, China",1.6,1.6,no,unknown,no,,大连小野田水泥有限公司 (Chinese) [100%],exact,Dalian Onoda Cement Co Ltd Cement Plant,Dalian Onoda Cement Co Ltd [100.0%],integrated,1.6,operating,GCCT,GCCT,Cement and Concrete,n/a
cement,P100000123750,Qinhuangdao Asano Cement Co Ltd Cement Plant,秦皇岛浅野水泥有限公司 (Chinese),Qinhuangdao Asano Cement Co Ltd [100.0%],China;,Hebei,operating,1997,1.38,1.38,1.38,1.46,dry,40.006837,119.519288,40.006837,119.519288,https://www.gem.wiki/Qinhuangdao_Asano_Cement_Co_Ltd_Cement_Plant,no,"Hebei, China",1.38,1.38,no,opc,no,grey,秦皇岛浅野水泥有限公司 (Chinese) [100%],exact,Qinhuangdao Asano Cement Co Ltd Cement Plant,Qinhuangdao Asano Cement Co Ltd [100.0%],integrated,1.38,operating,GCCT,GCCT,Cement and Concrete,n/a
cement,P100000123751,TCC Huaihua Cement Co Ltd Cement Plant,台泥（怀化）水泥有限公司 (Chinese),TCC Huaihua Cement Co Ltd [100.0%],China;,Hunan,operating,2020,2.3,2.3,2.3,1.55,dry,27.596557,110.095778,27.596557,110.095778,https://www.gem.wiki/TCC_Huaihua_Cement_Co_Ltd_Cement_Plant,no,"Hunan, China",2.3,2.3,no,blended,no,grey,台泥（怀化）水泥有限公司 (Chinese) [100%],exact,TCC Huaihua Cement Co Ltd Cement Plant,TCC Huaihua Cement Co Ltd [100.0%],integrated,2.3,operating,GCCT,GCCT,Cement and Concrete,n/a
cement,P100000123752,TCC Yingde Cement Co Ltd Cement Plant,台泥（英德）水泥有限公司 (Chinese),TCC Yingde Cement Co Ltd [100.0%],China;,Guangdong,operating,2006,9,9,9,8.76,dry,24.252698,113.404641,24.252698,113.404641,https://www.gem.wiki/TCC_Yingde_Cement_Co_Ltd_Cement_Plant,no,"Guangdong, China",9,9,no,unknown,no,,台泥（英德）水泥有限公司 (Chinese) [100%],exact,TCC Yingde Cement Co Ltd Cement Plant,TCC Yingde Cement Co Ltd [100.0%],integrated,9.0,operating,GCCT,GCCT,Cement and Concrete,n/a
cement,P100000123753,Tcc Guigang Cement Co Ltd Cement Plant,台泥（贵港）水泥有限公司 (Chinese),Tcc (Guigang) Cement Co Ltd [100.0%],China;,Guangxi,operating,2008,9,9,9,8.76,dry,23.144596,109.355321,23.144596,109.355321,https://www.gem.wiki/Tcc_Guigang_Cement_Co_Ltd_Cement_Plant,no,"Guangxi, China",9,9,no,opc,no,grey,台泥（贵港）水泥有限公司 (Chinese) [100%],exact,Tcc Guigang Cement Co Ltd Cement Plant,Tcc (Guigang) Cement Co Ltd [100.0%],integrated,9.0,operating,GCCT,GCCT,Cement and Concrete,n/a
cement,P100000123754,Jurong TCC Cement Co Ltd Cement Plant,句容台泥水泥有限公司 (Chinese),Jurong TCC Cement Co Ltd [100.0%],China;,Jiangsu,operating,,4.2,4.2,4.2,3.8,dry,32.191549,119.258714,32.191549,119.258714,https://www.gem.wiki/Jurong_TCC_Cement_Co_Ltd_Cement_Plant,no,"Jiangsu, China",4.2,4.2,no,opc,no,grey,句容台泥水泥有限公司 (Chinese) [100%],exact,Jurong TCC Cement Co Ltd Cement Plant,Jurong TCC Cement Co Ltd [100.0%],integrated,4.2,operating,GCCT,GCCT,Cement and Concrete,n/a
cement,P100000123755,Guizhou Gangan Cement Co Ltd Cement Plant,贵州港安水泥有限公司 (Chinese),Guizhou Gangan Cement Co Ltd [100.0%],China;,Guizhou,operating,2011,1.37,1.37,1.37,6,dry,25.952873,105.574714,25.952873,105.574714,https://www.gem.wiki/Guizhou_Gangan_Cement_Co_Ltd_Cement_Plant,no,"Guizhou, China",1.37,1.37,no,opc,no,grey,贵州港安水泥有限公司 (Chinese) [100%],exact,Guizhou Gangan Cement Co Ltd Cement Plant,Guizhou Gangan Cement Co Ltd [100.0%],integrated,1.37,operating,GCCT,GCCT,Cement and Concrete,n/a
cement,P100000123756,Luzhou Saide Cement Co Ltd Cement Plant,泸州赛德水泥有限公司 (Chinese),Luzhou Saide Cement Co Ltd [100.0%],China;,Sichuan,operating,2020,1,1,1,1.68,dry,28.089634,105.536282,28.089634,105.536282,https://www.gem.wiki/Luzhou_Saide_Cement_Co_Ltd_Cement_Plant,no,"Sichuan, China",1,1,no,opc,no,grey,泸州赛德水泥有限公司 (Chinese) [100%],exact,Luzhou Saide Cement Co Ltd Cement Plant,Luzhou Saide Cement Co Ltd [100.0%],integrated,1.0,operating,GCCT,GCCT,Cement and Concrete,n/a
cement,P100000123757,TCC (Anshun) Cement Co Ltd Cement Plant,台泥（安顺）水泥有限公司 (Chinese),TCC Anshun Cement Co Ltd [100.0%],China;,Guizhou,operating,2011,0.008,>0,>0,1.46,dry,26.395396,106.271086,26.395396,106.271086,https://www.gem.wiki/TCC_(Anshun)_Cement_Co_Ltd_Cement_Plant,no,"Guizhou, China",0.008,0.008,no,unknown,no,,台泥（安顺）水泥有限公司 (Chinese) [100%],exact,TCC (Anshun) Cement Co Ltd Cement Plant,TCC Anshun Cement Co Ltd [100.0%],integrated,0.008,operating,GCCT,GCCT,Cement and Concrete,n/a
cement,P100000123758,TCC (Guangan) Cement Co Ltd Cement Plant,广安昌兴水泥有限公司 (Chinese),TCC Guangan Cement Co Ltd [100.0%],China;,Sichuan,operating,,1.9,1.9,1.9,1.64,dry,30.477089,106.870174,30.477089,106.870174,https://www.gem.wiki/TCC_(Guangan)_Cement_Co_Ltd_Cement_Plant,no,"Sichuan, China",1.9,1.9,no,unknown,no,,广安昌兴水泥有限公司 (Chinese) [100%],exact,TCC (Guangan) Cement Co Ltd Cement Plant,TCC Guangan Cement Co Ltd [100.0%],integrated,1.9,operating,GCCT,GCCT,Cement and Concrete,n/a
cement,P100000123759,TCC Huaying Cement Co Ltd Cement Plant,华蓥台泥水泥有限公司 (Chinese),TCC Huaying Cement Co Ltd [100.0%],China;,Sichuan,operating,,1.67,1.67,1.67,>0,dry,30.196568,106.684955,30.196568,106.684955,https://www.gem.wiki/TCC_Huaying_Cement_Co_Ltd_Cement_Plant,no,"Sichuan, China",1.67,1.67,no,opc,no,grey,华蓥台泥水泥有限公司 (Chinese) [100%],exact,TCC Huaying Cement Co Ltd Cement Plant,TCC Huaying Cement Co Ltd [100.0%],integrated,1.67,operating,GCCT,GCCT,Cement and Concrete,n/a
cement,P100000123760,TCC Jingzhou Cement Co Ltd Cement Plant,靖州台泥水泥有限公司 (Chinese),TCC Jingzhou Cement Co Ltd [100.0%],China;,Hunan,operating,2021,1.5,1.5,1.5,1.1,dry,26.543535,109.601509,26.543535,109.601509,https://www.gem.wiki/TCC_Jingzhou_Cement_Co_Ltd_Cement_Plant,no,"Hunan, China",1.5,1.5,no,unknown,no,,靖州台泥水泥有限公司 (Chinese) [100%],exact,TCC Jingzhou Cement Co Ltd Cement Plant,TCC Jingzhou Cement Co Ltd [100.0%],integrated,1.5,operating,GCCT,GCCT,Cement and Concrete,n/a
cement,P100000123761,TCC Liaoning Cement Co Ltd Cement Plant,台泥（辽宁）水泥有限公司 (Chinese),TCC Liaoning Cement Co Ltd [100.0%],China;,Liaoning,operating,2010,1.78,1.78,1.78,1.46,dry,41.346859,123.471943,41.346859,123.471943,https://www.gem.wiki/TCC_Liaoning_Cement_Co_Ltd_Cement_Plant,no,"Liaoning, China",1.78,1.78,no,opc,no,grey,台泥（辽宁）水泥有限公司 (Chinese) [100%],exact,TCC Liaoning Cement Co Ltd Cement Plant,TCC Liaoning Cement Co Ltd [100.0%],integrated,1.78,operating,GCCT,GCCT,Cement and Concrete,n/a
cement,P100000123762,TCC Fuzhou Cement Co Ltd Cement Plant,福州台泥水泥有限公司 (Chinese),TCC Fuzhou Cement Co Ltd [100.0%],China;,Fujian,operating,2004,2.25,2.25,2.25,n/a,n/a,26.007226,119.491719,26.007226,119.491719,https://www.gem.wiki/TCC_Fuzhou_Cement_Co_Ltd_Cement_Plant,n/a,"Fujian, China",2.25,2.25,n/a,opc,n/a,grey,福州台泥水泥有限公司 (Chinese) [100%],exact,TCC Fuzhou Cement Co Ltd Cement Plant,TCC Fuzhou Cement Co Ltd [100.0%],grinding,2.25,operating,GCCT,GCCT,Cement and Concrete,n/a
cement,P100000123763,Luzhou Naxi Saide Cement Co Ltd Cement Plant,泸州纳溪赛德水泥有限公司 (Chinese),Luzhou Naxi Saide Cement Co Ltd [100.0%],China;,Sichuan,operating,,2,2,2,n/a,n/a,28.762792,105.355415,28.762792,105.355415,https://www.gem.wiki/Luzhou_Naxi_Saide_Cement_Co_Ltd_Cement_Plant,n/a,"Sichuan, China",2,2,n/a,unknown,n/a,,泸州纳溪赛德水泥有限公司 (Chinese) [100%],exact,Luzhou Naxi Saide Cement Co Ltd Cement Plant,Luzhou Naxi Saide Cement Co Ltd [100.0%],grinding,2.0,operating,GCCT,GCCT,Cement and Concrete,n/a
cement,P100000123764,Shandong Binani Rong'an Cement CoLtd Cement Plant,山东彼那尼荣安水泥有限公司 (Chinese),Shandong Binani Rongan Cement [100.0%],China;,Shandong,operating,2005,0.5,0.5,0.5,0.44,dry,35.958318,118.986172,35.958318,118.986172,https://www.gem.wiki/Shandong_Binani_Rong'an_Cement_CoLtd_Cement_Plant,no,"Shandong, China",0.5,0.5,no,opc,no,grey,山东彼那尼荣安水泥有限公司 (Chinese) [100%],exact,Shandong Binani Rong'an Cement CoLtd Cement Plant,Shandong Binani Rongan Cement [100.0%],integrated,0.5,operating,GCCT,GCCT,Cement and Concrete,n/a
cement,P100000123765,Ankang Yaobai Cement Co Ltd Cement Plant,安康市尧柏水泥有限公司（旬阳公司） (Chinese),Ankang Yaobai Cement Co Ltd [100.0%],China;,Shaanxi,operating,2008,1.2,1.2,1.2,1.46,dry,32.833894,109.29462,32.833894,109.29462,https://www.gem.wiki/Ankang_Yaobai_Cement_Co_Ltd_Cement_Plant,no,"Shaanxi, China",1.2,1.2,no,unknown,no,,安康市尧柏水泥有限公司（旬阳公司） (Chinese) [100%],exact,Ankang Yaobai Cement Co Ltd Cement Plant,Ankang Yaobai Cement Co Ltd [100.0%],integrated,1.2,operating,GCCT,GCCT,Cement and Concrete,n/a
cement,P100000123766,XiAn Lantian Yaobo Cement Co Ltd Cement Plant,西安蓝田尧柏水泥有限公司 (Chinese),XiAn Lantian Yaobo Cement Co Ltd [100.0%],China;,Shaanxi,operating,,1.85,1.85,1.85,>0,dry,34.051482,109.264958,34.051482,109.264958,https://www.gem.wiki/XiAn_Lantian_Yaobo_Cement_Co_Ltd_Cement_Plant,no,"Shaanxi, China",1.85,1.85,no,opc,no,grey,西安蓝田尧柏水泥有限公司 (Chinese) [100%],exact,XiAn Lantian Yaobo Cement Co Ltd Cement Plant,XiAn Lantian Yaobo Cement Co Ltd [100.0%],integrated,1.85,operating,GCCT,GCCT,Cement and Concrete,n/a
cement,P100000123767,Hanzhong Mianxian Yaobai Cement Co Ltd Cement Plant,汉中勉县尧柏水泥有限公司 (Chinese),Hanzhong Mianxian Yaobai Cement Co Ltd [100.0%],China;,Shaanxi,operating,2010,1.2,1.2,1.2,0.91,dry,33.142709,106.83702,33.142709,106.83702,https://www.gem.wiki/Hanzhong_Mianxian_Yaobai_Cement_Co_Ltd_Cement_Plant,no,"Shaanxi, China",1.2,1.2,no,unknown,no,,汉中勉县尧柏水泥有限公司 (Chinese) [100%],exact,Hanzhong Mianxian Yaobai Cement Co Ltd Cement Plant,Hanzhong Mianxian Yaobai Cement Co Ltd [100.0%],integrated,1.2,operating,GCCT,GCCT,Cement and Concrete,n/a
cement,P100000123768,Hanzhong Yaobai Cement Co Ltd Cement Plant,汉中尧柏水泥有限公司（洋县公司） (Chinese),Hanzhong Yaobai Cement Co Ltd [100.0%],China;,Shaanxi,operating,2009,1.2,1.2,1.2,1.46,dry,33.195209,107.455092,33.195209,107.455092,https://www.gem.wiki/Hanzhong_Yaobai_Cement_Co_Ltd_Cement_Plant,no,"Shaanxi, China",1.2,1.2,no,unknown,no,,汉中尧柏水泥有限公司（洋县公司） (Chinese) [100%],exact,Hanzhong Yaobai Cement Co Ltd Cement Plant,Hanzhong Yaobai Cement Co Ltd [100.0%],integrated,1.2,operating,GCCT,GCCT,Cement and Concrete,n/a
cement,P100000123769,Ankang Yaobai Jianghua Cement Co Ltd Cement Plant,安康尧柏江华水泥有限公司 (Chinese),Ankang Yaobai Jianghua Cement Co Ltd [100.0%],China;,Shaanxi,operating,2021,1.2,1.2,1.2,n/a,n/a,32.723698,108.976569,32.723698,108.976569,https://www.gem.wiki/Ankang_Yaobai_Jianghua_Cement_Co_Ltd_Cement_Plant,n/a,"Shaanxi, China",1.2,1.2,n/a,opc,n/a,,安康尧柏江华水泥有限公司 (Chinese) [100%],exact,Ankang Yaobai Jianghua Cement Co Ltd Cement Plant,Ankang Yaobai Jianghua Cement Co Ltd [100.0%],grinding,1.2,operating,GCCT,GCCT,Cement and Concrete,n/a
cement,P100000123770,Hancheng Yaobai Yangshanzhuang Cement Co Ltd Cement Plant,韩城尧柏阳山庄水泥有限公司 (Chinese),Hancheng Yaobai Yangshanzhuang Cement Co Ltd [100.0%],China;,Shaanxi,operating,2010,1.8,1.8,1.8,0.91,dry,35.614787,110.538786,35.614787,110.538786,https://www.gem.wiki/Hancheng_Yaobai_Yangshanzhuang_Cement_Co_Ltd_Cement_Plant,no,"Shaanxi, China",1.8,1.8,no,opc,no,grey,韩城尧柏阳山庄水泥有限公司 (Chinese) [100%],exact,Hancheng Yaobai Yangshanzhuang Cement Co Ltd Cement Plant,Hancheng Yaobai Yangshanzhuang Cement Co Ltd [100.0%],integrated,1.8,operating,GCCT,GCCT,Cement and Concrete,n/a
cement,P100000123771,Hanzhong Xixiang Yaobai Cement Co Ltd Cement Plant,汉中西乡尧柏水泥有限公司 (Chinese),Hanzhong Xixiang Yaobai Cement Co Ltd [100.0%],China;,Shaanxi,operating,2011,1.2,1.2,1.2,0.75,dry,32.942648,107.757042,32.942648,107.757042,https://www.gem.wiki/Hanzhong_Xixiang_Yaobai_Cement_Co_Ltd_Cement_Plant,no,"Shaanxi, China",1.2,1.2,no,opc,no,grey,汉中西乡尧柏水泥有限公司 (Chinese) [100%],exact,Hanzhong Xixiang Yaobai Cement Co Ltd Cement Plant,Hanzhong Xixiang Yaobai Cement Co Ltd [100.0%],integrated,1.2,operating,GCCT,GCCT,Cement and Concrete,n/a
cement,P100000123772,Lop Tianshan Cement Co Ltd Cement Plant,洛浦天山水泥有限责任公司 (Chinese),Lop Tianshan Cement Co Ltd [100.0%],China;,Xinjiang,operating,,0.008,>0,>0,>0,dry,36.999014,80.194637,36.999014,80.194637,https://www.gem.wiki/Lop_Tianshan_Cement_Co_Ltd_Cement_Plant,no,"Xinjiang, China",0.008,0.008,no,unknown,no,,洛浦天山水泥有限责任公司 (Chinese) [100%],exact,Lop Tianshan Cement Co Ltd Cement Plant,Lop Tianshan Cement Co Ltd [100.0%],integrated,0.008,operating,GCCT,GCCT,Cement and Concrete,n/a
cement,P100000123773,Guizhou Lin Landscape Ni Co Ltd Cement Plant,贵州麟山水泥有限责任公司 (Chinese),Guizhou Lin Landscape Ni Co Ltd [100.0%],China;,Guizhou,operating,,1.2,1.2,1.2,0.91,dry,26.350624,106.628521,26.350624,106.628521,https://www.gem.wiki/Guizhou_Lin_Landscape_Ni_Co_Ltd_Cement_Plant,no,"Guizhou, China",1.2,1.2,no,opc,no,grey,贵州麟山水泥有限责任公司 (Chinese) [100%],exact,Guizhou Lin Landscape Ni Co Ltd Cement Plant,Guizhou Lin Landscape Ni Co Ltd [100.0%],integrated,1.2,operating,GCCT,GCCT,Cement and Concrete,n/a
cement,P100000123774,Shaanxi Fuping Cement Co Ltd Cement Plant,陕西富平水泥有限公司 (Chinese),Shaanxi Fuping Cement Co Ltd [100.0%],China;,Shaanxi,operating,2006,2,2,2,1.83,dry,34.821067,109.041689,34.821067,109.041689,https://www.gem.wiki/Shaanxi_Fuping_Cement_Co_Ltd_Cement_Plant,no,"Shaanxi, China",2,2,no,opc,no,grey,陕西富平水泥有限公司 (Chinese) [100%],exact,Shaanxi Fuping Cement Co Ltd Cement Plant,Shaanxi Fuping Cement Co Ltd [100.0%],integrated,2.0,operating,GCCT,GCCT,Cement and Concrete,n/a
cement,P100000123775,Shaanxi Shifeng Cement Co Ltd Cement Plant,陕西实丰水泥股份有限公司 (Chinese),Shaanxi Shifeng Cement Co Ltd [100.0%],China;,Shaanxi,operating,2011,2,2,2,1.5,dry,34.934016,109.218368,34.934016,109.218368,https://www.gem.wiki/Shaanxi_Shifeng_Cement_Co_Ltd_Cement_Plant,no,"Shaanxi, China",2,2,no,unknown,no,,陕西实丰水泥股份有限公司 (Chinese) [100%],exact,Shaanxi Shifeng Cement Co Ltd Cement Plant,Shaanxi Shifeng Cement Co Ltd [100.0%],integrated,2.0,operating,GCCT,GCCT,Cement and Concrete,n/a
cement,P100000123776,Shaanxi Yaowangshan Cement Co Ltd Cement Plant,铜川药王山生态水泥有限公司 (Chinese),Tongchuan Yaowangshan Ecological Cement [100.0%],China;,Shaanxi,operating,2006,1,1,1,0.91,dry,34.945884,109.016777,34.945884,109.016777,https://www.gem.wiki/Shaanxi_Yaowangshan_Cement_Co_Ltd_Cement_Plant,no,"Shaanxi, China",1,1,no,unknown,no,,铜川药王山生态水泥有限公司 (Chinese) [100%],exact,Shaanxi Yaowangshan Cement Co Ltd Cement Plant,Tongchuan Yaowangshan Ecological Cement [100.0%],integrated,1.0,operating,GCCT,GCCT,Cement and Concrete,n/a
cement,P100000123777,Shangluo Yaobai Longqiao Cement Co Ltd Cement Plant,商洛尧柏龙桥水泥有限公司 (Chinese),Shangluo Yaobai Longqiao Cement Co Ltd [100.0%],China;,Shaanxi,operating,2012,3,3,3,2,dry,33.721699,110.228472,33.721699,110.228472,https://www.gem.wiki/Shangluo_Yaobai_Longqiao_Cement_Co_Ltd_Cement_Plant,no,"Shaanxi, China",3,3,no,unknown,no,,商洛尧柏龙桥水泥有限公司 (Chinese) [100%],exact,Shangluo Yaobai Longqiao Cement Co Ltd Cement Plant,Shangluo Yaobai Longqiao Cement Co Ltd [100.0%],integrated,3.0,operating,GCCT,GCCT,Cement and Concrete,n/a
cement,P100000123778,Shangluo Yaobai Xiushan Cement Co Ltd Cement Plant,商洛尧柏秀山水泥有限公司 (Chinese),Shangluo Yaobai Xiushan Cement [100.0%],China;,Shaanxi,operating,2005,0.6,0.6,0.6,0.37,dry,33.399839,109.193936,33.399839,109.193936,https://www.gem.wiki/Shangluo_Yaobai_Xiushan_Cement_Co_Ltd_Cement_Plant,no,"Shaanxi, China",0.6,0.6,no,opc,no,grey,商洛尧柏秀山水泥有限公司 (Chinese) [100%],exact,Shangluo Yaobai Xiushan Cement Co Ltd Cement Plant,Shangluo Yaobai Xiushan Cement [100.0%],integrated,0.6,operating,GCCT,GCCT,Cement and Concrete,n/a
cement,P100000123779,Yili Yaobai Cement Co Ltd Cement Plant,伊犁尧柏水泥有限公司 (Chinese),Yili Yaobai Cement Co Ltd [100.0%],China;,Xinjiang,operating,2014,1.2,1.2,1.2,0.9,dry,43.971067,81.093612,43.971067,81.093612,https://www.gem.wiki/Yili_Yaobai_Cement_Co_Ltd_Cement_Plant,no,"Xinjiang, China",1.2,1.2,no,opc,no,grey,伊犁尧柏水泥有限公司 (Chinese) [100%],exact,Yili Yaobai Cement Co Ltd Cement Plant,Yili Yaobai Cement Co Ltd [100.0%],integrated,1.2,operating,GCCT,GCCT,Cement and Concrete,n/a
cement,P100000123780,Hotan Yaobai Cement Co Ltd Cement Plant,和田尧柏水泥有限公司 (Chinese),Hotan Yaobai Cement Co Ltd [100.0%],China;,Xinjiang,operating,2012,2,2,2,n/a,n/a,36.784484,81.851636,36.784484,81.851636,https://www.gem.wiki/Hotan_Yaobai_Cement_Co_Ltd_Cement_Plant,n/a,"Xinjiang, China",2,2,n/a,unknown,n/a,,和田尧柏水泥有限公司 (Chinese) [100%],exact,Hotan Yaobai Cement Co Ltd Cement Plant,Hotan Yaobai Cement Co Ltd [100.0%],grinding,2.0,operating,GCCT,GCCT,Cement and Concrete,n/a
cement,P100000123781,Shaanxi Yaobai Special Cement Co Ltd Cement Plant,蒲城尧柏特种水泥有限公司 (Chinese),Shaanxi Yaobai Special Cement [100.0%],China;,Shaanxi,operating,2010,1.2,1.2,1.2,0.91,dry,35.071655,109.581788,35.071655,109.581788,https://www.gem.wiki/Shaanxi_Yaobai_Special_Cement_Co_Ltd_Cement_Plant,no,"Shaanxi, China",1.2,1.2,no,opc,no,grey,蒲城尧柏特种水泥有限公司 (Chinese) [100%],exact,Shaanxi Yaobai Special Cement Co Ltd Cement Plant,Shaanxi Yaobai Special Cement [100.0%],integrated,1.2,operating,GCCT,GCCT,Cement and Concrete,n/a
cement,P100000123782,Changshan Jiangshan Tiger Cement Co Ltd Cement Plant,常山江山虎水泥有限公司 (Chinese),Changshan Jiangshan Tiger Cement Co Ltd [100.0%],China;,Zhejiang,operating,2008,2,2,2,1.83,dry,28.948186,118.481525,28.948186,118.481525,https://www.gem.wiki/Changshan_Jiangshan_Tiger_Cement_Co_Ltd_Cement_Plant,no,"Zhejiang, China",2,2,no,unknown,no,,常山江山虎水泥有限公司 (Chinese) [100%],exact,Changshan Jiangshan Tiger Cement Co Ltd Cement Plant,Changshan Jiangshan Tiger Cement Co Ltd [100.0%],integrated,2.0,operating,GCCT,GCCT,Cement and Concrete,n/a
cement,P100000123783,Jiangshan Hejiashan Cement Co Ltd Cement Plant,江山市何家山水泥有限公司 (Chinese),Jiangshan Hejiashan Cement Co Ltd [100.0%],China;,Zhejiang,operating,1976,3,3,3,1.35,dry,28.727886,118.598681,28.727886,118.598681,https://www.gem.wiki/Jiangshan_Hejiashan_Cement_Co_Ltd_Cement_Plant,no,"Zhejiang, China",3,3,no,opc,no,grey,江山市何家山水泥有限公司 (Chinese) [100%],exact,Jiangshan Hejiashan Cement Co Ltd Cement Plant,Jiangshan Hejiashan Cement Co Ltd [100.0%],integrated,3.0,operating,GCCT,GCCT,Cement and Concrete,n/a
cement,P100000123784,Jiangxi Yanying Cement Co Ltd Cement Plant,江西岩鹰水泥有限公司 (Chinese),Jiangxi Yanying Cement Co Ltd [100.0%],China;,Jiangxi,operating,2005,2.5,2.5,2.5,0.91,dry,28.706505,118.317316,28.706505,118.317316,https://www.gem.wiki/Jiangxi_Yanying_Cement_Co_Ltd_Cement_Plant,no,"Jiangxi, China",2.5,2.5,no,blended,no,grey,江西岩鹰水泥有限公司 (Chinese) [100%],exact,Jiangxi Yanying Cement Co Ltd Cement Plant,Jiangxi Yanying Cement Co Ltd [100.0%],integrated,2.5,operating,GCCT,GCCT,Cement and Concrete,n/a
cement,P100000123785,Guangde Dushan South Cement Co Ltd Cement Plant,广德独山南方水泥有限公司 (Chinese),Guangde Dushan South Cement Co Ltd [100.0%],China;,Anhui,operating,2004,1.49,1.49,1.49,1.83,dry,31.031097,119.558573,31.031097,119.558573,https://www.gem.wiki/Guangde_Dushan_South_Cement_Co_Ltd_Cement_Plant,no,"Anhui, China",1.49,1.49,no,opc,no,grey,广德独山南方水泥有限公司 (Chinese) [100%],exact,Guangde Dushan South Cement Co Ltd Cement Plant,Guangde Dushan South Cement Co Ltd [100.0%],integrated,1.49,operating,GCCT,GCCT,Cement and Concrete,n/a
cement,P100000123786,Anhui Chaozhu Cement Plant,安徽省巢铸水泥厂有限公司 (Chinese),Anhui Chaozhu Cement Factory [100.0%],China;,Anhui,operating,,0.6,0.6,0.6,n/a,n/a,31.653674,117.871302,31.653674,117.871302,https://www.gem.wiki/Anhui_Chaozhu_Cement_Plant,n/a,"Anhui, China",0.6,0.6,n/a,unknown,n/a,,安徽省巢铸水泥厂有限公司 (Chinese) [100%],exact,Anhui Chaozhu Cement Plant,Anhui Chaozhu Cement Factory [100.0%],grinding,0.6,operating,GCCT,GCCT,Cement and Concrete,n/a
cement,P100000123787,Hebei Jinyu Dingxin Cement Co Ltd Cement Plant 2,河北金隅鼎鑫水泥有限公司 二分厂 (Chinese),Hebei Jinyu Dingxin Cement Co Ltd [100.0%],China;,Hebei,operating,,1.34,1.34,1.34,3.65,dry,38.164024,114.311958,38.164024,114.311958,https://www.gem.wiki/Hebei_Jinyu_Dingxin_Cement_Co_Ltd_Cement_Plant_2,no,"Hebei, China",1.34,1.34,no,opc,no,grey,河北金隅鼎鑫水泥有限公司 二分厂 (Chinese) [100%],exact,Hebei Jinyu Dingxin Cement Co Ltd Cement Plant 2,Hebei Jinyu Dingxin Cement Co Ltd [100.0%],integrated,1.34,operating,GCCT,GCCT,Cement and Concrete,n/a
cement,P100000123788,"Changsha Yinhe Cement Co.,Ltd. Cement Plant",长沙银河水泥有限责任公司 (Chinese),Changsha Yinhe Cement Co Ltd [100.0%],China;,Hunan,operating,,0.008,>0,>0,>0,dry,28.119154,113.343337,28.119154,113.343337,"https://www.gem.wiki/Changsha_Yinhe_Cement_Co.,Ltd._Cement_Plant",no,"Hunan, China",0.008,0.008,no,opc,no,grey,长沙银河水泥有限责任公司 (Chinese) [100%],exact,"Changsha Yinhe Cement Co.,Ltd. Cement Plant",Changsha Yinhe Cement Co Ltd [100.0%],integrated,0.008,operating,GCCT,GCCT,Cement and Concrete,n/a
cement,P100000123789,Anhui Tiepeng Haibao Cement Limited Company Cement Plant,安徽铁鹏海豹水泥有限公司 (Chinese),Anhui Tiepeng Haibao Cement Co Ltd [100.0%],China;,Anhui,operating,2005,4.5,4.5,4.5,0.91,dry,31.529802,118.001629,31.529802,118.001629,https://www.gem.wiki/Anhui_Tiepeng_Haibao_Cement_Limited_Company_Cement_Plant,no,"Anhui, China",4.5,4.5,no,blended,no,grey,安徽铁鹏海豹水泥有限公司 (Chinese) [100%],exact,Anhui Tiepeng Haibao Cement Limited Company Cement Plant,Anhui Tiepeng Haibao Cement Co Ltd [100.0%],integrated,4.5,operating,GCCT,GCCT,Cement and Concrete,n/a
cement,P100000123790,Fushan Cement Group Yichang Cement Plant,四川省安县浮山水泥（集团）有限公司一分厂 (Chinese),Fushan Cement Group Yichang [100.0%],China;,Sichuan,retired,,1.49,1.49,1.49,>0,dry,31.608477,104.364103,31.608477,104.364103,https://www.gem.wiki/Fushan_Cement_Group_Yichang_Cement_Plant,no,"Sichuan, China",1.49,1.49,no,unknown,no,,四川省安县浮山水泥（集团）有限公司一分厂 (Chinese) [100%],exact,Fushan Cement Group Yichang Cement Plant,Fushan Cement Group Yichang [100.0%],integrated,1.49,retired-plus,GCCT,GCCT,Cement and Concrete,n/a
cement,P100000123791,Si Chuan Lan Feng Cement Company Cement Plant,四川兰丰水泥有限公司 (Chinese),Sichuan Lanfeng Cement Co Ltd [100.0%],China;,Sichuan,operating,2010,5,5,5,3.8,dry,31.001906,103.781474,31.001906,103.781474,https://www.gem.wiki/Si_Chuan_Lan_Feng_Cement_Company_Cement_Plant,no,"Sichuan, China",5,5,no,opc,no,grey,四川兰丰水泥有限公司 (Chinese) [100%],exact,Si Chuan Lan Feng Cement Company Cement Plant,Sichuan Lanfeng Cement Co Ltd [100.0%],integrated,5.0,operating,GCCT,GCCT,Cement and Concrete,n/a
cement,P100000123792,Taishan Zhonglian Cement Co Ltd Cement Plant,泰山中联水泥有限公司 (Chinese),Taishan Zhonglian Cement Co Ltd [100.0%],China;,Shandong,operating,,4.5,4.5,4.5,2.74,dry,35.859504,117.153674,35.859504,117.153674,https://www.gem.wiki/Taishan_Zhonglian_Cement_Co_Ltd_Cement_Plant,no,"Shandong, China",4.5,4.5,no,unknown,no,,泰山中联水泥有限公司 (Chinese) [100%],exact,Taishan Zhonglian Cement Co Ltd Cement Plant,Taishan Zhonglian Cement Co Ltd [100.0%],integrated,4.5,operating,GCCT,GCCT,Cement and Concrete,n/a
cement,P100000123793,Jiande South Cement Co Ltd Cement Plant,建德南方水泥有限公司 (Chinese),Jiande South Cement Co Ltd [100.0%],China;,Zhejiang,operating,2021,2,2,2,1.83,dry,29.432403,119.24402,29.432403,119.24402,https://www.gem.wiki/Jiande_South_Cement_Co_Ltd_Cement_Plant,no,"Zhejiang, China",2,2,no,unknown,no,,建德南方水泥有限公司 (Chinese) [100%],exact,Jiande South Cement Co Ltd Cement Plant,Jiande South Cement Co Ltd [100.0%],integrated,2.0,operating,GCCT,GCCT,Cement and Concrete,n/a
cement,P100000123794,Jiangxi Yudu South Wannian Qing Cement Co Ltd Cement Plant,江西于都南方万年青水泥有限公司 (Chinese),Jiangxi Yudu South Wannian Qing Cement Co Ltd [100.0%],China;,Jiangxi,operating,,1.57,1.57,1.57,2.48,dry,25.816004,115.465874,25.816004,115.465874,https://www.gem.wiki/Jiangxi_Yudu_South_Wannian_Qing_Cement_Co_Ltd_Cement_Plant,no,"Jiangxi, China",1.57,1.57,no,opc,no,grey,江西于都南方万年青水泥有限公司 (Chinese) [100%],exact,Jiangxi Yudu South Wannian Qing Cement Co Ltd Cement Plant,Jiangxi Yudu South Wannian Qing Cement Co Ltd [100.0%],integrated,1.57,operating,GCCT,GCCT,Cement and Concrete,n/a
cement,P100000123795,"China United Cement Beichuan Co.,Ltd. Cement Plant",北川中联水泥有限公司 (Chinese),China United Cement Beichuan Co Ltd [100.0%],China;,Sichuan,operating,,2,2,2,1.75,dry,31.787767,104.447624,31.787767,104.447624,"https://www.gem.wiki/China_United_Cement_Beichuan_Co.,Ltd._Cement_Plant",no,"Sichuan, China",2,2,no,unknown,no,,北川中联水泥有限公司 (Chinese) [100%],exact,"China United Cement Beichuan Co.,Ltd. Cement Plant",China United Cement Beichuan Co Ltd [100.0%],integrated,2.0,operating,GCCT,GCCT,Cement and Concrete,n/a
cement,P100000123797,Liaoyuan Jingang Cement Group Cement Plant,辽源金刚水泥（集团）有限公司 (Chinese),Liaoyuan Jingang Cement Group Co Ltd [100.0%],China;,Jilin,operating,2005,4,4,4,1.83,dry,42.790351,125.288359,42.790351,125.288359,https://www.gem.wiki/Liaoyuan_Jingang_Cement_Group_Cement_Plant,no,"Jilin, China",4,4,no,opc,no,grey,辽源金刚水泥（集团）有限公司 (Chinese) [100%],exact,Liaoyuan Jingang Cement Group Cement Plant,Liaoyuan Jingang Cement Group Co Ltd [100.0%],integrated,4.0,operating,GCCT,GCCT,Cement and Concrete,n/a
cement,P100000123798,Leping Jinxi Cement Plant,江西乐平万年青水泥有限公司 (Chinese),Leping Jinxi Cement Factory [100.0%],China;,Jiangxi,operating,,3.6,3.6,3.6,2.01,dry,29.121747,117.335493,29.121747,117.335493,https://www.gem.wiki/Leping_Jinxi_Cement_Plant,no,"Jiangxi, China",3.6,3.6,no,opc,no,grey,江西乐平万年青水泥有限公司 (Chinese) [100%],exact,Leping Jinxi Cement Plant,Leping Jinxi Cement Factory [100.0%],integrated,3.6,operating,GCCT,GCCT,Cement and Concrete,n/a
cement,P100000123799,"Guangzhou Heidelberg Yuexiu Cement Co.,Ltd. Cement Plant",广州市越堡水泥有限公司 (Chinese),Guangzhou Heidelberg Yuexiu Cement Co Ltd [100.0%],China;,Guangdong,operating,2005,2.27,2.27,2.27,2.19,dry,23.338436,113.146664,23.338436,113.146664,"https://www.gem.wiki/Guangzhou_Heidelberg_Yuexiu_Cement_Co.,Ltd._Cement_Plant",no,"Guangdong, China",2.27,2.27,no,opc,no,grey,广州市越堡水泥有限公司 (Chinese) [100%],exact,"Guangzhou Heidelberg Yuexiu Cement Co.,Ltd. Cement Plant",Guangzhou Heidelberg Yuexiu Cement Co Ltd [100.0%],integrated,2.27,operating,GCCT,GCCT,Cement and Concrete,n/a
cement,P100000123801,Fufeng Cement Group Special Type Cement Limited Company Cement Plant,重庆市富丰水泥集团特种水泥有限公司 (Chinese),Fufeng Cement Group Special Type Cement Co Ltd [100.0%],China;,Chongqing,operating,2010,1.45,1.45,1.45,1.81,dry,30.059726,106.574215,30.059726,106.574215,https://www.gem.wiki/Fufeng_Cement_Group_Special_Type_Cement_Limited_Company_Cement_Plant,no,"Chongqing, China",1.45,1.45,no,unknown,no,,重庆市富丰水泥集团特种水泥有限公司 (Chinese) [100%],exact,Fufeng Cement Group Special Type Cement Limited Company Cement Plant,Fufeng Cement Group Special Type Cement Co Ltd [100.0%],integrated,1.45,operating,GCCT,GCCT,Cement and Concrete,n/a
cement,P100000123802,Chongqing Fuhuang Enterprise Management (Group) Co Ltd Cement Plant,重庆富皇企业管理（集团）有限公司 (Chinese),Chongqing Fuhuang Enterprise Management (Group) Co Ltd [100.0%],China;,Chongqing,retired,,1.3,1.3,1.3,>0,dry,29.829142,106.512012,29.829142,106.512012,https://www.gem.wiki/Chongqing_Fuhuang_Enterprise_Management_(Group)_Co_Ltd_Cement_Plant,no,"Chongqing, China",1.3,1.3,no,unknown,no,,重庆富皇企业管理（集团）有限公司 (Chinese) [100%],exact,Chongqing Fuhuang Enterprise Management (Group) Co Ltd Cement Plant,Chongqing Fuhuang Enterprise Management (Group) Co Ltd [100.0%],integrated,1.3,retired-plus,GCCT,GCCT,Cement and Concrete,n/a
cement,P100000123803,Chongqing Weijun Cement Products Co Ltd Cement Plant,重庆纬骏水泥制品有限责任公司 (Chinese),Chongqing Weijun Cement Products Co Ltd [100.0%],China;,Chongqing,operating,,2.33,2.33,2.33,>0,dry,29.950329,106.323731,29.950329,106.323731,https://www.gem.wiki/Chongqing_Weijun_Cement_Products_Co_Ltd_Cement_Plant,no,"Chongqing, China",2.33,2.33,no,unknown,no,,重庆纬骏水泥制品有限责任公司 (Chinese) [100%],exact,Chongqing Weijun Cement Products Co Ltd Cement Plant,Chongqing Weijun Cement Products Co Ltd [100.0%],integrated,2.33,operating,GCCT,GCCT,Cement and Concrete,n/a
cement,P100000123804,Chongqing Nantong Special Cement Co Ltd Cement Plant,重庆市南桐特种水泥有限责任公司 (Chinese),Chongqing Nantong Special Cement Co Ltd [100.0%],China;,Chongqing,operating,1999,2.2,2.2,2.2,1.83,dry,28.930187,106.883641,28.930187,106.883641,https://www.gem.wiki/Chongqing_Nantong_Special_Cement_Co_Ltd_Cement_Plant,no,"Chongqing, China",2.2,2.2,no,opc,no,grey,重庆市南桐特种水泥有限责任公司 (Chinese) [100%],exact,Chongqing Nantong Special Cement Co Ltd Cement Plant,Chongqing Nantong Special Cement Co Ltd [100.0%],integrated,2.2,operating,GCCT,GCCT,Cement and Concrete,n/a
cement,P100000123805,Chongqing Wanzhou Kehua Cement Limited Company Cement Plant,重庆万州西南水泥有限公司 (Chinese),Chongqing Wanzhou Kehua Cement Co Ltd [100.0%],China;,Chongqing,operating,,1.5,1.5,1.5,2.74,dry,30.743986,108.436799,30.743986,108.436799,https://www.gem.wiki/Chongqing_Wanzhou_Kehua_Cement_Limited_Company_Cement_Plant,no,"Chongqing, China",1.5,1.5,no,opc,no,grey,重庆万州西南水泥有限公司 (Chinese) [100%],exact,Chongqing Wanzhou Kehua Cement Limited Company Cement Plant,Chongqing Wanzhou Kehua Cement Co Ltd [100.0%],integrated,1.5,operating,GCCT,GCCT,Cement and Concrete,n/a
cement,P100000123806,Chongqing Hongyang Building Material Group Honglong Cement Co Ltd Cement Plant,重庆弘扬建材集团弘龙水泥有限公司 (Chinese),Chongqing Hongyang Building Material Group Honglong Cement Co Ltd [100.0%],China;,Chongqing,operating,,1.2,1.2,1.2,>0,dry,29.437024,108.772678,29.437024,108.772678,https://www.gem.wiki/Chongqing_Hongyang_Building_Material_Group_Honglong_Cement_Co_Ltd_Cement_Plant,no,"Chongqing, China",1.2,1.2,no,opc,no,grey,重庆弘扬建材集团弘龙水泥有限公司 (Chinese) [100%],exact,Chongqing Hongyang Building Material Group Honglong Cement Co Ltd Cement Plant,Chongqing Hongyang Building Material Group Honglong Cement Co Ltd [100.0%],integrated,1.2,operating,GCCT,GCCT,Cement and Concrete,n/a
cement,P100000123807,Chongqing Changshou Southwest Cement Co Ltd Cement Plant,重庆长寿西南水泥有限公司 (Chinese),Chongqing Changshou Southwest Cement Co Ltd [100.0%],China;,Chongqing,operating,,1.91,1.91,1.91,>0,dry,29.826912,106.973105,29.826912,106.973105,https://www.gem.wiki/Chongqing_Changshou_Southwest_Cement_Co_Ltd_Cement_Plant,no,"Chongqing, China",1.91,1.91,no,opc,no,grey,重庆长寿西南水泥有限公司 (Chinese) [100%],exact,Chongqing Changshou Southwest Cement Co Ltd Cement Plant,Chongqing Changshou Southwest Cement Co Ltd [100.0%],integrated,1.91,operating,GCCT,GCCT,Cement and Concrete,n/a
cement,P100000123808,Chongqing Tiansui Cement (Group) Co Ltd Cement Plant,重庆天助水泥(集团)有限公司,Chongqing Tiansui Cement (Group) Co Ltd [100.0%],China;,Chongqing,operating,,2.5,2.5,2.5,>0,dry,29.319986,106.39087,29.319986,106.39087,https://www.gem.wiki/Chongqing_Tiansui_Cement_(Group)_Co_Ltd_Cement_Plant,no,"Chongqing, China",2.5,2.5,no,opc,no,grey,重庆天助水泥(集团)有限公司 [100%],exact,Chongqing Tiansui Cement (Group) Co Ltd Cement Plant,Chongqing Tiansui Cement (Group) Co Ltd [100.0%],integrated,2.5,operating,GCCT,GCCT,Cement and Concrete,n/a
cement,P100000123809,"Chongqing Xiushan Southwest Cement Co., Ltd. Cement Plant",重庆秀山西南水泥有限公司 (Chinese),Chongqing Xiushan Southwest Cement Co Ltd [100.0%],China;,Chongqing,operating,,0.91,0.91,0.91,>0,dry,28.381475,109.064032,28.381475,109.064032,"https://www.gem.wiki/Chongqing_Xiushan_Southwest_Cement_Co.,_Ltd._Cement_Plant",no,"Chongqing, China",0.91,0.91,no,unknown,no,,重庆秀山西南水泥有限公司 (Chinese) [100%],exact,"Chongqing Xiushan Southwest Cement Co., Ltd. Cement Plant",Chongqing Xiushan Southwest Cement Co Ltd [100.0%],integrated,0.91,operating,GCCT,GCCT,Cement and Concrete,n/a
cement,P100000123810,Chongqing Xiaonanhai Cement Plant,重庆小南海水泥厂 (Chinese),Chongqing Xiaonanhai Cement Plant [100.0%],China;,Chongqing,operating,,3,3,3,>0,dry,29.367677,106.406097,29.367677,106.406097,https://www.gem.wiki/Chongqing_Xiaonanhai_Cement_Plant,no,"Chongqing, China",3,3,no,opc,no,grey,重庆小南海水泥厂 (Chinese) [100%],exact,Chongqing Xiaonanhai Cement Plant,Chongqing Xiaonanhai Cement Plant [100.0%],integrated,3.0,operating,GCCT,GCCT,Cement and Concrete,n/a
cement,P100000123812,Anhui Pearl Cement Co Ltd Cement Plant,安徽珍珠水泥股份有限公司 (Chinese),Anhui Pearl Cement Co Ltd [100.0%],China;,Anhui,operating,,3,3,3,>0,dry,32.755862,117.309105,32.755862,117.309105,https://www.gem.wiki/Anhui_Pearl_Cement_Co_Ltd_Cement_Plant,no,"Anhui, China",3,3,no,opc,no,grey,安徽珍珠水泥股份有限公司 (Chinese) [100%],exact,Anhui Pearl Cement Co Ltd Cement Plant,Anhui Pearl Cement Co Ltd [100.0%],integrated,3.0,operating,GCCT,GCCT,Cement and Concrete,n/a
cement,P100000123813,Conglin Group Longkou Fanlin Cement Limited Company Cement Plant,龙口市泛林水泥有限公司 (Chinese),Conglin Group Longkou Fanlin Cement Co Ltd [100.0%],China;,Shandong,operating,,1.85,1.85,1.85,0.91,dry,37.672406,120.594148,37.672406,120.594148,https://www.gem.wiki/Conglin_Group_Longkou_Fanlin_Cement_Limited_Company_Cement_Plant,no,"Shandong, China",1.85,1.85,no,opc,no,grey,龙口市泛林水泥有限公司 (Chinese) [100%],exact,Conglin Group Longkou Fanlin Cement Limited Company Cement Plant,Conglin Group Longkou Fanlin Cement Co Ltd [100.0%],integrated,1.85,operating,GCCT,GCCT,Cement and Concrete,n/a
cement,P100000123814,Dalian Jinshan Cement Manufacture Limited Company Cement Plant,大连金山水泥制造有限公司 (Chinese),Dalian Jinshan Cement Manufacture Co Ltd [100.0%],China;,Liaoning,operating,2003,1.85,1.85,1.85,1.83,dry,39.258536,121.721231,39.258536,121.721231,https://www.gem.wiki/Dalian_Jinshan_Cement_Manufacture_Limited_Company_Cement_Plant,no,"Liaoning, China",1.85,1.85,no,opc,no,grey,大连金山水泥制造有限公司 (Chinese) [100%],exact,Dalian Jinshan Cement Manufacture Limited Company Cement Plant,Dalian Jinshan Cement Manufacture Co Ltd [100.0%],integrated,1.85,operating,GCCT,GCCT,Cement and Concrete,n/a
cement,P100000123815,Dalian Yongsheng Cement Manufacture Limited Company Cement Plant,大连永盛水泥制造有限公司 (Chinese),Dalian Yongsheng Cement Manufacture Co Ltd [100.0%],China;,Liaoning,operating,2009,1.8,1.8,1.8,1.24,dry,39.642017,122.068928,39.642017,122.068928,https://www.gem.wiki/Dalian_Yongsheng_Cement_Manufacture_Limited_Company_Cement_Plant,no,"Liaoning, China",1.8,1.8,no,unknown,no,,大连永盛水泥制造有限公司 (Chinese) [100%],exact,Dalian Yongsheng Cement Manufacture Limited Company Cement Plant,Dalian Yongsheng Cement Manufacture Co Ltd [100.0%],integrated,1.8,operating,GCCT,GCCT,Cement and Concrete,n/a
cement,P100000123816,Sichuan Dazhu Southwest Cement Co Ltd Cement Plant,四川大竹西南水泥有限公司 (Chinese),Sichuan Dazhu Southwest Cement Co Ltd [100.0%],China;,Sichuan,retired,,,not found,,0.91,dry,30.764937,107.341741,30.764937,107.341741,https://www.gem.wiki/Sichuan_Dazhu_Southwest_Cement_Co_Ltd_Cement_Plant,no,"Sichuan, China",,,no,unknown,no,,四川大竹西南水泥有限公司 (Chinese) [100%],exact,Sichuan Dazhu Southwest Cement Co Ltd Cement Plant,Sichuan Dazhu Southwest Cement Co Ltd [100.0%],integrated,1.5719178536863079,retired-plus,GCCT,GCCT,Cement and Concrete,
cement,P100000123817,Hongchang Cement Co. Zhengzhou Plant,n/a,Dengfeng Hongchang Cement Co Ltd [unknown%],China;,Henan,operating,,1.33,1.33,1.33,unknown,dry,34.324148,112.899467,34.324148,112.899467,https://www.gem.wiki/Hongchang_Cement_Co._Zhengzhou_Plant,,"Henan, China",1.33,1.33,,unknown,,,unknown,exact,Hongchang Cement Co. Zhengzhou Plant,Dengfeng Hongchang Cement Co Ltd [unknown%],integrated,1.33,operating,GCCT,GCCT,Cement and Concrete,n/a
cement,P100000123818,Suzhou Dongwu Cement Limited Company Cement Plant,苏州东吴水泥有限公司 (Chinese),Suzhou Dongwu Cement Co Ltd [100.0%],China;,Jiangsu,operating,,1.2,1.2,1.2,0.91,dry,31.000114,120.749155,31.000114,120.749155,https://www.gem.wiki/Suzhou_Dongwu_Cement_Limited_Company_Cement_Plant,no,"Jiangsu, China",1.2,1.2,no,opc,no,grey,苏州东吴水泥有限公司 (Chinese) [100%],exact,Suzhou Dongwu Cement Limited Company Cement Plant,Suzhou Dongwu Cement Co Ltd [100.0%],integrated,1.2,operating,GCCT,GCCT,Cement and Concrete,n/a
cement,P100000123819,"Fujian an Sha Jian Fu Cement Co.,Ltd. Cement Plant",福建安砂建福水泥有限公司 (Chinese),Fujian an Sha Jian Fu Cement Co Ltd [100.0%],China;,Fujian,operating,,2,2,2,1.55,dry,26.026833,117.156908,26.026833,117.156908,"https://www.gem.wiki/Fujian_an_Sha_Jian_Fu_Cement_Co.,Ltd._Cement_Plant",no,"Fujian, China",2,2,no,unknown,no,,福建安砂建福水泥有限公司 (Chinese) [100%],exact,"Fujian an Sha Jian Fu Cement Co.,Ltd. Cement Plant",Fujian an Sha Jian Fu Cement Co Ltd [100.0%],integrated,2.0,operating,GCCT,GCCT,Cement and Concrete,n/a
cement,P100000123820,Fujian Yong'an Jinyinhu Cement Limited Company Cement Plant,福建省永安金银湖水泥有限公司 (Chinese),Fujian Yong'an Jinyinhu Cement Co Ltd [100.0%],China;,Fujian,operating,,1.02,1.02,1.02,>0,dry,26.041899,117.330501,26.041899,117.330501,https://www.gem.wiki/Fujian_Yong'an_Jinyinhu_Cement_Limited_Company_Cement_Plant,no,"Fujian, China",1.02,1.02,no,opc,no,grey,福建省永安金银湖水泥有限公司 (Chinese) [100%],exact,Fujian Yong'an Jinyinhu Cement Limited Company Cement Plant,Fujian Yong'an Jinyinhu Cement Co Ltd [100.0%],integrated,1.02,operating,GCCT,GCCT,Cement and Concrete,n/a
cement,P100000123821,Fujian Cement Company Limited Lianshi Cement Plant,福建水泥股份有限公司炼石水泥厂 (Chinese),Fujian Cement Company Limited Lianshi Cement Factory [100.0%],China;,Fujian,operating,,2.14,2.14,2.14,>0,dry,26.781996,117.776157,26.781996,117.776157,https://www.gem.wiki/Fujian_Cement_Company_Limited_Lianshi_Cement_Plant,no,"Fujian, China",2.14,2.14,no,opc,no,grey,福建水泥股份有限公司炼石水泥厂 (Chinese) [100%],exact,Fujian Cement Company Limited Lianshi Cement Plant,Fujian Cement Company Limited Lianshi Cement Factory [100.0%],integrated,2.14,operating,GCCT,GCCT,Cement and Concrete,n/a
cement,P100000123822,Sanhua Cement Limited Company Cement Plant,将乐县三花水泥有限责任公司 (Chinese),Jiangle County Sanhua Cement Co Ltd [100.0%],China;,Fujian,retired,,,not found,,>0,dry,26.778494,117.473633,26.778494,117.473633,https://www.gem.wiki/Sanhua_Cement_Limited_Company_Cement_Plant,no,"Fujian, China",,,no,unknown,no,,将乐县三花水泥有限责任公司 (Chinese) [100%],exact,Sanhua Cement Limited Company Cement Plant,Jiangle County Sanhua Cement Co Ltd [100.0%],integrated,1.5719178536863079,retired-plus,GCCT,GCCT,Cement and Concrete,
cement,P100000123823,Longyan Longlin Cement Co Ltd Cement Plant,龙岩龙麟水泥有限公司 (Chinese),Longyan Longlin Cement Co Ltd [100.0%],China;,Fujian,operating,2017,2,2,2,>0,dry,25.051339,117.078033,25.051339,117.078033,https://www.gem.wiki/Longyan_Longlin_Cement_Co_Ltd_Cement_Plant,no,"Fujian, China",2,2,no,opc,no,grey,龙岩龙麟水泥有限公司 (Chinese) [100%],exact,Longyan Longlin Cement Co Ltd Cement Plant,Longyan Longlin Cement Co Ltd [100.0%],integrated,2.0,operating,GCCT,GCCT,Cement and Concrete,n/a
cement,P100000123824,Longyan Xinluo District Hongyan No.2 Cement Plant,龙岩市新罗区鸿雁水泥二厂 (Chinese),Longyan Xinluo District Hongyan Cement No.2 Factory [100.0%],China;,Fujian,retired,,1.99,1.99,1.99,>0,dry,25.241489,117.159443,25.241489,117.159443,https://www.gem.wiki/Longyan_Xinluo_District_Hongyan_No.2_Cement_Plant,no,"Fujian, China",1.99,1.99,no,unknown,no,,龙岩市新罗区鸿雁水泥二厂 (Chinese) [100%],exact,Longyan Xinluo District Hongyan No.2 Cement Plant,Longyan Xinluo District Hongyan Cement No.2 Factory [100.0%],integrated,1.99,retired-plus,GCCT,GCCT,Cement and Concrete,n/a
cement,P100000123825,Fushun Cement Company Limited Cement Plant,抚顺水泥股份有限公司 (Chinese),Fushun Cement Co Ltd [100.0%],China;,Liaoning,operating,2012,0.62,0.62,0.62,0.73,dry,41.851079,123.856041,41.851079,123.856041,https://www.gem.wiki/Fushun_Cement_Company_Limited_Cement_Plant,no,"Liaoning, China",0.62,0.62,no,opc,no,grey,抚顺水泥股份有限公司 (Chinese) [100%],exact,Fushun Cement Company Limited Cement Plant,Fushun Cement Co Ltd [100.0%],integrated,0.62,operating,GCCT,GCCT,Cement and Concrete,n/a
cement,P100000123826,Guangxi Denggao (Group) Tandong Cement Co Ltd Cement Plant,广西登高(集团)田东水泥有限公司 (Chinese),Guangxi Denggao (Group) Tandong Cement Co Ltd [100.0%],China;,Guangxi,operating,,1.66,1.66,1.66,1.46,dry,23.541681,107.119462,23.541681,107.119462,https://www.gem.wiki/Guangxi_Denggao_(Group)_Tandong_Cement_Co_Ltd_Cement_Plant,no,"Guangxi, China",1.66,1.66,no,unknown,no,,广西登高(集团)田东水泥有限公司 (Chinese) [100%],exact,Guangxi Denggao (Group) Tandong Cement Co Ltd Cement Plant,Guangxi Denggao (Group) Tandong Cement Co Ltd [100.0%],integrated,1.66,operating,GCCT,GCCT,Cement and Concrete,n/a
cement,P100000123827,Guangxi Yufeng Group Cement Limited Company Cement Plant,广西鱼峰集团水泥有限公司 (Chinese),Guangxi Yufeng Group Cement Co Ltd [100.0%],China;,Guangxi,operating,,0.008,>0,>0,2.01,dry,24.370505,109.250581,24.370505,109.250581,https://www.gem.wiki/Guangxi_Yufeng_Group_Cement_Limited_Company_Cement_Plant,no,"Guangxi, China",0.008,0.008,no,opc,no,grey,广西鱼峰集团水泥有限公司 (Chinese) [100%],exact,Guangxi Yufeng Group Cement Limited Company Cement Plant,Guangxi Yufeng Group Cement Co Ltd [100.0%],integrated,0.008,operating,GCCT,GCCT,Cement and Concrete,n/a
cement,P100000123828,Guangdong Guangxin Qingzhou Cement Co Ltd Cement Plant,广东广信青洲水泥有限公司 (Chinese),Guangdong Guangxin Qingzhou Cement Co Ltd [100.0%],China;,Guangdong,operating,,0.74,0.74,0.74,>0,dry,22.980084,112.042043,22.980084,112.042043,https://www.gem.wiki/Guangdong_Guangxin_Qingzhou_Cement_Co_Ltd_Cement_Plant,no,"Guangdong, China",0.74,0.74,no,opc,no,grey,广东广信青洲水泥有限公司 (Chinese) [100%],exact,Guangdong Guangxin Qingzhou Cement Co Ltd Cement Plant,Guangdong Guangxin Qingzhou Cement Co Ltd [100.0%],integrated,0.74,operating,GCCT,GCCT,Cement and Concrete,n/a
cement,P100000123829,Guizhou Jiangge Cement Co Ltd Cement Plant,贵州江葛水泥有限责任公司 (Chinese),Guizhou Jiangge Cement Co Ltd [100.0%],China;,Guizhou,operating,,2,2,2,>0,dry,27.699877,107.370876,27.699877,107.370876,https://www.gem.wiki/Guizhou_Jiangge_Cement_Co_Ltd_Cement_Plant,no,"Guizhou, China",2,2,no,opc,no,grey,贵州江葛水泥有限责任公司 (Chinese) [100%],exact,Guizhou Jiangge Cement Co Ltd Cement Plant,Guizhou Jiangge Cement Co Ltd [100.0%],integrated,2.0,operating,GCCT,GCCT,Cement and Concrete,n/a
cement,P100000123830,Guizhou Southwest United New Material Technology Co Ltd Cement Plant,贵州西南联合新材料科技有限公司 (Chinese),Guizhou Southwest United New Material Technology Co Ltd [100.0%],China;,Guizhou,operating,,1.6,1.6,1.6,>0,dry,26.629941,106.364041,26.629941,106.364041,https://www.gem.wiki/Guizhou_Southwest_United_New_Material_Technology_Co_Ltd_Cement_Plant,no,"Guizhou, China",1.6,1.6,no,opc,no,grey,贵州西南联合新材料科技有限公司 (Chinese) [100%],exact,Guizhou Southwest United New Material Technology Co Ltd Cement Plant,Guizhou Southwest United New Material Technology Co Ltd [100.0%],integrated,1.6,operating,GCCT,GCCT,Cement and Concrete,n/a
cement,P100000123831,Guizhou Songtao Gaoli Cement Industry Co Ltd Cement Plant,贵州省松桃高力水泥实业有限公司 (Chinese),Guizhou Songtao Gaoli Cement Industry Co Ltd [100.0%],China;,Guizhou,retired,2009,2.5,2.5,2.5,1.83,dry,27.996967,108.939454,27.996967,108.939454,https://www.gem.wiki/Guizhou_Songtao_Gaoli_Cement_Industry_Co_Ltd_Cement_Plant,no,"Guizhou, China",2.5,2.5,no,unknown,no,,贵州省松桃高力水泥实业有限公司 (Chinese) [100%],exact,Guizhou Songtao Gaoli Cement Industry Co Ltd Cement Plant,Guizhou Songtao Gaoli Cement Industry Co Ltd [100.0%],integrated,2.5,retired-plus,GCCT,GCCT,Cement and Concrete,n/a
cement,P100000123832,Shijiazhuang Quzhai Cement Co Ltd Cement Plant,石家庄市曲寨水泥有限公司 (Chinese),Luquan Quzhai Cement Co Ltd [100.0%],China;,Hebei,operating,1999,3,3,3,2.4,dry,38.137278,114.315376,38.137278,114.315376,https://www.gem.wiki/Shijiazhuang_Quzhai_Cement_Co_Ltd_Cement_Plant,no,"Hebei, China",3,3,no,blended,no,grey,石家庄市曲寨水泥有限公司 (Chinese) [100%],exact,Shijiazhuang Quzhai Cement Co Ltd Cement Plant,Luquan Quzhai Cement Co Ltd [100.0%],integrated,3.0,operating,GCCT,GCCT,Cement and Concrete,n/a
cement,P100000123833,Shijiazhuang Lujian Cement Limited Company Cement Plant,石家庄市鹿建水泥有限公司 (Chinese),Shijiazhuang Lujian Cement Co Ltd [100.0%],China;,Hebei,retired,,1.63,1.63,1.63,>0,dry,38.198257,114.244131,38.198257,114.244131,https://www.gem.wiki/Shijiazhuang_Lujian_Cement_Limited_Company_Cement_Plant,no,"Hebei, China",1.63,1.63,no,unknown,no,,石家庄市鹿建水泥有限公司 (Chinese) [100%],exact,Shijiazhuang Lujian Cement Limited Company Cement Plant,Shijiazhuang Lujian Cement Co Ltd [100.0%],integrated,1.63,retired-plus,GCCT,GCCT,Cement and Concrete,n/a
cement,P100000123834,Yichun North Cement Co Ltd Cement Plant,伊春北方水泥有限公司 (Chinese),Yichun North Cement Co Ltd [100.0%],China;,Heilongjiang,operating,,3,3,3,2.3,dry,46.717812,129.596909,46.717812,129.596909,https://www.gem.wiki/Yichun_North_Cement_Co_Ltd_Cement_Plant,no,"Heilongjiang, China",3,3,no,opc,no,grey,伊春北方水泥有限公司 (Chinese) [100%],exact,Yichun North Cement Co Ltd Cement Plant,Yichun North Cement Co Ltd [100.0%],integrated,3.0,operating,GCCT,GCCT,Cement and Concrete,n/a
cement,P100000123835,Xinxiang Zhenxin Cement Co Ltd Cement Plant,新乡市振新水泥有限公司 (Chinese),Xinxiang Zhenxin Cement Co Ltd [100.0%],China;,Henan,operating,2009,0.5,0.5,0.5,1.1,dry,35.406136,113.863583,35.406136,113.863583,https://www.gem.wiki/Xinxiang_Zhenxin_Cement_Co_Ltd_Cement_Plant,no,"Henan, China",0.5,0.5,no,unknown,no,,新乡市振新水泥有限公司 (Chinese) [100%],exact,Xinxiang Zhenxin Cement Co Ltd Cement Plant,Xinxiang Zhenxin Cement Co Ltd [100.0%],integrated,0.5,operating,GCCT,GCCT,Cement and Concrete,n/a
cement,P100000123836,"Luoyang Huanghe Tongli Cement Co.,Ltd. Cement Plant",洛阳黄河同力水泥有限责任公司 (Chinese),Luoyang Huanghe Tongli Cement Co Ltd [100.0%],China;,Henan,operating,2006,4,4,4,3,dry,34.528787,112.237389,34.528787,112.237389,"https://www.gem.wiki/Luoyang_Huanghe_Tongli_Cement_Co.,Ltd._Cement_Plant",no,"Henan, China",4,4,no,opc,no,grey,洛阳黄河同力水泥有限责任公司 (Chinese) [100%],exact,"Luoyang Huanghe Tongli Cement Co.,Ltd. Cement Plant",Luoyang Huanghe Tongli Cement Co Ltd [100.0%],integrated,4.0,operating,GCCT,GCCT,Cement and Concrete,n/a
cement,P100000123837,Henan Tongli Cement Limited Company Cement Plant,河南省同力水泥有限公司 (Chinese),Henan Tongli Cement Co Ltd [100.0%],China;,Henan,operating,,2,2,2,1.83,dry,35.869613,114.163746,35.869613,114.163746,https://www.gem.wiki/Henan_Tongli_Cement_Limited_Company_Cement_Plant,no,"Henan, China",2,2,no,opc,no,grey,河南省同力水泥有限公司 (Chinese) [100%],exact,Henan Tongli Cement Limited Company Cement Plant,Henan Tongli Cement Co Ltd [100.0%],integrated,2.0,operating,GCCT,GCCT,Cement and Concrete,n/a
cement,P100000123838,Xinxiang Plain Tongli Cement Co Ltd Cement Plant,新乡平原同力水泥有限责任公司 (Chinese),Xinxiang Pingyuan Tongli Cement Co Ltd [100.0%],China;,Henan,operating,2005,1,1,1,1.55,dry,35.436589,113.932603,35.436589,113.932603,https://www.gem.wiki/Xinxiang_Plain_Tongli_Cement_Co_Ltd_Cement_Plant,no,"Henan, China",1,1,no,opc,no,grey,新乡平原同力水泥有限责任公司 (Chinese) [100%],exact,Xinxiang Plain Tongli Cement Co Ltd Cement Plant,Xinxiang Pingyuan Tongli Cement Co Ltd [100.0%],integrated,1.0,operating,GCCT,GCCT,Cement and Concrete,n/a
cement,P100000123839,Huixin Cement Fenmo Co Ltd Cement Plant,确山县汇鑫水泥粉磨有限公司 (Chinese),Huixin Cement Fenmo Co Ltd [100.0%],China;,Henan,operating,,2.22,2.22,2.22,n/a,n/a,32.781218,114.036487,32.781218,114.036487,https://www.gem.wiki/Huixin_Cement_Fenmo_Co_Ltd_Cement_Plant,n/a,"Henan, China",2.22,2.22,n/a,unknown,n/a,,确山县汇鑫水泥粉磨有限公司 (Chinese) [100%],exact,Huixin Cement Fenmo Co Ltd Cement Plant,Huixin Cement Fenmo Co Ltd [100.0%],grinding,2.22,operating,GCCT,GCCT,Cement and Concrete,n/a
cement,P100000123840,Jiaozuo Zhongjing Cement Co Ltd Cement Plant,焦作市中晶水泥有限责任公司 (Chinese),Jiaozuo Zhongjing Cement Co Ltd [100.0%],China;,Henan,operating,2004,1.2,1.2,1.2,>0,dry,35.310532,113.309657,35.310532,113.309657,https://www.gem.wiki/Jiaozuo_Zhongjing_Cement_Co_Ltd_Cement_Plant,no,"Henan, China",1.2,1.2,no,unknown,no,,焦作市中晶水泥有限责任公司 (Chinese) [100%],exact,Jiaozuo Zhongjing Cement Co Ltd Cement Plant,Jiaozuo Zhongjing Cement Co Ltd [100.0%],integrated,1.2,operating,GCCT,GCCT,Cement and Concrete,n/a
cement,P100000124546,"Huaibei Mining Industry Xiangshan Cement Co.,Ltd. Cement Plant",淮北矿业相山水泥有限责任公司 (Chinese),Huaibei Mining Industry Xiangshan Cement Co Ltd [100.0%],China;,Anhui,operating,2004,1.5,1.5,1.5,0.91,dry,34.002165,116.819424,34.002165,116.819424,"https://www.gem.wiki/Huaibei_Mining_Industry_Xiangshan_Cement_Co.,Ltd._Cement_Plant",no,"Anhui, China",1.5,1.5,no,opc,no,grey,淮北矿业相山水泥有限责任公司 (Chinese) [100%],exact,"Huaibei Mining Industry Xiangshan Cement Co.,Ltd. Cement Plant",Huaibei Mining Industry Xiangshan Cement Co Ltd [100.0%],integrated,1.5,operating,GCCT,GCCT,Cement and Concrete,n/a
cement,P100000124547,Huaibei Mining Industry Zhongcheng Cement Company Cement Plant,淮北众城水泥有限责任公司 (Chinese),Huaibei Mining Industry Zhongcheng Cement Co [100.0%],China;,Anhui,operating,2012,1.3,1.3,1.3,3.65,dry,34.031397,116.807392,34.031397,116.807392,https://www.gem.wiki/Huaibei_Mining_Industry_Zhongcheng_Cement_Company_Cement_Plant,no,"Anhui, China",1.3,1.3,no,unknown,no,,淮北众城水泥有限责任公司 (Chinese) [100%],exact,Huaibei Mining Industry Zhongcheng Cement Company Cement Plant,Huaibei Mining Industry Zhongcheng Cement Co [100.0%],integrated,1.3,operating,GCCT,GCCT,Cement and Concrete,n/a
cement,P100000124548,Huainan Mining Industry Cement Huainan Plant,n/a,Huainan Mining Industry Cement [unknown%],China;,Anhui,operating,,1.57,1.57,1.57,unknown,dry,32.612065,116.828634,32.612065,116.828634,https://www.gem.wiki/Huainan_Mining_Industry_Cement_Huainan_Plant,,"Anhui, China",1.57,1.57,,unknown,,,unknown,exact,Huainan Mining Industry Cement Huainan Plant,Huainan Mining Industry Cement [unknown%],integrated,1.57,operating,GCCT,GCCT,Cement and Concrete,n/a
cement,P100000124549,Fanpu Industry Co Huangshi Cement Plant,n/a,Fanpu Industry Co Ltd [unknown%],China;,Hubei,operating,,0.82,0.82,0.82,unknown,dry,30.049354,114.926217,30.049354,114.926217,https://www.gem.wiki/Fanpu_Industry_Co_Huangshi_Cement_Plant,,"Hubei, China",0.82,0.82,,unknown,,,unknown,exact,Fanpu Industry Co Huangshi Cement Plant,Fanpu Industry Co Ltd [unknown%],integrated,0.82,operating,GCCT,GCCT,Cement and Concrete,n/a
cement,P100000124550,Hubei Baizhaoshan Cement Co Ltd Xiaogan Cement Plant,湖北白兆山水泥有限公司 (Chinese),Hubei Baizhaoshan Cement Co Ltd [100.0%],China;,Hubei,operating,2009,1.6,1.6,1.6,>0,dry,31.36194,113.515703,31.36194,113.515703,https://www.gem.wiki/Hubei_Baizhaoshan_Cement_Co_Ltd_Xiaogan_Cement_Plant,no,"Hubei, China",1.6,1.6,no,opc,no,grey,湖北白兆山水泥有限公司 (Chinese) [100%],exact,Hubei Baizhaoshan Cement Co Ltd Xiaogan Cement Plant,Hubei Baizhaoshan Cement Co Ltd [100.0%],integrated,1.6,operating,GCCT,GCCT,Cement and Concrete,n/a
cement,P100000124551,Gansu Jinglan Cement Co Ltd Cement Plant,甘肃京兰水泥有限公司 (Chinese),Gansu Jinglan Cement Co Ltd [100.0%],China;,Gansu,operating,2010,2,2,2,1.6,dry,35.756476,104.139021,35.756476,104.139021,https://www.gem.wiki/Gansu_Jinglan_Cement_Co_Ltd_Cement_Plant,no,"Gansu, China",2,2,no,opc,no,grey,甘肃京兰水泥有限公司 (Chinese) [100%],exact,Gansu Jinglan Cement Co Ltd Cement Plant,Gansu Jinglan Cement Co Ltd [100.0%],integrated,2.0,operating,GCCT,GCCT,Cement and Concrete,n/a
cement,P100000124552,Hubei Jingshan Xinsheng Cement Plant,湖北京山新生水泥厂 (Chinese),Hubei Jingshan Xinsheng Cement Factory [100.0%],China;,Hubei,retired,,,not found,,>0,dry,30.870443,112.981604,30.870443,112.981604,https://www.gem.wiki/Hubei_Jingshan_Xinsheng_Cement_Plant,no,"Hubei, China",,,no,unknown,no,,湖北京山新生水泥厂 (Chinese) [100%],exact,Hubei Jingshan Xinsheng Cement Plant,Hubei Jingshan Xinsheng Cement Factory [100.0%],integrated,1.5719178536863079,retired-plus,GCCT,GCCT,Cement and Concrete,
cement,P100000124554,Yiyang FEOSO Cement Limited Company Cement Plant,益阳市东方水泥有限公司 (Chinese),Yiyang Dongfang Cement Co Ltd [100.0%],China;,Hunan,operating,2002,4,4,4,1.83,dry,28.271928,112.279005,28.271928,112.279005,https://www.gem.wiki/Yiyang_FEOSO_Cement_Limited_Company_Cement_Plant,no,"Hunan, China",4,4,no,opc,no,grey,益阳市东方水泥有限公司 (Chinese) [100%],exact,Yiyang FEOSO Cement Limited Company Cement Plant,Yiyang Dongfang Cement Co Ltd [100.0%],integrated,4.0,operating,GCCT,GCCT,Cement and Concrete,n/a
cement,P100000124555,Yongzhou Jiuyi Jiaoyang Cement Limited Company Cement Plant,永州市九嶷骄阳水泥有限公司 (Chinese),Yongzhou Jiuyi Jiaoyang Cements Co Ltd [100.0%],China;,Hunan,operating,2009,3,3,3,1.83,dry,26.421551,111.556751,26.421551,111.556751,https://www.gem.wiki/Yongzhou_Jiuyi_Jiaoyang_Cement_Limited_Company_Cement_Plant,no,"Hunan, China",3,3,no,unknown,no,,永州市九嶷骄阳水泥有限公司 (Chinese) [100%],exact,Yongzhou Jiuyi Jiaoyang Cement Limited Company Cement Plant,Yongzhou Jiuyi Jiaoyang Cements Co Ltd [100.0%],integrated,3.0,operating,GCCT,GCCT,Cement and Concrete,n/a
cement,P100000124557,Inner Mongolia Tianhao Cement Group Co Ltd Cement Plant,内蒙古天皓水泥集团有限公司 (Chinese),Inner Mongolia Tianhao Cement Group Co Ltd [100.0%],China;,Inner Mongolia,operating,2008,5.4,5.4,5.4,2.56,dry,39.901668,111.703148,39.901668,111.703148,https://www.gem.wiki/Inner_Mongolia_Tianhao_Cement_Group_Co_Ltd_Cement_Plant,no,"Inner Mongolia, China",5.4,5.4,no,opc,no,grey,内蒙古天皓水泥集团有限公司 (Chinese) [100%],exact,Inner Mongolia Tianhao Cement Group Co Ltd Cement Plant,Inner Mongolia Tianhao Cement Group Co Ltd [100.0%],integrated,5.4,operating,GCCT,GCCT,Cement and Concrete,n/a
cement,P100000124558,Ertuoqi Hengzhuo Cement Co Ltd Cement Plant,鄂托克旗恒卓水泥有限公司 (Chinese),Ertuoqi Hengzhuo Cement Co Ltd [100.0%],China;,Inner Mongolia,operating,,1.37,1.37,1.37,>0,dry,39.412026,107.040181,39.412026,107.040181,https://www.gem.wiki/Ertuoqi_Hengzhuo_Cement_Co_Ltd_Cement_Plant,no,"Inner Mongolia, China",1.37,1.37,no,unknown,no,,鄂托克旗恒卓水泥有限公司 (Chinese) [100%],exact,Ertuoqi Hengzhuo Cement Co Ltd Cement Plant,Ertuoqi Hengzhuo Cement Co Ltd [100.0%],integrated,1.37,operating,GCCT,GCCT,Cement and Concrete,n/a
cement,P100000124559,Jiangle Jinniu Cement Limited Company Cement Plant,将乐金牛水泥有限公司 (Chinese),Jiangle Jinniu Cement Co Ltd [100.0%],China;,Fujian,operating,,7.8,7.8,7.8,>0,dry,26.679686,117.478502,26.679686,117.478502,https://www.gem.wiki/Jiangle_Jinniu_Cement_Limited_Company_Cement_Plant,no,"Fujian, China",7.8,7.8,no,opc,no,grey,将乐金牛水泥有限公司 (Chinese) [100%],exact,Jiangle Jinniu Cement Limited Company Cement Plant,Jiangle Jinniu Cement Co Ltd [100.0%],integrated,7.8,operating,GCCT,GCCT,Cement and Concrete,n/a
cement,P100000124560,Jinfeng Cement Plant,江苏金峰水泥集团有限公司 (Chinese),Jinfeng Cement [100.0%],China;,Jiangsu,operating,,20,20,20,11.86,dry,31.385542,119.296377,31.385542,119.296377,https://www.gem.wiki/Jinfeng_Cement_Plant,no,"Jiangsu, China",20,20,no,opc,no,grey,江苏金峰水泥集团有限公司 (Chinese) [100%],exact,Jinfeng Cement Plant,Jinfeng Cement [100.0%],integrated,20.0,operating,GCCT,GCCT,Cement and Concrete,n/a
cement,P100000124561,Jiangsu Leida Company Limited Cement Plant,江苏磊达股份有限公司 (Chinese),Jiangsu Leida Co Ltd [100.0%],China;,Jiangsu,operating,,10,10,10,5,dry,32.783066,120.379172,32.783066,120.379172,https://www.gem.wiki/Jiangsu_Leida_Company_Limited_Cement_Plant,no,"Jiangsu, China",10,10,no,blended,no,grey,江苏磊达股份有限公司 (Chinese) [100%],exact,Jiangsu Leida Company Limited Cement Plant,Jiangsu Leida Co Ltd [100.0%],integrated,10.0,operating,GCCT,GCCT,Cement and Concrete,n/a
cement,P100000124562,"Lishui Tianshan Cement Co.,Ltd. Cement Plant",溧水天山水泥有限公司 (Chinese),Lishui Tianshan Cement Co Ltd [100.0%],China;,Jiangsu,operating,,1.2,1.2,1.2,>0,dry,31.479388,119.142827,31.479388,119.142827,"https://www.gem.wiki/Lishui_Tianshan_Cement_Co.,Ltd._Cement_Plant",no,"Jiangsu, China",1.2,1.2,no,opc,no,grey,溧水天山水泥有限公司 (Chinese) [100%],exact,"Lishui Tianshan Cement Co.,Ltd. Cement Plant",Lishui Tianshan Cement Co Ltd [100.0%],integrated,1.2,operating,GCCT,GCCT,Cement and Concrete,n/a
cement,P100000124563,Jiangxi Ganzhou Nanfang Evergreen Cement Company Cement Plant,江西赣州南方万年青水泥有限公司 (Chinese),Jiangxi Ganzhou Nanfang Evergreen Cement Co [100.0%],China;,Jiangxi,operating,,1.51,1.51,1.51,>0,dry,25.955913,115.313243,25.955913,115.313243,https://www.gem.wiki/Jiangxi_Ganzhou_Nanfang_Evergreen_Cement_Company_Cement_Plant,no,"Jiangxi, China",1.51,1.51,no,opc,no,grey,江西赣州南方万年青水泥有限公司 (Chinese) [100%],exact,Jiangxi Ganzhou Nanfang Evergreen Cement Company Cement Plant,Jiangxi Ganzhou Nanfang Evergreen Cement Co [100.0%],integrated,1.51,operating,GCCT,GCCT,Cement and Concrete,n/a
cement,P100000124564,"Jiangxi Wannianqing Cement Co.,Ltd. Cement Plant",江西万年青水泥股份有限公司 (Chinese),Jiangxi Wannianqing Cement Co Ltd [100.0%],China;,Jiangxi,operating,,0.008,>0,>0,>0,dry,28.702562,117.082025,28.702562,117.082025,"https://www.gem.wiki/Jiangxi_Wannianqing_Cement_Co.,Ltd._Cement_Plant",no,"Jiangxi, China",0.008,0.008,no,opc,no,grey,江西万年青水泥股份有限公司 (Chinese) [100%],exact,"Jiangxi Wannianqing Cement Co.,Ltd. Cement Plant",Jiangxi Wannianqing Cement Co Ltd [100.0%],integrated,0.008,operating,GCCT,GCCT,Cement and Concrete,n/a
cement,P100000124565,"Jiangxi Ruijin Evergreen Cement Co.,Ltd. Cement Plant",江西瑞金万年青水泥有限责任公司 (Chinese),Jiangxi Ruijin Evergreen Cement Co Ltd [100.0%],China;,Jiangxi,operating,2006,2,2,2,1.83,dry,25.843353,115.880486,25.843353,115.880486,"https://www.gem.wiki/Jiangxi_Ruijin_Evergreen_Cement_Co.,Ltd._Cement_Plant",no,"Jiangxi, China",2,2,no,opc,no,grey,江西瑞金万年青水泥有限责任公司 (Chinese) [100%],exact,"Jiangxi Ruijin Evergreen Cement Co.,Ltd. Cement Plant",Jiangxi Ruijin Evergreen Cement Co Ltd [100.0%],integrated,2.0,operating,GCCT,GCCT,Cement and Concrete,n/a
cement,P100000124566,"Jiaozuo Qianye Cement Co.,Ltd. Cement Plant",焦作千业水泥有限责任公司 (Chinese),Jiaozuo Qianye Cement Co Ltd [100.0%],China;,Henan,operating,2007,2,2,2,1.55,dry,35.314936,113.335577,35.314936,113.335577,"https://www.gem.wiki/Jiaozuo_Qianye_Cement_Co.,Ltd._Cement_Plant",no,"Henan, China",2,2,no,unknown,no,,焦作千业水泥有限责任公司 (Chinese) [100%],exact,"Jiaozuo Qianye Cement Co.,Ltd. Cement Plant",Jiaozuo Qianye Cement Co Ltd [100.0%],integrated,2.0,operating,GCCT,GCCT,Cement and Concrete,n/a
cement,P100000124567,He Long Northern Cement Co Ltd Cement Plant,和龙北方水泥有限公司 (Chinese),He Long Northern Cement Co Ltd [100.0%],China;,Jilin,retired,,0.85,0.85,0.85,>0,dry,42.693097,129.091246,42.693097,129.091246,https://www.gem.wiki/He_Long_Northern_Cement_Co_Ltd_Cement_Plant,no,"Jilin, China",0.85,0.85,no,unknown,no,,和龙北方水泥有限公司 (Chinese) [100%],exact,He Long Northern Cement Co Ltd Cement Plant,He Long Northern Cement Co Ltd [100.0%],integrated,0.85,retired-plus,GCCT,GCCT,Cement and Concrete,n/a
cement,P100000124568,Taiyuan Jinyuan Cement Limited Company Cement Plant,太原金圆水泥有限公司 (Chinese),Taiyuan Jinyuan Cement Co Ltd [100.0%],China;,Shanxi,operating,2010,1.5,1.5,1.5,1.1,dry,38.078495,112.754815,38.078495,112.754815,https://www.gem.wiki/Taiyuan_Jinyuan_Cement_Limited_Company_Cement_Plant,no,"Shanxi, China",1.5,1.5,no,unknown,no,,太原金圆水泥有限公司 (Chinese) [100%],exact,Taiyuan Jinyuan Cement Limited Company Cement Plant,Taiyuan Jinyuan Cement Co Ltd [100.0%],integrated,1.5,operating,GCCT,GCCT,Cement and Concrete,n/a
cement,P100000124569,Shuozhou Jinyuan Cement Limited Company Cement Plant,朔州金圆水泥有限公司 (Chinese),Shuozhou Jinyuan Cement Co Ltd [100.0%],China;,Shanxi,operating,2011,1.6,1.6,1.6,1.83,dry,39.408386,112.575635,39.408386,112.575635,https://www.gem.wiki/Shuozhou_Jinyuan_Cement_Limited_Company_Cement_Plant,no,"Shanxi, China",1.6,1.6,no,unknown,no,,朔州金圆水泥有限公司 (Chinese) [100%],exact,Shuozhou Jinyuan Cement Limited Company Cement Plant,Shuozhou Jinyuan Cement Co Ltd [100.0%],integrated,1.6,operating,GCCT,GCCT,Cement and Concrete,n/a
cement,P100000124570,Zhejiang Jinyuan Cement Co Ltd Cement Plant,浙江金圆水泥有限公司 (Chinese),Zhejiang Jinyuan Cement Co Ltd [100.0%],China;,Zhejiang,operating,,3,3,3,1.83,dry,29.147825,119.564835,29.147825,119.564835,https://www.gem.wiki/Zhejiang_Jinyuan_Cement_Co_Ltd_Cement_Plant,no,"Zhejiang, China",3,3,no,unknown,no,,浙江金圆水泥有限公司 (Chinese) [100%],exact,Zhejiang Jinyuan Cement Co Ltd Cement Plant,Zhejiang Jinyuan Cement Co Ltd [100.0%],integrated,3.0,operating,GCCT,GCCT,Cement and Concrete,n/a
cement,P100000124571,Jiujiang Xinshan Cement Limited Company Cement Plant,九江鑫山水泥有限公司 (Chinese),Jiujiang Xinshan Cement Co Ltd [100.0%],China;,Jiangxi,operating,,1,1,1,>0,dry,29.608914,115.862955,29.608914,115.862955,https://www.gem.wiki/Jiujiang_Xinshan_Cement_Limited_Company_Cement_Plant,no,"Jiangxi, China",1,1,no,opc,no,grey,九江鑫山水泥有限公司 (Chinese) [100%],exact,Jiujiang Xinshan Cement Limited Company Cement Plant,Jiujiang Xinshan Cement Co Ltd [100.0%],integrated,1.0,operating,GCCT,GCCT,Cement and Concrete,n/a
cement,P100000124572,Jiyuan Taihang Cement Limited Company Cement Plant,济源市太行水泥有限公司 (Chinese),Jiyuan Taihang Cement Co Ltd [100.0%],China;,Henan,operating,,0.6,0.6,0.6,>0,dry,35.085114,112.547011,35.085114,112.547011,https://www.gem.wiki/Jiyuan_Taihang_Cement_Limited_Company_Cement_Plant,no,"Henan, China",0.6,0.6,no,unknown,no,,济源市太行水泥有限公司 (Chinese) [100%],exact,Jiyuan Taihang Cement Limited Company Cement Plant,Jiyuan Taihang Cement Co Ltd [100.0%],integrated,0.6,operating,GCCT,GCCT,Cement and Concrete,n/a
cement,P100000124574,Jiamusi North Cement Hua'nan Co. Cement Plant,佳木斯北方水泥桦南公司 (Chinese),Jiamusi North Cement Hua'Nan Co [100.0%],China;,Heilongjiang,operating,,1.2,1.2,1.2,2.14,dry,46.163121,130.848327,46.163121,130.848327,https://www.gem.wiki/Jiamusi_North_Cement_Hua'nan_Co._Cement_Plant,no,"Heilongjiang, China",1.2,1.2,no,opc,no,grey,佳木斯北方水泥桦南公司 (Chinese) [100%],exact,Jiamusi North Cement Hua'nan Co. Cement Plant,Jiamusi North Cement Hua'Nan Co [100.0%],integrated,1.2,operating,GCCT,GCCT,Cement and Concrete,n/a
cement,P100000124575,Baoshan Kunsteel Jiahua Cement & Building Materials Co Ltd Cement Plant,保山昆钢嘉华水泥建材有限公司 (Chinese),Baoshan Kunsteel Jiahua Cement & Building Materials Co Ltd [100.0%],China;,Yunnan,operating,,2.9,2.9,2.9,2.1,dry,24.927159,99.085014,24.927159,99.085014,https://www.gem.wiki/Baoshan_Kunsteel_Jiahua_Cement_&_Building_Materials_Co_Ltd_Cement_Plant,no,"Yunnan, China",2.9,2.9,no,unknown,no,,保山昆钢嘉华水泥建材有限公司 (Chinese) [100%],exact,Baoshan Kunsteel Jiahua Cement & Building Materials Co Ltd Cement Plant,Baoshan Kunsteel Jiahua Cement & Building Materials Co Ltd [100.0%],integrated,2.9,operating,GCCT,GCCT,Cement and Concrete,n/a
cement,P100000124576,Yunnan Kungang Jiahua Cement Building Materials Limited Company Cement Plant,云南昆钢嘉华水泥建材有限公司 (Chinese),Yunnan Kungang Jiahua Cement Building Materials Co Ltd [100.0%],China;,Yunnan,operating,,3.7,3.7,3.7,2.5,dry,24.933562,102.422905,24.933562,102.422905,https://www.gem.wiki/Yunnan_Kungang_Jiahua_Cement_Building_Materials_Limited_Company_Cement_Plant,no,"Yunnan, China",3.7,3.7,no,unknown,no,,云南昆钢嘉华水泥建材有限公司 (Chinese) [100%],exact,Yunnan Kungang Jiahua Cement Building Materials Limited Company Cement Plant,Yunnan Kungang Jiahua Cement Building Materials Co Ltd [100.0%],integrated,3.7,operating,GCCT,GCCT,Cement and Concrete,n/a
cement,P100000124577,Yunnan Cement Plant,云南水泥厂 (Chinese),Yunnan Cement Factory [100.0%],China;,Yunnan,retired,,0.77,0.77,0.77,>0,dry,24.782393,102.621828,24.782393,102.621828,https://www.gem.wiki/Yunnan_Cement_Plant,no,"Yunnan, China",0.77,0.77,no,unknown,no,,云南水泥厂 (Chinese) [100%],exact,Yunnan Cement Plant,Yunnan Cement Factory [100.0%],integrated,0.77,retired-plus,GCCT,GCCT,Cement and Concrete,n/a
cement,P100000124578,Zunyi Yingfeng Building Materials Co Ltd Cement Plant,遵义鹰峰建材有限公司 (Chinese),Zunyi Yingfeng Building Materials Co Ltd [100.0%],China;,Guizhou,operating,,1.31,1.31,1.31,>0,dry,27.51354,106.895981,27.51354,106.895981,https://www.gem.wiki/Zunyi_Yingfeng_Building_Materials_Co_Ltd_Cement_Plant,no,"Guizhou, China",1.31,1.31,no,unknown,no,,遵义鹰峰建材有限公司 (Chinese) [100%],exact,Zunyi Yingfeng Building Materials Co Ltd Cement Plant,Zunyi Yingfeng Building Materials Co Ltd [100.0%],integrated,1.31,operating,GCCT,GCCT,Cement and Concrete,n/a
cement,P100000124579,Hubei Baizhaoshan Cement Co Ltd Yibin Cement Plant,湖北白兆山水泥有限公司 (Chinese),Hubei Baizhaoshan Cement Co Ltd [100.0%],China;,Sichuan,operating,2009,1.6,1.6,1.6,>0,dry,28.426844,104.719403,28.426844,104.719403,https://www.gem.wiki/Hubei_Baizhaoshan_Cement_Co_Ltd_Yibin_Cement_Plant,no,"Sichuan, China",1.6,1.6,no,unknown,no,,湖北白兆山水泥有限公司 (Chinese) [100%],exact,Hubei Baizhaoshan Cement Co Ltd Yibin Cement Plant,Hubei Baizhaoshan Cement Co Ltd [100.0%],integrated,1.6,operating,GCCT,GCCT,Cement and Concrete,n/a
cement,P100000124580,Chongqing Lafaji Cement Limited Company Cement Plant,重庆拉法基水泥有限公司 (Chinese),Chongqing Lafaji Cement Co Ltd [100.0%],China;,Chongqing,operating,,1.8,1.8,1.8,>0,dry,29.478591,106.593213,29.478591,106.593213,https://www.gem.wiki/Chongqing_Lafaji_Cement_Limited_Company_Cement_Plant,no,"Chongqing, China",1.8,1.8,no,opc,no,grey,重庆拉法基水泥有限公司 (Chinese) [100%],exact,Chongqing Lafaji Cement Limited Company Cement Plant,Chongqing Lafaji Cement Co Ltd [100.0%],integrated,1.8,operating,GCCT,GCCT,Cement and Concrete,n/a
cement,P100000124581,"Fushun Dahuofang Cement Co.,Ltd. Cement Plant",抚顺大伙房水泥有限责任公司 (Chinese),Fushun Dahuofang Cement Co Ltd [100.0%],China;,Liaoning,operating,2007,2.3,2.3,2.3,0.91,dry,41.919383,124.097255,41.919383,124.097255,"https://www.gem.wiki/Fushun_Dahuofang_Cement_Co.,Ltd._Cement_Plant",no,"Liaoning, China",2.3,2.3,no,unknown,no,,抚顺大伙房水泥有限责任公司 (Chinese) [100%],exact,"Fushun Dahuofang Cement Co.,Ltd. Cement Plant",Fushun Dahuofang Cement Co Ltd [100.0%],integrated,2.3,operating,GCCT,GCCT,Cement and Concrete,n/a
cement,P100000124582,Liaoning Highway Cement Plant,辽宁公路水泥厂 (Chinese),Liaoning Highway Cement Factory [100.0%],China;,Liaoning,operating,,1.24,1.24,1.24,>0,dry,41.361209,123.715717,41.361209,123.715717,https://www.gem.wiki/Liaoning_Highway_Cement_Plant,no,"Liaoning, China",1.24,1.24,no,unknown,no,,辽宁公路水泥厂 (Chinese) [100%],exact,Liaoning Highway Cement Plant,Liaoning Highway Cement Factory [100.0%],integrated,1.24,operating,GCCT,GCCT,Cement and Concrete,n/a
cement,P100000124583,Yatai Group Tieling Cement Company Cement Plant,亚泰集团铁岭水泥有限公司 (Chinese),Yatai Group Tieling Cement Co Ltd [100.0%],China;,Liaoning,operating,2004,2,2,2,3.65,dry,42.117366,123.693935,42.117366,123.693935,https://www.gem.wiki/Yatai_Group_Tieling_Cement_Company_Cement_Plant,no,"Liaoning, China",2,2,no,opc,no,grey,亚泰集团铁岭水泥有限公司 (Chinese) [100%],exact,Yatai Group Tieling Cement Company Cement Plant,Yatai Group Tieling Cement Co Ltd [100.0%],integrated,2.0,operating,GCCT,GCCT,Cement and Concrete,n/a
cement,P100000124584,Jiangsu Yangzi Cement Limited Company Cement Plant,江苏扬子水泥有限公司 (Chinese),Jiangsu Yangzi Cement Co Ltd [100.0%],China;,Jiangsu,operating,,1.95,1.95,1.95,>0,dry,31.541073,119.588267,31.541073,119.588267,https://www.gem.wiki/Jiangsu_Yangzi_Cement_Limited_Company_Cement_Plant,no,"Jiangsu, China",1.95,1.95,no,opc,no,grey,江苏扬子水泥有限公司 (Chinese) [100%],exact,Jiangsu Yangzi Cement Limited Company Cement Plant,Jiangsu Yangzi Cement Co Ltd [100.0%],integrated,1.95,operating,GCCT,GCCT,Cement and Concrete,n/a
cement,P100000124585,"Longnan Qilian Shanshui Ni Co.,Ltd. Cement Plant",陇南祁连山水泥有限公司 (Chinese),Longnan Qilian Shanshui Ni Co Ltd [100.0%],China;,Gansu,operating,,0.92,0.92,0.92,>0,dry,33.409405,104.893022,33.409405,104.893022,"https://www.gem.wiki/Longnan_Qilian_Shanshui_Ni_Co.,Ltd._Cement_Plant",no,"Gansu, China",0.92,0.92,no,opc,no,grey,陇南祁连山水泥有限公司 (Chinese) [100%],exact,"Longnan Qilian Shanshui Ni Co.,Ltd. Cement Plant",Longnan Qilian Shanshui Ni Co Ltd [100.0%],integrated,0.92,operating,GCCT,GCCT,Cement and Concrete,n/a
cement,P100000124586,"Maoming Petrochemical Shengli Cement Co.,Ltd. Cement Plant",茂名石化胜利水泥有限公司 (Chinese),Maoming Petrochemical Shengli Cement Co Ltd [100.0%],China;,Guangdong,operating,,2.6,2.6,2.6,1.46,dry,21.692207,110.870937,21.692207,110.870937,"https://www.gem.wiki/Maoming_Petrochemical_Shengli_Cement_Co.,Ltd._Cement_Plant",no,"Guangdong, China",2.6,2.6,no,opc,no,grey,茂名石化胜利水泥有限公司 (Chinese) [100%],exact,"Maoming Petrochemical Shengli Cement Co.,Ltd. Cement Plant",Maoming Petrochemical Shengli Cement Co Ltd [100.0%],integrated,2.6,operating,GCCT,GCCT,Cement and Concrete,n/a
cement,P100000124587,Meizhou Ningjiang Cement Limited Company Yantai Cement Plant,梅州宁江水泥有限公司 (Chinese),Meizhou Ningjiang Cement Co Ltd [100.0%],China;,Guangdong,operating,,1.5,1.5,1.5,1.25,dry,24.530418,115.86299,24.530418,115.86299,https://www.gem.wiki/Meizhou_Ningjiang_Cement_Limited_Company_Yantai_Cement_Plant,no,"Guangdong, China",1.5,1.5,no,opc,no,grey,梅州宁江水泥有限公司 (Chinese) [100%],exact,Meizhou Ningjiang Cement Limited Company Yantai Cement Plant,Meizhou Ningjiang Cement Co Ltd [100.0%],integrated,1.5,operating,GCCT,GCCT,Cement and Concrete,n/a
cement,P100000124588,"Mengzi Yingzhou Cement Co.,Ltd. Cement Plant",蒙自瀛洲水泥有限责任公司 (Chinese),Mengzi Yingzhou Cement Co Ltd [100.0%],China;,Yunnan,operating,2009,1.53,1.53,1.53,0.91,dry,23.302424,103.376217,23.302424,103.376217,"https://www.gem.wiki/Mengzi_Yingzhou_Cement_Co.,Ltd._Cement_Plant",no,"Yunnan, China",1.53,1.53,no,unknown,no,,蒙自瀛洲水泥有限责任公司 (Chinese) [100%],exact,"Mengzi Yingzhou Cement Co.,Ltd. Cement Plant",Mengzi Yingzhou Cement Co Ltd [100.0%],integrated,1.53,operating,GCCT,GCCT,Cement and Concrete,n/a
cement,P100000124589,Minhe Qilianshan Cement Co Ltd Cement Plant,民和祁连山水泥有限公司 (Chinese),Minhe Qilianshan Cement Co Ltd [100.0%],China;,Qinghai,operating,2003,0.7,0.7,0.7,0.73,dry,36.341062,102.811812,36.341062,102.811812,https://www.gem.wiki/Minhe_Qilianshan_Cement_Co_Ltd_Cement_Plant,no,"Qinghai, China",0.7,0.7,no,unknown,no,,民和祁连山水泥有限公司 (Chinese) [100%],exact,Minhe Qilianshan Cement Co Ltd Cement Plant,Minhe Qilianshan Cement Co Ltd [100.0%],integrated,0.7,operating,GCCT,GCCT,Cement and Concrete,n/a
cement,P100000124590,Mudanjiang River Cement Group Cement Plant,牡丹江水泥集团有限责任公司 (Chinese),Mudanjiang River Cement Group [100.0%],China;,Heilongjiang,retired,,2,2,2,>0,dry,44.42682,129.482342,44.42682,129.482342,https://www.gem.wiki/Mudanjiang_River_Cement_Group_Cement_Plant,no,"Heilongjiang, China",2,2,no,unknown,no,,牡丹江水泥集团有限责任公司 (Chinese) [100%],exact,Mudanjiang River Cement Group Cement Plant,Mudanjiang River Cement Group [100.0%],integrated,2.0,retired-plus,GCCT,GCCT,Cement and Concrete,n/a
cement,P100000124591,Qingshuihe County Mengxi Cement Co. Cement Plant,清水河县蒙西水泥有限公司 (Chinese),Qingshuihe County Mengxi Cement Co Ltd [100.0%],China;,Inner Mongolia,operating,2011,2,2,2,1.64,dry,39.922611,111.706638,39.922611,111.706638,https://www.gem.wiki/Qingshuihe_County_Mengxi_Cement_Co._Cement_Plant,no,"Inner Mongolia, China",2,2,no,opc,no,grey,清水河县蒙西水泥有限公司 (Chinese) [100%],exact,Qingshuihe County Mengxi Cement Co. Cement Plant,Qingshuihe County Mengxi Cement Co Ltd [100.0%],integrated,2.0,operating,GCCT,GCCT,Cement and Concrete,n/a
cement,P100000124592,Ningbo Kehuan New Building Materials Co Ltd Cement Plant,宁波科环新型建材股份有限公司 (Chinese),Ningbo Kehuan New Building Materials Co Ltd [100.0%],China;,Zhejiang,operating,,2,2,2,0.91,dry,30.064887,121.141022,30.064887,121.141022,https://www.gem.wiki/Ningbo_Kehuan_New_Building_Materials_Co_Ltd_Cement_Plant,no,"Zhejiang, China",2,2,no,unknown,no,,宁波科环新型建材股份有限公司 (Chinese) [100%],exact,Ningbo Kehuan New Building Materials Co Ltd Cement Plant,Ningbo Kehuan New Building Materials Co Ltd [100.0%],integrated,2.0,operating,GCCT,GCCT,Cement and Concrete,n/a
cement,P100000124594,Tianshui Qilianshan Cement Co. Cement Plant,天水祁连山水泥有限公司 (Chinese),Tianshui Qilianshan Cement Co Ltd [100.0%],China;,Gansu,operating,2019,2,2,2,1.39,dry,34.808107,104.764615,34.808107,104.764615,https://www.gem.wiki/Tianshui_Qilianshan_Cement_Co._Cement_Plant,no,"Gansu, China",2,2,no,opc,no,grey,天水祁连山水泥有限公司 (Chinese) [100%],exact,Tianshui Qilianshan Cement Co. Cement Plant,Tianshui Qilianshan Cement Co Ltd [100.0%],integrated,2.0,operating,GCCT,GCCT,Cement and Concrete,n/a
cement,P100000124595,Meizhou Ningjiang Cement Limited Company Meizhou Cement Plant,梅州宁江水泥有限公司 (Chinese),Meizhou Ningjiang Cement Co Ltd [100.0%],China;,Ningxia,operating,,1.5,1.5,1.5,1.25,dry,37.436024,105.635785,37.436024,105.635785,https://www.gem.wiki/Meizhou_Ningjiang_Cement_Limited_Company_Meizhou_Cement_Plant,no,"Ningxia, China",1.5,1.5,no,opc,no,grey,梅州宁江水泥有限公司 (Chinese) [100%],exact,Meizhou Ningjiang Cement Limited Company Meizhou Cement Plant,Meizhou Ningjiang Cement Co Ltd [100.0%],integrated,1.5,operating,GCCT,GCCT,Cement and Concrete,n/a
cement,P100000124596,Pangu Cement Group Corporation Cement Plant,盘固水泥集团有限公司 (Chinese),Pangu Cement Group Co Ltd [100.0%],China;,Jiangsu,operating,,5,5,5,>0,dry,31.720378,119.393717,31.720378,119.393717,https://www.gem.wiki/Pangu_Cement_Group_Corporation_Cement_Plant,no,"Jiangsu, China",5,5,no,unknown,no,,盘固水泥集团有限公司 (Chinese) [100%],exact,Pangu Cement Group Corporation Cement Plant,Pangu Cement Group Co Ltd [100.0%],integrated,5.0,operating,GCCT,GCCT,Cement and Concrete,n/a
cement,P100000124597,Hebei Jinyu Dingxin Cement Co Ltd Cement Plant 1,河北金隅鼎鑫水泥有限公司第三分公司 (Chinese),Hebei Jinyu Dingxin Cement Co Ltd [100.0%],China;,Hebei,operating,,1.23,1.23,1.23,3.65,dry,38.171953,114.218443,38.171953,114.218443,https://www.gem.wiki/Hebei_Jinyu_Dingxin_Cement_Co_Ltd_Cement_Plant_1,no,"Hebei, China",1.23,1.23,no,opc,no,grey,河北金隅鼎鑫水泥有限公司第三分公司 (Chinese) [100%],exact,Hebei Jinyu Dingxin Cement Co Ltd Cement Plant 1,Hebei Jinyu Dingxin Cement Co Ltd [100.0%],integrated,1.23,operating,GCCT,GCCT,Cement and Concrete,n/a
cement,P100000124598,"Dengta Tadong Cement Co.,Ltd. Cement Plant",灯塔市塔东水泥有限公司 (Chinese),Dengta Tadong Cement Co Ltd [100.0%],China;,Liaoning,operating,,1.2,1.2,1.2,n/a,n/a,41.355049,123.502592,41.355049,123.502592,"https://www.gem.wiki/Dengta_Tadong_Cement_Co.,Ltd._Cement_Plant",n/a,"Liaoning, China",1.2,1.2,n/a,unknown,n/a,,灯塔市塔东水泥有限公司 (Chinese) [100%],exact,"Dengta Tadong Cement Co.,Ltd. Cement Plant",Dengta Tadong Cement Co Ltd [100.0%],grinding,1.2,operating,GCCT,GCCT,Cement and Concrete,n/a
cement,P100000124599,Qinghai Cement Company Limited Cement Plant,青海水泥股份有限公司 (Chinese),Qinghai Cement Co Ltd [100.0%],China;,Qinghai,operating,,1,1,1,>0,dry,36.903221,101.741715,36.903221,101.741715,https://www.gem.wiki/Qinghai_Cement_Company_Limited_Cement_Plant,no,"Qinghai, China",1,1,no,opc,no,grey,青海水泥股份有限公司 (Chinese) [100%],exact,Qinghai Cement Company Limited Cement Plant,Qinghai Cement Co Ltd [100.0%],integrated,1.0,operating,GCCT,GCCT,Cement and Concrete,n/a
cement,P100000124600,Sichuan Easun Cement Group Co. Cement Plant,四川峨胜水泥集团股份有限公司 (Chinese),Sichuan Esheng Cement Group [100.0%],China;,Sichuan,operating,,12,12,12,>0,dry,29.476382,104.395483,29.476382,104.395483,https://www.gem.wiki/Sichuan_Easun_Cement_Group_Co._Cement_Plant,no,"Sichuan, China",12,12,no,opc,no,grey,四川峨胜水泥集团股份有限公司 (Chinese) [100%],exact,Sichuan Easun Cement Group Co. Cement Plant,Sichuan Esheng Cement Group [100.0%],integrated,12.0,operating,GCCT,GCCT,Cement and Concrete,n/a
cement,P100000124601,Zunyi Saide Cement Limited Company Cement Plant,遵义赛德水泥有限公司 (Chinese),Zunyi Saide Cement Co Ltd [100.0%],China;,Guizhou,operating,,1.05,1.05,1.05,>0,dry,27.606108,106.971585,27.606108,106.971585,https://www.gem.wiki/Zunyi_Saide_Cement_Limited_Company_Cement_Plant,no,"Guizhou, China",1.05,1.05,no,unknown,no,,遵义赛德水泥有限公司 (Chinese) [100%],exact,Zunyi Saide Cement Limited Company Cement Plant,Zunyi Saide Cement Co Ltd [100.0%],integrated,1.05,operating,GCCT,GCCT,Cement and Concrete,n/a
cement,P100000124602,"Xishui Saide Cement Co., Ltd. Cement Plant",习水赛德水泥有限公司 (Chinese),Xishui Saide Cement Co Ltd [100.0%],China;,Guizhou,operating,2004,1,1,1,0.91,dry,28.316772,106.257557,28.316772,106.257557,"https://www.gem.wiki/Xishui_Saide_Cement_Co.,_Ltd._Cement_Plant",no,"Guizhou, China",1,1,no,unknown,no,,习水赛德水泥有限公司 (Chinese) [100%],exact,"Xishui Saide Cement Co., Ltd. Cement Plant",Xishui Saide Cement Co Ltd [100.0%],integrated,1.0,operating,GCCT,GCCT,Cement and Concrete,n/a
cement,P100000124604,Shaanxi Society Cement Company Cement Plant,陕西社会水泥有限责任公司 (Chinese),Shaanxi Social Cement Co Ltd [100.0%],China;,Shaanxi,operating,,2,2,2,1.1,dry,34.200773,107.770744,34.200773,107.770744,https://www.gem.wiki/Shaanxi_Society_Cement_Company_Cement_Plant,no,"Shaanxi, China",2,2,no,opc,no,grey,陕西社会水泥有限责任公司 (Chinese) [100%],exact,Shaanxi Society Cement Company Cement Plant,Shaanxi Social Cement Co Ltd [100.0%],integrated,2.0,operating,GCCT,GCCT,Cement and Concrete,n/a
cement,P100000124605,Shaanxi Tongchuan Shengwei Special Type Cement Limited Company Cement Plant,陕西铜川声威特种水泥有限公司 (Chinese),Shaanxi Tongchuan Shengwei Special Cement Co Ltd [100.0%],China;,Shaanxi,operating,2011,1.2,1.2,1.2,0.91,dry,35.052998,109.049502,35.052998,109.049502,https://www.gem.wiki/Shaanxi_Tongchuan_Shengwei_Special_Type_Cement_Limited_Company_Cement_Plant,no,"Shaanxi, China",1.2,1.2,no,opc,no,grey,陕西铜川声威特种水泥有限公司 (Chinese) [100%],exact,Shaanxi Tongchuan Shengwei Special Type Cement Limited Company Cement Plant,Shaanxi Tongchuan Shengwei Special Cement Co Ltd [100.0%],integrated,1.2,operating,GCCT,GCCT,Cement and Concrete,n/a
cement,P100000124606,Shandong Baoshan Biological Cement Company Limited Cement Plant,山东宝山生态建材有限公司 (Chinese),Shandong Baoshan Ecological Building Materials Co Ltd [100.0%],China;,Shandong,retired,,1.01,1.01,1.01,>0,dry,36.819271,118.084607,36.819271,118.084607,https://www.gem.wiki/Shandong_Baoshan_Biological_Cement_Company_Limited_Cement_Plant,no,"Shandong, China",1.01,1.01,no,unknown,no,,山东宝山生态建材有限公司 (Chinese) [100%],exact,Shandong Baoshan Biological Cement Company Limited Cement Plant,Shandong Baoshan Ecological Building Materials Co Ltd [100.0%],integrated,1.01,retired-plus,GCCT,GCCT,Cement and Concrete,n/a
cement,P100000124607,Shandong Quanxing Cement Limited Company Cement Plant,山东泉兴水泥有限公司 (Chinese),Shandong Quanxing Cement [100.0%],China;,Shandong,operating,,2.39,2.39,2.39,1.24,dry,34.515155,117.495078,34.515155,117.495078,https://www.gem.wiki/Shandong_Quanxing_Cement_Limited_Company_Cement_Plant,no,"Shandong, China",2.39,2.39,no,opc,no,grey,山东泉兴水泥有限公司 (Chinese) [100%],exact,Shandong Quanxing Cement Limited Company Cement Plant,Shandong Quanxing Cement [100.0%],integrated,2.39,operating,GCCT,GCCT,Cement and Concrete,n/a
cement,P100000124608,"Zibo Zhongchang Special Cement Co.,Ltd. Cement Plant",淄博中昌特种水泥有限公司 (Chinese),Zibo Zhongchang Special Cement Co Ltd [100.0%],China;,Shandong,operating,,3.43,3.43,3.43,>0,dry,36.735359,118.097083,36.735359,118.097083,"https://www.gem.wiki/Zibo_Zhongchang_Special_Cement_Co.,Ltd._Cement_Plant",no,"Shandong, China",3.43,3.43,no,blended,no,grey,淄博中昌特种水泥有限公司 (Chinese) [100%],exact,"Zibo Zhongchang Special Cement Co.,Ltd. Cement Plant",Zibo Zhongchang Special Cement Co Ltd [100.0%],integrated,3.43,operating,GCCT,GCCT,Cement and Concrete,n/a
cement,P100000124609,"Zaozhuang Innovation Shanshui Cement Co.,Ltd. Cement Plant",枣庄创新山水水泥有限公司 (Chinese),Zaozhuang Chuangxin Shanshui Cement Co Ltd [100.0%],China;,Shandong,operating,,1.63,1.63,1.63,>0,dry,34.523527,117.649026,34.523527,117.649026,"https://www.gem.wiki/Zaozhuang_Innovation_Shanshui_Cement_Co.,Ltd._Cement_Plant",no,"Shandong, China",1.63,1.63,no,unknown,no,,枣庄创新山水水泥有限公司 (Chinese) [100%],exact,"Zaozhuang Innovation Shanshui Cement Co.,Ltd. Cement Plant",Zaozhuang Chuangxin Shanshui Cement Co Ltd [100.0%],integrated,1.63,operating,GCCT,GCCT,Cement and Concrete,n/a
cement,P100000124613,"Sichuan Zizhong SW Cement Co.,Ltd. Cement Plant",四川资中西南水泥有限公司 (Chinese),Sichuan Zizhong Southwest Cement Co Ltd [100.0%],China;,Sichuan,operating,,1.05,1.05,1.05,>0,dry,29.742323,104.784537,29.742323,104.784537,"https://www.gem.wiki/Sichuan_Zizhong_SW_Cement_Co.,Ltd._Cement_Plant",no,"Sichuan, China",1.05,1.05,no,unknown,no,,四川资中西南水泥有限公司 (Chinese) [100%],exact,"Sichuan Zizhong SW Cement Co.,Ltd. Cement Plant",Sichuan Zizhong Southwest Cement Co Ltd [100.0%],integrated,1.05,operating,GCCT,GCCT,Cement and Concrete,n/a
cement,P100000124614,"Sichuan Huaying SW. Cement Co.,Ltd. Cement Plant",四川华蓥西南水泥有限公司 (Chinese),Sichuan Huaying Southwest Cement Co Ltd [100.0%],China;,Sichuan,operating,,1.41,1.41,1.41,>0,dry,30.394521,106.840045,30.394521,106.840045,"https://www.gem.wiki/Sichuan_Huaying_SW._Cement_Co.,Ltd._Cement_Plant",no,"Sichuan, China",1.41,1.41,no,unknown,no,,四川华蓥西南水泥有限公司 (Chinese) [100%],exact,"Sichuan Huaying SW. Cement Co.,Ltd. Cement Plant",Sichuan Huaying Southwest Cement Co Ltd [100.0%],integrated,1.41,operating,GCCT,GCCT,Cement and Concrete,n/a
cement,P100000124615,Sichuan Guang'an Guixing Cement Limited Company Cement Plant,四川省广安桂兴水泥有限公司 (Chinese),Sichuan Guang'an Guixing Cement [100.0%],China;,Sichuan,operating,,2.08,2.08,2.08,>0,dry,30.467873,106.901423,30.467873,106.901423,https://www.gem.wiki/Sichuan_Guang'an_Guixing_Cement_Limited_Company_Cement_Plant,no,"Sichuan, China",2.08,2.08,no,opc,no,grey,四川省广安桂兴水泥有限公司 (Chinese) [100%],exact,Sichuan Guang'an Guixing Cement Limited Company Cement Plant,Sichuan Guang'an Guixing Cement [100.0%],integrated,2.08,operating,GCCT,GCCT,Cement and Concrete,n/a
cement,P100000124616,"Sichuan Hongya Yasen Cement Co.,Ltd. Cement Plant",四川省洪雅雅森水泥有限责任公司 (Chinese),Sichuan Hongya Yasen Cement Co Ltd [100.0%],China;,Sichuan,operating,2009,1.8,1.8,1.8,1.83,dry,29.924718,103.396921,29.924718,103.396921,"https://www.gem.wiki/Sichuan_Hongya_Yasen_Cement_Co.,Ltd._Cement_Plant",no,"Sichuan, China",1.8,1.8,no,opc,no,grey,四川省洪雅雅森水泥有限责任公司 (Chinese) [100%],exact,"Sichuan Hongya Yasen Cement Co.,Ltd. Cement Plant",Sichuan Hongya Yasen Cement Co Ltd [100.0%],integrated,1.8,operating,GCCT,GCCT,Cement and Concrete,n/a
cement,P100000124617,Sichuan Hongyun Building Materials Limited Company Guangan Plant,n/a,Sichuan Hongyun Building Materials Co Ltd [unknown%],China;,Sichuan,operating,,1.39,1.39,1.39,unknown,dry,30.344727,106.762879,30.344727,106.762879,https://www.gem.wiki/Sichuan_Hongyun_Building_Materials_Limited_Company_Guangan_Plant,,"Sichuan, China",1.39,1.39,,unknown,,,unknown,exact,Sichuan Hongyun Building Materials Limited Company Guangan Plant,Sichuan Hongyun Building Materials Co Ltd [unknown%],integrated,1.39,operating,GCCT,GCCT,Cement and Concrete,n/a
cement,P100000124618,Sichuan Gandharan BMW Cement Co. Cement Plant,四川省犍为宝马水泥有限责任公司 (Chinese),Sichuan Gandharan BMW Cement Co Ltd [100.0%],China;,Sichuan,operating,2009,1,1,1,0.91,dry,29.233457,103.900304,29.233457,103.900304,https://www.gem.wiki/Sichuan_Gandharan_BMW_Cement_Co._Cement_Plant,no,"Sichuan, China",1,1,no,opc,no,grey,四川省犍为宝马水泥有限责任公司 (Chinese) [100%],exact,Sichuan Gandharan BMW Cement Co. Cement Plant,Sichuan Gandharan BMW Cement Co Ltd [100.0%],integrated,1.0,operating,GCCT,GCCT,Cement and Concrete,n/a
cement,P100000124619,Sichuan Emei Mountain Foguang Cement Limited Company Cement Plant,四川峨眉山佛光水泥有限公司 (Chinese),Sichuan Emeishan Foguang Cement Co Ltd [100.0%],China;,Sichuan,operating,,2.4,2.4,2.4,1.8,dry,29.491246,103.511867,29.491246,103.511867,https://www.gem.wiki/Sichuan_Emei_Mountain_Foguang_Cement_Limited_Company_Cement_Plant,no,"Sichuan, China",2.4,2.4,no,unknown,no,,四川峨眉山佛光水泥有限公司 (Chinese) [100%],exact,Sichuan Emei Mountain Foguang Cement Limited Company Cement Plant,Sichuan Emeishan Foguang Cement Co Ltd [100.0%],integrated,2.4,operating,GCCT,GCCT,Cement and Concrete,n/a
cement,P100000124620,Sichuan Liwanbu Sen Cement Limited Company Cement Plant,四川利万步森水泥有限公司 (Chinese),Sichuan Liwanbu Sen Cement Co Ltd [100.0%],China;,Sichuan,operating,,1.54,1.54,1.54,>0,dry,30.065027,106.751738,30.065027,106.751738,https://www.gem.wiki/Sichuan_Liwanbu_Sen_Cement_Limited_Company_Cement_Plant,no,"Sichuan, China",1.54,1.54,no,opc,no,grey,四川利万步森水泥有限公司 (Chinese) [100%],exact,Sichuan Liwanbu Sen Cement Limited Company Cement Plant,Sichuan Liwanbu Sen Cement Co Ltd [100.0%],integrated,1.54,operating,GCCT,GCCT,Cement and Concrete,n/a
cement,P100000124622,Sichuan Deyang Jin Bajiao Cement Limited Company Cement Plant,四川德阳金八角水泥有限公司 (Chinese),Sichuan Deyang Jin Bajiao Cement Co Ltd [100.0%],China;,Sichuan,operating,,2.52,2.52,2.52,>0,dry,31.318555,104.522271,31.318555,104.522271,https://www.gem.wiki/Sichuan_Deyang_Jin_Bajiao_Cement_Limited_Company_Cement_Plant,no,"Sichuan, China",2.52,2.52,no,opc,no,grey,四川德阳金八角水泥有限公司 (Chinese) [100%],exact,Sichuan Deyang Jin Bajiao Cement Limited Company Cement Plant,Sichuan Deyang Jin Bajiao Cement Co Ltd [100.0%],integrated,2.52,operating,GCCT,GCCT,Cement and Concrete,n/a
cement,P100000124623,"Huidong Lisen Cement Co.,Ltd. Cement Plant",会东利森水泥有限公司 (Chinese),Huidong Lisen Cement Co Ltd [100.0%],China;,Sichuan,operating,,1.33,1.33,1.33,>0,dry,26.639871,102.6106,26.639871,102.6106,"https://www.gem.wiki/Huidong_Lisen_Cement_Co.,Ltd._Cement_Plant",no,"Sichuan, China",1.33,1.33,no,opc,no,grey,会东利森水泥有限公司 (Chinese) [100%],exact,"Huidong Lisen Cement Co.,Ltd. Cement Plant",Huidong Lisen Cement Co Ltd [100.0%],integrated,1.33,operating,GCCT,GCCT,Cement and Concrete,n/a
cement,P100000124624,Garze Autonomous Region Luding Bridge Cement Limited Company Cement Plant,甘孜藏族自治州泸定桥水泥有限公司 (Chinese),Garze Autonomous Region Luding Bridge Cement Co Ltd [100.0%],China;,Sichuan,operating,2009,0.6,0.6,0.6,n/a,n/a,29.757563,102.237912,29.757563,102.237912,https://www.gem.wiki/Garze_Autonomous_Region_Luding_Bridge_Cement_Limited_Company_Cement_Plant,n/a,"Sichuan, China",0.6,0.6,n/a,unknown,n/a,,甘孜藏族自治州泸定桥水泥有限公司 (Chinese) [100%],exact,Garze Autonomous Region Luding Bridge Cement Limited Company Cement Plant,Garze Autonomous Region Luding Bridge Cement Co Ltd [100.0%],grinding,0.6,operating,GCCT,GCCT,Cement and Concrete,n/a
cement,P100000124625,"Sichuan Yaan Westsouth Cement Co.,Ltd. Cement Plant",四川雅安西南水泥有限公司 (Chinese),Sichuan Yaan Westsouth Cement Co Ltd [100.0%],China;,Sichuan,operating,,1.07,1.07,1.07,>0,dry,30.083042,102.731675,30.083042,102.731675,"https://www.gem.wiki/Sichuan_Yaan_Westsouth_Cement_Co.,Ltd._Cement_Plant",no,"Sichuan, China",1.07,1.07,no,unknown,no,,四川雅安西南水泥有限公司 (Chinese) [100%],exact,"Sichuan Yaan Westsouth Cement Co.,Ltd. Cement Plant",Sichuan Yaan Westsouth Cement Co Ltd [100.0%],integrated,1.07,operating,GCCT,GCCT,Cement and Concrete,n/a
cement,P100000124642,Sihui Junma Cement Limited Company Cement Plant,四会市骏马水泥有限公司 (Chinese),Sihui Junma Cement Co Ltd [100.0%],China;,Guangdong,operating,,1.8,1.8,1.8,1.1,dry,23.231542,112.818221,23.231542,112.818221,https://www.gem.wiki/Sihui_Junma_Cement_Limited_Company_Cement_Plant,no,"Guangdong, China",1.8,1.8,no,unknown,no,,四会市骏马水泥有限公司 (Chinese) [100%],exact,Sihui Junma Cement Limited Company Cement Plant,Sihui Junma Cement Co Ltd [100.0%],integrated,1.8,operating,GCCT,GCCT,Cement and Concrete,n/a
cement,P100000124643,Yunnan Pu'er Southwest Cement Co. Cement Plant,云南普洱西南水泥有限公司 (Chinese),Yunnan Pu'er Xinan Cement Co Ltd [100.0%],China;,Yunnan,operating,,2.1,2.1,2.1,0.6,dry,22.779399,100.881431,22.779399,100.881431,https://www.gem.wiki/Yunnan_Pu'er_Southwest_Cement_Co._Cement_Plant,no,"Yunnan, China",2.1,2.1,no,opc,no,grey,云南普洱西南水泥有限公司 (Chinese) [100%],exact,Yunnan Pu'er Southwest Cement Co. Cement Plant,Yunnan Pu'er Xinan Cement Co Ltd [100.0%],integrated,2.1,operating,GCCT,GCCT,Cement and Concrete,n/a
cement,P100000124644,"Xintianshan Cement Co., Ltd. Cement Plant",哈密新天山水泥有限责任公司 (Chinese),Hami Xintianshan Cement Co Ltd [100.0%],China;,Xinjiang,retired,,,not found,,>0,dry,42.71127,93.440598,42.71127,93.440598,"https://www.gem.wiki/Xintianshan_Cement_Co.,_Ltd._Cement_Plant",no,"Xinjiang, China",,,no,unknown,no,,哈密新天山水泥有限责任公司 (Chinese) [100%],exact,"Xintianshan Cement Co., Ltd. Cement Plant",Hami Xintianshan Cement Co Ltd [100.0%],integrated,1.5719178536863079,retired-plus,GCCT,GCCT,Cement and Concrete,
cement,P100000124645,Xinjiang Hejing Tianshan Cement Co. Cement Plant,新疆和静天山水泥有限责任公司 (Chinese),Xinjiang Hejing Tianshan Cement Co Ltd [100.0%],China;,Xinjiang,operating,,3.23,3.23,3.23,>0,dry,42.394365,86.309503,42.394365,86.309503,https://www.gem.wiki/Xinjiang_Hejing_Tianshan_Cement_Co._Cement_Plant,no,"Xinjiang, China",3.23,3.23,no,opc,no,grey,新疆和静天山水泥有限责任公司 (Chinese) [100%],exact,Xinjiang Hejing Tianshan Cement Co. Cement Plant,Xinjiang Hejing Tianshan Cement Co Ltd [100.0%],integrated,3.23,operating,GCCT,GCCT,Cement and Concrete,n/a
cement,P100000124646,Pingliang Qilianshan Cement Limited Company Cement Plant,平凉祁连山水泥有限公司 (Chinese),Pingliang Qilianshan Cement Co Ltd [100.0%],China;,Gansu,operating,,1.51,1.51,1.51,>0,dry,35.480253,106.840563,35.480253,106.840563,https://www.gem.wiki/Pingliang_Qilianshan_Cement_Limited_Company_Cement_Plant,no,"Gansu, China",1.51,1.51,no,opc,no,grey,平凉祁连山水泥有限公司 (Chinese) [100%],exact,Pingliang Qilianshan Cement Limited Company Cement Plant,Pingliang Qilianshan Cement Co Ltd [100.0%],integrated,1.51,operating,GCCT,GCCT,Cement and Concrete,n/a
cement,P100000124647,"Xinjiang Mi Dongtianshan Cement Co., Ltd. Cement Plant",新疆米东天山水泥有限责任公司 (Chinese),Xinjiang Midong Tianshan Cement Co Ltd [100.0%],China;,Xinjiang,operating,2008,2.39,2.39,2.39,0.48,dry,43.94182,87.657838,43.94182,87.657838,"https://www.gem.wiki/Xinjiang_Mi_Dongtianshan_Cement_Co.,_Ltd._Cement_Plant",no,"Xinjiang, China",2.39,2.39,no,unknown,no,,新疆米东天山水泥有限责任公司 (Chinese) [100%],exact,"Xinjiang Mi Dongtianshan Cement Co., Ltd. Cement Plant",Xinjiang Midong Tianshan Cement Co Ltd [100.0%],integrated,2.39,operating,GCCT,GCCT,Cement and Concrete,n/a
cement,P100000124648,Liyang Tianshan Cement Co. Cement Plant,溧阳天山水泥有限公司 (Chinese),Liyang Tianshan Cement Co [100.0%],China;,Jiangsu,operating,,1.52,1.52,1.52,>0,dry,31.482348,119.232616,31.482348,119.232616,https://www.gem.wiki/Liyang_Tianshan_Cement_Co._Cement_Plant,no,"Jiangsu, China",1.52,1.52,no,opc,no,grey,溧阳天山水泥有限公司 (Chinese) [100%],exact,Liyang Tianshan Cement Co. Cement Plant,Liyang Tianshan Cement Co [100.0%],integrated,1.52,operating,GCCT,GCCT,Cement and Concrete,n/a
cement,P100000124649,Qinghai Qilianshan Cement Limited Company Cement Plant,青海祁连山水泥有限公司 (Chinese),Qinghai Qilianshan Cement Co Ltd [100.0%],China;,Qinghai,operating,,3.8,3.8,3.8,2.74,dry,36.440268,101.602884,36.440268,101.602884,https://www.gem.wiki/Qinghai_Qilianshan_Cement_Limited_Company_Cement_Plant,no,"Qinghai, China",3.8,3.8,no,unknown,no,,青海祁连山水泥有限公司 (Chinese) [100%],exact,Qinghai Qilianshan Cement Limited Company Cement Plant,Qinghai Qilianshan Cement Co Ltd [100.0%],integrated,3.8,operating,GCCT,GCCT,Cement and Concrete,n/a
cement,P100000124651,"Songzi Jingsong Cement Co.,Ltd. Cement Plant",松滋市荆松水泥有限责任公司 (Chinese),Songzi Jingsong Cement Co Ltd [100.0%],China;,Hubei,retired,,1.09,1.09,1.09,>0,dry,30.066305,111.478324,30.066305,111.478324,"https://www.gem.wiki/Songzi_Jingsong_Cement_Co.,Ltd._Cement_Plant",no,"Hubei, China",1.09,1.09,no,unknown,no,,松滋市荆松水泥有限责任公司 (Chinese) [100%],exact,"Songzi Jingsong Cement Co.,Ltd. Cement Plant",Songzi Jingsong Cement Co Ltd [100.0%],integrated,1.09,retired-plus,GCCT,GCCT,Cement and Concrete,n/a
cement,P100000124652,Hainan Changjiang Conch Cement Co. Cement Plant,海南昌江海螺水泥有限公司 (Chinese),Hainan Changjiang Conch Cement Co [100.0%],China;,Hainan,operating,,2.2,2.2,2.2,1.8,dry,19.236266,108.943118,19.236266,108.943118,https://www.gem.wiki/Hainan_Changjiang_Conch_Cement_Co._Cement_Plant,no,"Hainan, China",2.2,2.2,no,opc,no,grey,海南昌江海螺水泥有限公司 (Chinese) [100%],exact,Hainan Changjiang Conch Cement Co. Cement Plant,Hainan Changjiang Conch Cement Co [100.0%],integrated,2.2,operating,GCCT,GCCT,Cement and Concrete,n/a
cement,P100000124655,"Taiyuan Shitou Co., Ltd. Cement Plant",太原狮头水泥有限公司 (Chinese),Taiyuan Shitou Cement Co Ltd [100.0%],China;,Shanxi,operating,2014,2,2,2,1.83,dry,37.877287,112.406201,37.877287,112.406201,"https://www.gem.wiki/Taiyuan_Shitou_Co.,_Ltd._Cement_Plant",no,"Shanxi, China",2,2,no,opc,no,grey,太原狮头水泥有限公司 (Chinese) [100%],exact,"Taiyuan Shitou Co., Ltd. Cement Plant",Taiyuan Shitou Cement Co Ltd [100.0%],integrated,2.0,operating,GCCT,GCCT,Cement and Concrete,n/a
cement,P100000124656,Zhihai Enterprise Group Yuji Cement Co. Cement Plant,智海企业集团榆次水泥有限公司 (Chinese),Zhihai Enterprise Group Yuci Cement Co Ltd [100.0%],China;,Shanxi,operating,2004,2.1,2.1,2.1,1.7,dry,37.813566,112.739482,37.813566,112.739482,https://www.gem.wiki/Zhihai_Enterprise_Group_Yuji_Cement_Co._Cement_Plant,no,"Shanxi, China",2.1,2.1,no,opc,no,grey,智海企业集团榆次水泥有限公司 (Chinese) [100%],exact,Zhihai Enterprise Group Yuji Cement Co. Cement Plant,Zhihai Enterprise Group Yuci Cement Co Ltd [100.0%],integrated,2.1,operating,GCCT,GCCT,Cement and Concrete,n/a
cement,P100000124657,"Sanmenxia Tengyue Tongli Cement Co., Ltd. Cement Plant",三门峡腾跃同力水泥有限公司 (Chinese),Sanmenxia Tengyue Tongli Cement Co Ltd [100.0%],China;,Henan,operating,,1.78,1.78,1.78,>0,dry,34.783814,111.922144,34.783814,111.922144,"https://www.gem.wiki/Sanmenxia_Tengyue_Tongli_Cement_Co.,_Ltd._Cement_Plant",no,"Henan, China",1.78,1.78,no,opc,no,grey,三门峡腾跃同力水泥有限公司 (Chinese) [100%],exact,"Sanmenxia Tengyue Tongli Cement Co., Ltd. Cement Plant",Sanmenxia Tengyue Tongli Cement Co Ltd [100.0%],integrated,1.78,operating,GCCT,GCCT,Cement and Concrete,n/a
cement,P100000124658,"Weihui Wangshi Cement Co.,Ltd. Cement Plant 1",卫辉王氏水泥有限公司 (Chinese),Weihui Wangshi Cement Co Ltd [100.0%],China;,Henan,operating,,2.87,2.87,2.87,n/a,n/a,35.445524,114.025604,35.445524,114.025604,"https://www.gem.wiki/Weihui_Wangshi_Cement_Co.,Ltd._Cement_Plant_1",n/a,"Henan, China",2.87,2.87,n/a,unknown,n/a,,卫辉王氏水泥有限公司 (Chinese) [100%],exact,"Weihui Wangshi Cement Co.,Ltd. Cement Plant 1",Weihui Wangshi Cement Co Ltd [100.0%],grinding,2.87,operating,GCCT,GCCT,Cement and Concrete,n/a
cement,P100000124660,Wuhu Southern Cement Co. Cement Plant 2,n/a,Wuhu Nanfang Cement Co Ltd [unknown%],China;,Anhui,operating,,1.97,1.97,1.97,unknown,dry,31.133297,118.015041,31.133297,118.015041,https://www.gem.wiki/Wuhu_Southern_Cement_Co._Cement_Plant_2,,"Anhui, China",1.97,1.97,,unknown,,,unknown,exact,Wuhu Southern Cement Co. Cement Plant 2,Wuhu Nanfang Cement Co Ltd [unknown%],integrated,1.97,operating,GCCT,GCCT,Cement and Concrete,n/a
cement,P100000124661,Wuhu Southern Cement Co. Cement Plant 1,芜湖南方水泥有限公司 (Chinese),Wuhu Nanfang Cement Co Ltd [100.0%],China;,Anhui,operating,2005,1.08,1.08,1.08,4.56,dry,31.147839,118.007633,31.147839,118.007633,https://www.gem.wiki/Wuhu_Southern_Cement_Co._Cement_Plant_1,no,"Anhui, China",1.08,1.08,no,opc,no,grey,芜湖南方水泥有限公司 (Chinese) [100%],exact,Wuhu Southern Cement Co. Cement Plant 1,Wuhu Nanfang Cement Co Ltd [100.0%],integrated,1.08,operating,GCCT,GCCT,Cement and Concrete,n/a
cement,P100000124662,Hubei Yongxing Cement Co. Cement Plant,湖北永兴水泥有限公司 (Chinese),Hubei Yongxing Cement Co [100.0%],China;,Hubei,retired,,,not found,,>0,dry,30.954477,113.181545,30.954477,113.181545,https://www.gem.wiki/Hubei_Yongxing_Cement_Co._Cement_Plant,no,"Hubei, China",,,no,unknown,no,,湖北永兴水泥有限公司 (Chinese) [100%],exact,Hubei Yongxing Cement Co. Cement Plant,Hubei Yongxing Cement Co [100.0%],integrated,1.5719178536863079,retired-plus,GCCT,GCCT,Cement and Concrete,
cement,P100000124663,"Qujing Xuanwei Yuheng Cement Co.,Ltd. Cement Plant",曲靖市宣威宇恒水泥有限公司 (Chinese),Qujing Xuanwei Yuheng Cement Co Ltd [100.0%],China;,Yunnan,operating,,2,2,2,>0,dry,26.188783,104.126264,26.188783,104.126264,"https://www.gem.wiki/Qujing_Xuanwei_Yuheng_Cement_Co.,Ltd._Cement_Plant",no,"Yunnan, China",2,2,no,opc,no,grey,曲靖市宣威宇恒水泥有限公司 (Chinese) [100%],exact,"Qujing Xuanwei Yuheng Cement Co.,Ltd. Cement Plant",Qujing Xuanwei Yuheng Cement Co Ltd [100.0%],integrated,2.0,operating,GCCT,GCCT,Cement and Concrete,n/a
cement,P100000124664,Yunnan Yongbao Special Cement Co. Cement Plant,云南永保特种水泥有限责任公司 (Chinese),Yunnan Yongbao Special Cement Co Ltd [100.0%],China;,Yunnan,operating,,2,2,2,>0,dry,26.348064,100.634499,26.348064,100.634499,https://www.gem.wiki/Yunnan_Yongbao_Special_Cement_Co._Cement_Plant,no,"Yunnan, China",2,2,no,unknown,no,,云南永保特种水泥有限责任公司 (Chinese) [100%],exact,Yunnan Yongbao Special Cement Co. Cement Plant,Yunnan Yongbao Special Cement Co Ltd [100.0%],integrated,2.0,operating,GCCT,GCCT,Cement and Concrete,n/a
cement,P100000124665,Yunnan Zhuangshan Industrial Co. Cement Plant,云南壮山实业股份有限公司 (Chinese),Yunnan Zhuangshan Industrial Co Ltd [100.0%],China;,Yunnan,operating,,2.4,2.4,2.4,1.64,dry,23.360661,104.218378,23.360661,104.218378,https://www.gem.wiki/Yunnan_Zhuangshan_Industrial_Co._Cement_Plant,no,"Yunnan, China",2.4,2.4,no,unknown,no,,云南壮山实业股份有限公司 (Chinese) [100%],exact,Yunnan Zhuangshan Industrial Co. Cement Plant,Yunnan Zhuangshan Industrial Co Ltd [100.0%],integrated,2.4,operating,GCCT,GCCT,Cement and Concrete,n/a
cement,P100000124666,Pucheng （Zaozhuang） Cement Limited Company Cement Plant,葡诚（枣庄）水泥有限公司 (Chinese),Pucheng (Zaozhuang) Cement Co Ltd [100.0%],China;,Shandong,operating,2010,2.2,2.2,2.2,1.85,dry,34.977981,117.479172,34.977981,117.479172,https://www.gem.wiki/Pucheng_（Zaozhuang）_Cement_Limited_Company_Cement_Plant,no,"Shandong, China",2.2,2.2,no,unknown,no,,葡诚（枣庄）水泥有限公司 (Chinese) [100%],exact,Pucheng （Zaozhuang） Cement Limited Company Cement Plant,Pucheng (Zaozhuang) Cement Co Ltd [100.0%],integrated,2.2,operating,GCCT,GCCT,Cement and Concrete,n/a
cement,P100000124667,Zhaoshan Xinxing Group Zhejiang Yunshi Cement Co. Cement Plant,兆山新星集团浙江云石水泥有限公司 (Chinese),Zhaoshan Xinxing Group Zhejiang Yunshi Cement Co Ltd [100.0%],China;,Zhejiang,operating,,1.53,1.53,1.53,n/a,n/a,29.840774,120.157322,29.840774,120.157322,https://www.gem.wiki/Zhaoshan_Xinxing_Group_Zhejiang_Yunshi_Cement_Co._Cement_Plant,n/a,"Zhejiang, China",1.53,1.53,n/a,unknown,n/a,,兆山新星集团浙江云石水泥有限公司 (Chinese) [100%],exact,Zhaoshan Xinxing Group Zhejiang Yunshi Cement Co. Cement Plant,Zhaoshan Xinxing Group Zhejiang Yunshi Cement Co Ltd [100.0%],grinding,1.53,operating,GCCT,GCCT,Cement and Concrete,n/a
cement,P100000124668,Jiangxi Xingguo Southern Cement Co. Cement Plant,江西兴国南方水泥有限公司 (Chinese),Jiangxi Xingguo Southern Cement Co [100.0%],China;,Jiangxi,operating,,2.04,2.04,2.04,>0,dry,26.398324,115.772449,26.398324,115.772449,https://www.gem.wiki/Jiangxi_Xingguo_Southern_Cement_Co._Cement_Plant,no,"Jiangxi, China",2.04,2.04,no,unknown,no,,江西兴国南方水泥有限公司 (Chinese) [100%],exact,Jiangxi Xingguo Southern Cement Co. Cement Plant,Jiangxi Xingguo Southern Cement Co [100.0%],integrated,2.04,operating,GCCT,GCCT,Cement and Concrete,n/a
cement,P100000124669,"Quzhou South Cement Co.,Ltd. Cement Plant",衢州南方水泥有限公司 (Chinese),Quzhou Nanfang Cement Co Ltd [100.0%],China;,Zhejiang,retired,,1,1,1,>0,dry,28.688992,118.549415,28.688992,118.549415,"https://www.gem.wiki/Quzhou_South_Cement_Co.,Ltd._Cement_Plant",no,"Zhejiang, China",1,1,no,unknown,no,,衢州南方水泥有限公司 (Chinese) [100%],exact,"Quzhou South Cement Co.,Ltd. Cement Plant",Quzhou Nanfang Cement Co Ltd [100.0%],integrated,1.0,retired-plus,GCCT,GCCT,Cement and Concrete,n/a
cement,P100000124670,Fujian Huohong Cement Co. Sanming Plant,n/a,Fujian Huohong Cement Co Ltd [unknown%],China;,Fujian,operating,,2.08,2.08,2.08,unknown,dry,26.285565,116.935316,26.285565,116.935316,https://www.gem.wiki/Fujian_Huohong_Cement_Co._Sanming_Plant,,"Fujian, China",2.08,2.08,,unknown,,,unknown,exact,Fujian Huohong Cement Co. Sanming Plant,Fujian Huohong Cement Co Ltd [unknown%],integrated,2.08,operating,GCCT,GCCT,Cement and Concrete,n/a
cement,P100000124671,Liudongshan Cement Jinhua Plant,n/a,Liudongshan Cement Factory [unknown%],China;,Zhejiang,operating,,1.5,1.5,1.5,unknown,dry,29.186592,119.518273,29.186592,119.518273,https://www.gem.wiki/Liudongshan_Cement_Jinhua_Plant,,"Zhejiang, China",1.5,1.5,,unknown,,,unknown,exact,Liudongshan Cement Jinhua Plant,Liudongshan Cement Factory [unknown%],integrated,1.5,operating,GCCT,GCCT,Cement and Concrete,n/a
cement,P100000124672,Fuyang Xukou South Cement Co. Hangzhou Plant,n/a,Fuyang Xukou South Cement Co Ltd [unknown%],China;,Zhejiang,operating,,1.47,1.47,1.47,unknown,dry,29.993451,119.676741,29.993451,119.676741,https://www.gem.wiki/Fuyang_Xukou_South_Cement_Co._Hangzhou_Plant,,"Zhejiang, China",1.47,1.47,,unknown,,,unknown,exact,Fuyang Xukou South Cement Co. Hangzhou Plant,Fuyang Xukou South Cement Co Ltd [unknown%],integrated,1.47,operating,GCCT,GCCT,Cement and Concrete,n/a
cement,P100000124673,Zhejiang Qijia Cement Limited Company Cement Plant,浙江齐家水泥有限公司 (Chinese),Zhejiang Qijia Cement Co Ltd [100.0%],China;,Zhejiang,retired,,1.5,1.5,1.5,>0,dry,30.608139,120.818497,30.608139,120.818497,https://www.gem.wiki/Zhejiang_Qijia_Cement_Limited_Company_Cement_Plant,no,"Zhejiang, China",1.5,1.5,no,unknown,no,,浙江齐家水泥有限公司 (Chinese) [100%],exact,Zhejiang Qijia Cement Limited Company Cement Plant,Zhejiang Qijia Cement Co Ltd [100.0%],integrated,1.5,retired-plus,GCCT,GCCT,Cement and Concrete,n/a
cement,P100000124674,Zhengzhou Coal Industry Group Longli Cement Co. Cement Plant,郑州煤炭工业集团龙力水泥有限责任公司 (Chinese),Zhengzhou Coal Industry Group Longli Cement Co Ltd [100.0%],China;,Henan,operating,,2.3,2.3,2.3,1.55,dry,34.523003,113.417567,34.523003,113.417567,https://www.gem.wiki/Zhengzhou_Coal_Industry_Group_Longli_Cement_Co._Cement_Plant,no,"Henan, China",2.3,2.3,no,unknown,no,,郑州煤炭工业集团龙力水泥有限责任公司 (Chinese) [100%],exact,Zhengzhou Coal Industry Group Longli Cement Co. Cement Plant,Zhengzhou Coal Industry Group Longli Cement Co Ltd [100.0%],integrated,2.3,operating,GCCT,GCCT,Cement and Concrete,n/a
cement,P100000124676,Meizhou Huashan Cement Co. Cement Plant,梅州市华山水泥有限公司 (Chinese),Meizhou Huashan Cement Co Ltd [100.0%],China;,Guangdong,operating,,0.008,>0,>0,>0,dry,24.73991,116.182574,24.73991,116.182574,https://www.gem.wiki/Meizhou_Huashan_Cement_Co._Cement_Plant,no,"Guangdong, China",0.008,0.008,no,unknown,no,,梅州市华山水泥有限公司 (Chinese) [100%],exact,Meizhou Huashan Cement Co. Cement Plant,Meizhou Huashan Cement Co Ltd [100.0%],integrated,0.008,operating,GCCT,GCCT,Cement and Concrete,n/a
cement,P100000124677,Yunnan Hongta Dianxi Cement Co. Cement Plant,云南红塔滇西水泥股份有限公司 (Chinese),Yunnan Hongta Dianxi Cement Co Ltd [100.0%],China;,Yunnan,operating,,1.1,1.1,1.1,0.9,dry,25.667275,100.333787,25.667275,100.333787,https://www.gem.wiki/Yunnan_Hongta_Dianxi_Cement_Co._Cement_Plant,no,"Yunnan, China",1.1,1.1,no,unknown,no,,云南红塔滇西水泥股份有限公司 (Chinese) [100%],exact,Yunnan Hongta Dianxi Cement Co. Cement Plant,Yunnan Hongta Dianxi Cement Co Ltd [100.0%],integrated,1.1,operating,GCCT,GCCT,Cement and Concrete,n/a
cement,P100000124678,Moucheng Cement Sanming Plant,n/a,Moucheng Cement [unknown%],China;,Fujian,operating,,1.69,1.69,1.69,unknown,dry,26.016208,117.327571,26.016208,117.327571,https://www.gem.wiki/Moucheng_Cement_Sanming_Plant,,"Fujian, China",1.69,1.69,,unknown,,,unknown,exact,Moucheng Cement Sanming Plant,Moucheng Cement [unknown%],integrated,1.69,operating,GCCT,GCCT,Cement and Concrete,n/a
cement,P100000124679,Sichuan Yunlian Southwest Cement Co. Cement Plant,四川筠连西南水泥有限公司 (Chinese),Sichuan Yunlian Southwest Cement [100.0%],China;,Sichuan,operating,2011,2,2,2,1.46,dry,28.118723,104.556073,28.118723,104.556073,https://www.gem.wiki/Sichuan_Yunlian_Southwest_Cement_Co._Cement_Plant,no,"Sichuan, China",2,2,no,opc,no,grey,四川筠连西南水泥有限公司 (Chinese) [100%],exact,Sichuan Yunlian Southwest Cement Co. Cement Plant,Sichuan Yunlian Southwest Cement [100.0%],integrated,2.0,operating,GCCT,GCCT,Cement and Concrete,n/a
cement,P100000124682,Ningxia Xixia Cement Co. Cement Plant,宁夏西夏水泥有限责任公司 (Chinese),Ningxia Xixia Cement Co [100.0%],China;,Ningxia,operating,,0.7,0.7,0.7,>0,dry,37.910847,105.971828,37.910847,105.971828,https://www.gem.wiki/Ningxia_Xixia_Cement_Co._Cement_Plant,no,"Ningxia, China",0.7,0.7,no,unknown,no,,宁夏西夏水泥有限责任公司 (Chinese) [100%],exact,Ningxia Xixia Cement Co. Cement Plant,Ningxia Xixia Cement Co [100.0%],integrated,0.7,operating,GCCT,GCCT,Cement and Concrete,n/a
cement,P100000124683,Jidong Cement Hebei Cement Plant,n/a,Tangshan Jidong Cement Co Ltd [unknown%],China;,Hebei,operating,,3.13,3.13,3.13,unknown,dry,39.857458,118.195767,39.857458,118.195767,https://www.gem.wiki/Jidong_Cement_Hebei_Cement_Plant,,"Hebei, China",3.13,3.13,,unknown,,,unknown,exact,Jidong Cement Hebei Cement Plant,Tangshan Jidong Cement Co Ltd [unknown%],integrated,3.13,operating,GCCT,GCCT,Cement and Concrete,n/a
cement,P100000124684,"Sichuan Province Guang'an Tengfei Huafeng Cement Co.,Ltd. Cement Plant",四川省广安腾飞华峰水泥有限公司前锋分公司 (Chinese),Sichuan Guang'an Tengfei Huafeng Cement Co Ltd Qianfeng Branch [100.0%],China;,Sichuan,retired,,,not found,,0.75,dry,30.464008,106.898896,30.464008,106.898896,"https://www.gem.wiki/Sichuan_Province_Guang'an_Tengfei_Huafeng_Cement_Co.,Ltd._Cement_Plant",no,"Sichuan, China",,,no,unknown,no,,四川省广安腾飞华峰水泥有限公司前锋分公司 (Chinese) [100%],exact,"Sichuan Province Guang'an Tengfei Huafeng Cement Co.,Ltd. Cement Plant",Sichuan Guang'an Tengfei Huafeng Cement Co Ltd Qianfeng Branch [100.0%],integrated,1.5719178536863079,retired-plus,GCCT,GCCT,Cement and Concrete,
cement,P100000124686,Guangdong Chuntan Cement Manufacturing Co. Cement Plant,广东春潭水泥制造有限公司 (Chinese),Guangdong Chuntan Cement Manufacturing Co [100.0%],China;,Guangdong,operating,,2.2,2.2,2.2,5.48,dry,22.087614,111.623528,22.087614,111.623528,https://www.gem.wiki/Guangdong_Chuntan_Cement_Manufacturing_Co._Cement_Plant,no,"Guangdong, China",2.2,2.2,no,blended,no,grey,广东春潭水泥制造有限公司 (Chinese) [100%],exact,Guangdong Chuntan Cement Manufacturing Co. Cement Plant,Guangdong Chuntan Cement Manufacturing Co [100.0%],integrated,2.2,operating,GCCT,GCCT,Cement and Concrete,n/a
cement,P100000124687,Pu'er City Jieli Cement Co. Cement Plant,普洱市接力水泥有限责任公司 (Chinese),Puer Jieli Cement Co Ltd [100.0%],China;,Yunnan,retired,,,not found,,>0,dry,22.630449,100.733924,22.630449,100.733924,https://www.gem.wiki/Pu'er_City_Jieli_Cement_Co._Cement_Plant,no,"Yunnan, China",,,no,unknown,no,,普洱市接力水泥有限责任公司 (Chinese) [100%],exact,Pu'er City Jieli Cement Co. Cement Plant,Puer Jieli Cement Co Ltd [100.0%],integrated,1.5719178536863079,retired-plus,GCCT,GCCT,Cement and Concrete,
cement,P100000124689,Beiliu Conch Cement Co. Cement Plant,北流海螺水泥有限责任公司 (Chinese),Beiliu Conch Cement Co [100.0%],China;,Guangxi,operating,2007,3.8,3.8,3.8,3.65,dry,22.76761,110.420734,22.76761,110.420734,https://www.gem.wiki/Beiliu_Conch_Cement_Co._Cement_Plant,no,"Guangxi, China",3.8,3.8,no,opc,no,grey,北流海螺水泥有限责任公司 (Chinese) [100%],exact,Beiliu Conch Cement Co. Cement Plant,Beiliu Conch Cement Co [100.0%],integrated,3.8,operating,GCCT,GCCT,Cement and Concrete,n/a
cement,P100000124691,Guangdong Guangxin Qingzhou Cement Co. Cement Plant,广东广信青洲水泥有限公司 (Chinese),Guangdong Guangxin Qingzhou Cement Co Ltd [100.0%],China;,Guangdong,operating,,1,1,1,>0,dry,23.027126,112.010304,23.027126,112.010304,https://www.gem.wiki/Guangdong_Guangxin_Qingzhou_Cement_Co._Cement_Plant,no,"Guangdong, China",1,1,no,opc,no,grey,广东广信青洲水泥有限公司 (Chinese) [100%],exact,Guangdong Guangxin Qingzhou Cement Co. Cement Plant,Guangdong Guangxin Qingzhou Cement Co Ltd [100.0%],integrated,1.0,operating,GCCT,GCCT,Cement and Concrete,n/a
cement,P100000124692,China Resources Cement (Pingnan) Limited Cement Plant,华润水泥(平南)有限公司 (Chinese),China Resources Cement (Pingnan) Ltd [100.0%],China;,Guangxi,operating,,0.008,>0,>0,>0,dry,23.497317,110.4958,23.497317,110.4958,https://www.gem.wiki/China_Resources_Cement_(Pingnan)_Limited_Cement_Plant,no,"Guangxi, China",0.008,0.008,no,opc,no,grey,华润水泥(平南)有限公司 (Chinese) [100%],exact,China Resources Cement (Pingnan) Limited Cement Plant,China Resources Cement (Pingnan) Ltd [100.0%],integrated,0.008,operating,GCCT,GCCT,Cement and Concrete,n/a
cement,P100000124693,Yunnan Xingjian Cement Limited Company Cement Plant,云南兴建水泥有限公司 (Chinese),Yunnan Xingjian Cement [100.0%],China;,Yunnan,operating,,1,1,1,0.73,dry,23.522652,104.368038,23.522652,104.368038,https://www.gem.wiki/Yunnan_Xingjian_Cement_Limited_Company_Cement_Plant,no,"Yunnan, China",1,1,no,unknown,no,,云南兴建水泥有限公司 (Chinese) [100%],exact,Yunnan Xingjian Cement Limited Company Cement Plant,Yunnan Xingjian Cement [100.0%],integrated,1.0,operating,GCCT,GCCT,Cement and Concrete,n/a
cement,P100000124694,Guangxi Denggao (Group) Tandong Cement Co. Cement Plant,广西登高(集团)田东水泥有限公司 (Chinese),Guangxi Denggao (Group) Tandong Cement Co Ltd [100.0%],China;,Guangxi,operating,2007,0.008,>0,>0,1.83,dry,23.553293,107.113657,23.553293,107.113657,https://www.gem.wiki/Guangxi_Denggao_(Group)_Tandong_Cement_Co._Cement_Plant,no,"Guangxi, China",0.008,0.008,no,unknown,no,,广西登高(集团)田东水泥有限公司 (Chinese) [100%],exact,Guangxi Denggao (Group) Tandong Cement Co. Cement Plant,Guangxi Denggao (Group) Tandong Cement Co Ltd [100.0%],integrated,0.008,operating,GCCT,GCCT,Cement and Concrete,n/a
cement,P100000124695,Huizhou Guangda Cement Enterprise Limited Company Cement Plant,惠州市光大水泥企业有限公司 (Chinese),Huizhou Guangda Cement Enterprise Co Ltd [100.0%],China;,Guangdong,operating,,0.008,>0,>0,6.2,dry,23.610516,114.204986,23.610516,114.204986,https://www.gem.wiki/Huizhou_Guangda_Cement_Enterprise_Limited_Company_Cement_Plant,no,"Guangdong, China",0.008,0.008,no,opc,no,grey,惠州市光大水泥企业有限公司 (Chinese) [100%],exact,Huizhou Guangda Cement Enterprise Limited Company Cement Plant,Huizhou Guangda Cement Enterprise Co Ltd [100.0%],integrated,0.008,operating,GCCT,GCCT,Cement and Concrete,n/a
cement,P100000124696,Honghezhou Ziyan Cement Co. Cement Plant,红河州紫燕水泥有限责任公司 (Chinese),Honghezhou Ziyan Cement Co [100.0%],China;,Yunnan,operating,,0.75,0.75,0.75,0.73,dry,23.613065,102.874699,23.613065,102.874699,https://www.gem.wiki/Honghezhou_Ziyan_Cement_Co._Cement_Plant,no,"Yunnan, China",0.75,0.75,no,unknown,no,,红河州紫燕水泥有限责任公司 (Chinese) [100%],exact,Honghezhou Ziyan Cement Co. Cement Plant,Honghezhou Ziyan Cement Co [100.0%],integrated,0.75,operating,GCCT,GCCT,Cement and Concrete,n/a
cement,P100000124697,Huizhou Guli Cement Group Cement Plant,惠州固力水泥集团有限公司 (Chinese),Huizhou Guli Cement Group [100.0%],China;,Guangdong,operating,,3,3,3,>0,dry,23.61707,114.389426,23.61707,114.389426,https://www.gem.wiki/Huizhou_Guli_Cement_Group_Cement_Plant,no,"Guangdong, China",3,3,no,opc,no,grey,惠州固力水泥集团有限公司 (Chinese) [100%],exact,Huizhou Guli Cement Group Cement Plant,Huizhou Guli Cement Group [100.0%],integrated,3.0,operating,GCCT,GCCT,Cement and Concrete,n/a
cement,P100000124699,"Guangxi Du'an Xijiang Yufeng Cement Co.,Ltd. Cement Plant",广西都安西江鱼峰水泥有限公司 (Chinese),Guangxi Du'an Xijiang Yufeng Cement Co Ltd [100.0%],China;,Guangxi,operating,2015,2.5,2.5,2.5,2.19,dry,23.846513,108.155668,23.846513,108.155668,"https://www.gem.wiki/Guangxi_Du'an_Xijiang_Yufeng_Cement_Co.,Ltd._Cement_Plant",no,"Guangxi, China",2.5,2.5,no,opc,no,grey,广西都安西江鱼峰水泥有限公司 (Chinese) [100%],exact,"Guangxi Du'an Xijiang Yufeng Cement Co.,Ltd. Cement Plant",Guangxi Du'an Xijiang Yufeng Cement Co Ltd [100.0%],integrated,2.5,operating,GCCT,GCCT,Cement and Concrete,n/a
cement,P100000124700,Dongyuan Huike Building Materials Development Company Cement Plant,东源辉科建材发展有限公司 (Chinese),Dongyuan Huike Building Materials Development Co [100.0%],China;,Guangdong,operating,2013,0.32,0.32,0.32,0.24,dry,24.077698,114.943212,24.077698,114.943212,https://www.gem.wiki/Dongyuan_Huike_Building_Materials_Development_Company_Cement_Plant,no,"Guangdong, China",0.32,0.32,no,opc,no,white,东源辉科建材发展有限公司 (Chinese) [100%],exact,Dongyuan Huike Building Materials Development Company Cement Plant,Dongyuan Huike Building Materials Development Co [100.0%],integrated,0.32,operating,GCCT,GCCT,Cement and Concrete,n/a
cement,P100000124701,Huaning Yuzhu Cement Co. Cement Plant,华宁玉珠水泥有限公司 (Chinese),Huaning Yuzhu Cement Co [100.0%],China;,Yunnan,operating,,0.008,>0,>0,1.5,dry,24.155044,102.926781,24.155044,102.926781,https://www.gem.wiki/Huaning_Yuzhu_Cement_Co._Cement_Plant,no,"Yunnan, China",0.008,0.008,no,unknown,no,,华宁玉珠水泥有限公司 (Chinese) [100%],exact,Huaning Yuzhu Cement Co. Cement Plant,Huaning Yuzhu Cement Co [100.0%],integrated,0.008,operating,GCCT,GCCT,Cement and Concrete,n/a
cement,P100000124702,Yunnan Huofa Group Liuzongqi Cement Limited Company Cement Plant,云南省活发集团刘总旗水泥有限公司 (Chinese),Yunnan Huofa Group Liuzongqi Cement Co Ltd [100.0%],China;,Yunnan,operating,,1.93,1.93,1.93,1.83,dry,24.385644,102.477604,24.385644,102.477604,https://www.gem.wiki/Yunnan_Huofa_Group_Liuzongqi_Cement_Limited_Company_Cement_Plant,no,"Yunnan, China",1.93,1.93,no,unknown,no,,云南省活发集团刘总旗水泥有限公司 (Chinese) [100%],exact,Yunnan Huofa Group Liuzongqi Cement Limited Company Cement Plant,Yunnan Huofa Group Liuzongqi Cement Co Ltd [100.0%],integrated,1.93,operating,GCCT,GCCT,Cement and Concrete,n/a
cement,P100000124703,Liuzhou Zhengling Luzhai Cement Co. Cement Plant,柳州正菱鹿寨水泥有限公司 (Chinese),Liuzhou Zhengling Luzhai Cement Co Ltd [100.0%],China;,Guangxi,operating,2009,0.008,>0,>0,1.46,dry,24.424933,109.679894,24.424933,109.679894,https://www.gem.wiki/Liuzhou_Zhengling_Luzhai_Cement_Co._Cement_Plant,no,"Guangxi, China",0.008,0.008,no,unknown,no,,柳州正菱鹿寨水泥有限公司 (Chinese) [100%],exact,Liuzhou Zhengling Luzhai Cement Co. Cement Plant,Liuzhou Zhengling Luzhai Cement Co Ltd [100.0%],integrated,0.008,operating,GCCT,GCCT,Cement and Concrete,n/a
cement,P100000124704,Meizhou Yanxuanyao Cement Limited Company Cement Plant,梅州市梅雁旋窑水泥有限公司 (Chinese),Meizhou Yanxuanyao Cement Co Ltd [100.0%],China;,Guangdong,operating,2002,0.008,>0,>0,>0,dry,24.430445,116.299005,24.430445,116.299005,https://www.gem.wiki/Meizhou_Yanxuanyao_Cement_Limited_Company_Cement_Plant,no,"Guangdong, China",0.008,0.008,no,unknown,no,,梅州市梅雁旋窑水泥有限公司 (Chinese) [100%],exact,Meizhou Yanxuanyao Cement Limited Company Cement Plant,Meizhou Yanxuanyao Cement Co Ltd [100.0%],integrated,0.008,operating,GCCT,GCCT,Cement and Concrete,n/a
cement,P100000124705,Guangdong Wengyuan Baoyuan Cement Factory Cement Plant,广东省翁源县宝源水泥厂 (Chinese),Guangdong Wengyuan Baoyuan Cement Factory [100.0%],China;,Guangdong,operating,,0.008,>0,>0,n/a,n/a,24.509663,113.674929,24.509663,113.674929,https://www.gem.wiki/Guangdong_Wengyuan_Baoyuan_Cement_Factory_Cement_Plant,n/a,"Guangdong, China",0.008,0.008,n/a,unknown,n/a,,广东省翁源县宝源水泥厂 (Chinese) [100%],exact,Guangdong Wengyuan Baoyuan Cement Factory Cement Plant,Guangdong Wengyuan Baoyuan Cement Factory [100.0%],grinding,0.008,operating,GCCT,GCCT,Cement and Concrete,n/a
cement,P100000124707,Yongding Shenlong Cement Limited Company Cement Plant,永定县深龙水泥有限公司 (Chinese),Yongding Shenlong Cement Co Ltd [100.0%],China;,Fujian,retired,,,not found,,>0,dry,24.878887,117.056094,24.878887,117.056094,https://www.gem.wiki/Yongding_Shenlong_Cement_Limited_Company_Cement_Plant,no,"Fujian, China",,,no,unknown,no,,永定县深龙水泥有限公司 (Chinese) [100%],exact,Yongding Shenlong Cement Limited Company Cement Plant,Yongding Shenlong Cement Co Ltd [100.0%],integrated,1.5719178536863079,retired-plus,GCCT,GCCT,Cement and Concrete,
cement,P100000124708,Yunwei Baoshan Organic Chemical Company Cement Plant,云维保山有机化工公司 (Chinese),Yunwei Baoshan Organic Chemical Co Ltd [100.0%],China;,Yunnan,operating,2012,0.008,>0,>0,1.2,dry,24.917491,99.097065,24.917491,99.097065,https://www.gem.wiki/Yunwei_Baoshan_Organic_Chemical_Company_Cement_Plant,no,"Yunnan, China",0.008,0.008,no,opc,no,grey,云维保山有机化工公司 (Chinese) [100%],exact,Yunwei Baoshan Organic Chemical Company Cement Plant,Yunwei Baoshan Organic Chemical Co Ltd [100.0%],integrated,0.008,operating,GCCT,GCCT,Cement and Concrete,n/a
cement,P100000124710,Fujian Chunchi Group Xinfeng Cement Limited Company Cement Plant,福建春驰集团新丰水泥有限公司 (Chinese),Fujian Chunchi Group Xinfeng Cement Co Ltd [100.0%],China;,Fujian,operating,,3,3,3,1.83,dry,24.950321,117.109496,24.950321,117.109496,https://www.gem.wiki/Fujian_Chunchi_Group_Xinfeng_Cement_Limited_Company_Cement_Plant,no,"Fujian, China",3,3,no,opc,no,grey,福建春驰集团新丰水泥有限公司 (Chinese) [100%],exact,Fujian Chunchi Group Xinfeng Cement Limited Company Cement Plant,Fujian Chunchi Group Xinfeng Cement Co Ltd [100.0%],integrated,3.0,operating,GCCT,GCCT,Cement and Concrete,n/a
cement,P100000124711,"Guizhou Delong Cement Co., Ltd. Cement Plant",贵州德隆水泥有限公司 (Chinese),Guizhou Delong Cement Co Ltd [100.0%],China;,Guizhou,operating,2012,1.5,1.5,1.5,1.1,dry,25.002982,105.777197,25.002982,105.777197,"https://www.gem.wiki/Guizhou_Delong_Cement_Co.,_Ltd._Cement_Plant",no,"Guizhou, China",1.5,1.5,no,unknown,no,,贵州德隆水泥有限公司 (Chinese) [100%],exact,"Guizhou Delong Cement Co., Ltd. Cement Plant",Guizhou Delong Cement Co Ltd [100.0%],integrated,1.5,operating,GCCT,GCCT,Cement and Concrete,n/a
cement,P100000124712,Yunnan Yiliang Southwest Cement Co. Cement Plant,云南宜良西南水泥有限公司 (Chinese),Yunnan Yiliang Southwest Cement Co Ltd [100.0%],China;,Yunnan,operating,,0.008,>0,>0,>0,dry,25.017414,103.21664,25.017414,103.21664,https://www.gem.wiki/Yunnan_Yiliang_Southwest_Cement_Co._Cement_Plant,no,"Yunnan, China",0.008,0.008,no,unknown,no,,云南宜良西南水泥有限公司 (Chinese) [100%],exact,Yunnan Yiliang Southwest Cement Co. Cement Plant,Yunnan Yiliang Southwest Cement Co Ltd [100.0%],integrated,0.008,operating,GCCT,GCCT,Cement and Concrete,n/a
cement,P100000124713,Guangxi Rongshui Dongli Cement Co. Cement Plant,广西融水东立水泥有限公司 (Chinese),Guangxi Rongshui Dongli Cement Co [100.0%],China;,Guangxi,operating,,0.008,>0,>0,>0,dry,25.060344,109.214022,25.060344,109.214022,https://www.gem.wiki/Guangxi_Rongshui_Dongli_Cement_Co._Cement_Plant,no,"Guangxi, China",0.008,0.008,no,unknown,no,,广西融水东立水泥有限公司 (Chinese) [100%],exact,Guangxi Rongshui Dongli Cement Co. Cement Plant,Guangxi Rongshui Dongli Cement Co [100.0%],integrated,0.008,operating,GCCT,GCCT,Cement and Concrete,n/a
cement,P100000124715,Guizhou Xingyi Southwest Cement Co. Cement Plant,贵州兴义西南水泥有限公司 (Chinese),Guizhou Xingyi Southwest Cement Co [100.0%],China;,Guizhou,operating,2008,1.2,1.2,1.2,0.9,dry,25.162076,105.057039,25.162076,105.057039,https://www.gem.wiki/Guizhou_Xingyi_Southwest_Cement_Co._Cement_Plant,no,"Guizhou, China",1.2,1.2,no,opc,no,grey,贵州兴义西南水泥有限公司 (Chinese) [100%],exact,Guizhou Xingyi Southwest Cement Co. Cement Plant,Guizhou Xingyi Southwest Cement Co [100.0%],integrated,1.2,operating,GCCT,GCCT,Cement and Concrete,n/a
cement,P100000124716,"Guizhou Senyao Cement Co.,Ltd. Cement Plant",贵州森垚水泥有限公司 (Chinese),Guizhou Senyao Cement Co Ltd [100.0%],China;,Guizhou,operating,2013,1.2,1.2,1.2,1.83,dry,25.200369,106.105213,25.200369,106.105213,"https://www.gem.wiki/Guizhou_Senyao_Cement_Co.,Ltd._Cement_Plant",no,"Guizhou, China",1.2,1.2,no,unknown,no,,贵州森垚水泥有限公司 (Chinese) [100%],exact,"Guizhou Senyao Cement Co.,Ltd. Cement Plant",Guizhou Senyao Cement Co Ltd [100.0%],integrated,1.2,operating,GCCT,GCCT,Cement and Concrete,n/a
cement,P100000124717,Fujian Hutou Cement Co. Cement Plant,福建省湖头水泥有限公司 (Chinese),Fujian Hutou Cement Co Ltd [100.0%],China;,Fujian,operating,,0.008,>0,>0,>0,dry,25.226861,118.020371,25.226861,118.020371,https://www.gem.wiki/Fujian_Hutou_Cement_Co._Cement_Plant,no,"Fujian, China",0.008,0.008,no,unknown,no,,福建省湖头水泥有限公司 (Chinese) [100%],exact,Fujian Hutou Cement Co. Cement Plant,Fujian Hutou Cement Co Ltd [100.0%],integrated,0.008,operating,GCCT,GCCT,Cement and Concrete,n/a
cement,P100000124719,Nanxiong Tongzhifu Cement & Building Materials Investment Co. Cement Plant,南雄市彤置富水泥建材投资有限公司 (Chinese),Nanxiong Tongzhifu Cement & Building Materials Investment Co [100.0%],China;,Guangdong,operating,2019,2,2,2,1.83,dry,25.311374,114.350141,25.311374,114.350141,https://www.gem.wiki/Nanxiong_Tongzhifu_Cement_&_Building_Materials_Investment_Co._Cement_Plant,no,"Guangdong, China",2,2,no,unknown,no,,南雄市彤置富水泥建材投资有限公司 (Chinese) [100%],exact,Nanxiong Tongzhifu Cement & Building Materials Investment Co. Cement Plant,Nanxiong Tongzhifu Cement & Building Materials Investment Co [100.0%],integrated,2.0,operating,GCCT,GCCT,Cement and Concrete,n/a
cement,P100000124720,"Tengchong Tengyue Cement Co.,Ltd. Cement Plant",腾冲市腾越水泥有限公司 (Chinese),Tengchong Tengyue Cement Co Ltd [100.0%],China;,Yunnan,operating,2009,0.9,0.9,0.9,0.91,dry,25.381486,98.465758,25.381486,98.465758,"https://www.gem.wiki/Tengchong_Tengyue_Cement_Co.,Ltd._Cement_Plant",no,"Yunnan, China",0.9,0.9,no,unknown,no,,腾冲市腾越水泥有限公司 (Chinese) [100%],exact,"Tengchong Tengyue Cement Co.,Ltd. Cement Plant",Tengchong Tengyue Cement Co Ltd [100.0%],integrated,0.9,operating,GCCT,GCCT,Cement and Concrete,n/a
cement,P100000124721,Fujian Quanzhou Meiling Cement Limited Company Cement Plant,福建省泉州美岭水泥有限公司 (Chinese),Fujian Quanzhou Meiling Cement Co Ltd [100.0%],China;,Fujian,operating,,3,3,3,0.91,dry,25.432067,118.019352,25.432067,118.019352,https://www.gem.wiki/Fujian_Quanzhou_Meiling_Cement_Limited_Company_Cement_Plant,no,"Fujian, China",3,3,no,opc,no,grey,福建省泉州美岭水泥有限公司 (Chinese) [100%],exact,Fujian Quanzhou Meiling Cement Limited Company Cement Plant,Fujian Quanzhou Meiling Cement Co Ltd [100.0%],integrated,3.0,operating,GCCT,GCCT,Cement and Concrete,n/a
cement,P100000124868,Xiangyun Qinghuadong Cement Plant,祥云县清华洞水泥厂 (Chinese),Xiangyun Qinghuadong Cement Factory [100.0%],China;,Yunnan,retired,,0.08,0.08,0.08,>0,dry,25.444317,100.548524,25.444317,100.548524,https://www.gem.wiki/Xiangyun_Qinghuadong_Cement_Plant,no,"Yunnan, China",0.08,0.08,no,unknown,no,,祥云县清华洞水泥厂 (Chinese) [100%],exact,Xiangyun Qinghuadong Cement Plant,Xiangyun Qinghuadong Cement Factory [100.0%],integrated,0.08,retired-plus,GCCT,GCCT,Cement and Concrete,n/a
cement,P100000124869,"Kang Da (Hu'Nan) Cement Co.,Ltd. Cement Plant",康达（湖南）水泥有限公司 (Chinese),Kang Da (Hu'Nan) Cement Co Ltd [100.0%],China;,Hunan,operating,,2,2,2,1.46,dry,25.46611,113.023913,25.46611,113.023913,"https://www.gem.wiki/Kang_Da_(Hu'Nan)_Cement_Co.,Ltd._Cement_Plant",no,"Hunan, China",2,2,no,opc,no,grey,康达（湖南）水泥有限公司 (Chinese) [100%],exact,"Kang Da (Hu'Nan) Cement Co.,Ltd. Cement Plant",Kang Da (Hu'Nan) Cement Co Ltd [100.0%],integrated,2.0,operating,GCCT,GCCT,Cement and Concrete,n/a
cement,P100000124870,"Fujian Province Haixia Cement Co.,Ltd. Cement Plant",福建省海峡水泥股份有限公司 (Chinese),Fujian Province Haixia Cement Co Ltd [100.0%],China;,Fujian,operating,2013,1.8,1.8,1.8,1.48,dry,25.546491,118.02915,25.546491,118.02915,"https://www.gem.wiki/Fujian_Province_Haixia_Cement_Co.,Ltd._Cement_Plant",no,"Fujian, China",1.8,1.8,no,unknown,no,,福建省海峡水泥股份有限公司 (Chinese) [100%],exact,"Fujian Province Haixia Cement Co.,Ltd. Cement Plant",Fujian Province Haixia Cement Co Ltd [100.0%],integrated,1.8,operating,GCCT,GCCT,Cement and Concrete,n/a
cement,P100000124871,Hunan Liangtian Cement Limited Company Cement Plant,湖南良田水泥有限公司 (Chinese),Hunan Liangtian Cement Co Ltd [100.0%],China;,Hunan,operating,,2.1,2.1,2.1,1.6,dry,25.627998,113.024874,25.627998,113.024874,https://www.gem.wiki/Hunan_Liangtian_Cement_Limited_Company_Cement_Plant,no,"Hunan, China",2.1,2.1,no,opc,no,grey,湖南良田水泥有限公司 (Chinese) [100%],exact,Hunan Liangtian Cement Limited Company Cement Plant,Hunan Liangtian Cement Co Ltd [100.0%],integrated,2.1,operating,GCCT,GCCT,Cement and Concrete,n/a
cement,P100000124873,"Guizhou Qianguisan Heshui Ni Co.,Ltd. Cement Plant",贵州黔桂三合水泥有限责任公司 (Chinese),Guizhou Qianguisan Heshui Ni Co Ltd [100.0%],China;,Guizhou,operating,2009,2.4,2.4,2.4,>0,dry,25.830373,104.620024,25.830373,104.620024,"https://www.gem.wiki/Guizhou_Qianguisan_Heshui_Ni_Co.,Ltd._Cement_Plant",no,"Guizhou, China",2.4,2.4,no,opc,no,grey,贵州黔桂三合水泥有限责任公司 (Chinese) [100%],exact,"Guizhou Qianguisan Heshui Ni Co.,Ltd. Cement Plant",Guizhou Qianguisan Heshui Ni Co Ltd [100.0%],integrated,2.4,operating,GCCT,GCCT,Cement and Concrete,n/a
cement,P100000124874,Yong'an Huainan Hengxing Cement Plant,永安市槐南恒兴水泥制品厂 (Chinese),Yong'an Huainan Hengxing Cement Manufacture Factory [100.0%],China;,Fujian,retired,,,not found,,>0,dry,25.990375,117.743892,25.990375,117.743892,https://www.gem.wiki/Yong'an_Huainan_Hengxing_Cement_Plant,no,"Fujian, China",,,no,unknown,no,,永安市槐南恒兴水泥制品厂 (Chinese) [100%],exact,Yong'an Huainan Hengxing Cement Plant,Yong'an Huainan Hengxing Cement Manufacture Factory [100.0%],integrated,1.5719178536863079,retired-plus,GCCT,GCCT,Cement and Concrete,
cement,P100000124878,Puding Jiaqi Cement Limited Company Cement Plant,普定县嘉琪水泥有限公司 (Chinese),Puding Jiaqi Cement Co Ltd [100.0%],China;,Guizhou,operating,,0.008,>0,>0,>0,dry,26.225896,105.684155,26.225896,105.684155,https://www.gem.wiki/Puding_Jiaqi_Cement_Limited_Company_Cement_Plant,no,"Guizhou, China",0.008,0.008,no,opc,no,grey,普定县嘉琪水泥有限公司 (Chinese) [100%],exact,Puding Jiaqi Cement Limited Company Cement Plant,Puding Jiaqi Cement Co Ltd [100.0%],integrated,0.008,operating,GCCT,GCCT,Cement and Concrete,n/a
cement,P100000124882,Guizhou Kaili Rui'an Building Materials Co. Cement Plant,贵州凯里瑞安建材有限公司 (Chinese),Guizhou Kaili Rui'an Building Materials Co [100.0%],China;,Guizhou,operating,2014,2,2,2,1.83,dry,26.631106,107.996652,26.631106,107.996652,https://www.gem.wiki/Guizhou_Kaili_Rui'an_Building_Materials_Co._Cement_Plant,no,"Guizhou, China",2,2,no,unknown,no,,贵州凯里瑞安建材有限公司 (Chinese) [100%],exact,Guizhou Kaili Rui'an Building Materials Co. Cement Plant,Guizhou Kaili Rui'an Building Materials Co [100.0%],integrated,2.0,operating,GCCT,GCCT,Cement and Concrete,n/a
cement,P100000124883,Panzhihua Ruifeng Cement Co. Cement Plant,攀枝花瑞峰水泥有限公司 (Chinese),Panzhihua Ruifeng Cement Co [100.0%],China;,Sichuan,operating,2008,1,1,1,0.91,dry,26.631495,101.476553,26.631495,101.476553,https://www.gem.wiki/Panzhihua_Ruifeng_Cement_Co._Cement_Plant,no,"Sichuan, China",1,1,no,unknown,no,,攀枝花瑞峰水泥有限公司 (Chinese) [100%],exact,Panzhihua Ruifeng Cement Co. Cement Plant,Panzhihua Ruifeng Cement Co [100.0%],integrated,1.0,operating,GCCT,GCCT,Cement and Concrete,n/a
cement,P100000124885,Guizhou Zhijin Southwest Cement Co. Cement Plant,贵州织金西南水泥有限公司 (Chinese),Guizhou Zhijin Southwest Cement Co [100.0%],China;,Guizhou,operating,,0.008,>0,>0,>0,dry,26.702555,105.826109,26.702555,105.826109,https://www.gem.wiki/Guizhou_Zhijin_Southwest_Cement_Co._Cement_Plant,no,"Guizhou, China",0.008,0.008,no,opc,no,grey,贵州织金西南水泥有限公司 (Chinese) [100%],exact,Guizhou Zhijin Southwest Cement Co. Cement Plant,Guizhou Zhijin Southwest Cement Co [100.0%],integrated,0.008,operating,GCCT,GCCT,Cement and Concrete,n/a
cement,P100000124886,Guizhou Weining Southwest Cement Co. Cement Plant,贵州威宁西南水泥有限公司 (Chinese),Guizhou Weining Southwest Cement Co [100.0%],China;,Guizhou,operating,,0.008,>0,>0,>0,dry,26.779253,104.394159,26.779253,104.394159,https://www.gem.wiki/Guizhou_Weining_Southwest_Cement_Co._Cement_Plant,no,"Guizhou, China",0.008,0.008,no,unknown,no,,贵州威宁西南水泥有限公司 (Chinese) [100%],exact,Guizhou Weining Southwest Cement Co. Cement Plant,Guizhou Weining Southwest Cement Co [100.0%],integrated,0.008,operating,GCCT,GCCT,Cement and Concrete,n/a
cement,P100000124888,Guizhou Jinjiu Cement Co. Cement Plant,贵州金久水泥有限公司 (Chinese),Guizhou Jinjiu Cement Co [100.0%],China;,Guizhou,operating,,0.008,>0,>0,>0,dry,26.935144,106.674985,26.935144,106.674985,https://www.gem.wiki/Guizhou_Jinjiu_Cement_Co._Cement_Plant,no,"Guizhou, China",0.008,0.008,no,opc,no,grey,贵州金久水泥有限公司 (Chinese) [100%],exact,Guizhou Jinjiu Cement Co. Cement Plant,Guizhou Jinjiu Cement Co [100.0%],integrated,0.008,operating,GCCT,GCCT,Cement and Concrete,n/a
cement,P100000124890,Dongkou Weibai Cement Plant,洞口县为百水泥厂 (Chinese),Dongkou Weibai Cement Factory [100.0%],China;,Hunan,operating,2017,2,2,2,>0,dry,26.995746,110.641316,26.995746,110.641316,https://www.gem.wiki/Dongkou_Weibai_Cement_Plant,no,"Hunan, China",2,2,no,unknown,no,,洞口县为百水泥厂 (Chinese) [100%],exact,Dongkou Weibai Cement Plant,Dongkou Weibai Cement Factory [100.0%],integrated,2.0,operating,GCCT,GCCT,Cement and Concrete,n/a
cement,P100000124891,"Panzhihua Ruida Cement Co.,Ltd. Cement Plant",攀枝花瑞达水泥有限公司 (Chinese),Panzhihua Ruida Cement Co Ltd [100.0%],China;,Sichuan,operating,2008,1,1,1,0.91,dry,27.079534,102.167161,27.079534,102.167161,"https://www.gem.wiki/Panzhihua_Ruida_Cement_Co.,Ltd._Cement_Plant",no,"Sichuan, China",1,1,no,opc,no,grey,攀枝花瑞达水泥有限公司 (Chinese) [100%],exact,"Panzhihua Ruida Cement Co.,Ltd. Cement Plant",Panzhihua Ruida Cement Co Ltd [100.0%],integrated,1.0,operating,GCCT,GCCT,Cement and Concrete,n/a
cement,P100000124892,"Pingxiang Changsheng Co.,Ltd. Cement Plant",萍乡市昌盛水泥厂有限公司 (Chinese),Pingxiang Changsheng Cement Factory Co Ltd [100.0%],China;,Jiangxi,operating,,1.5,1.5,1.5,1,dry,27.089094,113.922103,27.089094,113.922103,"https://www.gem.wiki/Pingxiang_Changsheng_Co.,Ltd._Cement_Plant",no,"Jiangxi, China",1.5,1.5,no,opc,no,grey,萍乡市昌盛水泥厂有限公司 (Chinese) [100%],exact,"Pingxiang Changsheng Co.,Ltd. Cement Plant",Pingxiang Changsheng Cement Factory Co Ltd [100.0%],integrated,1.5,operating,GCCT,GCCT,Cement and Concrete,n/a
cement,P100000124895,Bijie Said Cement Co. Cement Plant,毕节赛德水泥有限公司 (Chinese),Bijie Said Cement Co [100.0%],China;,Guizhou,operating,2010,1.2,1.2,1.2,0.91,dry,27.247103,105.316797,27.247103,105.316797,https://www.gem.wiki/Bijie_Said_Cement_Co._Cement_Plant,no,"Guizhou, China",1.2,1.2,no,opc,no,grey,毕节赛德水泥有限公司 (Chinese) [100%],exact,Bijie Said Cement Co. Cement Plant,Bijie Said Cement Co [100.0%],integrated,1.2,operating,GCCT,GCCT,Cement and Concrete,n/a
cement,P100000124896,"Hu'Nan Yuanda Cement Co.,Ltd. Cement Plant",湖南远大水泥有限责任公司 (Chinese),Hu'Nan Yuanda Cement Co Ltd [100.0%],China;,Hunan,operating,,2,2,2,1.39,dry,27.247494,113.41804,27.247494,113.41804,"https://www.gem.wiki/Hu'Nan_Yuanda_Cement_Co.,Ltd._Cement_Plant",no,"Hunan, China",2,2,no,unknown,no,,湖南远大水泥有限责任公司 (Chinese) [100%],exact,"Hu'Nan Yuanda Cement Co.,Ltd. Cement Plant",Hu'Nan Yuanda Cement Co Ltd [100.0%],integrated,2.0,operating,GCCT,GCCT,Cement and Concrete,n/a
cement,P100000124897,"Guizhou Bijie Jiang Tianshui Ni Co.,Ltd. Cement Plant",贵州毕节江天水泥有限公司 (Chinese),Guizhou Bijie Jiang Tianshui Ni Co Ltd [100.0%],China;,Guizhou,operating,2012,0.008,>0,>0,1.17,dry,27.24804,105.387256,27.24804,105.387256,"https://www.gem.wiki/Guizhou_Bijie_Jiang_Tianshui_Ni_Co.,Ltd._Cement_Plant",no,"Guizhou, China",0.008,0.008,no,opc,no,grey,贵州毕节江天水泥有限公司 (Chinese) [100%],exact,"Guizhou Bijie Jiang Tianshui Ni Co.,Ltd. Cement Plant",Guizhou Bijie Jiang Tianshui Ni Co Ltd [100.0%],integrated,0.008,operating,GCCT,GCCT,Cement and Concrete,n/a
cement,P100000124898,Guizhou New Shuanglong Cement Co. Cement Plant,贵州新双龙水泥有限公司 (Chinese),Guizhou New Shuanglong Cement Co [100.0%],China;,Guizhou,operating,,1,1,1,0.91,dry,27.291538,106.789211,27.291538,106.789211,https://www.gem.wiki/Guizhou_New_Shuanglong_Cement_Co._Cement_Plant,no,"Guizhou, China",1,1,no,unknown,no,,贵州新双龙水泥有限公司 (Chinese) [100%],exact,Guizhou New Shuanglong Cement Co. Cement Plant,Guizhou New Shuanglong Cement Co [100.0%],integrated,1.0,operating,GCCT,GCCT,Cement and Concrete,n/a
cement,P100000124899,Huaxin Cement （Zhaotong） Limited Company Cement Plant,华新水泥（昭通）有限公司 (Chinese),Huaxin Cement (Zhaotong) Co Ltd [100.0%],China;,Yunnan,operating,2006,1.5,1.5,1.5,1.2,dry,27.441709,103.766598,27.441709,103.766598,https://www.gem.wiki/Huaxin_Cement_（Zhaotong）_Limited_Company_Cement_Plant,no,"Yunnan, China",1.5,1.5,no,unknown,no,,华新水泥（昭通）有限公司 (Chinese) [100%],exact,Huaxin Cement （Zhaotong） Limited Company Cement Plant,Huaxin Cement (Zhaotong) Co Ltd [100.0%],integrated,1.5,operating,GCCT,GCCT,Cement and Concrete,n/a
cement,P100000124901,Zhenxiong Sanhe Building Materials Co. Cement Plant,镇雄县三和建材有限公司 (Chinese),Zhenxiong County Sanhe Building Materials Co Ltd [100.0%],China;,Yunnan,operating,2010,0.008,>0,>0,0.91,dry,27.508686,104.843295,27.508686,104.843295,https://www.gem.wiki/Zhenxiong_Sanhe_Building_Materials_Co._Cement_Plant,no,"Yunnan, China",0.008,0.008,no,unknown,no,,镇雄县三和建材有限公司 (Chinese) [100%],exact,Zhenxiong Sanhe Building Materials Co. Cement Plant,Zhenxiong County Sanhe Building Materials Co Ltd [100.0%],integrated,0.008,operating,GCCT,GCCT,Cement and Concrete,n/a
cement,P100000124903,"Tongren Conch Panjiang Cement Co.,Ltd. Cement Plant",铜仁海螺盘江水泥有限责任公司 (Chinese),Tongren Conch Panjiang Cement [100.0%],China;,Guizhou,operating,2014,4.4,4.4,4.4,3.29,dry,27.718079,109.136095,27.718079,109.136095,"https://www.gem.wiki/Tongren_Conch_Panjiang_Cement_Co.,Ltd._Cement_Plant",no,"Guizhou, China",4.4,4.4,no,opc,no,grey,铜仁海螺盘江水泥有限责任公司 (Chinese) [100%],exact,"Tongren Conch Panjiang Cement Co.,Ltd. Cement Plant",Tongren Conch Panjiang Cement [100.0%],integrated,4.4,operating,GCCT,GCCT,Cement and Concrete,n/a
cement,P100000124904,Xichang Aerospace Cement Company Cement Plant,西昌航天水泥有限责任公司 (Chinese),Xichang Aerospace Cement Co Ltd [100.0%],China;,Sichuan,operating,2007,1,1,1,>0,dry,27.788235,102.216776,27.788235,102.216776,https://www.gem.wiki/Xichang_Aerospace_Cement_Company_Cement_Plant,no,"Sichuan, China",1,1,no,unknown,no,,西昌航天水泥有限责任公司 (Chinese) [100%],exact,Xichang Aerospace Cement Company Cement Plant,Xichang Aerospace Cement Co Ltd [100.0%],integrated,1.0,operating,GCCT,GCCT,Cement and Concrete,n/a
cement,P100000124906,Diqing Shangri-La Kungang Hongda Cement Co. Cement Plant,迪庆香格里拉昆钢鸿达水泥有限公司 (Chinese),Diqing Shangri-La Kungang Hongda Cement Co [100.0%],China;,Yunnan,operating,2016,1,1,1,0.78,dry,27.905414,99.739808,27.905414,99.739808,https://www.gem.wiki/Diqing_Shangri-La_Kungang_Hongda_Cement_Co._Cement_Plant,no,"Yunnan, China",1,1,no,unknown,no,,迪庆香格里拉昆钢鸿达水泥有限公司 (Chinese) [100%],exact,Diqing Shangri-La Kungang Hongda Cement Co. Cement Plant,Diqing Shangri-La Kungang Hongda Cement Co [100.0%],integrated,1.0,operating,GCCT,GCCT,Cement and Concrete,n/a
cement,P100000124908,"Daguan Shouxing Cement Co.,Ltd. Cement Plant",大关县寿星水泥有限责任公司 (Chinese),Daguan Shouxing Cement Co Ltd [100.0%],China;,Yunnan,operating,,0.008,>0,>0,>0,dry,27.916612,103.904809,27.916612,103.904809,"https://www.gem.wiki/Daguan_Shouxing_Cement_Co.,Ltd._Cement_Plant",no,"Yunnan, China",0.008,0.008,no,unknown,no,,大关县寿星水泥有限责任公司 (Chinese) [100%],exact,"Daguan Shouxing Cement Co.,Ltd. Cement Plant",Daguan Shouxing Cement Co Ltd [100.0%],integrated,0.008,operating,GCCT,GCCT,Cement and Concrete,n/a
cement,P100000124909,"Sichuan Gulin Tieqiao Cement Co.,Ltd. Cement Plant",四川省古蔺铁桥水泥有限责任公司 (Chinese),Sichuan Gulin Tieqiao Cement Co Ltd [100.0%],China;,Sichuan,operating,,0.008,>0,>0,0.91,dry,28.034496,105.839187,28.034496,105.839187,"https://www.gem.wiki/Sichuan_Gulin_Tieqiao_Cement_Co.,Ltd._Cement_Plant",no,"Sichuan, China",0.008,0.008,no,opc,no,grey,四川省古蔺铁桥水泥有限责任公司 (Chinese) [100%],exact,"Sichuan Gulin Tieqiao Cement Co.,Ltd. Cement Plant",Sichuan Gulin Tieqiao Cement Co Ltd [100.0%],integrated,0.008,operating,GCCT,GCCT,Cement and Concrete,n/a
cement,P100000124910,"Zhaojue Jinxin Cement Co.,Ltd. Cement Plant",昭觉金鑫水泥有限责任公司 (Chinese),Zhaojue Jinxin Cements Co Ltd [100.0%],China;,Sichuan,operating,,1,1,1,0.77,dry,28.063851,102.933292,28.063851,102.933292,"https://www.gem.wiki/Zhaojue_Jinxin_Cement_Co.,Ltd._Cement_Plant",no,"Sichuan, China",1,1,no,opc,no,grey,昭觉金鑫水泥有限责任公司 (Chinese) [100%],exact,"Zhaojue Jinxin Cement Co.,Ltd. Cement Plant",Zhaojue Jinxin Cements Co Ltd [100.0%],integrated,1.0,operating,GCCT,GCCT,Cement and Concrete,n/a
cement,P100000124913,"Sichuan Jiahua Jinping Special Type Cement Co.,Ltd. Cement Plant",四川嘉华锦屏特种水泥有限责任公司 (Chinese),Sichuan Jiahua Jinping Special Cement Co Ltd [100.0%],China;,Sichuan,operating,,2,2,2,1.83,dry,28.315968,102.19449,28.315968,102.19449,"https://www.gem.wiki/Sichuan_Jiahua_Jinping_Special_Type_Cement_Co.,Ltd._Cement_Plant",no,"Sichuan, China",2,2,no,opc,no,grey,四川嘉华锦屏特种水泥有限责任公司 (Chinese) [100%],exact,"Sichuan Jiahua Jinping Special Type Cement Co.,Ltd. Cement Plant",Sichuan Jiahua Jinping Special Cement Co Ltd [100.0%],integrated,2.0,operating,GCCT,GCCT,Cement and Concrete,n/a
cement,P100000124915,Jiangshan Southern Cement Co. Cement Plant,江山南方水泥有限公司 (Chinese),Jiangshan Southern Cement Co [100.0%],China;,Zhejiang,operating,1959,4.5,4.5,4.5,2.19,dry,28.705068,118.58217,28.705068,118.58217,https://www.gem.wiki/Jiangshan_Southern_Cement_Co._Cement_Plant,no,"Zhejiang, China",4.5,4.5,no,opc,no,grey,江山南方水泥有限公司 (Chinese) [100%],exact,Jiangshan Southern Cement Co. Cement Plant,Jiangshan Southern Cement Co [100.0%],integrated,4.5,operating,GCCT,GCCT,Cement and Concrete,n/a
cement,P100000124916,Jiangxi Yanning Cement Limited Company Cement Plant,江西岩宁水泥有限公司 (Chinese),Jiangxi Yanning Cement Co Ltd [100.0%],China;,Jiangxi,operating,,0.008,>0,>0,n/a,n/a,28.713724,118.329163,28.713724,118.329163,https://www.gem.wiki/Jiangxi_Yanning_Cement_Limited_Company_Cement_Plant,n/a,"Jiangxi, China",0.008,0.008,n/a,unknown,n/a,,江西岩宁水泥有限公司 (Chinese) [100%],exact,Jiangxi Yanning Cement Limited Company Cement Plant,Jiangxi Yanning Cement Co Ltd [100.0%],grinding,0.008,operating,GCCT,GCCT,Cement and Concrete,n/a
cement,P100000124917,"Sichuan Province Naituo Special Cement Co.,Ltd. Cement Plant",四川省乃托特种水泥有限公司 (Chinese),Sichuan Naituo Special Cement Co Ltd [100.0%],China;,Sichuan,operating,,1,1,1,0.73,dry,28.751335,102.604794,28.751335,102.604794,"https://www.gem.wiki/Sichuan_Province_Naituo_Special_Cement_Co.,Ltd._Cement_Plant",no,"Sichuan, China",1,1,no,opc,no,grey,四川省乃托特种水泥有限公司 (Chinese) [100%],exact,"Sichuan Province Naituo Special Cement Co.,Ltd. Cement Plant",Sichuan Naituo Special Cement Co Ltd [100.0%],integrated,1.0,operating,GCCT,GCCT,Cement and Concrete,n/a
cement,P100000124918,Sichuan Luzhou Tuojiang Cement Co. Cement Plant,四川省泸州沱江水泥有限公司 (Chinese),Sichuan Luzhou Tuojiang Cement Co Ltd [100.0%],China;,Sichuan,retired,1995,1.2,1.2,1.2,>0,dry,28.927152,105.199022,28.927152,105.199022,https://www.gem.wiki/Sichuan_Luzhou_Tuojiang_Cement_Co._Cement_Plant,no,"Sichuan, China",1.2,1.2,no,unknown,no,,四川省泸州沱江水泥有限公司 (Chinese) [100%],exact,Sichuan Luzhou Tuojiang Cement Co. Cement Plant,Sichuan Luzhou Tuojiang Cement Co Ltd [100.0%],integrated,1.2,retired-plus,GCCT,GCCT,Cement and Concrete,n/a
cement,P100000124919,"Chongqing Qijiang Southwest Cement Co.,Ltd. Cement Plant",重庆綦江西南水泥有限公司 (Chinese),Chongqing Qijiang Southwest Cement Co Ltd [100.0%],China;,Chongqing,operating,,0.008,>0,>0,1.5,dry,28.983774,106.854591,28.983774,106.854591,"https://www.gem.wiki/Chongqing_Qijiang_Southwest_Cement_Co.,Ltd._Cement_Plant",no,"Chongqing, China",0.008,0.008,no,unknown,no,,重庆綦江西南水泥有限公司 (Chinese) [100%],exact,"Chongqing Qijiang Southwest Cement Co.,Ltd. Cement Plant",Chongqing Qijiang Southwest Cement Co Ltd [100.0%],integrated,0.008,operating,GCCT,GCCT,Cement and Concrete,n/a
cement,P100000124925,Chongqing Huaxin Santian Cement Co. Cement Plant,重庆华新参天水泥有限公司 (Chinese),Chongqing Huaxin Santian Cement Co [100.0%],China;,Chongqing,operating,2010,2,2,2,1.68,dry,29.30981,105.724138,29.30981,105.724138,https://www.gem.wiki/Chongqing_Huaxin_Santian_Cement_Co._Cement_Plant,no,"Chongqing, China",2,2,no,opc,no,grey,重庆华新参天水泥有限公司 (Chinese) [100%],exact,Chongqing Huaxin Santian Cement Co. Cement Plant,Chongqing Huaxin Santian Cement Co [100.0%],integrated,2.0,operating,GCCT,GCCT,Cement and Concrete,n/a
cement,P100000124929,Chongyang Hui'an Building Materials Co. Cement Plant,崇阳慧安建材有限责任公司 (Chinese),Chongyang Hui'an Building Materials Co [100.0%],China;,Hubei,operating,2009,1.2,1.2,1.2,0.91,dry,29.571329,114.016888,29.571329,114.016888,https://www.gem.wiki/Chongyang_Hui'an_Building_Materials_Co._Cement_Plant,no,"Hubei, China",1.2,1.2,no,unknown,no,,崇阳慧安建材有限责任公司 (Chinese) [100%],exact,Chongyang Hui'an Building Materials Co. Cement Plant,Chongyang Hui'an Building Materials Co [100.0%],integrated,1.2,operating,GCCT,GCCT,Cement and Concrete,n/a
cement,P100000124930,Xizang Duilongdongga Cement Plant,西藏堆龙东嘎水泥有限公司 (Chinese),Xizang Duilongdongga Cement Factory [100.0%],China;,Xizang,operating,,0.008,>0,>0,>0,dry,29.658309,90.900782,29.658309,90.900782,https://www.gem.wiki/Xizang_Duilongdongga_Cement_Plant,no,"Xizang, China",0.008,0.008,no,opc,no,grey,西藏堆龙东嘎水泥有限公司 (Chinese) [100%],exact,Xizang Duilongdongga Cement Plant,Xizang Duilongdongga Cement Factory [100.0%],integrated,0.008,operating,GCCT,GCCT,Cement and Concrete,n/a
cement,P100000124931,Zhejiang Zhuji Bafang Cement Co. Cement Plant,浙江诸暨八方水泥有限责任公司 (Chinese),Zhejiang Zhuji Bafang Cement Co Ltd [100.0%],China;,Zhejiang,retired,,1.5,1.5,1.5,0.8,dry,29.772269,120.205306,29.772269,120.205306,https://www.gem.wiki/Zhejiang_Zhuji_Bafang_Cement_Co._Cement_Plant,no,"Zhejiang, China",1.5,1.5,no,unknown,no,,浙江诸暨八方水泥有限责任公司 (Chinese) [100%],exact,Zhejiang Zhuji Bafang Cement Co. Cement Plant,Zhejiang Zhuji Bafang Cement Co Ltd [100.0%],integrated,1.5,retired-plus,GCCT,GCCT,Cement and Concrete,n/a
cement,P100000124932,"Sichuan Xingchuancheng Cement Co.,Ltd. Cement Plant",四川省星船城水泥股份有限公司 (Chinese),Sichuan Xingchuancheng Cement Co Ltd [100.0%],China;,Sichuan,operating,,12,12,12,>0,dry,29.785576,104.578877,29.785576,104.578877,"https://www.gem.wiki/Sichuan_Xingchuancheng_Cement_Co.,Ltd._Cement_Plant",no,"Sichuan, China",12,12,no,unknown,no,,四川省星船城水泥股份有限公司 (Chinese) [100%],exact,"Sichuan Xingchuancheng Cement Co.,Ltd. Cement Plant",Sichuan Xingchuancheng Cement Co Ltd [100.0%],integrated,12.0,operating,GCCT,GCCT,Cement and Concrete,n/a
cement,P100000124933,"Sichuan Xingchuancheng Cement Co.,Ltd. No. 2 Cement Plant",四川省星船城水泥股份有限公司 生产二厂 (Chinese),Sichuan Xingchuancheng Cement Co Ltd Production Plant No. 2 [100.0%],China;,Sichuan,operating,,0.008,>0,>0,>0,dry,29.790187,104.631266,29.790187,104.631266,"https://www.gem.wiki/Sichuan_Xingchuancheng_Cement_Co.,Ltd._No._2_Cement_Plant",no,"Sichuan, China",0.008,0.008,no,unknown,no,,四川省星船城水泥股份有限公司 生产二厂 (Chinese) [100%],exact,"Sichuan Xingchuancheng Cement Co.,Ltd. No. 2 Cement Plant",Sichuan Xingchuancheng Cement Co Ltd Production Plant No. 2 [100.0%],integrated,0.008,operating,GCCT,GCCT,Cement and Concrete,n/a
cement,P100000124935,"Dongfang Hope Chongqing Cement Co.,Ltd. Cement Plant",东方希望重庆水泥有限公司 (Chinese),Dongfang Hope Chongqing Cement Co Ltd [100.0%],China;,Chongqing,operating,,10,10,10,10,dry,29.832839,107.60871,29.832839,107.60871,"https://www.gem.wiki/Dongfang_Hope_Chongqing_Cement_Co.,Ltd._Cement_Plant",no,"Chongqing, China",10,10,no,opc,no,grey,东方希望重庆水泥有限公司 (Chinese) [100%],exact,"Dongfang Hope Chongqing Cement Co.,Ltd. Cement Plant",Dongfang Hope Chongqing Cement Co Ltd [100.0%],integrated,10.0,operating,GCCT,GCCT,Cement and Concrete,n/a
cement,P100000124936,Chongqing Tongliang Southwest Cement Co. Cement Plant,重庆铜梁西南水泥有限公司 (Chinese),Chongqing Tongliang Southwest Cement Co [100.0%],China;,Chongqing,operating,,3,3,3,2.74,dry,29.849,106.141919,29.849,106.141919,https://www.gem.wiki/Chongqing_Tongliang_Southwest_Cement_Co._Cement_Plant,no,"Chongqing, China",3,3,no,opc,no,grey,重庆铜梁西南水泥有限公司 (Chinese) [100%],exact,Chongqing Tongliang Southwest Cement Co. Cement Plant,Chongqing Tongliang Southwest Cement Co [100.0%],integrated,3.0,operating,GCCT,GCCT,Cement and Concrete,n/a
cement,P100000124938,Sichuan Chengshi Tianying Cement Co. Cement Plant,四川成实天鹰水泥有限公司 (Chinese),Sichuan Chengshi Tianying Cement Co Ltd [100.0%],China;,Sichuan,operating,2009,0.008,>0,>0,0.91,dry,29.902614,104.617354,29.902614,104.617354,https://www.gem.wiki/Sichuan_Chengshi_Tianying_Cement_Co._Cement_Plant,no,"Sichuan, China",0.008,0.008,no,opc,no,grey,四川成实天鹰水泥有限公司 (Chinese) [100%],exact,Sichuan Chengshi Tianying Cement Co. Cement Plant,Sichuan Chengshi Tianying Cement Co Ltd [100.0%],integrated,0.008,operating,GCCT,GCCT,Cement and Concrete,n/a
cement,P100000124939,Yangxin Nuwaishi Cement Co. Cement Plant,阳新娲石水泥有限公司 (Chinese),Yangxin Washi Cement Co Ltd [100.0%],China;,Hubei,operating,2012,0.008,>0,>0,1.83,dry,29.907778,115.3912,29.907778,115.3912,https://www.gem.wiki/Yangxin_Nuwaishi_Cement_Co._Cement_Plant,no,"Hubei, China",0.008,0.008,no,blended,no,grey,阳新娲石水泥有限公司 (Chinese) [100%],exact,Yangxin Nuwaishi Cement Co. Cement Plant,Yangxin Washi Cement Co Ltd [100.0%],integrated,0.008,operating,GCCT,GCCT,Cement and Concrete,n/a
cement,P100000124940,Sichuan Haoyu Cement Co. Cement Plant,四川省皓宇水泥有限责任公司 (Chinese),Sichuan Haoyu Cement Co Ltd [100.0%],China;,Sichuan,operating,2005,0.008,>0,>0,1.1,dry,30.028363,102.808815,30.028363,102.808815,https://www.gem.wiki/Sichuan_Haoyu_Cement_Co._Cement_Plant,no,"Sichuan, China",0.008,0.008,no,opc,no,grey,四川省皓宇水泥有限责任公司 (Chinese) [100%],exact,Sichuan Haoyu Cement Co. Cement Plant,Sichuan Haoyu Cement Co Ltd [100.0%],integrated,0.008,operating,GCCT,GCCT,Cement and Concrete,n/a
cement,P100000124941,Tianquan Erlangshan Cement Co. Cement Plant,天全县二郎山水泥有限责任公司 (Chinese),Tianquan Erlangshan Cement Co Ltd [100.0%],China;,Sichuan,operating,,0.008,>0,>0,>0,dry,30.028649,102.829236,30.028649,102.829236,https://www.gem.wiki/Tianquan_Erlangshan_Cement_Co._Cement_Plant,no,"Sichuan, China",0.008,0.008,no,unknown,no,,天全县二郎山水泥有限责任公司 (Chinese) [100%],exact,Tianquan Erlangshan Cement Co. Cement Plant,Tianquan Erlangshan Cement Co Ltd [100.0%],integrated,0.008,operating,GCCT,GCCT,Cement and Concrete,n/a
cement,P100000124942,"Chongqing Shizhu SW Cement Co.,Ltd. Cement Plant",重庆石柱西南水泥有限公司 (Chinese),Chongqing Shizhu SW Cement Co Ltd [100.0%],China;,Chongqing,operating,,0.008,>0,>0,>0,dry,30.101205,108.145322,30.101205,108.145322,"https://www.gem.wiki/Chongqing_Shizhu_SW_Cement_Co.,Ltd._Cement_Plant",no,"Chongqing, China",0.008,0.008,no,unknown,no,,重庆石柱西南水泥有限公司 (Chinese) [100%],exact,"Chongqing Shizhu SW Cement Co.,Ltd. Cement Plant",Chongqing Shizhu SW Cement Co Ltd [100.0%],integrated,0.008,operating,GCCT,GCCT,Cement and Concrete,n/a
cement,P100000124943,"Kangding Paomashan Cement Co.,Ltd. Cement Plant",康定跑马山水泥有限责任公司 (Chinese),Kangding Paomashan Cement Co Ltd [100.0%],China;,Sichuan,mothballed,2020,,not found,,0.91,dry,30.105859,101.95949,30.105859,101.95949,"https://www.gem.wiki/Kangding_Paomashan_Cement_Co.,Ltd._Cement_Plant",no,"Sichuan, China",,,no,unknown,no,,康定跑马山水泥有限责任公司 (Chinese) [100%],exact,"Kangding Paomashan Cement Co.,Ltd. Cement Plant",Kangding Paomashan Cement Co Ltd [100.0%],integrated,1.5719178536863079,mothballed-plus,GCCT,GCCT,Cement and Concrete,
cement,P100000124944,Daye Jianfeng Cement Co. Cement Plant,大冶尖峰水泥有限公司 (Chinese),Daye Jianfeng Cement Co [100.0%],China;,Hubei,operating,2008,2,2,2,1.6,dry,30.158912,114.786069,30.158912,114.786069,https://www.gem.wiki/Daye_Jianfeng_Cement_Co._Cement_Plant,no,"Hubei, China",2,2,no,blended,no,grey,大冶尖峰水泥有限公司 (Chinese) [100%],exact,Daye Jianfeng Cement Co. Cement Plant,Daye Jianfeng Cement Co [100.0%],integrated,2.0,operating,GCCT,GCCT,Cement and Concrete,n/a
cement,P100000124945,Huangshi City 4th Ke Cement Plant,黄石市四棵水泥厂 (Chinese),Huangshi City 4th Ke Cement Plant [100.0%],China;,Hubei,mothballed,,0.008,>0,>0,1.46,dry,30.161792,115.06645,30.161792,115.06645,https://www.gem.wiki/Huangshi_City_4th_Ke_Cement_Plant,no,"Hubei, China",0.008,0.008,no,blended,no,grey,黄石市四棵水泥厂 (Chinese) [100%],exact,Huangshi City 4th Ke Cement Plant,Huangshi City 4th Ke Cement Plant [100.0%],integrated,0.008,mothballed-plus,GCCT,GCCT,Cement and Concrete,n/a
cement,P100000124946,Hangzhou Lin'an Southern Cement Co. Cement Plant,杭州临安南方水泥有限公司 (Chinese),Hangzhou Lin'an Southern Cement Co [100.0%],China;,Zhejiang,operating,,2,2,2,1.83,dry,30.184394,119.789093,30.184394,119.789093,https://www.gem.wiki/Hangzhou_Lin'an_Southern_Cement_Co._Cement_Plant,no,"Zhejiang, China",2,2,no,unknown,no,,杭州临安南方水泥有限公司 (Chinese) [100%],exact,Hangzhou Lin'an Southern Cement Co. Cement Plant,Hangzhou Lin'an Southern Cement Co [100.0%],integrated,2.0,operating,GCCT,GCCT,Cement and Concrete,n/a
cement,P100000124951,Dayi Xianming Xiling Cement Limited Company Cement Plant,大邑显明西岭水泥有限公司 (Chinese),Dayi Xianming Xiling Cement Co Ltd [100.0%],China;,Sichuan,mothballed,,0.91,0.91,0.91,0.91,dry,30.541525,103.548258,30.541525,103.548258,https://www.gem.wiki/Dayi_Xianming_Xiling_Cement_Limited_Company_Cement_Plant,no,"Sichuan, China",0.91,0.91,no,unknown,no,,大邑显明西岭水泥有限公司 (Chinese) [100%],exact,Dayi Xianming Xiling Cement Limited Company Cement Plant,Dayi Xianming Xiling Cement Co Ltd [100.0%],integrated,0.91,mothballed-plus,GCCT,GCCT,Cement and Concrete,n/a
cement,P100000124957,Guanghan Sanxingdui Cement Co. Cement Plant,广汉三星堆水泥有限公司 (Chinese),Guanghan Sanxingdui Cement Co [100.0%],China;,Sichuan,operating,2010,1,1,1,0.91,dry,31.032179,104.231647,31.032179,104.231647,https://www.gem.wiki/Guanghan_Sanxingdui_Cement_Co._Cement_Plant,no,"Sichuan, China",1,1,no,unknown,no,,广汉三星堆水泥有限公司 (Chinese) [100%],exact,Guanghan Sanxingdui Cement Co. Cement Plant,Guanghan Sanxingdui Cement Co [100.0%],integrated,1.0,operating,GCCT,GCCT,Cement and Concrete,n/a
cement,P100000124958,Wuhu Ruixin Cement Co. Cement Plant,芜湖瑞信水泥有限公司 (Chinese),Wuhu Ruixin Cement Co Ltd [100.0%],China;,Anhui,operating,,0.008,>0,>0,0.35,dry,31.11518,118.032477,31.11518,118.032477,https://www.gem.wiki/Wuhu_Ruixin_Cement_Co._Cement_Plant,no,"Anhui, China",0.008,0.008,no,opc,no,grey,芜湖瑞信水泥有限公司 (Chinese) [100%],exact,Wuhu Ruixin Cement Co. Cement Plant,Wuhu Ruixin Cement Co Ltd [100.0%],integrated,0.008,operating,GCCT,GCCT,Cement and Concrete,n/a
cement,P100000124959,Liyang Huafeng Cement Limited Company Cement Plant,溧阳市华峰水泥有限公司 (Chinese),Liyang Huafeng Cement Co Ltd [100.0%],China;,Jiangsu,retired,,0.5,0.5,0.5,n/a,n/a,31.364147,119.335175,31.364147,119.335175,https://www.gem.wiki/Liyang_Huafeng_Cement_Limited_Company_Cement_Plant,n/a,"Jiangsu, China",0.5,0.5,n/a,unknown,n/a,,溧阳市华峰水泥有限公司 (Chinese) [100%],exact,Liyang Huafeng Cement Limited Company Cement Plant,Liyang Huafeng Cement Co Ltd [100.0%],grinding,0.5,retired-plus,GCCT,GCCT,Cement and Concrete,n/a
cement,P100000124960,Sichuan Mianzhu Aodong Cement Co. Cement Plant,四川省绵竹澳东水泥有限责任公司 (Chinese),Sichuan Mianzhu Aodong Cement Co Ltd [100.0%],China;,Sichuan,operating,,2,2,2,1.55,dry,31.434009,104.22171,31.434009,104.22171,https://www.gem.wiki/Sichuan_Mianzhu_Aodong_Cement_Co._Cement_Plant,no,"Sichuan, China",2,2,no,opc,no,grey,四川省绵竹澳东水泥有限责任公司 (Chinese) [100%],exact,Sichuan Mianzhu Aodong Cement Co. Cement Plant,Sichuan Mianzhu Aodong Cement Co Ltd [100.0%],integrated,2.0,operating,GCCT,GCCT,Cement and Concrete,n/a
cement,P100000124961,"Chaohu Weili Cement Co.,Ltd. Cement Plant",巢湖威力水泥有限公司 (Chinese),Chaohu Weili Cement Co Ltd [100.0%],China;,Anhui,operating,,2.4,2.4,2.4,>0,dry,31.538192,117.856864,31.538192,117.856864,"https://www.gem.wiki/Chaohu_Weili_Cement_Co.,Ltd._Cement_Plant",no,"Anhui, China",2.4,2.4,no,opc,no,grey,巢湖威力水泥有限公司 (Chinese) [100%],exact,"Chaohu Weili Cement Co.,Ltd. Cement Plant",Chaohu Weili Cement Co Ltd [100.0%],integrated,2.4,operating,GCCT,GCCT,Cement and Concrete,n/a
cement,P100000124963,Beichuan Four Star Cement Co. Cement Plant,北川四星水泥有限公司 (Chinese),Beichuan Four Star Cement Co [100.0%],China;,Sichuan,operating,2010,0.008,>0,>0,0.91,dry,31.672101,104.410502,31.672101,104.410502,https://www.gem.wiki/Beichuan_Four_Star_Cement_Co._Cement_Plant,no,"Sichuan, China",0.008,0.008,no,unknown,no,,北川四星水泥有限公司 (Chinese) [100%],exact,Beichuan Four Star Cement Co. Cement Plant,Beichuan Four Star Cement Co [100.0%],integrated,0.008,operating,GCCT,GCCT,Cement and Concrete,n/a
cement,P100000124965,Sichuan Guoda Cement Co. Cement Plant,四川国大水泥股份有限公司 (Chinese),Sichuan Guoda Cement Co Ltd [100.0%],China;,Sichuan,operating,2009,4.5,4.5,4.5,2.92,dry,31.792222,104.647526,31.792222,104.647526,https://www.gem.wiki/Sichuan_Guoda_Cement_Co._Cement_Plant,no,"Sichuan, China",4.5,4.5,no,opc,no,grey,四川国大水泥股份有限公司 (Chinese) [100%],exact,Sichuan Guoda Cement Co. Cement Plant,Sichuan Guoda Cement Co Ltd [100.0%],integrated,4.5,operating,GCCT,GCCT,Cement and Concrete,n/a
cement,P100000124966,Anhui Panjing Cement Co. Cement Plant,安徽盘景水泥有限公司 (Chinese),Anhui Panjing Cement Co Ltd [100.0%],China;,Anhui,operating,2008,8,8,8,5.48,dry,31.966318,118.341083,31.966318,118.341083,https://www.gem.wiki/Anhui_Panjing_Cement_Co._Cement_Plant,no,"Anhui, China",8,8,no,opc,no,grey,安徽盘景水泥有限公司 (Chinese) [100%],exact,Anhui Panjing Cement Co. Cement Plant,Anhui Panjing Cement Co Ltd [100.0%],integrated,8.0,operating,GCCT,GCCT,Cement and Concrete,n/a
cement,P100000124967,Nanjing Jiangxing Cement Co. Cement Plant 2,南京江星水泥有限公司 (Chinese),Nanjing Jiangxing Cement Co Ltd [100.0%],China;,Jiangsu,operating,,0.008,>0,>0,>0,dry,32.041549,118.422828,32.041549,118.422828,https://www.gem.wiki/Nanjing_Jiangxing_Cement_Co._Cement_Plant_2,no,"Jiangsu, China",0.008,0.008,no,unknown,no,,南京江星水泥有限公司 (Chinese) [100%],exact,Nanjing Jiangxing Cement Co. Cement Plant 2,Nanjing Jiangxing Cement Co Ltd [100.0%],integrated,0.008,operating,GCCT,GCCT,Cement and Concrete,n/a
cement,P100000124968,Jiangsu Shuanglong Group Co. Cement Plant,江苏双龙集团有限公司 (Chinese),Jiangsu Shuanglong Group Co [100.0%],China;,Jiangsu,operating,,3,3,3,>0,dry,32.148608,119.32714,32.148608,119.32714,https://www.gem.wiki/Jiangsu_Shuanglong_Group_Co._Cement_Plant,no,"Jiangsu, China",3,3,no,unknown,no,,江苏双龙集团有限公司 (Chinese) [100%],exact,Jiangsu Shuanglong Group Co. Cement Plant,Jiangsu Shuanglong Group Co [100.0%],integrated,3.0,operating,GCCT,GCCT,Cement and Concrete,n/a
cement,P100000124969,Sichuan Kuangshan Cement Co. Cement Plant,四川匡山水泥有限公司 (Chinese),Sichuan Kuangshan Cement Co Ltd [100.0%],China;,Sichuan,operating,2010,1,1,1,0.91,dry,32.249912,106.464538,32.249912,106.464538,https://www.gem.wiki/Sichuan_Kuangshan_Cement_Co._Cement_Plant,no,"Sichuan, China",1,1,no,opc,no,grey,四川匡山水泥有限公司 (Chinese) [100%],exact,Sichuan Kuangshan Cement Co. Cement Plant,Sichuan Kuangshan Cement Co Ltd [100.0%],integrated,1.0,operating,GCCT,GCCT,Cement and Concrete,n/a
cement,P100000124970,Wangcang Chuanmei Cement Co. Cement Plant,旺苍川煤水泥有限责任公司 (Chinese),Wangcangchuan Coal Cement Co Ltd [100.0%],China;,Sichuan,operating,,2,2,2,1.5,dry,32.260987,106.059989,32.260987,106.059989,https://www.gem.wiki/Wangcang_Chuanmei_Cement_Co._Cement_Plant,no,"Sichuan, China",2,2,no,unknown,no,,旺苍川煤水泥有限责任公司 (Chinese) [100%],exact,Wangcang Chuanmei Cement Co. Cement Plant,Wangcangchuan Coal Cement Co Ltd [100.0%],integrated,2.0,operating,GCCT,GCCT,Cement and Concrete,n/a
cement,P100000124971,"Sichuan Chuanmei Cement Co.,Ltd. Cement Plant",四川川煤水泥股份有限公司 (Chinese),Sichuan Coal and Cement Co Ltd [100.0%],China;,Sichuan,operating,2009,0.008,>0,>0,n/a,n/a,32.308293,105.554132,32.308293,105.554132,"https://www.gem.wiki/Sichuan_Chuanmei_Cement_Co.,Ltd._Cement_Plant",n/a,"Sichuan, China",0.008,0.008,n/a,unknown,n/a,,四川川煤水泥股份有限公司 (Chinese) [100%],exact,"Sichuan Chuanmei Cement Co.,Ltd. Cement Plant",Sichuan Coal and Cement Co Ltd [100.0%],grinding,0.008,operating,GCCT,GCCT,Cement and Concrete,n/a
cement,P100000124972,"Shaanxi Golden Dragon Cement Co.,Ltd. Cement Plant",陕西金龙水泥有限公司 (Chinese),Shaanxi Jinlong Cement Co Ltd [100.0%],China;,Shaanxi,operating,2010,0.008,>0,>0,1.83,dry,32.336118,109.445347,32.336118,109.445347,"https://www.gem.wiki/Shaanxi_Golden_Dragon_Cement_Co.,Ltd._Cement_Plant",no,"Shaanxi, China",0.008,0.008,no,opc,no,grey,陕西金龙水泥有限公司 (Chinese) [100%],exact,"Shaanxi Golden Dragon Cement Co.,Ltd. Cement Plant",Shaanxi Jinlong Cement Co Ltd [100.0%],integrated,0.008,operating,GCCT,GCCT,Cement and Concrete,n/a
cement,P100000124973,Guangyuan Gaoli Cement Industry Co. Cement Plant,广元市高力水泥实业有限公司 (Chinese),Guangyuan Gaoli Cement Industry Co [100.0%],China;,Sichuan,operating,2010,1.5,1.5,1.5,1.02,dry,32.489249,105.639136,32.489249,105.639136,https://www.gem.wiki/Guangyuan_Gaoli_Cement_Industry_Co._Cement_Plant,no,"Sichuan, China",1.5,1.5,no,unknown,no,,广元市高力水泥实业有限公司 (Chinese) [100%],exact,Guangyuan Gaoli Cement Industry Co. Cement Plant,Guangyuan Gaoli Cement Industry Co [100.0%],integrated,1.5,operating,GCCT,GCCT,Cement and Concrete,n/a
cement,P100000124976,"Chengxian Qilian Mountain Cement Co., Ltd. Cement Plant",成县祁连山水泥有限公司 (Chinese),Chengxian Qilian Mountain Cement Co Ltd [100.0%],China;,Gansu,operating,,3.6,3.6,3.6,2.92,dry,33.722811,105.666698,33.722811,105.666698,"https://www.gem.wiki/Chengxian_Qilian_Mountain_Cement_Co.,_Ltd._Cement_Plant",no,"Gansu, China",3.6,3.6,no,opc,no,grey,成县祁连山水泥有限公司 (Chinese) [100%],exact,"Chengxian Qilian Mountain Cement Co., Ltd. Cement Plant",Chengxian Qilian Mountain Cement Co Ltd [100.0%],integrated,3.6,operating,GCCT,GCCT,Cement and Concrete,n/a
cement,P100000124977,"He'Nan Province Dadi Cement Co.,Ltd. Cement Plant",河南省大地水泥有限公司 (Chinese),He'Nan Province Dadi Cement Co Ltd [100.0%],China;,Henan,operating,,5,5,5,4,dry,33.859079,113.001175,33.859079,113.001175,"https://www.gem.wiki/He'Nan_Province_Dadi_Cement_Co.,Ltd._Cement_Plant",no,"Henan, China",5,5,no,opc,no,grey,河南省大地水泥有限公司 (Chinese) [100%],exact,"He'Nan Province Dadi Cement Co.,Ltd. Cement Plant",He'Nan Province Dadi Cement Co Ltd [100.0%],integrated,5.0,operating,GCCT,GCCT,Cement and Concrete,n/a
cement,P100000124979,Shaanxi Shitouhe Cement Co. Cement Plant,陕西石头河水泥有限公司 (Chinese),Shaanxi Shitouhe Cement Co Ltd [100.0%],China;,Shaanxi,operating,2000,0.3,0.3,0.3,0.37,dry,34.185857,107.660491,34.185857,107.660491,https://www.gem.wiki/Shaanxi_Shitouhe_Cement_Co._Cement_Plant,no,"Shaanxi, China",0.3,0.3,no,unknown,no,white,陕西石头河水泥有限公司 (Chinese) [100%],exact,Shaanxi Shitouhe Cement Co. Cement Plant,Shaanxi Shitouhe Cement Co Ltd [100.0%],integrated,0.3,operating,GCCT,GCCT,Cement and Concrete,n/a
cement,P100000124980,"Baoji Conch Cement Co.,Ltd. Cement Plant",宝鸡海螺水泥有限责任公司 (Chinese),Baoji Conch Cement Co Ltd [100.0%],China;,Shaanxi,retired,,1.2,1.2,1.2,0.91,dry,34.305155,107.581465,34.305155,107.581465,"https://www.gem.wiki/Baoji_Conch_Cement_Co.,Ltd._Cement_Plant",no,"Shaanxi, China",1.2,1.2,no,unknown,no,,宝鸡海螺水泥有限责任公司 (Chinese) [100%],exact,"Baoji Conch Cement Co.,Ltd. Cement Plant",Baoji Conch Cement Co Ltd [100.0%],integrated,1.2,retired-plus,GCCT,GCCT,Cement and Concrete,n/a
cement,P100000124981,Dengfeng Songji Cement Company Cement Plant,登封市嵩基水泥有限公司 (Chinese),Dengfeng Songji Cement Co Ltd [100.0%],China;,Henan,operating,,3,3,3,1.64,dry,34.328401,113.181429,34.328401,113.181429,https://www.gem.wiki/Dengfeng_Songji_Cement_Company_Cement_Plant,no,"Henan, China",3,3,no,opc,no,grey,登封市嵩基水泥有限公司 (Chinese) [100%],exact,Dengfeng Songji Cement Company Cement Plant,Dengfeng Songji Cement Co Ltd [100.0%],integrated,3.0,operating,GCCT,GCCT,Cement and Concrete,n/a
cement,P100000124982,Zhengzhou Essence Special Type Cement Limited Company Cement Plant,郑州市菁华特种水泥有限公司 (Chinese),Zhengzhou Jinghua Special Type Cement Co Ltd [100.0%],China;,Henan,operating,2003,0.3,0.3,0.3,0.37,dry,34.430495,113.249053,34.430495,113.249053,https://www.gem.wiki/Zhengzhou_Essence_Special_Type_Cement_Limited_Company_Cement_Plant,no,"Henan, China",0.3,0.3,no,unknown,no,,郑州市菁华特种水泥有限公司 (Chinese) [100%],exact,Zhengzhou Essence Special Type Cement Limited Company Cement Plant,Zhengzhou Jinghua Special Type Cement Co Ltd [100.0%],integrated,0.3,operating,GCCT,GCCT,Cement and Concrete,n/a
cement,P100000124983,Xuzhou Longshan Cement Co. Cement Plant,徐州市龙山水泥有限公司 (Chinese),Xuzhou Longshan Cement Co Ltd [100.0%],China;,Jiangsu,operating,1980,3,3,3,3.47,dry,34.529458,117.390877,34.529458,117.390877,https://www.gem.wiki/Xuzhou_Longshan_Cement_Co._Cement_Plant,no,"Jiangsu, China",3,3,no,opc,no,grey,徐州市龙山水泥有限公司 (Chinese) [100%],exact,Xuzhou Longshan Cement Co. Cement Plant,Xuzhou Longshan Cement Co Ltd [100.0%],integrated,3.0,operating,GCCT,GCCT,Cement and Concrete,n/a
cement,P100000124984,Tianshui Tianxiang Cement (Group) Co. Ltd. Cement Plant,天水市天祥水泥(集团)有限责任公司 (Chinese),Tianshui Tianxiang Cement (Group) Co Ltd [100.0%],China;,Gansu,operating,,0.008,>0,>0,0.91,dry,34.550779,105.803904,34.550779,105.803904,https://www.gem.wiki/Tianshui_Tianxiang_Cement_(Group)_Co._Ltd._Cement_Plant,no,"Gansu, China",0.008,0.008,no,opc,no,grey,天水市天祥水泥(集团)有限责任公司 (Chinese) [100%],exact,Tianshui Tianxiang Cement (Group) Co. Ltd. Cement Plant,Tianshui Tianxiang Cement (Group) Co Ltd [100.0%],integrated,0.008,operating,GCCT,GCCT,Cement and Concrete,n/a
cement,P100000124986,Shandong Shenfeng Cement Group Co. Cement Plant,山东申丰水泥集团有限公司 (Chinese),Shandong Shenfeng Cement Group Co Ltd [100.0%],China;,Shandong,operating,2009,10,10,10,8,dry,34.694321,117.521615,34.694321,117.521615,https://www.gem.wiki/Shandong_Shenfeng_Cement_Group_Co._Cement_Plant,no,"Shandong, China",10,10,no,opc,no,grey,山东申丰水泥集团有限公司 (Chinese) [100%],exact,Shandong Shenfeng Cement Group Co. Cement Plant,Shandong Shenfeng Cement Group Co Ltd [100.0%],integrated,10.0,operating,GCCT,GCCT,Cement and Concrete,n/a
cement,P100000124987,Shandong Liuyuan Cement Co. Cement Plant,山东榴园水泥有限公司 (Chinese),Shandong Liuyuan Cement Co Ltd [100.0%],China;,Shandong,operating,,1.3,1.3,1.3,n/a,n/a,34.718119,117.523564,34.718119,117.523564,https://www.gem.wiki/Shandong_Liuyuan_Cement_Co._Cement_Plant,n/a,"Shandong, China",1.3,1.3,n/a,opc,n/a,,山东榴园水泥有限公司 (Chinese) [100%],exact,Shandong Liuyuan Cement Co. Cement Plant,Shandong Liuyuan Cement Co Ltd [100.0%],grinding,1.3,operating,GCCT,GCCT,Cement and Concrete,n/a
cement,P100000124988,Henan Jinrong Cement Co. Cement Plant,河南锦荣水泥有限公司 (Chinese),Henan Jinrong Cement Co [100.0%],China;,Henan,operating,,5,5,5,3.8,dry,34.730497,111.401181,34.730497,111.401181,https://www.gem.wiki/Henan_Jinrong_Cement_Co._Cement_Plant,no,"Henan, China",5,5,no,unknown,no,,河南锦荣水泥有限公司 (Chinese) [100%],exact,Henan Jinrong Cement Co. Cement Plant,Henan Jinrong Cement Co [100.0%],integrated,5.0,operating,GCCT,GCCT,Cement and Concrete,n/a
cement,P100000124989,Zaozhuang Wofeng Cement Co. Cement Plant,枣庄市沃丰水泥有限公司 (Chinese),Zaozhuang Wofeng Cement Co Ltd [100.0%],China;,Shandong,operating,,0.008,>0,>0,1.6,dry,34.7807,117.613649,34.7807,117.613649,https://www.gem.wiki/Zaozhuang_Wofeng_Cement_Co._Cement_Plant,no,"Shandong, China",0.008,0.008,no,unknown,no,,枣庄市沃丰水泥有限公司 (Chinese) [100%],exact,Zaozhuang Wofeng Cement Co. Cement Plant,Zaozhuang Wofeng Cement Co Ltd [100.0%],integrated,0.008,operating,GCCT,GCCT,Cement and Concrete,n/a
cement,P100000124990,Quantou Group Zaozhuang Jinqiao Rotary Kiln Cement Co. Cement Plant,泉头集团枣庄金桥旋窑水泥有限公司 (Chinese),Quantou Group Zaozhuang Jinqiao Rotary Kiln Cement Co Ltd [100.0%],China;,Shandong,operating,,3,3,3,1.46,dry,34.839772,117.72159,34.839772,117.72159,https://www.gem.wiki/Quantou_Group_Zaozhuang_Jinqiao_Rotary_Kiln_Cement_Co._Cement_Plant,no,"Shandong, China",3,3,no,unknown,no,,泉头集团枣庄金桥旋窑水泥有限公司 (Chinese) [100%],exact,Quantou Group Zaozhuang Jinqiao Rotary Kiln Cement Co. Cement Plant,Quantou Group Zaozhuang Jinqiao Rotary Kiln Cement Co Ltd [100.0%],integrated,3.0,operating,GCCT,GCCT,Cement and Concrete,n/a
cement,P100000124991,"Zhangxian County Qilian Shanshui Ni Co.,Ltd. Cement Plant",漳县祁连山水泥有限公司 (Chinese),Zhangxian Qilianshan Cement Co Ltd [100.0%],China;,Gansu,operating,,3.2,3.2,3.2,2.92,dry,34.845357,104.423382,34.845357,104.423382,"https://www.gem.wiki/Zhangxian_County_Qilian_Shanshui_Ni_Co.,Ltd._Cement_Plant",no,"Gansu, China",3.2,3.2,no,opc,no,grey,漳县祁连山水泥有限公司 (Chinese) [100%],exact,"Zhangxian County Qilian Shanshui Ni Co.,Ltd. Cement Plant",Zhangxian Qilianshan Cement Co Ltd [100.0%],integrated,3.2,operating,GCCT,GCCT,Cement and Concrete,n/a
cement,P100000124994,"Feixian Yizhou Cement Co., Ltd. Cement Plant",费县沂州水泥有限公司 (Chinese),Feixian Yizhou Cement Co Ltd [100.0%],China;,Shandong,operating,2008,5,5,5,3.65,dry,35.292737,117.888662,35.292737,117.888662,"https://www.gem.wiki/Feixian_Yizhou_Cement_Co.,_Ltd._Cement_Plant",no,"Shandong, China",5,5,no,opc,no,grey,费县沂州水泥有限公司 (Chinese) [100%],exact,"Feixian Yizhou Cement Co., Ltd. Cement Plant",Feixian Yizhou Cement Co Ltd [100.0%],integrated,5.0,operating,GCCT,GCCT,Cement and Concrete,n/a
cement,P100000124995,Henan Mengdian Group Cement Co. Cement Plant,河南孟电集团水泥有限公司 (Chinese),Henan Mengdian Group Cement Co [100.0%],China;,Henan,operating,2002,6.5,6.5,6.5,5.0,dry,35.486572,113.849626,35.486572,113.849626,https://www.gem.wiki/Henan_Mengdian_Group_Cement_Co._Cement_Plant,no,"Henan, China",6.5,6.5,no,opc,no,grey,河南孟电集团水泥有限公司 (Chinese) [100%],exact,Henan Mengdian Group Cement Co. Cement Plant,Henan Mengdian Group Cement Co [100.0%],integrated,6.5,operating,GCCT,GCCT,Cement and Concrete,n/a
cement,P100000124996,Henan Taiyangshi Group Cement Co. Cement Plant,河南省太阳石集团水泥有限公司 (Chinese),Henan Taiyangshi Group Cement Co [100.0%],China;,Henan,operating,2007,4,4,4,>0,dry,35.553288,113.780174,35.553288,113.780174,https://www.gem.wiki/Henan_Taiyangshi_Group_Cement_Co._Cement_Plant,no,"Henan, China",4,4,no,opc,no,grey,河南省太阳石集团水泥有限公司 (Chinese) [100%],exact,Henan Taiyangshi Group Cement Co. Cement Plant,Henan Taiyangshi Group Cement Co [100.0%],integrated,4.0,operating,GCCT,GCCT,Cement and Concrete,n/a
cement,P100000124997,"Shandong Juzhou Cement Co.,Ltd. Cement Plant",山东莒州水泥有限公司 (Chinese),Shandong Juzhou Cement [100.0%],China;,Shandong,operating,2013,10,10,10,>0,dry,35.722736,118.911196,35.722736,118.911196,"https://www.gem.wiki/Shandong_Juzhou_Cement_Co.,Ltd._Cement_Plant",no,"Shandong, China",10,10,no,unknown,no,,山东莒州水泥有限公司 (Chinese) [100%],exact,"Shandong Juzhou Cement Co.,Ltd. Cement Plant",Shandong Juzhou Cement [100.0%],integrated,10.0,operating,GCCT,GCCT,Cement and Concrete,n/a
cement,P100000124998,Lanzhou Licorice Environmental Building Materials Co. Cement Plant,兰州甘草环保建材有限责任公司 (Chinese),Lanzhou Licorice Environmental Building Materials Co [100.0%],China;,Gansu,mothballed,1983,2,2,2,1.6,dry,35.789176,104.287528,35.789176,104.287528,https://www.gem.wiki/Lanzhou_Licorice_Environmental_Building_Materials_Co._Cement_Plant,no,"Gansu, China",2,2,no,opc,no,grey,兰州甘草环保建材有限责任公司 (Chinese) [100%],exact,Lanzhou Licorice Environmental Building Materials Co. Cement Plant,Lanzhou Licorice Environmental Building Materials Co [100.0%],integrated,2.0,mothballed-plus,GCCT,GCCT,Cement and Concrete,n/a
cement,P100000124999,"Gansu Sanyi Cement Co., Ltd. Cement Plant",甘肃三易水泥有限责任公司 (Chinese),Gansu Sanyi Cement Co Ltd [100.0%],China;,Gansu,operating,2011,1.2,1.2,1.2,1.1,dry,35.7916,103.720684,35.7916,103.720684,"https://www.gem.wiki/Gansu_Sanyi_Cement_Co.,_Ltd._Cement_Plant",no,"Gansu, China",1.2,1.2,no,opc,no,grey,甘肃三易水泥有限责任公司 (Chinese) [100%],exact,"Gansu Sanyi Cement Co., Ltd. Cement Plant",Gansu Sanyi Cement Co Ltd [100.0%],integrated,1.2,operating,GCCT,GCCT,Cement and Concrete,n/a
cement,P100000125003,Changzhi Huatai New Material Technology Co. Cement Plant,长治华泰新材料科技有限公司 (长治县三元王庄华泰水泥有限公司) (Chinese),Changzhi Huatai New Material Technology Co [100.0%],China;,Shanxi,operating,2006,1,1,1,n/a,n/a,36.048616,113.093144,36.048616,113.093144,https://www.gem.wiki/Changzhi_Huatai_New_Material_Technology_Co._Cement_Plant,n/a,"Shanxi, China",1,1,n/a,unknown,n/a,,长治华泰新材料科技有限公司 (长治县三元王庄华泰水泥有限公司) (Chinese) [100%],exact,Changzhi Huatai New Material Technology Co. Cement Plant,Changzhi Huatai New Material Technology Co [100.0%],grinding,1.0,operating,GCCT,GCCT,Cement and Concrete,n/a
cement,P100000125005,Anyang Pengdi Cement Co. Cement Plant,安阳市鹏迪水泥有限责任公司 (Chinese),Anyang Pengdi Cement Co [100.0%],China;,Henan,operating,,0.008,>0,>0,n/a,n/a,36.15685,114.099976,36.15685,114.099976,https://www.gem.wiki/Anyang_Pengdi_Cement_Co._Cement_Plant,n/a,"Henan, China",0.008,0.008,n/a,unknown,n/a,,安阳市鹏迪水泥有限责任公司 (Chinese) [100%],exact,Anyang Pengdi Cement Co. Cement Plant,Anyang Pengdi Cement Co [100.0%],grinding,0.008,operating,GCCT,GCCT,Cement and Concrete,n/a
cement,P100000125006,Feicheng Mishan Cement Limited Company Cement Plant,肥城米山水泥有限公司 (Chinese),Feicheng Mishan Cement Co Ltd [100.0%],China;,Shandong,retired,2012,2.6,2.6,2.6,2.92,dry,36.157922,116.641194,36.157922,116.641194,https://www.gem.wiki/Feicheng_Mishan_Cement_Limited_Company_Cement_Plant,no,"Shandong, China",2.6,2.6,no,unknown,no,,肥城米山水泥有限公司 (Chinese) [100%],exact,Feicheng Mishan Cement Limited Company Cement Plant,Feicheng Mishan Cement Co Ltd [100.0%],integrated,2.6,retired-plus,GCCT,GCCT,Cement and Concrete,n/a
cement,P100000125008,"Gonghe County Qilian Shan Jinhe Cement Co.,Ltd. Cement Plant",共和县祁连山金河水泥有限责任公司 (Chinese),Gonghe County Qilian Shan Jinhe Cement Co Ltd [100.0%],China;,Qinghai,operating,2011,0.008,>0,>0,0.73,dry,36.269977,100.576897,36.269977,100.576897,"https://www.gem.wiki/Gonghe_County_Qilian_Shan_Jinhe_Cement_Co.,Ltd._Cement_Plant",no,"Qinghai, China",0.008,0.008,no,opc,no,grey,共和县祁连山金河水泥有限责任公司 (Chinese) [100%],exact,"Gonghe County Qilian Shan Jinhe Cement Co.,Ltd. Cement Plant",Gonghe County Qilian Shan Jinhe Cement Co Ltd [100.0%],integrated,0.008,operating,GCCT,GCCT,Cement and Concrete,n/a
cement,P100000125011,Shandong Linqu Shengwei Special Type Cement Limited Company Cement Plant,山东临朐胜潍特种水泥有限公司 (Chinese),Shandong Linqu Shengwei Special Cement [100.0%],China;,Shandong,operating,1994,0.5,0.5,0.5,>0,dry,36.425814,118.494322,36.425814,118.494322,https://www.gem.wiki/Shandong_Linqu_Shengwei_Special_Type_Cement_Limited_Company_Cement_Plant,no,"Shandong, China",0.5,0.5,no,unknown,no,,山东临朐胜潍特种水泥有限公司 (Chinese) [100%],exact,Shandong Linqu Shengwei Special Type Cement Limited Company Cement Plant,Shandong Linqu Shengwei Special Cement [100.0%],integrated,0.5,operating,GCCT,GCCT,Cement and Concrete,n/a
cement,P100000125012,Qinghai Taining Cement Limited Company Cement Plant,青海泰宁水泥有限公司 (Chinese),Qinghai Taining Cement Co Ltd [100.0%],China;,Qinghai,operating,,0.6,0.6,0.6,0.73,dry,36.484143,102.257909,36.484143,102.257909,https://www.gem.wiki/Qinghai_Taining_Cement_Limited_Company_Cement_Plant,no,"Qinghai, China",0.6,0.6,no,unknown,no,,青海泰宁水泥有限公司 (Chinese) [100%],exact,Qinghai Taining Cement Limited Company Cement Plant,Qinghai Taining Cement Co Ltd [100.0%],integrated,0.6,operating,GCCT,GCCT,Cement and Concrete,n/a
cement,P100000125013,Qinghai Jinding Group Cement Company Cement Plant,青海金鼎水泥有限公司 (Chinese),Qinghai Jinding Cement Co Ltd [100.0%],China;,Qinghai,mothballed,,2.4,2.4,2.4,1.8,dry,36.494599,102.272535,36.494599,102.272535,https://www.gem.wiki/Qinghai_Jinding_Group_Cement_Company_Cement_Plant,no,"Qinghai, China",2.4,2.4,no,unknown,no,,青海金鼎水泥有限公司 (Chinese) [100%],exact,Qinghai Jinding Group Cement Company Cement Plant,Qinghai Jinding Cement Co Ltd [100.0%],integrated,2.4,mothballed-plus,GCCT,GCCT,Cement and Concrete,n/a
cement,P100000125016,Baiyin Wanghun Cement Co. Cement Plant,白银市王岘水泥有限公司 (Chinese),Baiyin Wanghun Cement Co [100.0%],China;,Gansu,operating,2010,1.4,1.4,1.4,>0,dry,36.569144,104.190668,36.569144,104.190668,https://www.gem.wiki/Baiyin_Wanghun_Cement_Co._Cement_Plant,no,"Gansu, China",1.4,1.4,no,opc,no,grey,白银市王岘水泥有限公司 (Chinese) [100%],exact,Baiyin Wanghun Cement Co. Cement Plant,Baiyin Wanghun Cement Co [100.0%],integrated,1.4,operating,GCCT,GCCT,Cement and Concrete,n/a
cement,P100000125017,Zibo Shanshui Cement Company Cement Plant,淄博山水水泥有限公司 (Chinese),Zibo Shanshui Cement Co Ltd [100.0%],China;,Shandong,operating,2005,0.008,>0,>0,1.46,dry,36.627719,117.752907,36.627719,117.752907,https://www.gem.wiki/Zibo_Shanshui_Cement_Company_Cement_Plant,no,"Shandong, China",0.008,0.008,no,unknown,no,,淄博山水水泥有限公司 (Chinese) [100%],exact,Zibo Shanshui Cement Company Cement Plant,Zibo Shanshui Cement Co Ltd [100.0%],integrated,0.008,operating,GCCT,GCCT,Cement and Concrete,n/a
cement,P100000125019,Wuan Xinfeng Cement Co. Cement Plant,武安市新峰水泥有限责任公司 (Chinese),Wu'an Xinfeng Cement Co Ltd [100.0%],China;,Hebei,operating,2006,1.5,1.5,1.5,4.1,dry,36.67268,114.109795,36.67268,114.109795,https://www.gem.wiki/Wuan_Xinfeng_Cement_Co._Cement_Plant,no,"Hebei, China",1.5,1.5,no,opc,no,grey,武安市新峰水泥有限责任公司 (Chinese) [100%],exact,Wuan Xinfeng Cement Co. Cement Plant,Wu'an Xinfeng Cement Co Ltd [100.0%],integrated,1.5,operating,GCCT,GCCT,Cement and Concrete,n/a
cement,P100000125020,Zibo Luzhong Cement Co. Cement Plant,淄博鲁中水泥有限公司 (Chinese),Zibo Luzhong Cement Co Ltd [100.0%],China;,Shandong,operating,,0.008,>0,>0,2.56,dry,36.699864,118.094104,36.699864,118.094104,https://www.gem.wiki/Zibo_Luzhong_Cement_Co._Cement_Plant,no,"Shandong, China",0.008,0.008,no,blended,no,grey,淄博鲁中水泥有限公司 (Chinese) [100%],exact,Zibo Luzhong Cement Co. Cement Plant,Zibo Luzhong Cement Co Ltd [100.0%],integrated,0.008,operating,GCCT,GCCT,Cement and Concrete,n/a
cement,P100000125023,Shahe Shuangji Cement Co Cement Plant,沙河市双基水泥有限公司 (Chinese),Shahe Shuangji Cement Co Ltd [100.0%],China;,Hebei,operating,,0.008,>0,>0,1.83,dry,36.919179,114.315387,36.919179,114.315387,https://www.gem.wiki/Shahe_Shuangji_Cement_Co_Cement_Plant,no,"Hebei, China",0.008,0.008,no,opc,no,grey,沙河市双基水泥有限公司 (Chinese) [100%],exact,Shahe Shuangji Cement Co Cement Plant,Shahe Shuangji Cement Co Ltd [100.0%],integrated,0.008,operating,GCCT,GCCT,Cement and Concrete,n/a
cement,P100000125024,Hebei Xianweng Cement Company Limited Cement Plant,河北仙翁水泥股份有限公司 (Chinese),Hebei Xianweng Cement Co Ltd [100.0%],China;,Hebei,retired,,1.2,1.2,1.2,1.1,dry,37.066125,114.335701,37.066125,114.335701,https://www.gem.wiki/Hebei_Xianweng_Cement_Company_Limited_Cement_Plant,no,"Hebei, China",1.2,1.2,no,unknown,no,,河北仙翁水泥股份有限公司 (Chinese) [100%],exact,Hebei Xianweng Cement Company Limited Cement Plant,Hebei Xianweng Cement Co Ltd [100.0%],integrated,1.2,retired-plus,GCCT,GCCT,Cement and Concrete,n/a
cement,P100000125029,Shanxi Changsheng Cement Limited Company Cement Plant,山西昌盛水泥有限公司 (Chinese),Shanxi Changsheng Cement Co Ltd [100.0%],China;,Shanxi,operating,,0.008,>0,>0,n/a,n/a,37.501467,112.041216,37.501467,112.041216,https://www.gem.wiki/Shanxi_Changsheng_Cement_Limited_Company_Cement_Plant,n/a,"Shanxi, China",0.008,0.008,n/a,unknown,n/a,,山西昌盛水泥有限公司 (Chinese) [100%],exact,Shanxi Changsheng Cement Limited Company Cement Plant,Shanxi Changsheng Cement Co Ltd [100.0%],grinding,0.008,operating,GCCT,GCCT,Cement and Concrete,n/a
cement,P100000125030,"Shanxi Jinhu Cement Co., Ltd. Cement Plant",山西金虎水泥有限责任公司 (Chinese),Shanxi Jinhu Cement Co Ltd [100.0%],China;,Shanxi,operating,2005,0.5,0.5,0.5,1.46,dry,37.56758,111.978607,37.56758,111.978607,"https://www.gem.wiki/Shanxi_Jinhu_Cement_Co.,_Ltd._Cement_Plant",no,"Shanxi, China",0.5,0.5,no,unknown,no,,山西金虎水泥有限责任公司 (Chinese) [100%],exact,"Shanxi Jinhu Cement Co., Ltd. Cement Plant",Shanxi Jinhu Cement Co Ltd [100.0%],integrated,0.5,operating,GCCT,GCCT,Cement and Concrete,n/a
cement,P100000125032,Longkou Fanlin Cement Limited Company Cement Plant,龙口市泛林水泥有限公司 (Chinese),Longkou Fanlin Cement Co Ltd [100.0%],China;,Shandong,operating,1983,4,4,4,2.37,dry,37.699536,120.600136,37.699536,120.600136,https://www.gem.wiki/Longkou_Fanlin_Cement_Limited_Company_Cement_Plant,no,"Shandong, China",4,4,no,opc,no,grey,龙口市泛林水泥有限公司 (Chinese) [100%],exact,Longkou Fanlin Cement Limited Company Cement Plant,Longkou Fanlin Cement Co Ltd [100.0%],integrated,4.0,operating,GCCT,GCCT,Cement and Concrete,n/a
cement,P100000125033,Yantai Penglai Shenpeng Cement Factory Cement Plant,烟台市蓬莱区沈蓬水泥厂 (Chinese),Yantai Penglai Shenpeng Cement Factory [100.0%],China;,Shandong,operating,,0.6,0.6,0.6,n/a,n/a,37.70428,120.619365,37.70428,120.619365,https://www.gem.wiki/Yantai_Penglai_Shenpeng_Cement_Factory_Cement_Plant,n/a,"Shandong, China",0.6,0.6,n/a,opc,n/a,,烟台市蓬莱区沈蓬水泥厂 (Chinese) [100%],exact,Yantai Penglai Shenpeng Cement Factory Cement Plant,Yantai Penglai Shenpeng Cement Factory [100.0%],grinding,0.6,operating,GCCT,GCCT,Cement and Concrete,n/a
cement,P100000125034,"Yecheng Tianshan Cement Co., Ltd. Cement Plant",叶城天山水泥有限责任公司 (Chinese),Yecheng Tianshan Cement Co Ltd [100.0%],China;,Xinjiang,operating,2011,1,1,1,1.46,dry,37.817388,77.459275,37.817388,77.459275,"https://www.gem.wiki/Yecheng_Tianshan_Cement_Co.,_Ltd._Cement_Plant",no,"Xinjiang, China",1,1,no,unknown,no,,叶城天山水泥有限责任公司 (Chinese) [100%],exact,"Yecheng Tianshan Cement Co., Ltd. Cement Plant",Yecheng Tianshan Cement Co Ltd [100.0%],integrated,1.0,operating,GCCT,GCCT,Cement and Concrete,n/a
cement,P100000125036,Shanxi Jinhuinan Baishui Ni Company Cement Plant,山西晋汇南白水泥有限公司 (Chinese),Shanxi Jinhuinan White Cement Co Ltd [100.0%],China;,Shanxi,operating,2011,,n/a,n/a,0.73,dry,38.183338,112.648024,38.183338,112.648024,https://www.gem.wiki/Shanxi_Jinhuinan_Baishui_Ni_Company_Cement_Plant,no,"Shanxi, China",,,no,unknown,no,,山西晋汇南白水泥有限公司 (Chinese) [100%],exact,Shanxi Jinhuinan Baishui Ni Company Cement Plant,Shanxi Jinhuinan White Cement Co Ltd [100.0%],clinker only,1.5719178536863079,operating,GCCT,GCCT,Cement and Concrete,
cement,P100000125038,Ningxia Yinghai Tianchen Building Materials Co. Cement Plant,宁夏瀛海天琛建材有限公司 (Chinese),Ningxia Yinghai Tianchen Building Materials Co [100.0%],China;,Ningxia,operating,,2.1,2.1,2.1,1.83,dry,38.205022,105.967521,38.205022,105.967521,https://www.gem.wiki/Ningxia_Yinghai_Tianchen_Building_Materials_Co._Cement_Plant,no,"Ningxia, China",2.1,2.1,no,opc,no,grey,宁夏瀛海天琛建材有限公司 (Chinese) [100%],exact,Ningxia Yinghai Tianchen Building Materials Co. Cement Plant,Ningxia Yinghai Tianchen Building Materials Co [100.0%],integrated,2.1,operating,GCCT,GCCT,Cement and Concrete,n/a
cement,P100000125039,Inner Mongolia Songta Cement Co. Cement Plant,内蒙古松塔水泥有限责任公司 (Chinese),Inner Mongolia Songta Cement Co [100.0%],China;,Inner Mongolia,operating,1975,0.008,>0,>0,0.91,dry,38.381779,105.691346,38.381779,105.691346,https://www.gem.wiki/Inner_Mongolia_Songta_Cement_Co._Cement_Plant,no,"Inner Mongolia, China",0.008,0.008,no,opc,no,grey,内蒙古松塔水泥有限责任公司 (Chinese) [100%],exact,Inner Mongolia Songta Cement Co. Cement Plant,Inner Mongolia Songta Cement Co [100.0%],integrated,0.008,operating,GCCT,GCCT,Cement and Concrete,n/a
cement,P100000125040,Jinchang Cement (Group) Co. Cement Plant,金昌水泥（集团）有限责任公司 (Chinese),Jinchang Cement (Group) Co [100.0%],China;,Gansu,operating,2001,0.75,0.75,0.75,0.37,dry,38.400345,102.087189,38.400345,102.087189,https://www.gem.wiki/Jinchang_Cement_(Group)_Co._Cement_Plant,no,"Gansu, China",0.75,0.75,no,blended,no,grey,金昌水泥（集团）有限责任公司 (Chinese) [100%],exact,Jinchang Cement (Group) Co. Cement Plant,Jinchang Cement (Group) Co [100.0%],integrated,0.75,operating,GCCT,GCCT,Cement and Concrete,n/a
cement,P100000125042,"Jinchang Cement （Group） Co., Ltd. New Type Ganfa Cement Erchang Cement Plant",金昌水泥（集团）有限责任公司 新型干法水泥二厂 (Chinese),"Jinchang Cement (Group) Co., Ltd. New Type Ganfa Cement Erchang [100.0%]",China;,Gansu,operating,,0.008,>0,>0,>0,dry,38.517241,102.303972,38.517241,102.303972,"https://www.gem.wiki/Jinchang_Cement_（Group）_Co.,_Ltd._New_Type_Ganfa_Cement_Erchang_Cement_Plant",no,"Gansu, China",0.008,0.008,no,unknown,no,,金昌水泥（集团）有限责任公司 新型干法水泥二厂 (Chinese) [100%],exact,"Jinchang Cement （Group） Co., Ltd. New Type Ganfa Cement Erchang Cement Plant","Jinchang Cement (Group) Co., Ltd. New Type Ganfa Cement Erchang [100.0%]",integrated,0.008,operating,GCCT,GCCT,Cement and Concrete,n/a
cement,P100000125043,Yingjisha Shanshui Cement Co. Cement Plant,英吉沙山水水泥有限公司 (Chinese),Yingjisha Shanshui Cement Co Ltd [100.0%],China;,Xinjiang,operating,2012,1,1,1,1.83,dry,38.658046,76.170478,38.658046,76.170478,https://www.gem.wiki/Yingjisha_Shanshui_Cement_Co._Cement_Plant,no,"Xinjiang, China",1,1,no,unknown,no,,英吉沙山水水泥有限公司 (Chinese) [100%],exact,Yingjisha Shanshui Cement Co. Cement Plant,Yingjisha Shanshui Cement Co Ltd [100.0%],integrated,1.0,operating,GCCT,GCCT,Cement and Concrete,n/a
cement,P100000125044,"Zhangye Shandan Tieqi Cement Co.,Ltd. Cement Plant",张掖市山丹铁骑水泥有限责任公司 (Chinese),Zhangye Shandan Tieqi Cement Co Ltd [100.0%],China;,Gansu,operating,2011,1,1,1,0.91,dry,38.852846,100.814987,38.852846,100.814987,"https://www.gem.wiki/Zhangye_Shandan_Tieqi_Cement_Co.,Ltd._Cement_Plant",no,"Gansu, China",1,1,no,unknown,no,grey,张掖市山丹铁骑水泥有限责任公司 (Chinese) [100%],exact,"Zhangye Shandan Tieqi Cement Co.,Ltd. Cement Plant",Zhangye Shandan Tieqi Cement Co Ltd [100.0%],integrated,1.0,operating,GCCT,GCCT,Cement and Concrete,n/a
cement,P100000125046,Daixian Hongwei Cement Co. Cement Plant,代县宏威水泥有限责任公司 (Chinese),Daixian Hongwei Cement Co [100.0%],China;,Shanxi,operating,2013,2,2,2,1.64,dry,39.102306,112.815142,39.102306,112.815142,https://www.gem.wiki/Daixian_Hongwei_Cement_Co._Cement_Plant,no,"Shanxi, China",2,2,no,opc,no,grey,代县宏威水泥有限责任公司 (Chinese) [100%],exact,Daixian Hongwei Cement Co. Cement Plant,Daixian Hongwei Cement Co [100.0%],integrated,2.0,operating,GCCT,GCCT,Cement and Concrete,n/a
cement,P100000125047,Dalian Cement Group Co. Cement Plant,大连水泥集团有限公司大连水泥厂 (Chinese),Dalian Cement Group Co [100.0%],China;,Liaoning,operating,1907,2.4,2.4,2.4,1.83,dry,39.264532,121.678608,39.264532,121.678608,https://www.gem.wiki/Dalian_Cement_Group_Co._Cement_Plant,no,"Liaoning, China",2.4,2.4,no,opc,no,,大连水泥集团有限公司大连水泥厂 (Chinese) [100%],exact,Dalian Cement Group Co. Cement Plant,Dalian Cement Group Co [100.0%],integrated,2.4,operating,GCCT,GCCT,Cement and Concrete,n/a
cement,P100000125048,"Hebei Jinglan Cement Co.,Ltd. Cement Plant",河北京兰水泥有限公司 (Chinese),Hebei Jinglan Cement Co Ltd [100.0%],China;,Hebei,operating,,0.008,>0,>0,1.83,dry,39.287558,115.342038,39.287558,115.342038,"https://www.gem.wiki/Hebei_Jinglan_Cement_Co.,Ltd._Cement_Plant",no,"Hebei, China",0.008,0.008,no,opc,no,grey,河北京兰水泥有限公司 (Chinese) [100%],exact,"Hebei Jinglan Cement Co.,Ltd. Cement Plant",Hebei Jinglan Cement Co Ltd [100.0%],integrated,0.008,operating,GCCT,GCCT,Cement and Concrete,n/a
cement,P100000125049,Shule County Xinsen Cement Co. Cement Plant,疏勒县新森水泥有限责任公司 (Chinese),Shule County Xinsen Cement Co Ltd [100.0%],China;,Xinjiang,operating,,1,1,1,0.77,dry,39.346143,76.095939,39.346143,76.095939,https://www.gem.wiki/Shule_County_Xinsen_Cement_Co._Cement_Plant,no,"Xinjiang, China",1,1,no,unknown,no,,疏勒县新森水泥有限责任公司 (Chinese) [100%],exact,Shule County Xinsen Cement Co. Cement Plant,Shule County Xinsen Cement Co Ltd [100.0%],integrated,1.0,operating,GCCT,GCCT,Cement and Concrete,n/a
cement,P100000125051,Jungar Banner Cast City Cement Co. Cement Plant,准格尔旗铸城水泥有限责任公司 (Chinese),Jungar Banner Cast City Cement Co [100.0%],China;,Inner Mongolia,operating,1971,1.2,1.2,1.2,1.1,dry,39.432886,111.239298,39.432886,111.239298,https://www.gem.wiki/Jungar_Banner_Cast_City_Cement_Co._Cement_Plant,no,"Inner Mongolia, China",1.2,1.2,no,unknown,no,,准格尔旗铸城水泥有限责任公司 (Chinese) [100%],exact,Jungar Banner Cast City Cement Co. Cement Plant,Jungar Banner Cast City Cement Co [100.0%],integrated,1.2,operating,GCCT,GCCT,Cement and Concrete,n/a
cement,P100000125052,Aksu Tianshan Duolang Cement Limited Liability Company Kashi Branch Cement Plant,阿克苏天山多浪水泥有限责任公司喀什分公司 (Chinese),Aksu Tianshan Duolang Cement Limited Liability Company Kashi Branch [100.0%],China;,Xinjiang,operating,,0.008,>0,>0,>0,dry,39.523493,76.060034,39.523493,76.060034,https://www.gem.wiki/Aksu_Tianshan_Duolang_Cement_Limited_Liability_Company_Kashi_Branch_Cement_Plant,no,"Xinjiang, China",0.008,0.008,no,unknown,no,,阿克苏天山多浪水泥有限责任公司喀什分公司 (Chinese) [100%],exact,Aksu Tianshan Duolang Cement Limited Liability Company Kashi Branch Cement Plant,Aksu Tianshan Duolang Cement Limited Liability Company Kashi Branch [100.0%],integrated,0.008,operating,GCCT,GCCT,Cement and Concrete,n/a
cement,P100000125053,"Tangshan Yaodong Cement Co.,Ltd. Cement Plant",唐山耀东水泥有限公司 (Chinese),Tangshan Yaodong Cement Co Ltd [100.0%],China;,Hebei,operating,,1.2,1.2,1.2,1.46,dry,39.58648,118.517732,39.58648,118.517732,"https://www.gem.wiki/Tangshan_Yaodong_Cement_Co.,Ltd._Cement_Plant",no,"Hebei, China",1.2,1.2,no,opc,no,grey,唐山耀东水泥有限公司 (Chinese) [100%],exact,"Tangshan Yaodong Cement Co.,Ltd. Cement Plant",Tangshan Yaodong Cement Co Ltd [100.0%],integrated,1.2,operating,GCCT,GCCT,Cement and Concrete,n/a
cement,P100000125054,"Gansu Hengya Cement Co., Ltd. Cement Plant",甘肃恒亚水泥有限公司 (Chinese),Gansu Hengya Cement Co Ltd [100.0%],China;,Gansu,operating,2013,1.6,1.6,1.6,1.2,dry,39.592887,94.308437,39.592887,94.308437,"https://www.gem.wiki/Gansu_Hengya_Cement_Co.,_Ltd._Cement_Plant",no,"Gansu, China",1.6,1.6,no,opc,no,grey,甘肃恒亚水泥有限公司 (Chinese) [100%],exact,"Gansu Hengya Cement Co., Ltd. Cement Plant",Gansu Hengya Cement Co Ltd [100.0%],integrated,1.6,operating,GCCT,GCCT,Cement and Concrete,n/a
cement,P100000125056,"Kezhou Tianshan Cement Co., Ltd. Cement Plant",克州天山水泥有限责任公司 (Chinese),Kezhou Tianshan Cement Co Ltd [100.0%],China;,Xinjiang,operating,,0.008,>0,>0,>0,dry,39.649227,75.90003,39.649227,75.90003,"https://www.gem.wiki/Kezhou_Tianshan_Cement_Co.,_Ltd._Cement_Plant",no,"Xinjiang, China",0.008,0.008,no,opc,no,grey,克州天山水泥有限责任公司 (Chinese) [100%],exact,"Kezhou Tianshan Cement Co., Ltd. Cement Plant",Kezhou Tianshan Cement Co Ltd [100.0%],integrated,0.008,operating,GCCT,GCCT,Cement and Concrete,n/a
cement,P100000125057,Beijing Lima Cement Limited Company Cement Plant,北京立马水泥有限公司 (Chinese),Beijing Lima Cement Co Ltd [100.0%],China;,Beijing,operating,,0.008,>0,>0,0.73,dry,39.675371,115.867896,39.675371,115.867896,https://www.gem.wiki/Beijing_Lima_Cement_Limited_Company_Cement_Plant,no,"Beijing, China",0.008,0.008,no,opc,no,grey,北京立马水泥有限公司 (Chinese) [100%],exact,Beijing Lima Cement Limited Company Cement Plant,Beijing Lima Cement Co Ltd [100.0%],integrated,0.008,operating,GCCT,GCCT,Cement and Concrete,n/a
cement,P100000125059,Tangshan Yannan Cement Co. Cement Plant,唐山市燕南水泥有限公司 (Chinese),Tangshan Yannan Cement Co Ltd [100.0%],China;,Hebei,operating,2012,0.008,>0,>0,1.5,dry,39.758571,118.501714,39.758571,118.501714,https://www.gem.wiki/Tangshan_Yannan_Cement_Co._Cement_Plant,no,"Hebei, China",0.008,0.008,yes,opc,no,grey,唐山市燕南水泥有限公司 (Chinese) [100%],exact,Tangshan Yannan Cement Co. Cement Plant,Tangshan Yannan Cement Co Ltd [100.0%],integrated,0.008,operating,GCCT,GCCT,Cement and Concrete,n/a
cement,P100000125060,"Inner Mongolia Mengxi Cement Co.,Ltd. Cement Plant",内蒙古蒙西水泥股份有限公司 (Chinese),Inner Mongolia Mengxi Cement Co Ltd [100.0%],China;,Inner Mongolia,operating,2010,2,2,2,3.5,dry,39.820302,106.785571,39.820302,106.785571,"https://www.gem.wiki/Inner_Mongolia_Mengxi_Cement_Co.,Ltd._Cement_Plant",no,"Inner Mongolia, China",2,2,no,opc,no,grey,内蒙古蒙西水泥股份有限公司 (Chinese) [100%],exact,"Inner Mongolia Mengxi Cement Co.,Ltd. Cement Plant",Inner Mongolia Mengxi Cement Co Ltd [100.0%],integrated,2.0,operating,GCCT,GCCT,Cement and Concrete,n/a
cement,P100000125061,Datong Coal Mine Group Building Materials Co. Cement Plant,大同煤矿集团建材有限责任公司 (Chinese),Datong Coal Mine Group Building Materials Co [100.0%],China;,Shanxi,operating,2010,2,2,2,1.83,dry,39.82467,112.999946,39.82467,112.999946,https://www.gem.wiki/Datong_Coal_Mine_Group_Building_Materials_Co._Cement_Plant,no,"Shanxi, China",2,2,no,unknown,no,,大同煤矿集团建材有限责任公司 (Chinese) [100%],exact,Datong Coal Mine Group Building Materials Co. Cement Plant,Datong Coal Mine Group Building Materials Co [100.0%],integrated,2.0,operating,GCCT,GCCT,Cement and Concrete,n/a
cement,P100000125062,Hebei Jihong Cement Limited Company Cement Plant,河北省基弘水泥有限公司 (Chinese),Hebei Jihong Cement Co Ltd [100.0%],China;,Hebei,operating,2008,0.008,>0,>0,0.85,dry,39.847838,114.784626,39.847838,114.784626,https://www.gem.wiki/Hebei_Jihong_Cement_Limited_Company_Cement_Plant,no,"Hebei, China",0.008,0.008,no,unknown,no,,河北省基弘水泥有限公司 (Chinese) [100%],exact,Hebei Jihong Cement Limited Company Cement Plant,Hebei Jihong Cement Co Ltd [100.0%],integrated,0.008,operating,GCCT,GCCT,Cement and Concrete,n/a
cement,P100000125064,Tangshan Hongtai Cement Limited Company Cement Plant,唐山泓泰水泥有限公司 (Chinese),Tangshan Hongtai Cement Co Ltd [100.0%],China;,Hebei,operating,2010,3.6,3.6,3.6,1.5,dry,39.876991,117.924471,39.876991,117.924471,https://www.gem.wiki/Tangshan_Hongtai_Cement_Limited_Company_Cement_Plant,no,"Hebei, China",3.6,3.6,no,opc,no,grey,唐山泓泰水泥有限公司 (Chinese) [100%],exact,Tangshan Hongtai Cement Limited Company Cement Plant,Tangshan Hongtai Cement Co Ltd [100.0%],integrated,3.6,operating,GCCT,GCCT,Cement and Concrete,n/a
cement,P100000125067,Tangshan Hongye Special Cement Co. Cement Plant,唐山弘也特种水泥有限公司 (Chinese),Tangshan Hongye Special Cement Co Ltd [100.0%],China;,Hebei,operating,,0.008,>0,>0,>0,dry,39.918537,117.610407,39.918537,117.610407,https://www.gem.wiki/Tangshan_Hongye_Special_Cement_Co._Cement_Plant,no,"Hebei, China",0.008,0.008,no,opc,no,grey,唐山弘也特种水泥有限公司 (Chinese) [100%],exact,Tangshan Hongye Special Cement Co. Cement Plant,Tangshan Hongye Special Cement Co Ltd [100.0%],integrated,0.008,operating,GCCT,GCCT,Cement and Concrete,n/a
cement,P100000125068,Datong Yunzhong Cement Co. Cement Plant,大同市云中水泥有限责任公司 (Chinese),Datong Yunzhong Cement Co Ltd [100.0%],China;,Shanxi,operating,2011,2,2,2,1.1,dry,39.943913,113.079284,39.943913,113.079284,https://www.gem.wiki/Datong_Yunzhong_Cement_Co._Cement_Plant,no,"Shanxi, China",2,2,no,opc,no,grey,大同市云中水泥有限责任公司 (Chinese) [100%],exact,Datong Yunzhong Cement Co. Cement Plant,Datong Yunzhong Cement Co Ltd [100.0%],integrated,2.0,operating,GCCT,GCCT,Cement and Concrete,n/a
cement,P100000125070,Qinhuangdao Xinhe Cement Co. Cement Plant,秦皇岛市信合水泥有限公司 (Chinese),Qinhuangdao Xinhe Cement Co Ltd [100.0%],China;,Hebei,operating,2010,2,2,2,1.55,dry,40.081743,119.598397,40.081743,119.598397,https://www.gem.wiki/Qinhuangdao_Xinhe_Cement_Co._Cement_Plant,no,"Hebei, China",2,2,no,opc,no,grey,秦皇岛市信合水泥有限公司 (Chinese) [100%],exact,Qinhuangdao Xinhe Cement Co. Cement Plant,Qinhuangdao Xinhe Cement Co Ltd [100.0%],integrated,2.0,operating,GCCT,GCCT,Cement and Concrete,n/a
cement,P100000125072,Xinglong County Fucheng Cement Co. Cement Plant,兴隆县福成水泥有限公司 (Chinese),Xinglong County Fucheng Cement Co Ltd [100.0%],China;,Hebei,operating,,1.45,1.45,1.45,0.91,dry,40.555522,117.751368,40.555522,117.751368,https://www.gem.wiki/Xinglong_County_Fucheng_Cement_Co._Cement_Plant,no,"Hebei, China",1.45,1.45,no,unknown,no,,兴隆县福成水泥有限公司 (Chinese) [100%],exact,Xinglong County Fucheng Cement Co. Cement Plant,Xinglong County Fucheng Cement Co Ltd [100.0%],integrated,1.45,operating,GCCT,GCCT,Cement and Concrete,n/a
cement,P100000125073,Hebei Xinglong County Yanshan Cement Manufacturing Co. Cement Plant,河北省兴隆县燕山水泥制造有限公司 (Chinese),Hebei Xinglong County Yanshan Cement Manufacturing Co [100.0%],China;,Hebei,retired,,,not found,,>0,dry,40.571564,117.680124,40.571564,117.680124,https://www.gem.wiki/Hebei_Xinglong_County_Yanshan_Cement_Manufacturing_Co._Cement_Plant,no,"Hebei, China",,,no,unknown,no,,河北省兴隆县燕山水泥制造有限公司 (Chinese) [100%],exact,Hebei Xinglong County Yanshan Cement Manufacturing Co. Cement Plant,Hebei Xinglong County Yanshan Cement Manufacturing Co [100.0%],integrated,1.5719178536863079,retired-plus,GCCT,GCCT,Cement and Concrete,
cement,P100000125074,"Chengde Tianbao Cement Co.,Ltd. Cement Plant",承德天宝水泥有限公司 (Chinese),Chengde Tianbao Cement Co Ltd [100.0%],China;,Hebei,operating,2011,1.8,1.8,1.8,1.39,dry,40.656861,118.525741,40.656861,118.525741,"https://www.gem.wiki/Chengde_Tianbao_Cement_Co.,Ltd._Cement_Plant",no,"Hebei, China",1.8,1.8,no,opc,no,grey,承德天宝水泥有限公司 (Chinese) [100%],exact,"Chengde Tianbao Cement Co.,Ltd. Cement Plant",Chengde Tianbao Cement Co Ltd [100.0%],integrated,1.8,operating,GCCT,GCCT,Cement and Concrete,n/a
cement,P100000125076,Sanghi Industries Dandong Cement Plant,丹东第二水泥有限公司 (Chinese),Dandong Second Cement Co [100.0%],China;,Liaoning,operating,,0.008,>0,>0,n/a,n/a,40.785608,123.904853,40.785608,123.904853,https://www.gem.wiki/Sanghi_Industries_Dandong_Cement_Plant,n/a,"Liaoning, China",0.008,0.008,n/a,unknown,n/a,,丹东第二水泥有限公司 (Chinese) [100%],exact,Sanghi Industries Dandong Cement Plant,Dandong Second Cement Co [100.0%],grinding,0.008,operating,GCCT,GCCT,Cement and Concrete,n/a
cement,P100000125077,Bohai Cement (Huludao) Co. Cement Plant,渤海水泥（葫芦岛）有限公司 (Chinese),Bohai Cement (Huludao) Co Ltd [100.0%],China;,Liaoning,operating,1942,1.5,1.5,1.5,1.6,dry,40.803676,120.728926,40.803676,120.728926,https://www.gem.wiki/Bohai_Cement_(Huludao)_Co._Cement_Plant,no,"Liaoning, China",1.5,1.5,no,opc,no,grey,渤海水泥（葫芦岛）有限公司 (Chinese) [100%],exact,Bohai Cement (Huludao) Co. Cement Plant,Bohai Cement (Huludao) Co Ltd [100.0%],integrated,1.5,operating,GCCT,GCCT,Cement and Concrete,n/a
cement,P100000125079,"Inner Mongolia Wulan Cement Co.,Ltd. Cement Plant",内蒙古武兰水泥有限公司 (Chinese),Inner Mongolia Wulan Cement Co Ltd [100.0%],China;,Inner Mongolia,operating,2014,0.008,>0,>0,0.91,dry,41.026048,111.464242,41.026048,111.464242,"https://www.gem.wiki/Inner_Mongolia_Wulan_Cement_Co.,Ltd._Cement_Plant",no,"Inner Mongolia, China",0.008,0.008,no,opc,no,grey,内蒙古武兰水泥有限公司 (Chinese) [100%],exact,"Inner Mongolia Wulan Cement Co.,Ltd. Cement Plant",Inner Mongolia Wulan Cement Co Ltd [100.0%],integrated,0.008,operating,GCCT,GCCT,Cement and Concrete,n/a
cement,P100000125080,Inner Mongolia Jidong Cement Co Ltd Cement Plant,内蒙古冀东水泥有限公司 武川县 (Chinese),Inner Mongolia Jidong Cement Co Ltd [100.0%],China;,Inner Mongolia,operating,2006,2,2,2,2.92,dry,41.036355,111.463221,41.036355,111.463221,https://www.gem.wiki/Inner_Mongolia_Jidong_Cement_Co_Ltd_Cement_Plant,no,"Inner Mongolia, China",2,2,no,opc,no,grey,内蒙古冀东水泥有限公司 武川县 (Chinese) [100%],exact,Inner Mongolia Jidong Cement Co Ltd Cement Plant,Inner Mongolia Jidong Cement Co Ltd [100.0%],integrated,2.0,operating,GCCT,GCCT,Cement and Concrete,n/a
cement,P100000125083,"Chengde Xishangxi Cement Co., Ltd. Cement Plant",承德喜上喜水泥有限责任公司 (Chinese),Chengde Xishangxi Cement Co Ltd [100.0%],China;,Hebei,operating,2004,0.008,>0,>0,0.91,dry,41.180052,117.969727,41.180052,117.969727,"https://www.gem.wiki/Chengde_Xishangxi_Cement_Co.,_Ltd._Cement_Plant",no,"Hebei, China",0.008,0.008,no,unknown,no,,承德喜上喜水泥有限责任公司 (Chinese) [100%],exact,"Chengde Xishangxi Cement Co., Ltd. Cement Plant",Chengde Xishangxi Cement Co Ltd [100.0%],integrated,0.008,operating,GCCT,GCCT,Cement and Concrete,n/a
cement,P100000125086,"Liaoning Traffic Cement Co.,Ltd. Cement Plant",辽宁交通水泥有限责任公司 (Chinese),Liaoning Traffic Cement Co Ltd [100.0%],China;,Liaoning,operating,2007,0.008,>0,>0,1.83,dry,41.349878,123.741822,41.349878,123.741822,"https://www.gem.wiki/Liaoning_Traffic_Cement_Co.,Ltd._Cement_Plant",no,"Liaoning, China",0.008,0.008,no,opc,no,grey,辽宁交通水泥有限责任公司 (Chinese) [100%],exact,"Liaoning Traffic Cement Co.,Ltd. Cement Plant",Liaoning Traffic Cement Co Ltd [100.0%],integrated,0.008,operating,GCCT,GCCT,Cement and Concrete,n/a
cement,P100000125087,"Liaoning Yinsheng Cement Group Co.,Ltd. Cement Plant",辽宁银盛水泥集团有限公司 (Chinese),Liaoning Yinsheng Cement Group Co Ltd [100.0%],China;,Liaoning,operating,2008,0.008,>0,>0,2.92,dry,41.385167,123.490972,41.385167,123.490972,"https://www.gem.wiki/Liaoning_Yinsheng_Cement_Group_Co.,Ltd._Cement_Plant",no,"Liaoning, China",0.008,0.008,no,opc,no,grey,辽宁银盛水泥集团有限公司 (Chinese) [100%],exact,"Liaoning Yinsheng Cement Group Co.,Ltd. Cement Plant",Liaoning Yinsheng Cement Group Co Ltd [100.0%],integrated,0.008,operating,GCCT,GCCT,Cement and Concrete,n/a
cement,P100000125089,Chaoyang Lanling Cement Co. Cement Plant,朝阳兰凌水泥有限公司 (Chinese),Chaoyang Lanling Cement Co [100.0%],China;,Liaoning,operating,2002,0.008,>0,>0,0.37,dry,41.607062,120.549677,41.607062,120.549677,https://www.gem.wiki/Chaoyang_Lanling_Cement_Co._Cement_Plant,no,"Liaoning, China",0.008,0.008,no,blended,no,grey,朝阳兰凌水泥有限公司 (Chinese) [100%],exact,Chaoyang Lanling Cement Co. Cement Plant,Chaoyang Lanling Cement Co [100.0%],integrated,0.008,operating,GCCT,GCCT,Cement and Concrete,n/a
cement,P100000125090,Kuqa Qingsong Cement Co. Cement Plant,库车青松水泥有限责任公司 (Chinese),Kuqa Qingsong Cement Co [100.0%],China;,Xinjiang,operating,2005,0.5,0.5,0.5,0.44,dry,41.76574,82.91821,41.76574,82.91821,https://www.gem.wiki/Kuqa_Qingsong_Cement_Co._Cement_Plant,no,"Xinjiang, China",0.5,0.5,no,opc,no,grey,库车青松水泥有限责任公司 (Chinese) [100%],exact,Kuqa Qingsong Cement Co. Cement Plant,Kuqa Qingsong Cement Co [100.0%],integrated,0.5,operating,GCCT,GCCT,Cement and Concrete,n/a
cement,P100000125092,"Baishan North Cement Co., Ltd. Cement Plant",白山北方水泥有限公司 (Chinese),Baishan North Cement Co Ltd [100.0%],China;,Jilin,operating,,0.008,>0,>0,>0,dry,41.846179,126.271016,41.846179,126.271016,"https://www.gem.wiki/Baishan_North_Cement_Co.,_Ltd._Cement_Plant",no,"Jilin, China",0.008,0.008,no,unknown,no,,白山北方水泥有限公司 (Chinese) [100%],exact,"Baishan North Cement Co., Ltd. Cement Plant",Baishan North Cement Co Ltd [100.0%],integrated,0.008,operating,GCCT,GCCT,Cement and Concrete,n/a
cement,P100000125093,"Xinjiang Huacheng Cement Co.,Ltd. Cement Plant",新疆华诚水泥有限公司 (Chinese),Xinjiang Huacheng Cement Co Ltd [100.0%],China;,Xinjiang,operating,2012,1.5,1.5,1.5,1.1,dry,41.930666,86.352422,41.930666,86.352422,"https://www.gem.wiki/Xinjiang_Huacheng_Cement_Co.,Ltd._Cement_Plant",no,"Xinjiang, China",1.5,1.5,no,opc,no,grey,新疆华诚水泥有限公司 (Chinese) [100%],exact,"Xinjiang Huacheng Cement Co.,Ltd. Cement Plant",Xinjiang Huacheng Cement Co Ltd [100.0%],integrated,1.5,operating,GCCT,GCCT,Cement and Concrete,n/a
cement,P100000125094,Liaoning Daying Cement Group Co. Cement Plant,辽宁大鹰水泥集团有限公司 (Chinese),Liaoning Daying Cement Group Co [100.0%],China;,Liaoning,operating,2008,0.008,>0,>0,2.92,dry,42.085069,121.745147,42.085069,121.745147,https://www.gem.wiki/Liaoning_Daying_Cement_Group_Co._Cement_Plant,no,"Liaoning, China",0.008,0.008,no,opc,no,grey,辽宁大鹰水泥集团有限公司 (Chinese) [100%],exact,Liaoning Daying Cement Group Co. Cement Plant,Liaoning Daying Cement Group Co [100.0%],integrated,0.008,operating,GCCT,GCCT,Cement and Concrete,n/a
cement,P100000125095,"Tieling North Cement Co., Ltd. Cement Plant",铁岭北方水泥有限公司 (Chinese),Tieling North Cement Co Ltd [100.0%],China;,Liaoning,operating,2018,0.008,>0,>0,1.46,dry,42.213847,123.89766,42.213847,123.89766,"https://www.gem.wiki/Tieling_North_Cement_Co.,_Ltd._Cement_Plant",no,"Liaoning, China",0.008,0.008,no,unknown,no,,铁岭北方水泥有限公司 (Chinese) [100%],exact,"Tieling North Cement Co., Ltd. Cement Plant",Tieling North Cement Co Ltd [100.0%],integrated,0.008,operating,GCCT,GCCT,Cement and Concrete,n/a
cement,P100000125096,Inner Mongolia Dongmeng Cement Co. Cement Plant,内蒙古东蒙水泥有限公司 (Chinese),Inner Mongolia Dongmeng Cement Co [100.0%],China;,Inner Mongolia,operating,2005,2.6,2.6,2.6,3.39,dry,42.441695,121.263943,42.441695,121.263943,https://www.gem.wiki/Inner_Mongolia_Dongmeng_Cement_Co._Cement_Plant,no,"Inner Mongolia, China",2.6,2.6,no,opc,no,grey,内蒙古东蒙水泥有限公司 (Chinese) [100%],exact,Inner Mongolia Dongmeng Cement Co. Cement Plant,Inner Mongolia Dongmeng Cement Co [100.0%],integrated,2.6,operating,GCCT,GCCT,Cement and Concrete,n/a
cement,P100000125103,"Turpan Tianshan Cement Co.,Ltd. Cement Plant",吐鲁番天山水泥有限责任公司 (Chinese),Turpan Tianshan Cement Co Ltd [100.0%],China;,Xinjiang,operating,2011,1,1,1,1.1,dry,43.166789,88.849928,43.166789,88.849928,"https://www.gem.wiki/Turpan_Tianshan_Cement_Co.,Ltd._Cement_Plant",no,"Xinjiang, China",1,1,no,opc,no,grey,吐鲁番天山水泥有限责任公司 (Chinese) [100%],exact,"Turpan Tianshan Cement Co.,Ltd. Cement Plant",Turpan Tianshan Cement Co Ltd [100.0%],integrated,1.0,operating,GCCT,GCCT,Cement and Concrete,n/a
cement,P100000125104,"Jinlin Province Tianmao Cement Co.,Ltd. Cement Plant",吉林省天茂水泥集团有限公司 (Chinese),Jinlin Province Tianmao Cement Co Ltd [100.0%],China;,Jilin,operating,,0.008,>0,>0,1.32,dry,43.278262,124.619256,43.278262,124.619256,"https://www.gem.wiki/Jinlin_Province_Tianmao_Cement_Co.,Ltd._Cement_Plant",no,"Jilin, China",0.008,0.008,no,unknown,no,,吉林省天茂水泥集团有限公司 (Chinese) [100%],exact,"Jinlin Province Tianmao Cement Co.,Ltd. Cement Plant",Jinlin Province Tianmao Cement Co Ltd [100.0%],integrated,0.008,operating,GCCT,GCCT,Cement and Concrete,n/a
cement,P100000125109,"Ili Tianshan Cement Co., Ltd. Cement Plant",伊犁天山水泥有限责任公司 (Chinese),Ili Tianshan Cement Co Ltd [100.0%],China;,Xinjiang,operating,,0.008,>0,>0,>0,dry,43.674282,81.175076,43.674282,81.175076,"https://www.gem.wiki/Ili_Tianshan_Cement_Co.,_Ltd._Cement_Plant",no,"Xinjiang, China",0.008,0.008,no,opc,no,grey,伊犁天山水泥有限责任公司 (Chinese) [100%],exact,"Ili Tianshan Cement Co., Ltd. Cement Plant",Ili Tianshan Cement Co Ltd [100.0%],integrated,0.008,operating,GCCT,GCCT,Cement and Concrete,n/a
cement,P100000125112,Xinjiang Zhongjian Western Construction Cement Manufacturing Co. Cement Plant,新疆中建西部建设水泥制造有限公司 (Chinese),Xinjiang Zhongjian Western Construction Cement Manufacturing Co Ltd [100.0%],China;,Xinjiang,operating,2012,1.2,1.2,1.2,1.1,dry,44.130857,88.722623,44.130857,88.722623,https://www.gem.wiki/Xinjiang_Zhongjian_Western_Construction_Cement_Manufacturing_Co._Cement_Plant,no,"Xinjiang, China",1.2,1.2,no,unknown,no,,新疆中建西部建设水泥制造有限公司 (Chinese) [100%],exact,Xinjiang Zhongjian Western Construction Cement Manufacturing Co. Cement Plant,Xinjiang Zhongjian Western Construction Cement Manufacturing Co Ltd [100.0%],integrated,1.2,operating,GCCT,GCCT,Cement and Concrete,n/a
cement,P100000125115,"Huocheng County Sanshan Cement Limited Liability Co.,Ltd. Cement Plant",霍城县三山水泥有限责任公司 (Chinese),Huocheng County Sanshan Cement Limited Liability Co Ltd [100.0%],China;,Xinjiang,operating,,0.008,>0,>0,>0,dry,44.161184,80.752291,44.161184,80.752291,"https://www.gem.wiki/Huocheng_County_Sanshan_Cement_Limited_Liability_Co.,Ltd._Cement_Plant",no,"Xinjiang, China",0.008,0.008,no,unknown,no,,霍城县三山水泥有限责任公司 (Chinese) [100%],exact,"Huocheng County Sanshan Cement Limited Liability Co.,Ltd. Cement Plant",Huocheng County Sanshan Cement Limited Liability Co Ltd [100.0%],integrated,0.008,operating,GCCT,GCCT,Cement and Concrete,n/a
cement,P100000125117,Harbin Xiaoling Cement Co. Cement Plant,哈尔滨小岭水泥有限责任公司 (Chinese),Harbin Xiaoling Cement Co Ltd [100.0%],China;,Heilongjiang,operating,2010,0.008,>0,>0,0.91,dry,45.302985,127.278572,45.302985,127.278572,https://www.gem.wiki/Harbin_Xiaoling_Cement_Co._Cement_Plant,no,"Heilongjiang, China",0.008,0.008,no,unknown,no,,哈尔滨小岭水泥有限责任公司 (Chinese) [100%],exact,Harbin Xiaoling Cement Co. Cement Plant,Harbin Xiaoling Cement Co Ltd [100.0%],integrated,0.008,operating,GCCT,GCCT,Cement and Concrete,n/a
cement,P100000125119,Heilongjiang Binzhou Cement Co. Cement Plant,黑龙江省宾州水泥有限公司 (Chinese),Heilongjiang Binzhou Cement Co [100.0%],China;,Heilongjiang,operating,2005,5,5,5,3.8,dry,45.730145,127.168069,45.730145,127.168069,https://www.gem.wiki/Heilongjiang_Binzhou_Cement_Co._Cement_Plant,no,"Heilongjiang, China",5,5,no,opc,no,grey,黑龙江省宾州水泥有限公司 (Chinese) [100%],exact,Heilongjiang Binzhou Cement Co. Cement Plant,Heilongjiang Binzhou Cement Co [100.0%],integrated,5.0,operating,GCCT,GCCT,Cement and Concrete,n/a
cement,P100000125120,Jiamusi North Cement Co. Huainan Branch Cement Plant,佳木斯北方水泥有限公司桦南分公司 (Chinese),Jiamusi North Cement Co. Huainan Branch [100.0%],China;,Heilongjiang,operating,,1.2,1.2,1.2,2.14,dry,46.232303,130.596405,46.232303,130.596405,https://www.gem.wiki/Jiamusi_North_Cement_Co._Huainan_Branch_Cement_Plant,no,"Heilongjiang, China",1.2,1.2,no,opc,no,grey,佳木斯北方水泥有限公司桦南分公司 (Chinese) [100%],exact,Jiamusi North Cement Co. Huainan Branch Cement Plant,Jiamusi North Cement Co. Huainan Branch [100.0%],integrated,1.2,operating,GCCT,GCCT,Cement and Concrete,n/a
cement,P100000125124,Xinjiang Tunhe Cement Limited Liability Company Burzin Cement Branch Company Cement Plant,新疆屯河水泥有限责任公司布尔津水泥分公司 (Chinese),Xinjiang Tunhe Cement Co. Ltd. Burqin Cement Branch [100.0%],China;,Xinjiang,retired,,0.15,0.15,0.15,>0,dry,47.785671,86.848935,47.785671,86.848935,https://www.gem.wiki/Xinjiang_Tunhe_Cement_Limited_Liability_Company_Burzin_Cement_Branch_Company_Cement_Plant,no,"Xinjiang, China",0.15,0.15,no,unknown,no,,新疆屯河水泥有限责任公司布尔津水泥分公司 (Chinese) [100%],exact,Xinjiang Tunhe Cement Limited Liability Company Burzin Cement Branch Company Cement Plant,Xinjiang Tunhe Cement Co. Ltd. Burqin Cement Branch [100.0%],integrated,0.15,retired-plus,GCCT,GCCT,Cement and Concrete,n/a
cement,P100000125125,Zalantun Longbei Cement Co. Cement Plant,扎兰屯市龙北水泥有限公司 (Chinese),Zhalantun Longbei Cement Co Ltd [100.0%],China;,Inner Mongolia,operating,2012,0.008,>0,>0,0.91,dry,47.993982,122.759874,47.993982,122.759874,https://www.gem.wiki/Zalantun_Longbei_Cement_Co._Cement_Plant,no,"Inner Mongolia, China",0.008,0.008,no,opc,no,grey,扎兰屯市龙北水泥有限公司 (Chinese) [100%],exact,Zalantun Longbei Cement Co. Cement Plant,Zhalantun Longbei Cement Co Ltd [100.0%],integrated,0.008,operating,GCCT,GCCT,Cement and Concrete,n/a
cement,P100000125127,"Heihe North Cement Co., Ltd. Cement Plant",黑河北方水泥有限公司 (Chinese),Heihe North Cement Co Ltd [100.0%],China;,Heilongjiang,operating,,0.008,>0,>0,>0,dry,50.085187,125.652375,50.085187,125.652375,"https://www.gem.wiki/Heihe_North_Cement_Co.,_Ltd._Cement_Plant",no,"Heilongjiang, China",0.008,0.008,no,unknown,no,,黑河北方水泥有限公司 (Chinese) [100%],exact,"Heihe North Cement Co., Ltd. Cement Plant",Heihe North Cement Co Ltd [100.0%],integrated,0.008,operating,GCCT,GCCT,Cement and Concrete,n/a
cement,P100000125128,Oroqen Autonomous Banner Xinchangtai Group Jiwen Cement Co. Cement Plant,鄂伦春自治旗鑫昌泰集团吉文水泥有限公司 (Chinese),Oroqen Autonomous Banner Xinchangtai Group Jiwen Cement Co [100.0%],China;,Inner Mongolia,operating,2012,0.6,0.6,0.6,2,dry,50.563232,123.211188,50.563232,123.211188,https://www.gem.wiki/Oroqen_Autonomous_Banner_Xinchangtai_Group_Jiwen_Cement_Co._Cement_Plant,no,"Inner Mongolia, China",0.6,0.6,no,opc,no,grey,鄂伦春自治旗鑫昌泰集团吉文水泥有限公司 (Chinese) [100%],exact,Oroqen Autonomous Banner Xinchangtai Group Jiwen Cement Co. Cement Plant,Oroqen Autonomous Banner Xinchangtai Group Jiwen Cement Co [100.0%],integrated,0.6,operating,GCCT,GCCT,Cement and Concrete,n/a
cement,P100000125129,Laiwu Lubi Cement Manufacturing Co. Cement Plant,莱芜鲁碧水泥制造有限公司 (Chinese),Laiwu Lubi Cement Manufacturing Co [100.0%],China;,Shandong,operating,2002,0.008,>0,>0,2.48,dry,36.107189,117.835014,36.107189,117.835014,https://www.gem.wiki/Laiwu_Lubi_Cement_Manufacturing_Co._Cement_Plant,no,"Shandong, China",0.008,0.008,no,unknown,no,,莱芜鲁碧水泥制造有限公司 (Chinese) [100%],exact,Laiwu Lubi Cement Manufacturing Co. Cement Plant,Laiwu Lubi Cement Manufacturing Co [100.0%],integrated,0.008,operating,GCCT,GCCT,Cement and Concrete,n/a
cement,P100000125132,Hechi Guangchi Cement Co. Cement Plant,河池广驰水泥有限责任公司 (Chinese),Hechi Guangchi Cement Co [100.0%],China;,Guangxi,operating,,0.45,0.45,0.45,n/a,n/a,24.701797,108.024305,24.701797,108.024305,https://www.gem.wiki/Hechi_Guangchi_Cement_Co._Cement_Plant,n/a,"Guangxi, China",0.45,0.45,n/a,opc,n/a,grey,河池广驰水泥有限责任公司 (Chinese) [100%],exact,Hechi Guangchi Cement Co. Cement Plant,Hechi Guangchi Cement Co [100.0%],grinding,0.45,operating,GCCT,GCCT,Cement and Concrete,n/a
cement,P100000125133,Henan Haihuang Cement Co. Cement Plant,河南省海皇水泥有限公司 (Chinese),Henan Haihuang Cement Co [100.0%],China;,Henan,retired,,,not found,,n/a,n/a,36.104038,114.076643,36.104038,114.076643,https://www.gem.wiki/Henan_Haihuang_Cement_Co._Cement_Plant,n/a,"Henan, China",,,n/a,unknown,n/a,,河南省海皇水泥有限公司 (Chinese) [100%],exact,Henan Haihuang Cement Co. Cement Plant,Henan Haihuang Cement Co [100.0%],grinding,1.5719178536863079,retired-plus,GCCT,GCCT,Cement and Concrete,
cement,P100000125135,Jiaozuo Jiangu Cement Limited Company Cement Plant,焦作坚固水泥有限公司 (Chinese),Jiaozuo Jiangu Cement Co Ltd [100.0%],China;,Henan,operating,1988,0.75,0.75,0.75,1.28,dry,35.252325,113.249497,35.252325,113.249497,https://www.gem.wiki/Jiaozuo_Jiangu_Cement_Limited_Company_Cement_Plant,no,"Henan, China",0.75,0.75,no,opc,no,grey,焦作坚固水泥有限公司 (Chinese) [100%],exact,Jiaozuo Jiangu Cement Limited Company Cement Plant,Jiaozuo Jiangu Cement Co Ltd [100.0%],integrated,0.75,operating,GCCT,GCCT,Cement and Concrete,n/a
cement,P100000125137,Zhejiang Xindu Cement Limited Company Cement Plant,浙江新都水泥有限公司 (Chinese),Zhejiang Xindu Cement Co Ltd [100.0%],China;,Zhejiang,operating,,5,5,5,>0,dry,30.523748,120.413592,30.523748,120.413592,https://www.gem.wiki/Zhejiang_Xindu_Cement_Limited_Company_Cement_Plant,no,"Zhejiang, China",5,5,no,opc,no,grey,浙江新都水泥有限公司 (Chinese) [100%],exact,Zhejiang Xindu Cement Limited Company Cement Plant,Zhejiang Xindu Cement Co Ltd [100.0%],integrated,5.0,operating,GCCT,GCCT,Cement and Concrete,n/a
cement,P100000125138,Zibo Duoshan Cement Limited Company Cement Plant,淄博多山水泥有限公司 (Chinese),Zibo Duoshan Cement Co Ltd [100.0%],China;,Shandong,operating,,0.008,>0,>0,n/a,n/a,36.701865,118.217128,36.701865,118.217128,https://www.gem.wiki/Zibo_Duoshan_Cement_Limited_Company_Cement_Plant,n/a,"Shandong, China",0.008,0.008,n/a,opc,n/a,,淄博多山水泥有限公司 (Chinese) [100%],exact,Zibo Duoshan Cement Limited Company Cement Plant,Zibo Duoshan Cement Co Ltd [100.0%],grinding,0.008,operating,GCCT,GCCT,Cement and Concrete,n/a
cement,P100000125139,"Chifeng Hahe Cement Co.,Ltd. Cement Plant",赤峰哈河水泥有限责任公司 (Chinese),Chifeng Hahe Cement Co Ltd [100.0%],China;,Inner Mongolia,operating,,0.3,0.3,0.3,n/a,n/a,42.299593,119.273511,42.299593,119.273511,"https://www.gem.wiki/Chifeng_Hahe_Cement_Co.,Ltd._Cement_Plant",n/a,"Inner Mongolia, China",0.3,0.3,n/a,unknown,n/a,,赤峰哈河水泥有限责任公司 (Chinese) [100%],exact,"Chifeng Hahe Cement Co.,Ltd. Cement Plant",Chifeng Hahe Cement Co Ltd [100.0%],grinding,0.3,operating,GCCT,GCCT,Cement and Concrete,n/a
cement,P100000125142,Fuzhou Jinniu Cement Co. Cement Plant,福州金牛水泥有限公司 (Chinese),Fuzhou Jinniu Cement Co [100.0%],China;,Fujian,operating,,0.008,>0,>0,n/a,n/a,25.942033,119.361624,25.942033,119.361624,https://www.gem.wiki/Fuzhou_Jinniu_Cement_Co._Cement_Plant,n/a,"Fujian, China",0.008,0.008,n/a,opc,n/a,grey,福州金牛水泥有限公司 (Chinese) [100%],exact,Fuzhou Jinniu Cement Co. Cement Plant,Fuzhou Jinniu Cement Co [100.0%],grinding,0.008,operating,GCCT,GCCT,Cement and Concrete,n/a
cement,P100000125143,Jiangxi Jinjinbu Wannianqing Cement Co. Cement Plant,江西黄金埠万年青水泥有限责任公司 (Chinese),Jiangxi Jinjinbu Wannianqing Cement Co [100.0%],China;,Jiangxi,operating,2007,1.2,1.2,1.2,n/a,n/a,28.454703,116.864793,28.454703,116.864793,https://www.gem.wiki/Jiangxi_Jinjinbu_Wannianqing_Cement_Co._Cement_Plant,n/a,"Jiangxi, China",1.2,1.2,n/a,opc,n/a,grey,江西黄金埠万年青水泥有限责任公司 (Chinese) [100%],exact,Jiangxi Jinjinbu Wannianqing Cement Co. Cement Plant,Jiangxi Jinjinbu Wannianqing Cement Co [100.0%],grinding,1.2,operating,GCCT,GCCT,Cement and Concrete,n/a
cement,P100000125145,Zhuji Jufeng Xuanyao Cement Limited Company Cement Plant,诸暨市巨峰旋窑水泥有限公司 (Chinese),Zhuji Jufeng Xuanyao Cement Co Ltd [100.0%],China;,Zhejiang,operating,,0.008,>0,>0,n/a,n/a,29.528028,120.094409,29.528028,120.094409,https://www.gem.wiki/Zhuji_Jufeng_Xuanyao_Cement_Limited_Company_Cement_Plant,n/a,"Zhejiang, China",0.008,0.008,n/a,opc,n/a,,诸暨市巨峰旋窑水泥有限公司 (Chinese) [100%],exact,Zhuji Jufeng Xuanyao Cement Limited Company Cement Plant,Zhuji Jufeng Xuanyao Cement Co Ltd [100.0%],grinding,0.008,operating,GCCT,GCCT,Cement and Concrete,n/a
cement,P100000125147,Chongqing Wanzhou Southwest Cement Co. Cement Plant,重庆万州西南水泥有限公司奉节分公司 (Chinese),Chongqing Wanzhou Southwest Cement Co [100.0%],China;,Chongqing,operating,,0.008,>0,>0,n/a,n/a,31.063663,109.519542,31.063663,109.519542,https://www.gem.wiki/Chongqing_Wanzhou_Southwest_Cement_Co._Cement_Plant,n/a,"Chongqing, China",0.008,0.008,n/a,opc,n/a,grey,重庆万州西南水泥有限公司奉节分公司 (Chinese) [100%],exact,Chongqing Wanzhou Southwest Cement Co. Cement Plant,Chongqing Wanzhou Southwest Cement Co [100.0%],grinding,0.008,operating,GCCT,GCCT,Cement and Concrete,n/a
cement,P100000125148,Yixing Shengda Cement Co. Cement Plant,宜兴市胜达水泥有限公司 (Chinese),Yixing Shengda Cements Co Ltd [100.0%],China;,Jiangsu,operating,,1,1,1,n/a,n/a,31.346265,119.60322,31.346265,119.60322,https://www.gem.wiki/Yixing_Shengda_Cement_Co._Cement_Plant,n/a,"Jiangsu, China",1,1,n/a,opc,n/a,grey,宜兴市胜达水泥有限公司 (Chinese) [100%],exact,Yixing Shengda Cement Co. Cement Plant,Yixing Shengda Cements Co Ltd [100.0%],grinding,1.0,operating,GCCT,GCCT,Cement and Concrete,n/a
cement,P100000125149,Nanjing Jiangxing Cement Co. Cement Plant 1,南京江星水泥有限公司 (Chinese),Nanjing Jiangxing Cement Co Ltd [100.0%],China;,Jiangsu,retired,,0.3,0.3,0.3,n/a,n/a,32.03693,118.41112,32.03693,118.41112,https://www.gem.wiki/Nanjing_Jiangxing_Cement_Co._Cement_Plant_1,n/a,"Jiangsu, China",0.3,0.3,n/a,unknown,n/a,,南京江星水泥有限公司 (Chinese) [100%],exact,Nanjing Jiangxing Cement Co. Cement Plant 1,Nanjing Jiangxing Cement Co Ltd [100.0%],grinding,0.3,retired-plus,GCCT,GCCT,Cement and Concrete,n/a
cement,P100000125150,"Jiangdu Future Cement Co.,Ltd. Cement Plant",江都未来水泥有限责任公司 (Chinese),Jiangdu Future Cement Co Ltd [100.0%],China;,Jiangsu,operating,,0.8,0.8,0.8,n/a,n/a,32.489742,119.516317,32.489742,119.516317,"https://www.gem.wiki/Jiangdu_Future_Cement_Co.,Ltd._Cement_Plant",n/a,"Jiangsu, China",0.8,0.8,n/a,opc,n/a,both,江都未来水泥有限责任公司 (Chinese) [100%],exact,"Jiangdu Future Cement Co.,Ltd. Cement Plant",Jiangdu Future Cement Co Ltd [100.0%],grinding,0.8,operating,GCCT,GCCT,Cement and Concrete,n/a
cement,P100000125152,"Queshan Huixin Cement Fenmo Co., Ltd. Cement Plant",确山县汇鑫水泥粉磨有限公司 (Chinese),Huixin Cement Fenmo Co Ltd [100.0%],China;,Henan,operating,,0.008,>0,>0,n/a,n/a,32.781737,114.027696,32.781737,114.027696,"https://www.gem.wiki/Queshan_Huixin_Cement_Fenmo_Co.,_Ltd._Cement_Plant",n/a,"Henan, China",0.008,0.008,n/a,unknown,n/a,,确山县汇鑫水泥粉磨有限公司 (Chinese) [100%],exact,"Queshan Huixin Cement Fenmo Co., Ltd. Cement Plant",Huixin Cement Fenmo Co Ltd [100.0%],grinding,0.008,operating,GCCT,GCCT,Cement and Concrete,n/a
cement,P100000125153,Chushan County Xinyuan Cement grinding Co. Cement Plant,确山县鑫源水泥粉磨有限公司 (Chinese),Chushan County Xinyuan Cement Grinding Co [100.0%],China;,Henan,operating,,0.008,>0,>0,n/a,n/a,32.797731,114.047496,32.797731,114.047496,https://www.gem.wiki/Chushan_County_Xinyuan_Cement_grinding_Co._Cement_Plant,n/a,"Henan, China",0.008,0.008,n/a,unknown,n/a,,确山县鑫源水泥粉磨有限公司 (Chinese) [100%],exact,Chushan County Xinyuan Cement grinding Co. Cement Plant,Chushan County Xinyuan Cement Grinding Co [100.0%],grinding,0.008,operating,GCCT,GCCT,Cement and Concrete,n/a
cement,P100000125155,Fuyang Zhonglian Cement Co. Cement Plant,阜阳中联水泥有限公司 (Chinese),Fuyang Zhonglian Cement Co [100.0%],China;,Anhui,operating,,0.008,>0,>0,n/a,n/a,32.965601,115.848695,32.965601,115.848695,https://www.gem.wiki/Fuyang_Zhonglian_Cement_Co._Cement_Plant,n/a,"Anhui, China",0.008,0.008,n/a,unknown,n/a,,阜阳中联水泥有限公司 (Chinese) [100%],exact,Fuyang Zhonglian Cement Co. Cement Plant,Fuyang Zhonglian Cement Co [100.0%],grinding,0.008,operating,GCCT,GCCT,Cement and Concrete,n/a
cement,P100000125156,"Jiangsu Sulong Cement Co.,Ltd. Cement Plant",江苏苏隆水泥有限公司 (Chinese),Jiangsu Sulong Cement [100.0%],China;,Jiangsu,operating,,0.4,0.4,0.4,n/a,n/a,33.257844,119.2851,33.257844,119.2851,"https://www.gem.wiki/Jiangsu_Sulong_Cement_Co.,Ltd._Cement_Plant",n/a,"Jiangsu, China",0.4,0.4,n/a,unknown,n/a,,江苏苏隆水泥有限公司 (Chinese) [100%],exact,"Jiangsu Sulong Cement Co.,Ltd. Cement Plant",Jiangsu Sulong Cement [100.0%],grinding,0.4,operating,GCCT,GCCT,Cement and Concrete,n/a
cement,P100000125157,Huaihai Zhonglian Cement Co. Suqian Branch Cement Plant,淮海中联水泥有限公司宿迁分公司 (Chinese),Huaihai Zhonglian Cement Co. Suqian Branch [100.0%],China;,Jiangsu,operating,,0.008,>0,>0,n/a,n/a,33.840928,118.374743,33.840928,118.374743,https://www.gem.wiki/Huaihai_Zhonglian_Cement_Co._Suqian_Branch_Cement_Plant,n/a,"Jiangsu, China",0.008,0.008,n/a,opc,n/a,,淮海中联水泥有限公司宿迁分公司 (Chinese) [100%],exact,Huaihai Zhonglian Cement Co. Suqian Branch Cement Plant,Huaihai Zhonglian Cement Co. Suqian Branch [100.0%],grinding,0.008,operating,GCCT,GCCT,Cement and Concrete,n/a
cement,P100000125158,"Suqian Xin Sanshui Cement Co.,Ltd. Cement Plant",宿迁新三水水泥有限公司 (Chinese),Suqian Xin Sanshui Cement Co Ltd [100.0%],China;,Jiangsu,operating,,0.008,>0,>0,n/a,n/a,33.843105,118.379687,33.843105,118.379687,"https://www.gem.wiki/Suqian_Xin_Sanshui_Cement_Co.,Ltd._Cement_Plant",n/a,"Jiangsu, China",0.008,0.008,n/a,unknown,n/a,,宿迁新三水水泥有限公司 (Chinese) [100%],exact,"Suqian Xin Sanshui Cement Co.,Ltd. Cement Plant",Suqian Xin Sanshui Cement Co Ltd [100.0%],grinding,0.008,operating,GCCT,GCCT,Cement and Concrete,n/a
cement,P100000125159,"Meixian County Dongxing Cement Co.,Ltd. Cement Plant",眉县东兴水泥有限公司 (Chinese),Meixian County Dongxing Cement Co Ltd [100.0%],China;,Shaanxi,operating,,0.008,>0,>0,n/a,n/a,34.209397,107.752052,34.209397,107.752052,"https://www.gem.wiki/Meixian_County_Dongxing_Cement_Co.,Ltd._Cement_Plant",n/a,"Shaanxi, China",0.008,0.008,n/a,opc,n/a,grey,眉县东兴水泥有限公司 (Chinese) [100%],exact,"Meixian County Dongxing Cement Co.,Ltd. Cement Plant",Meixian County Dongxing Cement Co Ltd [100.0%],grinding,0.008,operating,GCCT,GCCT,Cement and Concrete,n/a
cement,P100000125161,Yuzhou Zhenxing Cement Co. Cement Plant,禹州市振兴水泥有限公司 (Chinese),Yuzhou Zhenxing Cement Co Ltd [100.0%],China;,Henan,operating,,0.008,>0,>0,n/a,n/a,34.273258,113.540172,34.273258,113.540172,https://www.gem.wiki/Yuzhou_Zhenxing_Cement_Co._Cement_Plant,n/a,"Henan, China",0.008,0.008,n/a,opc,n/a,grey,禹州市振兴水泥有限公司 (Chinese) [100%],exact,Yuzhou Zhenxing Cement Co. Cement Plant,Yuzhou Zhenxing Cement Co Ltd [100.0%],grinding,0.008,operating,GCCT,GCCT,Cement and Concrete,n/a
cement,P100000125163,Kaifeng Xinding Cement Co. Cement Plant,开封鑫鼎水泥有限公司 (Chinese),Kaifeng Xinding Cement Co Ltd [100.0%],China;,Henan,operating,,0.008,>0,>0,n/a,n/a,34.800653,114.427849,34.800653,114.427849,https://www.gem.wiki/Kaifeng_Xinding_Cement_Co._Cement_Plant,n/a,"Henan, China",0.008,0.008,n/a,unknown,n/a,,开封鑫鼎水泥有限公司 (Chinese) [100%],exact,Kaifeng Xinding Cement Co. Cement Plant,Kaifeng Xinding Cement Co Ltd [100.0%],grinding,0.008,operating,GCCT,GCCT,Cement and Concrete,n/a
cement,P100000125165,Xinxiang Zhenxin Cement Co. Cement Plant,新乡市振新水泥有限公司 (Chinese),Xinxiang Zhenxin Cement Co Ltd [100.0%],China;,Henan,operating,,0.5,0.5,0.5,n/a,n/a,35.409143,113.870608,35.409143,113.870608,https://www.gem.wiki/Xinxiang_Zhenxin_Cement_Co._Cement_Plant,n/a,"Henan, China",0.5,0.5,n/a,opc,n/a,grey,新乡市振新水泥有限公司 (Chinese) [100%],exact,Xinxiang Zhenxin Cement Co. Cement Plant,Xinxiang Zhenxin Cement Co Ltd [100.0%],grinding,0.5,operating,GCCT,GCCT,Cement and Concrete,n/a
cement,P100000125166,"Weihui Wangshi Cement Co.,Ltd. Cement Plant 2",卫辉王氏水泥有限公司 (Chinese),Weihui Wangshi Cement Co Ltd [100.0%],China;,Henan,operating,,0.008,>0,>0,n/a,n/a,35.449879,114.017064,35.449879,114.017064,"https://www.gem.wiki/Weihui_Wangshi_Cement_Co.,Ltd._Cement_Plant_2",n/a,"Henan, China",0.008,0.008,n/a,opc,n/a,grey,卫辉王氏水泥有限公司 (Chinese) [100%],exact,"Weihui Wangshi Cement Co.,Ltd. Cement Plant 2",Weihui Wangshi Cement Co Ltd [100.0%],grinding,0.008,operating,GCCT,GCCT,Cement and Concrete,n/a
cement,P100000125168,Anyang Jinwang Linhua Cement Limited Company Cement Plant,安阳金旺临化水泥有限公司 (Chinese),Anyang Jinwang Linhua Cement Co Ltd [100.0%],China;,Henan,operating,,1.2,1.2,1.2,n/a,n/a,36.129278,114.090029,36.129278,114.090029,https://www.gem.wiki/Anyang_Jinwang_Linhua_Cement_Limited_Company_Cement_Plant,n/a,"Henan, China",1.2,1.2,n/a,blended,n/a,grey,安阳金旺临化水泥有限公司 (Chinese) [100%],exact,Anyang Jinwang Linhua Cement Limited Company Cement Plant,Anyang Jinwang Linhua Cement Co Ltd [100.0%],grinding,1.2,operating,GCCT,GCCT,Cement and Concrete,n/a
cement,P100000125172,Rongcheng Xinrong Cement Co. Cement Plant,荣成市鑫荣水泥有限公司 (Chinese),Rongcheng Xinrong Cement Co Ltd [100.0%],China;,Shandong,operating,,0.008,>0,>0,n/a,n/a,37.247432,122.553789,37.247432,122.553789,https://www.gem.wiki/Rongcheng_Xinrong_Cement_Co._Cement_Plant,n/a,"Shandong, China",0.008,0.008,n/a,blended,n/a,,荣成市鑫荣水泥有限公司 (Chinese) [100%],exact,Rongcheng Xinrong Cement Co. Cement Plant,Rongcheng Xinrong Cement Co Ltd [100.0%],grinding,0.008,operating,GCCT,GCCT,Cement and Concrete,n/a
cement,P100000125175,"Ordos Shuangling Cement Co.,Ltd. Cement Plant",鄂尔多斯市双岭水泥有限责任公司 (Chinese),Ordos Shuangling Cement Co Ltd [100.0%],China;,Inner Mongolia,operating,,0.008,>0,>0,n/a,n/a,39.428415,110.034145,39.428415,110.034145,"https://www.gem.wiki/Ordos_Shuangling_Cement_Co.,Ltd._Cement_Plant",n/a,"Inner Mongolia, China",0.008,0.008,n/a,unknown,n/a,,鄂尔多斯市双岭水泥有限责任公司 (Chinese) [100%],exact,"Ordos Shuangling Cement Co.,Ltd. Cement Plant",Ordos Shuangling Cement Co Ltd [100.0%],grinding,0.008,operating,GCCT,GCCT,Cement and Concrete,n/a
cement,P100000125177,Tangshan Jiyang Cement Limited Company Cement Plant,唐山冀杨水泥有限公司 (Chinese),Tangshan Jiyang Cement Co Ltd [100.0%],China;,Hebei,operating,,0.008,>0,>0,n/a,n/a,39.906813,118.370413,39.906813,118.370413,https://www.gem.wiki/Tangshan_Jiyang_Cement_Limited_Company_Cement_Plant,n/a,"Hebei, China",0.008,0.008,n/a,opc,n/a,grey,唐山冀杨水泥有限公司 (Chinese) [100%],exact,Tangshan Jiyang Cement Limited Company Cement Plant,Tangshan Jiyang Cement Co Ltd [100.0%],grinding,0.008,operating,GCCT,GCCT,Cement and Concrete,n/a
cement,P100000125180,"Dongmeng Cement Co.,Ltd. Jinzhou Cement Plant",锦州市东蒙水泥有限公司 (Chinese),"Dongmeng Cement Co.,Ltd. Jinzhou [100.0%]",China;,Liaoning,operating,,2,2,2,n/a,n/a,41.104975,121.28331,41.104975,121.28331,"https://www.gem.wiki/Dongmeng_Cement_Co.,Ltd._Jinzhou_Cement_Plant",n/a,"Liaoning, China",2,2,n/a,unknown,n/a,,unknown,exact,"Dongmeng Cement Co.,Ltd. Jinzhou Cement Plant","Dongmeng Cement Co.,Ltd. Jinzhou [100.0%]",grinding,2.0,operating,GCCT,GCCT,Cement and Concrete,n/a
cement,P100000125181,"Liaoning Xinchuang Group Cement Co., Ltd. Cement Plant",辽宁新创集团水泥有限公司 (Chinese),Liaoning Xinchuang Group Cement Co Ltd [100.0%],China;,Liaoning,operating,,1,1,1,n/a,n/a,42.675743,124.274152,42.675743,124.274152,"https://www.gem.wiki/Liaoning_Xinchuang_Group_Cement_Co.,_Ltd._Cement_Plant",n/a,"Liaoning, China",1,1,n/a,blended,n/a,,辽宁新创集团水泥有限公司 (Chinese) [100%],exact,"Liaoning Xinchuang Group Cement Co., Ltd. Cement Plant",Liaoning Xinchuang Group Cement Co Ltd [100.0%],grinding,1.0,operating,GCCT,GCCT,Cement and Concrete,n/a
cement,P100000125184,"Fujin North Cement Co., Ltd. Cement Plant",富锦北方水泥有限公司 (Chinese),Fujin North Cement Co Ltd [100.0%],China;,Heilongjiang,operating,2011,1,1,1,n/a,n/a,47.22878,131.962993,47.22878,131.962993,"https://www.gem.wiki/Fujin_North_Cement_Co.,_Ltd._Cement_Plant",n/a,"Heilongjiang, China",1,1,n/a,unknown,n/a,,富锦北方水泥有限公司 (Chinese) [100%],exact,"Fujin North Cement Co., Ltd. Cement Plant",Fujin North Cement Co Ltd [100.0%],grinding,1.0,operating,GCCT,GCCT,Cement and Concrete,n/a
cement,P100000125549,Tongchuan Yaobai Special Cement Co. Cement Plant,铜川尧柏特种水泥有限公司 (Chinese),Tongchuan Yaobai Special Cement Co Ltd [100.0%],China;,Shaanxi,operating,2021,4.5,4.5,4.5,3,dry,34.928717,109.054603,34.928717,109.054603,https://www.gem.wiki/Tongchuan_Yaobai_Special_Cement_Co._Cement_Plant,no,"Shaanxi, China",4.5,4.5,no,unknown,no,,铜川尧柏特种水泥有限公司 (Chinese) [100%],exact,Tongchuan Yaobai Special Cement Co. Cement Plant,Tongchuan Yaobai Special Cement Co Ltd [100.0%],integrated,4.5,operating,GCCT,GCCT,Cement and Concrete,n/a
cement,P100000125550,"Shaanxi Satisfied Cement Co.,Ltd. Cement Plant",陕西满意水泥有限责任公司 (Chinese),Shaanxi Manyi Cement Co Ltd [100.0%],China;,Shaanxi,operating,2009,0.008,>0,>0,1.83,dry,34.943147,109.019908,34.943147,109.019908,"https://www.gem.wiki/Shaanxi_Satisfied_Cement_Co.,Ltd._Cement_Plant",no,"Shaanxi, China",0.008,0.008,no,unknown,no,,陕西满意水泥有限责任公司 (Chinese) [100%],exact,"Shaanxi Satisfied Cement Co.,Ltd. Cement Plant",Shaanxi Manyi Cement Co Ltd [100.0%],integrated,0.008,operating,GCCT,GCCT,Cement and Concrete,n/a
cement,P100000125551,Tongchuan Shengwei Building Materials Co. Cement Plant,铜川声威建材有限责任公司 (Chinese),Tongchuan Shengwei Construction Materials Co Ltd [100.0%],China;,Shaanxi,operating,2005,0.008,>0,>0,5.84,dry,35.025566,109.030904,35.025566,109.030904,https://www.gem.wiki/Tongchuan_Shengwei_Building_Materials_Co._Cement_Plant,no,"Shaanxi, China",0.008,0.008,no,opc,no,grey,铜川声威建材有限责任公司 (Chinese) [100%],exact,Tongchuan Shengwei Building Materials Co. Cement Plant,Tongchuan Shengwei Construction Materials Co Ltd [100.0%],integrated,0.008,operating,GCCT,GCCT,Cement and Concrete,n/a
cement,P100000125552,Shaanxi Fuping Eco-Cement Co. Cement Plant,陕西富平生态水泥有限公司 (Chinese),Shaanxi Fuping Ecological Cement Co Ltd [100.0%],China;,Shaanxi,operating,2015,0.008,>0,>0,4.38,dry,34.965614,109.216368,34.965614,109.216368,https://www.gem.wiki/Shaanxi_Fuping_Eco-Cement_Co._Cement_Plant,no,"Shaanxi, China",0.008,0.008,no,opc,no,grey,陕西富平生态水泥有限公司 (Chinese) [100%],exact,Shaanxi Fuping Eco-Cement Co. Cement Plant,Shaanxi Fuping Ecological Cement Co Ltd [100.0%],integrated,0.008,operating,GCCT,GCCT,Cement and Concrete,n/a
cement,P100000125553,Mizhi Jidong Cement Co. Cement Plant,米脂冀东水泥有限公司 (Chinese),Mizhi Jidong Cement Co [100.0%],China;,Shaanxi,operating,2017,0.008,>0,>0,0.91,dry,37.734874,110.207151,37.734874,110.207151,https://www.gem.wiki/Mizhi_Jidong_Cement_Co._Cement_Plant,no,"Shaanxi, China",0.008,0.008,no,opc,no,grey,米脂冀东水泥有限公司 (Chinese) [100%],exact,Mizhi Jidong Cement Co. Cement Plant,Mizhi Jidong Cement Co [100.0%],integrated,0.008,operating,GCCT,GCCT,Cement and Concrete,n/a
cement,P100000125554,Shaanxi Beiyuan Group Cement Co. Cement Plant,陕西北元集团水泥有限公司 (Chinese),Shaanxi Beiyuan Group Cement Co Ltd [100.0%],China;,Shaanxi,operating,2010,2.4,2.4,2.4,1.8,dry,38.744778,110.19599,38.744778,110.19599,https://www.gem.wiki/Shaanxi_Beiyuan_Group_Cement_Co._Cement_Plant,no,"Shaanxi, China",2.4,2.4,no,unknown,no,,陕西北元集团水泥有限公司 (Chinese) [100%],exact,Shaanxi Beiyuan Group Cement Co. Cement Plant,Shaanxi Beiyuan Group Cement Co Ltd [100.0%],integrated,2.4,operating,GCCT,GCCT,Cement and Concrete,n/a
cement,P100000125555,Luoyang Xiangshan Cement Co. Cement Plant,略阳县象山水泥有限公司 （陕西略阳象山特种水泥有限公司） (Chinese),Luoyang Xiangshan Cement Co [100.0%],China;,Shaanxi,operating,2002,0.008,>0,>0,0.18,dry,33.33949,106.089667,33.33949,106.089667,https://www.gem.wiki/Luoyang_Xiangshan_Cement_Co._Cement_Plant,no,"Shaanxi, China",0.008,0.008,no,unknown,no,,略阳县象山水泥有限公司 （陕西略阳象山特种水泥有限公司） (Chinese) [100%],exact,Luoyang Xiangshan Cement Co. Cement Plant,Luoyang Xiangshan Cement Co [100.0%],integrated,0.008,operating,GCCT,GCCT,Cement and Concrete,n/a
cement,P100000125556,"Shangluo Yaobai Longqiao Cement Co., Ltd. Liuxianping Branch Plant (Luonan Company) Cement Plant",商洛尧柏龙桥水泥有限公司留仙坪分厂（洛南公司） (Chinese),Shangluo Yaobai Longqiao Cement Co Ltd Liuxianping Branch Plant (Luonan Company) [100.0%],China;,Shaanxi,operating,2007,0.008,>0,>0,0.55,dry,33.897434,110.255856,33.897434,110.255856,"https://www.gem.wiki/Shangluo_Yaobai_Longqiao_Cement_Co.,_Ltd._Liuxianping_Branch_Plant_(Luonan_Company)_Cement_Plant",no,"Shaanxi, China",0.008,0.008,no,unknown,no,,商洛尧柏龙桥水泥有限公司留仙坪分厂（洛南公司） (Chinese) [100%],exact,"Shangluo Yaobai Longqiao Cement Co., Ltd. Liuxianping Branch Plant (Luonan Company) Cement Plant",Shangluo Yaobai Longqiao Cement Co Ltd Liuxianping Branch Plant (Luonan Company) [100.0%],integrated,0.008,operating,GCCT,GCCT,Cement and Concrete,n/a
cement,P100000125557,Hancheng Hanyu Building Materials & Mining Co. Cement Plant,韩城韩禹建材矿业有限责任公司 (Chinese),Hancheng Hanyu Building Materials & Mining Co [100.0%],China;,Shaanxi,operating,2009,0.008,>0,>0,0.91,dry,35.604108,110.543037,35.604108,110.543037,https://www.gem.wiki/Hancheng_Hanyu_Building_Materials_&_Mining_Co._Cement_Plant,no,"Shaanxi, China",0.008,0.008,no,unknown,no,,韩城韩禹建材矿业有限责任公司 (Chinese) [100%],exact,Hancheng Hanyu Building Materials & Mining Co. Cement Plant,Hancheng Hanyu Building Materials & Mining Co [100.0%],integrated,0.008,operating,GCCT,GCCT,Cement and Concrete,n/a
cement,P100000125565,Shanxi Xishan Huatong Cement Co. Cement Plant,山西西山华通水泥有限公司 (Chinese),Shanxi Xishan Huatong Cement Co Ltd [100.0%],China;,Shanxi,operating,2019,2.3,2.3,2.3,1.83,dry,37.847664,112.020064,37.847664,112.020064,https://www.gem.wiki/Shanxi_Xishan_Huatong_Cement_Co._Cement_Plant,no,"Shanxi, China",2.3,2.3,no,unknown,no,,山西西山华通水泥有限公司 (Chinese) [100%],exact,Shanxi Xishan Huatong Cement Co. Cement Plant,Shanxi Xishan Huatong Cement Co Ltd [100.0%],integrated,2.3,operating,GCCT,GCCT,Cement and Concrete,n/a
cement,P100000125566,Taiyuan Beibai Cement Co. Cement Plant,太原北白水泥有限公司 (Chinese),Taiyuan Beibai Cement Co Ltd [100.0%],China;,Shanxi,operating,2012,1.4,1.4,1.4,1.1,dry,38.184252,112.665679,38.184252,112.665679,https://www.gem.wiki/Taiyuan_Beibai_Cement_Co._Cement_Plant,no,"Shanxi, China",1.4,1.4,no,unknown,no,,太原北白水泥有限公司 (Chinese) [100%],exact,Taiyuan Beibai Cement Co. Cement Plant,Taiyuan Beibai Cement Co Ltd [100.0%],integrated,1.4,operating,GCCT,GCCT,Cement and Concrete,n/a
cement,P100000125585,Shanxi South Lou Group Cement Co. Cement Plant,山西南娄集团水泥有限公司 (Chinese),Shanxi Nanlou Group Cement Co Ltd [100.0%],China;,Shanxi,operating,2010,0.6,0.6,0.6,0.91,dry,38.028518,113.382703,38.028518,113.382703,https://www.gem.wiki/Shanxi_South_Lou_Group_Cement_Co._Cement_Plant,no,"Shanxi, China",0.6,0.6,no,opc,no,grey,山西南娄集团水泥有限公司 (Chinese) [100%],exact,Shanxi South Lou Group Cement Co. Cement Plant,Shanxi Nanlou Group Cement Co Ltd [100.0%],integrated,0.6,operating,GCCT,GCCT,Cement and Concrete,n/a
cement,P100000125586,Yangquan Lionhead Special Cement Co. Cement Plant,阳泉狮头特种水泥有限公司 (Chinese),Yangquan Lionhead Special Cement Co Ltd [100.0%],China;,Shanxi,operating,1999,0.1,0.1,0.1,0.07,dry,37.844572,113.639336,37.844572,113.639336,https://www.gem.wiki/Yangquan_Lionhead_Special_Cement_Co._Cement_Plant,no,"Shanxi, China",0.1,0.1,no,unknown,no,,阳泉狮头特种水泥有限公司 (Chinese) [100%],exact,Yangquan Lionhead Special Cement Co. Cement Plant,Yangquan Lionhead Special Cement Co Ltd [100.0%],integrated,0.1,operating,GCCT,GCCT,Cement and Concrete,n/a
cement,P100000125587,Shanxi Yamei Construction Engineering Materials Co. Cement Plant,山西亚美建筑工程材料有限责任公司 (Chinese),Shanxi Yamei Construction Engineering Materials Co Ltd [100.0%],China;,Shanxi,operating,2006,1,1,1,0.91,dry,37.879773,113.628836,37.879773,113.628836,https://www.gem.wiki/Shanxi_Yamei_Construction_Engineering_Materials_Co._Cement_Plant,no,"Shanxi, China",1,1,no,unknown,no,,山西亚美建筑工程材料有限责任公司 (Chinese) [100%],exact,Shanxi Yamei Construction Engineering Materials Co. Cement Plant,Shanxi Yamei Construction Engineering Materials Co Ltd [100.0%],integrated,1.0,operating,GCCT,GCCT,Cement and Concrete,n/a
cement,P100000125588,Shanxi Excellence Cement Co. Cement Plant,山西卓越水泥有限公司 (Chinese),Shanxi Excellence Cement Co Ltd [100.0%],China;,Shanxi,operating,2011,1.9,1.9,1.9,1.1,dry,36.339782,113.20043,36.339782,113.20043,https://www.gem.wiki/Shanxi_Excellence_Cement_Co._Cement_Plant,no,"Shanxi, China",1.9,1.9,no,opc,no,grey,山西卓越水泥有限公司 (Chinese) [100%],exact,Shanxi Excellence Cement Co. Cement Plant,Shanxi Excellence Cement Co Ltd [100.0%],integrated,1.9,operating,GCCT,GCCT,Cement and Concrete,n/a
cement,P100000125589,Shanxi Jin Brand Cement Group Co. Cement Plant,山西晋牌水泥集团有限公司 (Chinese),Shanxi Jinpai Cement Group Co Ltd [100.0%],China;,Shanxi,operating,1995,0.75,0.75,0.75,0.91,dry,36.322564,113.165514,36.322564,113.165514,https://www.gem.wiki/Shanxi_Jin_Brand_Cement_Group_Co._Cement_Plant,no,"Shanxi, China",0.75,0.75,no,opc,no,grey,山西晋牌水泥集团有限公司 (Chinese) [100%],exact,Shanxi Jin Brand Cement Group Co. Cement Plant,Shanxi Jinpai Cement Group Co Ltd [100.0%],integrated,0.75,operating,GCCT,GCCT,Cement and Concrete,n/a
cement,P100000125590,Changzhi Zhongbao Building Materials Co. Cement Plant,长治市中宝建材股份有限公司 (Chinese),Changzhi Zhongbao Building Materials Co [100.0%],China;,Shanxi,operating,2014,0.1,0.1,0.1,0.09,dry,36.372869,113.32661,36.372869,113.32661,https://www.gem.wiki/Changzhi_Zhongbao_Building_Materials_Co._Cement_Plant,no,"Shanxi, China",0.1,0.1,no,unknown,no,,长治市中宝建材股份有限公司 (Chinese) [100%],approximate,Changzhi Zhongbao Building Materials Co. Cement Plant,Changzhi Zhongbao Building Materials Co [100.0%],integrated,0.1,operating,GCCT,GCCT,Cement and Concrete,n/a
cement,P100000125591,Gaoping Weigao Cement Manufacturing Co. Cement Plant,高平市维高水泥制造有限公司 (Chinese),Gaoping Weigao Cement Manufacturing Co [100.0%],China;,Shanxi,operating,2010,0.9,0.9,0.9,0.91,dry,35.741362,112.867474,35.741362,112.867474,https://www.gem.wiki/Gaoping_Weigao_Cement_Manufacturing_Co._Cement_Plant,no,"Shanxi, China",0.9,0.9,no,opc,no,grey,高平市维高水泥制造有限公司 (Chinese) [100%],exact,Gaoping Weigao Cement Manufacturing Co. Cement Plant,Gaoping Weigao Cement Manufacturing Co [100.0%],integrated,0.9,operating,GCCT,GCCT,Cement and Concrete,n/a
cement,P100000125592,Shuozhou Shanshui New Age Cement Co. Cement Plant,朔州山水新时代水泥有限公司 (Chinese),Shuozhou Shanshui New Era Cement Co Ltd [100.0%],China;,Shanxi,operating,2014,2,2,2,1.83,dry,39.400001,112.597194,39.400001,112.597194,https://www.gem.wiki/Shuozhou_Shanshui_New_Age_Cement_Co._Cement_Plant,no,"Shanxi, China",2,2,no,unknown,no,,朔州山水新时代水泥有限公司 (Chinese) [100%],approximate,Shuozhou Shanshui New Age Cement Co. Cement Plant,Shuozhou Shanshui New Era Cement Co Ltd [100.0%],integrated,2.0,operating,GCCT,GCCT,Cement and Concrete,n/a
cement,P100000125593,Taiyuan Lionhead Cement Company Limited Shuozhou Branch Company Cement Plant,太原狮头水泥股份有限公司朔州分公司 (Chinese),Taiyuan Lionhead Cement Co Ltd Shuozhou Branch [100.0%],China;,Shanxi,operating,2005,0.4,0.4,0.4,n/a,n/a,39.398623,112.525169,39.398623,112.525169,https://www.gem.wiki/Taiyuan_Lionhead_Cement_Company_Limited_Shuozhou_Branch_Company_Cement_Plant,n/a,"Shanxi, China",0.4,0.4,n/a,unknown,n/a,,太原狮头水泥股份有限公司朔州分公司 (Chinese) [100%],exact,Taiyuan Lionhead Cement Company Limited Shuozhou Branch Company Cement Plant,Taiyuan Lionhead Cement Co Ltd Shuozhou Branch [100.0%],grinding,0.4,operating,GCCT,GCCT,Cement and Concrete,n/a
cement,P100000125594,Sanin Hyunang Building Materials Co. Cement Plant,山阴炫昂建材有限公司 (Chinese),Shanyin Xuanang Building Materials Co Ltd [100.0%],China;,Shanxi,operating,2013,1.3,1.3,1.3,0.91,dry,39.604713,112.796508,39.604713,112.796508,https://www.gem.wiki/Sanin_Hyunang_Building_Materials_Co._Cement_Plant,no,"Shanxi, China",1.3,1.3,no,unknown,no,,山阴炫昂建材有限公司 (Chinese) [100%],exact,Sanin Hyunang Building Materials Co. Cement Plant,Shanyin Xuanang Building Materials Co Ltd [100.0%],integrated,1.3,operating,GCCT,GCCT,Cement and Concrete,n/a
cement,P100000125595,Shanxi Jigang Guanyu Cement Co. Cement Plant,山西吉港冠宇水泥有限公司 (Chinese),Shanxi Jigang Guanyu Cement Co Ltd [100.0%],China;,Shanxi,operating,2010,2,2,2,1.83,dry,39.084894,112.20164,39.084894,112.20164,https://www.gem.wiki/Shanxi_Jigang_Guanyu_Cement_Co._Cement_Plant,no,"Shanxi, China",2,2,no,opc,no,grey,山西吉港冠宇水泥有限公司 (Chinese) [100%],approximate,Shanxi Jigang Guanyu Cement Co. Cement Plant,Shanxi Jigang Guanyu Cement Co Ltd [100.0%],integrated,2.0,operating,GCCT,GCCT,Cement and Concrete,n/a
cement,P100000125596,Shanxi Taida Mining Co. Cement Plant,山西泰达矿业有限公司 (Chinese),Shanxi Taida Mining Co Ltd [100.0%],China;,Shanxi,operating,2021,2,2,2,n/a,n/a,39.139733,112.174217,39.139733,112.174217,https://www.gem.wiki/Shanxi_Taida_Mining_Co._Cement_Plant,n/a,"Shanxi, China",2,2,n/a,unknown,n/a,,山西泰达矿业有限公司 (Chinese) [100%],approximate,Shanxi Taida Mining Co. Cement Plant,Shanxi Taida Mining Co Ltd [100.0%],grinding,2.0,operating,GCCT,GCCT,Cement and Concrete,n/a
cement,P100000125598,Datong Qifengshan Cement Co. Cement Plant,大同七峰山水泥有限公司 (Chinese),Datong Qifengshan Cement Co [100.0%],China;,Shanxi,operating,2009,0.9,0.9,0.9,n/a,n/a,39.967943,113.10621,39.967943,113.10621,https://www.gem.wiki/Datong_Qifengshan_Cement_Co._Cement_Plant,n/a,"Shanxi, China",0.9,0.9,n/a,unknown,n/a,,大同七峰山水泥有限公司 (Chinese) [100%],exact,Datong Qifengshan Cement Co. Cement Plant,Datong Qifengshan Cement Co [100.0%],grinding,0.9,operating,GCCT,GCCT,Cement and Concrete,n/a
cement,P100000125599,Shuozhou Zhonglian Cement Co. Cement Plant,朔州中联水泥有限公司 (Chinese),Shuozhou Zhonglian Cement Co Ltd [100.0%],China;,Shanxi,operating,2010,0.008,>0,>0,n/a,n/a,39.804726,112.508785,39.804726,112.508785,https://www.gem.wiki/Shuozhou_Zhonglian_Cement_Co._Cement_Plant,n/a,"Shanxi, China",0.008,0.008,n/a,unknown,n/a,,朔州中联水泥有限公司 (Chinese) [100%],approximate,Shuozhou Zhonglian Cement Co. Cement Plant,Shuozhou Zhonglian Cement Co Ltd [100.0%],grinding,0.008,operating,GCCT,GCCT,Cement and Concrete,n/a
cement,P100000125618,Shanxi Jinxing Aolong Building Material Liability Co. Cement Plant,山西晋兴奥隆建材责任有限公司 (Chinese),Shanxi Jinxing Aolong Building Materials Co Ltd [100.0%],China;,Shanxi,operating,2018,2,2,2,1.83,dry,38.725405,111.609687,38.725405,111.609687,https://www.gem.wiki/Shanxi_Jinxing_Aolong_Building_Material_Liability_Co._Cement_Plant,no,"Shanxi, China",2,2,no,opc,no,grey,山西晋兴奥隆建材责任有限公司 (Chinese) [100%],exact,Shanxi Jinxing Aolong Building Material Liability Co. Cement Plant,Shanxi Jinxing Aolong Building Materials Co Ltd [100.0%],integrated,2.0,operating,GCCT,GCCT,Cement and Concrete,n/a
cement,P100000125619,Hequ County Zhongtianlong Cement Co. Cement Plant,河曲县中天隆水泥有限公司 (Chinese),Hequ County Zhongtianlong Cement Co [100.0%],China;,Shanxi,operating,2012,1.16,1.16,1.16,0.91,dry,38.932139,111.828743,38.932139,111.828743,https://www.gem.wiki/Hequ_County_Zhongtianlong_Cement_Co._Cement_Plant,no,"Shanxi, China",1.16,1.16,no,opc,no,grey,河曲县中天隆水泥有限公司 (Chinese) [100%],exact,Hequ County Zhongtianlong Cement Co. Cement Plant,Hequ County Zhongtianlong Cement Co [100.0%],integrated,1.16,operating,GCCT,GCCT,Cement and Concrete,n/a
cement,P100000125620,GTC TCC (Daixian) Environmental Technology Co. Cement Plant,金隅台泥（代县）环保科技有限公司 (Chinese),GTC TCC (Daixian) Environmental Technology Co [100.0%],China;,Shanxi,operating,2014,2,2,2,1.83,dry,39.102447,112.813595,39.102447,112.813595,https://www.gem.wiki/GTC_TCC_(Daixian)_Environmental_Technology_Co._Cement_Plant,no,"Shanxi, China",2,2,no,unknown,no,,金隅台泥（代县）环保科技有限公司 (Chinese) [100%],approximate,GTC TCC (Daixian) Environmental Technology Co. Cement Plant,GTC TCC (Daixian) Environmental Technology Co [100.0%],integrated,2.0,operating,GCCT,GCCT,Cement and Concrete,n/a
cement,P100000125621,Shanxi Guojin Electric Power Co. Cement Plant,山西国金电力有限公司 (Chinese),Shanxi Guojin Electric Power Co Ltd [100.0%],China;,Shanxi,operating,2020,2,2,2,1.83,dry,37.377477,112.001131,37.377477,112.001131,https://www.gem.wiki/Shanxi_Guojin_Electric_Power_Co._Cement_Plant,no,"Shanxi, China",2,2,no,opc,no,grey,山西国金电力有限公司 (Chinese) [100%],exact,Shanxi Guojin Electric Power Co. Cement Plant,Shanxi Guojin Electric Power Co Ltd [100.0%],integrated,2.0,operating,GCCT,GCCT,Cement and Concrete,n/a
cement,P100000125622,Shanxi Jigang Cement Co. Cement Plant,山西吉港水泥有限公司 (Chinese),Shanxi Jigang Cement [100.0%],China;,Shanxi,operating,2008,3.5,3.5,3.5,1.83,dry,37.505193,112.052262,37.505193,112.052262,https://www.gem.wiki/Shanxi_Jigang_Cement_Co._Cement_Plant,no,"Shanxi, China",3.5,3.5,no,opc,no,grey,山西吉港水泥有限公司 (Chinese) [100%],approximate,Shanxi Jigang Cement Co. Cement Plant,Shanxi Jigang Cement [100.0%],integrated,3.5,operating,GCCT,GCCT,Cement and Concrete,n/a
cement,P100000125623,Shanxi Zhongxing Cement Co. Cement Plant,山西中兴水泥有限责任公司 (Chinese),Shanxi Zhongxing Cement Co Ltd [100.0%],China;,Shanxi,operating,2013,1.2,1.2,1.2,0.91,dry,37.12955,111.60422,37.12955,111.60422,https://www.gem.wiki/Shanxi_Zhongxing_Cement_Co._Cement_Plant,no,"Shanxi, China",1.2,1.2,no,unknown,no,,山西中兴水泥有限责任公司 (Chinese) [100%],exact,Shanxi Zhongxing Cement Co. Cement Plant,Shanxi Zhongxing Cement Co Ltd [100.0%],integrated,1.2,operating,GCCT,GCCT,Cement and Concrete,n/a
cement,P100000125624,Zhongyang County Taoyuan Cement Co. Cement Plant,中阳县桃园水泥有限责任公司 (Chinese),Zhongyuan County Taoyuan Cement Co Ltd [100.0%],China;,Shanxi,operating,1994,1.55,1.55,1.55,n/a,n/a,37.326587,111.204529,37.326587,111.204529,https://www.gem.wiki/Zhongyang_County_Taoyuan_Cement_Co._Cement_Plant,n/a,"Shanxi, China",1.55,1.55,n/a,opc,n/a,,中阳县桃园水泥有限责任公司 (Chinese) [100%],exact,Zhongyang County Taoyuan Cement Co. Cement Plant,Zhongyuan County Taoyuan Cement Co Ltd [100.0%],grinding,1.55,operating,GCCT,GCCT,Cement and Concrete,n/a
cement,P100000125625,Shanxi Guashan Cement Co. Cement Plant,山西卦山水泥有限责任公司 (Chinese),Shanxi Guashan Cement Co Ltd [100.0%],China;,Shanxi,operating,2005,0.8,0.8,0.8,0.91,dry,37.591217,112.196464,37.591217,112.196464,https://www.gem.wiki/Shanxi_Guashan_Cement_Co._Cement_Plant,no,"Shanxi, China",0.8,0.8,no,unknown,no,,山西卦山水泥有限责任公司 (Chinese) [100%],exact,Shanxi Guashan Cement Co. Cement Plant,Shanxi Guashan Cement Co Ltd [100.0%],integrated,0.8,operating,GCCT,GCCT,Cement and Concrete,n/a
cement,P100000125672,Shouyang Tonglida Cement Co. Cement Plant,寿阳同力达水泥有限责任公司（晋中同力达水泥有限责任公司） (Chinese),Shouyang Tonglida Cement Co Ltd [100.0%],China;,Shanxi,operating,2021,0.99,0.99,0.99,1.83,dry,37.965156,112.945853,37.965156,112.945853,https://www.gem.wiki/Shouyang_Tonglida_Cement_Co._Cement_Plant,no,"Shanxi, China",0.99,0.99,no,unknown,no,,寿阳同力达水泥有限责任公司（晋中同力达水泥有限责任公司） (Chinese) [100%],approximate,Shouyang Tonglida Cement Co. Cement Plant,Shouyang Tonglida Cement Co Ltd [100.0%],integrated,0.99,operating,GCCT,GCCT,Cement and Concrete,n/a
cement,P100000125673,Shanxi Fenxi Mining (Group) Limited Liability Company Cement Plant,山西汾西矿业（集团）有限责任公司水泥厂 (Chinese),Shanxi Fenxi Mining (Group) Co Ltd Cement Plant [100.0%],China;,Shanxi,operating,1982,0.54,0.54,0.54,0.31,dry,36.986404,111.967476,36.986404,111.967476,https://www.gem.wiki/Shanxi_Fenxi_Mining_(Group)_Limited_Liability_Company_Cement_Plant,no,"Shanxi, China",0.54,0.54,no,unknown,no,,山西汾西矿业（集团）有限责任公司水泥厂 (Chinese) [100%],approximate,Shanxi Fenxi Mining (Group) Limited Liability Company Cement Plant,Shanxi Fenxi Mining (Group) Co Ltd Cement Plant [100.0%],integrated,0.54,operating,GCCT,GCCT,Cement and Concrete,n/a
cement,P100000125674,Shanxi Taigu Hengda Coal Gasification Co. Cement Plant,山西太谷恒达煤气化有限公司 (Chinese),Shanxi Taigu Hengda Coal Gasification Co Ltd [100.0%],China;,Shanxi,operating,2013,0.88,0.88,0.88,0.91,dry,37.419194,112.566825,37.419194,112.566825,https://www.gem.wiki/Shanxi_Taigu_Hengda_Coal_Gasification_Co._Cement_Plant,no,"Shanxi, China",0.88,0.88,no,unknown,no,,山西太谷恒达煤气化有限公司 (Chinese) [100%],exact,Shanxi Taigu Hengda Coal Gasification Co. Cement Plant,Shanxi Taigu Hengda Coal Gasification Co Ltd [100.0%],integrated,0.88,operating,GCCT,GCCT,Cement and Concrete,n/a
cement,P100000125675,Linfen Shanshui Cement Co. Cement Plant,临汾山水水泥有限公司 (Chinese),Linfen Shanshui Cement Co [100.0%],China;,Shanxi,operating,2017,2,2,2,1.83,dry,36.380657,111.692535,36.380657,111.692535,https://www.gem.wiki/Linfen_Shanshui_Cement_Co._Cement_Plant,no,"Shanxi, China",2,2,no,unknown,no,,临汾山水水泥有限公司 (Chinese) [100%],exact,Linfen Shanshui Cement Co. Cement Plant,Linfen Shanshui Cement Co [100.0%],integrated,2.0,operating,GCCT,GCCT,Cement and Concrete,n/a
cement,P100000125676,Houma Huifeng Building Materials Co. Cement Plant,侯马市汇丰建材有限责任公司 (Chinese),Houma Huifeng Building Materials Co [100.0%],China;,Shanxi,operating,2013,1,1,1,0.91,dry,35.67796,111.393012,35.67796,111.393012,https://www.gem.wiki/Houma_Huifeng_Building_Materials_Co._Cement_Plant,no,"Shanxi, China",1,1,no,opc,no,grey,侯马市汇丰建材有限责任公司 (Chinese) [100%],exact,Houma Huifeng Building Materials Co. Cement Plant,Houma Huifeng Building Materials Co [100.0%],integrated,1.0,operating,GCCT,GCCT,Cement and Concrete,n/a
cement,P100000125677,Pucheng Longxiang Building Materials Co. Cement Plant,蒲城县龙翔建材有限公司（蒲县龙翔建材有限公司） (Chinese),Pucheng County Longxiang Building Materials Co Ltd [100.0%],China;,Shanxi,operating,2009,0.6,0.6,0.6,n/a,n/a,34.950364,109.586577,34.950364,109.586577,https://www.gem.wiki/Pucheng_Longxiang_Building_Materials_Co._Cement_Plant,n/a,"Shanxi, China",0.6,0.6,n/a,unknown,n/a,,蒲城县龙翔建材有限公司（蒲县龙翔建材有限公司） (Chinese) [100%],approximate,Pucheng Longxiang Building Materials Co. Cement Plant,Pucheng County Longxiang Building Materials Co Ltd [100.0%],grinding,0.6,operating,GCCT,GCCT,Cement and Concrete,n/a
cement,P100000125678,Shanxi Zhongtiao Mountain New Building Materials Co. Cement Plant,山西中条山新型建材有限公司 (Chinese),Shanxi Zhongtiaoshan New Building Materials [100.0%],China;,Shanxi,operating,2006,0.5,0.5,0.5,0.91,dry,35.801048,111.477799,35.801048,111.477799,https://www.gem.wiki/Shanxi_Zhongtiao_Mountain_New_Building_Materials_Co._Cement_Plant,no,"Shanxi, China",0.5,0.5,no,unknown,no,,山西中条山新型建材有限公司 (Chinese) [100%],exact,Shanxi Zhongtiao Mountain New Building Materials Co. Cement Plant,Shanxi Zhongtiaoshan New Building Materials [100.0%],integrated,0.5,operating,GCCT,GCCT,Cement and Concrete,n/a
cement,P100000125679,Xiangfen Xingyuan Group Cement & Building Materials Co. Cement Plant,襄汾县星原集团水泥建材有限公司 (Chinese),Xiangfen Xingyuan Group Cement & Building Materials Co Ltd [100.0%],China;,Shanxi,operating,2013,1.5,1.5,1.5,1.1,dry,35.881969,111.377998,35.881969,111.377998,https://www.gem.wiki/Xiangfen_Xingyuan_Group_Cement_&_Building_Materials_Co._Cement_Plant,no,"Shanxi, China",1.5,1.5,no,unknown,no,,襄汾县星原集团水泥建材有限公司 (Chinese) [100%],exact,Xiangfen Xingyuan Group Cement & Building Materials Co. Cement Plant,Xiangfen Xingyuan Group Cement & Building Materials Co Ltd [100.0%],integrated,1.5,operating,GCCT,GCCT,Cement and Concrete,n/a
cement,P100000125680,Shanxi Longmen Five Color Stone Building Material Co. Cement Plant,山西龙门五色石建材有限公司 (Chinese),Shanxi Longmen Five Color Stone Building Materials Co Ltd [100.0%],China;,Shanxi,operating,2013,1,1,1,0.91,dry,35.669429,110.673784,35.669429,110.673784,https://www.gem.wiki/Shanxi_Longmen_Five_Color_Stone_Building_Material_Co._Cement_Plant,no,"Shanxi, China",1,1,no,unknown,no,,山西龙门五色石建材有限公司 (Chinese) [100%],approximate,Shanxi Longmen Five Color Stone Building Material Co. Cement Plant,Shanxi Longmen Five Color Stone Building Materials Co Ltd [100.0%],integrated,1.0,operating,GCCT,GCCT,Cement and Concrete,n/a
cement,P100000125681,Witton Cement Group Limited Liability Company Cement Plant,威顿水泥集团有限责任公司 (Chinese),Weidun Cement Group Co Ltd [100.0%],China;,Shanxi,operating,2001,2,2,2,2.19,dry,35.977946,111.849236,35.977946,111.849236,https://www.gem.wiki/Witton_Cement_Group_Limited_Liability_Company_Cement_Plant,no,"Shanxi, China",2,2,no,unknown,no,,威顿水泥集团有限责任公司 (Chinese) [100%],exact,Witton Cement Group Limited Liability Company Cement Plant,Weidun Cement Group Co Ltd [100.0%],integrated,2.0,operating,GCCT,GCCT,Cement and Concrete,n/a
cement,P100000125682,Yuncheng Zhonglian Cement Co. Cement Plant,运城中联水泥有限公司 (Chinese),Yuncheng Zhonglian Cement Co Ltd [100.0%],China;,Shanxi,announced,2025,0.008,>0,>0,>0,dry,35.069453,111.027848,35.069453,111.027848,https://www.gem.wiki/Yuncheng_Zhonglian_Cement_Co._Cement_Plant,no,"Shanxi, China",0.008,0.008,no,unknown,no,,运城中联水泥有限公司 (Chinese) [100%],exact,Yuncheng Zhonglian Cement Co. Cement Plant,Yuncheng Zhonglian Cement Co Ltd [100.0%],integrated,0.008,proposed-plus,GCCT,GCCT,Cement and Concrete,n/a
cement,P100000125683,Shanxi Xinxing Group Special Cement Plant,山西新星集团特种水泥厂 (Chinese),Shanxi Xinxing Group Special Cement Plant [100.0%],China;,Shanxi,mothballed,2009,,not found,,0.37,dry,37.779814,111.211279,37.779814,111.211279,https://www.gem.wiki/Shanxi_Xinxing_Group_Special_Cement_Plant,no,"Shanxi, China",,,no,unknown,no,,山西新星集团特种水泥厂 (Chinese) [100%],exact,Shanxi Xinxing Group Special Cement Plant,Shanxi Xinxing Group Special Cement Plant [100.0%],integrated,1.5719178536863079,mothballed-plus,GCCT,GCCT,Cement and Concrete,
cement,P100000125684,Shanxi Dongyi Group Special Cement Co. Cement Plant,山西东义集团特种水泥有限公司 (Chinese),Shanxi Dongyi Group Special Cement Co Ltd [100.0%],China;,Shanxi,operating,2005,1.1,1.1,1.1,n/a,n/a,37.104387,111.814219,37.104387,111.814219,https://www.gem.wiki/Shanxi_Dongyi_Group_Special_Cement_Co._Cement_Plant,n/a,"Shanxi, China",1.1,1.1,n/a,unknown,n/a,,山西东义集团特种水泥有限公司 (Chinese) [100%],exact,Shanxi Dongyi Group Special Cement Co. Cement Plant,Shanxi Dongyi Group Special Cement Co Ltd [100.0%],grinding,1.1,operating,GCCT,GCCT,Cement and Concrete,n/a
cement,P100000125706,Arongqi Mengxi Cement Co. Cement Plant,阿荣旗蒙西水泥有限公司 (Chinese),Arongqi Mengxi Cement Co [100.0%],China;,Inner Mongolia,operating,2008,3,3,3,3.65,dry,48.134605,123.427842,48.134605,123.427842,https://www.gem.wiki/Arongqi_Mengxi_Cement_Co._Cement_Plant,no,"Inner Mongolia, China",3,3,no,unknown,no,,阿荣旗蒙西水泥有限公司 (Chinese) [100%],approximate,Arongqi Mengxi Cement Co. Cement Plant,Arongqi Mengxi Cement Co [100.0%],integrated,3.0,operating,GCCT,GCCT,Cement and Concrete,n/a
cement,P100000125707,Oroqen Autonomous Banner Xinchangtai Jiwen Cement Co. Cement Plant,鄂伦春自治旗鑫昌泰吉文水泥有限公司 (Chinese),Oroqen Autonomous Banner Xinchangtai Group Jiwen Cement Co [100.0%],China;,Inner Mongolia,operating,2012,0.6,0.6,0.6,1.83,dry,50.563484,123.210998,50.563484,123.210998,https://www.gem.wiki/Oroqen_Autonomous_Banner_Xinchangtai_Jiwen_Cement_Co._Cement_Plant,no,"Inner Mongolia, China",0.6,0.6,no,unknown,no,,鄂伦春自治旗鑫昌泰吉文水泥有限公司 (Chinese) [100%],exact,Oroqen Autonomous Banner Xinchangtai Jiwen Cement Co. Cement Plant,Oroqen Autonomous Banner Xinchangtai Group Jiwen Cement Co [100.0%],integrated,0.6,operating,GCCT,GCCT,Cement and Concrete,n/a
cement,P100000125708,Inner Mongolia Xinhongyu Cement Co. Cement Plant,内蒙古鑫鸿裕水泥有限责任公司 (Chinese),Inner Mongolia Xinhongyu Cement Co [100.0%],China;,Inner Mongolia,operating,2005,0.008,>0,>0,0.37,dry,43.306885,118.449616,43.306885,118.449616,https://www.gem.wiki/Inner_Mongolia_Xinhongyu_Cement_Co._Cement_Plant,no,"Inner Mongolia, China",0.008,0.008,no,unknown,no,,内蒙古鑫鸿裕水泥有限责任公司 (Chinese) [100%],approximate,Inner Mongolia Xinhongyu Cement Co. Cement Plant,Inner Mongolia Xinhongyu Cement Co [100.0%],integrated,0.008,operating,GCCT,GCCT,Cement and Concrete,n/a
cement,P100000125709,Arukolqinqi Xintianshan Cement Group Co. Cement Plant,阿鲁科尔沁旗鑫天山水泥集团有限公司 (Chinese),Arukolqinqi Xintianshan Cement Group Co [100.0%],China;,Inner Mongolia,operating,2009,0.008,>0,>0,0.91,dry,43.969771,119.377738,43.969771,119.377738,https://www.gem.wiki/Arukolqinqi_Xintianshan_Cement_Group_Co._Cement_Plant,no,"Inner Mongolia, China",0.008,0.008,no,opc,no,grey,阿鲁科尔沁旗鑫天山水泥集团有限公司 (Chinese) [100%],exact,Arukolqinqi Xintianshan Cement Group Co. Cement Plant,Arukolqinqi Xintianshan Cement Group Co [100.0%],integrated,0.008,operating,GCCT,GCCT,Cement and Concrete,n/a
cement,P100000125710,Chifeng Lumeng Special Cement Co. Cement Plant,赤峰鲁蒙特种水泥有限公司 (Chinese),Chifeng Lumeng Special Cement Co [100.0%],China;,Inner Mongolia,operating,2013,0.008,>0,>0,0.73,dry,44.457386,118.925483,44.457386,118.925483,https://www.gem.wiki/Chifeng_Lumeng_Special_Cement_Co._Cement_Plant,no,"Inner Mongolia, China",0.008,0.008,no,opc,no,grey,赤峰鲁蒙特种水泥有限公司 (Chinese) [100%],exact,Chifeng Lumeng Special Cement Co. Cement Plant,Chifeng Lumeng Special Cement Co [100.0%],integrated,0.008,operating,GCCT,GCCT,Cement and Concrete,n/a
cement,P100000125711,Naimanqi Hongji Cement Co. Cement Plant,奈曼旗宏基水泥有限公司 (Chinese),Naimanqi Hongji Cement Co [100.0%],China;,Inner Mongolia,operating,2013,0.008,>0,>0,1.46,dry,42.870155,120.710737,42.870155,120.710737,https://www.gem.wiki/Naimanqi_Hongji_Cement_Co._Cement_Plant,no,"Inner Mongolia, China",0.008,0.008,no,unknown,no,,奈曼旗宏基水泥有限公司 (Chinese) [100%],exact,Naimanqi Hongji Cement Co. Cement Plant,Naimanqi Hongji Cement Co [100.0%],integrated,0.008,operating,GCCT,GCCT,Cement and Concrete,n/a
cement,P100000125728,Xiwuzhumqin Banner Hadatu Cement Co. Cement Plant,西乌珠穆沁旗哈达图水泥有限责任公司 (Chinese),Xiwuzhumqin Banner Hadatu Cement Co Ltd [100.0%],China;,Inner Mongolia,operating,2009,0.008,>0,>0,0.91,dry,44.614044,117.662258,44.614044,117.662258,https://www.gem.wiki/Xiwuzhumqin_Banner_Hadatu_Cement_Co._Cement_Plant,no,"Inner Mongolia, China",0.008,0.008,no,unknown,no,,西乌珠穆沁旗哈达图水泥有限责任公司 (Chinese) [100%],exact,Xiwuzhumqin Banner Hadatu Cement Co. Cement Plant,Xiwuzhumqin Banner Hadatu Cement Co Ltd [100.0%],integrated,0.008,operating,GCCT,GCCT,Cement and Concrete,n/a
cement,P100000125729,Inner Mongolia Taigao Cement Co. Cement Plant,内蒙古泰高水泥有限公司 (Chinese),Inner Mongolia Taigao Cement Co [100.0%],China;,Inner Mongolia,operating,2014,0.008,>0,>0,1.46,dry,43.645466,112.01832,43.645466,112.01832,https://www.gem.wiki/Inner_Mongolia_Taigao_Cement_Co._Cement_Plant,no,"Inner Mongolia, China",0.008,0.008,no,opc,no,grey,内蒙古泰高水泥有限公司 (Chinese) [100%],exact,Inner Mongolia Taigao Cement Co. Cement Plant,Inner Mongolia Taigao Cement Co [100.0%],integrated,0.008,operating,GCCT,GCCT,Cement and Concrete,n/a
cement,P100000125730,Shangdu County Minyu Cement Co. Cement Plant,商都县民宇水泥有限责任公司 (Chinese),Shangdu County Minyu Cement Co Ltd [100.0%],China;,Inner Mongolia,operating,2011,0.008,>0,>0,0.91,dry,41.53097,113.589034,41.53097,113.589034,https://www.gem.wiki/Shangdu_County_Minyu_Cement_Co._Cement_Plant,no,"Inner Mongolia, China",0.008,0.008,no,blended,no,grey,商都县民宇水泥有限责任公司 (Chinese) [100%],exact,Shangdu County Minyu Cement Co. Cement Plant,Shangdu County Minyu Cement Co Ltd [100.0%],integrated,0.008,operating,GCCT,GCCT,Cement and Concrete,n/a
cement,P100000125731,Inner Mongolia Century Hengsheng Mining Co. Cement Plant,内蒙古世纪恒生矿业有限责任公司 (Chinese),Inner Mongolia Century Hengsheng Mining Co [100.0%],China;,Inner Mongolia,operating,2013,0.008,>0,>0,1.75,dry,41.758422,112.66542,41.758422,112.66542,https://www.gem.wiki/Inner_Mongolia_Century_Hengsheng_Mining_Co._Cement_Plant,no,"Inner Mongolia, China",0.008,0.008,no,unknown,no,,内蒙古世纪恒生矿业有限责任公司 (Chinese) [100%],approximate,Inner Mongolia Century Hengsheng Mining Co. Cement Plant,Inner Mongolia Century Hengsheng Mining Co [100.0%],integrated,0.008,operating,GCCT,GCCT,Cement and Concrete,n/a
cement,P100000125732,Inner Mongolia Mengwei Technology Co. Cement Plant,内蒙古蒙维科技有限公司 (Chinese),Inner Mongolia Mengwei Technology Co [100.0%],China;,Inner Mongolia,operating,2017,0.008,>0,>0,1.1,dry,41.447906,113.133496,41.447906,113.133496,https://www.gem.wiki/Inner_Mongolia_Mengwei_Technology_Co._Cement_Plant,no,"Inner Mongolia, China",0.008,0.008,no,unknown,no,,内蒙古蒙维科技有限公司 (Chinese) [100%],exact,Inner Mongolia Mengwei Technology Co. Cement Plant,Inner Mongolia Mengwei Technology Co [100.0%],integrated,0.008,operating,GCCT,GCCT,Cement and Concrete,n/a
cement,P100000125733,Baotou Sea Level Metal Technology Co. Cement Plant,包头海平面金属科技有限公司 (Chinese),Baotou Sea Level Metal Technology Co [100.0%],China;,Inner Mongolia,operating,2011,0.008,>0,>0,1.75,dry,40.977884,110.092109,40.977884,110.092109,https://www.gem.wiki/Baotou_Sea_Level_Metal_Technology_Co._Cement_Plant,no,"Inner Mongolia, China",0.008,0.008,no,unknown,no,,包头海平面金属科技有限公司 (Chinese) [100%],exact,Baotou Sea Level Metal Technology Co. Cement Plant,Baotou Sea Level Metal Technology Co [100.0%],integrated,0.008,operating,GCCT,GCCT,Cement and Concrete,n/a
cement,P100000125755,Ordos Qingneng New Material Co. Cement Plant,鄂尔多斯市清能新材料有限公司 (Chinese),Ordos Qingneng New Material Co [100.0%],China;,Inner Mongolia,operating,2011,0.008,>0,>0,0.91,dry,39.389041,106.964372,39.389041,106.964372,https://www.gem.wiki/Ordos_Qingneng_New_Material_Co._Cement_Plant,no,"Inner Mongolia, China",0.008,0.008,no,unknown,no,,鄂尔多斯市清能新材料有限公司 (Chinese) [100%],approximate,Ordos Qingneng New Material Co. Cement Plant,Ordos Qingneng New Material Co [100.0%],integrated,0.008,operating,GCCT,GCCT,Cement and Concrete,n/a
cement,P100000125756,Ordos Shuangxin Chemical Industry Co. Cement Plant,鄂尔多斯市双欣化学工业有限责任公司 (Chinese),Ordos Shuangxin Chemical Industry Co [100.0%],China;,Inner Mongolia,operating,2015,0.87,0.87,0.87,0.91,dry,39.37654,106.990455,39.37654,106.990455,https://www.gem.wiki/Ordos_Shuangxin_Chemical_Industry_Co._Cement_Plant,no,"Inner Mongolia, China",0.87,0.87,no,unknown,no,,鄂尔多斯市双欣化学工业有限责任公司 (Chinese) [100%],approximate,Ordos Shuangxin Chemical Industry Co. Cement Plant,Ordos Shuangxin Chemical Industry Co [100.0%],integrated,0.87,operating,GCCT,GCCT,Cement and Concrete,n/a
cement,P100000125757,Inner Mongolia Junzheng Energy & Chemical Group Co. Cement Plant,内蒙古君正能源化工集团股份有限公司 (鄂尔多斯市君正能源化工有限公司水泥分公司) (Chinese),Inner Mongolia Junzheng Energy & Chemical Group Co Ltd [100.0%],China;,Inner Mongolia,operating,2015,0.008,>0,>0,0.91,dry,39.366779,106.983398,39.366779,106.983398,https://www.gem.wiki/Inner_Mongolia_Junzheng_Energy_&_Chemical_Group_Co._Cement_Plant,no,"Inner Mongolia, China",0.008,0.008,no,unknown,no,,内蒙古君正能源化工集团股份有限公司 (鄂尔多斯市君正能源化工有限公司水泥分公司) (Chinese) [100%],approximate,Inner Mongolia Junzheng Energy & Chemical Group Co. Cement Plant,Inner Mongolia Junzheng Energy & Chemical Group Co Ltd [100.0%],integrated,0.008,operating,GCCT,GCCT,Cement and Concrete,n/a
cement,P100000125758,Inner Mongolia Junzheng Chemical Co. Cement Plant,内蒙古君正化工有限责任公司 (Chinese),INNER MONGOLIA Junzheng Chemical Industry Co Ltd [100.0%],China;,Inner Mongolia,operating,2010,0.008,>0,>0,0.91,dry,39.475011,106.698248,39.475011,106.698248,https://www.gem.wiki/Inner_Mongolia_Junzheng_Chemical_Co._Cement_Plant,no,"Inner Mongolia, China",0.008,0.008,no,opc,no,grey,内蒙古君正化工有限责任公司 (Chinese) [100%],exact,Inner Mongolia Junzheng Chemical Co. Cement Plant,INNER MONGOLIA Junzheng Chemical Industry Co Ltd [100.0%],integrated,0.008,operating,GCCT,GCCT,Cement and Concrete,n/a
cement,P100000125759,Wuhai Huayuan Cement Co. Cement Plant,乌海华源水泥有限公司 (Chinese),Wuhai Huayuan Cement Co Ltd [100.0%],China;,Inner Mongolia,operating,2010,0.008,>0,>0,1.46,dry,39.635429,106.868605,39.635429,106.868605,https://www.gem.wiki/Wuhai_Huayuan_Cement_Co._Cement_Plant,no,"Inner Mongolia, China",0.008,0.008,no,unknown,no,,乌海华源水泥有限公司 (Chinese) [100%],approximate,Wuhai Huayuan Cement Co. Cement Plant,Wuhai Huayuan Cement Co Ltd [100.0%],integrated,0.008,operating,GCCT,GCCT,Cement and Concrete,n/a
cement,P100000125760,Inner Mongolia Wanchen Energy Company Qianfeng Cement Branch Cement Plant,内蒙古万晨能源股份有限公司千峰水泥分公司 (Chinese),Inner Mongolia Wanchen Energy Company Qianfeng Cement Branch [100.0%],China;,Inner Mongolia,operating,1976,1,1,1,n/a,n/a,39.855985,106.887027,39.855985,106.887027,https://www.gem.wiki/Inner_Mongolia_Wanchen_Energy_Company_Qianfeng_Cement_Branch_Cement_Plant,n/a,"Inner Mongolia, China",1,1,n/a,unknown,n/a,,内蒙古万晨能源股份有限公司千峰水泥分公司 (Chinese) [100%],exact,Inner Mongolia Wanchen Energy Company Qianfeng Cement Branch Cement Plant,Inner Mongolia Wanchen Energy Company Qianfeng Cement Branch [100.0%],grinding,1.0,operating,GCCT,GCCT,Cement and Concrete,n/a
cement,P100000125761,Western Environmental Protection Limited (Haihua) Cement Plant,西部环保有限公司（海化） (Chinese),Western Environmental Protection (Haihua) Co Ltd [100.0%],China;,Inner Mongolia,operating,2016,0.008,>0,>0,0.91,dry,39.375806,106.922603,39.375806,106.922603,https://www.gem.wiki/Western_Environmental_Protection_Limited_(Haihua)_Cement_Plant,no,"Inner Mongolia, China",0.008,0.008,no,unknown,no,,西部环保有限公司（海化） (Chinese) [100%],approximate,Western Environmental Protection Limited (Haihua) Cement Plant,Western Environmental Protection (Haihua) Co Ltd [100.0%],integrated,0.008,operating,GCCT,GCCT,Cement and Concrete,n/a
cement,P100000125762,Zhongyan Inner Mongolia Building Material Co. Cement Plant,中盐内蒙古建材有限公司 (Chinese),Zhongyan Inner Mongolia Building Materials Co Ltd [100.0%],China;,Inner Mongolia,operating,2018,0.008,>0,>0,0.91,dry,39.448908,106.706302,39.448908,106.706302,https://www.gem.wiki/Zhongyan_Inner_Mongolia_Building_Material_Co._Cement_Plant,no,"Inner Mongolia, China",0.008,0.008,no,opc,no,grey,中盐内蒙古建材有限公司 (Chinese) [100%],approximate,Zhongyan Inner Mongolia Building Material Co. Cement Plant,Zhongyan Inner Mongolia Building Materials Co Ltd [100.0%],integrated,0.008,operating,GCCT,GCCT,Cement and Concrete,n/a
cement,P100000126301,Alashan Zuoqi Yinghai Building Materials Co. Cement Plant,阿拉善左旗瀛海建材有限责任公司 (Chinese),Alashan Zuoqi Yinghai Building Materials Co [100.0%],China;,Inner Mongolia,operating,2014,0.008,>0,>0,0.91,dry,38.544775,105.654291,38.544775,105.654291,https://www.gem.wiki/Alashan_Zuoqi_Yinghai_Building_Materials_Co._Cement_Plant,no,"Inner Mongolia, China",0.008,0.008,no,unknown,no,,阿拉善左旗瀛海建材有限责任公司 (Chinese) [100%],approximate,Alashan Zuoqi Yinghai Building Materials Co. Cement Plant,Alashan Zuoqi Yinghai Building Materials Co [100.0%],integrated,0.008,operating,GCCT,GCCT,Cement and Concrete,n/a
cement,P100000126302,Dalian Xinhu Cement Enterprise Group Co. Cement Plant,大连新虎水泥企业集团有限公司 (Chinese),Dalian Xinhu Cement Enterprise Group Co [100.0%],China;,Liaoning,operating,2004,0.008,>0,>0,0.37,dry,39.635747,121.804867,39.635747,121.804867,https://www.gem.wiki/Dalian_Xinhu_Cement_Enterprise_Group_Co._Cement_Plant,no,"Liaoning, China",0.008,0.008,no,opc,no,grey,大连新虎水泥企业集团有限公司 (Chinese) [100%],exact,Dalian Xinhu Cement Enterprise Group Co. Cement Plant,Dalian Xinhu Cement Enterprise Group Co [100.0%],integrated,0.008,operating,GCCT,GCCT,Cement and Concrete,n/a
cement,P100000126303,Dalian Cement Group Special Cement Co. Cement Plant,大连水泥集团特种水泥有限公司 (Chinese),Dalian Cement Group Special Cement Co [100.0%],China;,Liaoning,operating,2010,0.008,>0,>0,0.37,dry,39.25712,121.721853,39.25712,121.721853,https://www.gem.wiki/Dalian_Cement_Group_Special_Cement_Co._Cement_Plant,no,"Liaoning, China",0.008,0.008,no,unknown,no,,大连水泥集团特种水泥有限公司 (Chinese) [100%],approximate,Dalian Cement Group Special Cement Co. Cement Plant,Dalian Cement Group Special Cement Co [100.0%],integrated,0.008,operating,GCCT,GCCT,Cement and Concrete,n/a
cement,P100000126304,Dalian Jingang Tianma Cement Co. Cement Plant,大连金刚天马水泥有限公司 (Chinese),Dalian Jingang Tianma Cement Co [100.0%],China;,Liaoning,operating,2008,0.008,>0,>0,1.46,dry,39.462311,121.75585,39.462311,121.75585,https://www.gem.wiki/Dalian_Jingang_Tianma_Cement_Co._Cement_Plant,no,"Liaoning, China",0.008,0.008,no,opc,no,grey,大连金刚天马水泥有限公司 (Chinese) [100%],exact,Dalian Jingang Tianma Cement Co. Cement Plant,Dalian Jingang Tianma Cement Co [100.0%],integrated,0.008,operating,GCCT,GCCT,Cement and Concrete,n/a
cement,P100000126305,Liaoning Shanshui Gongyuan Cement Co. Cement Plant,辽宁山水工源水泥有限公司 (Chinese),Liaoning Shanshui Gongyuan Cement Co [100.0%],China;,Liaoning,operating,2004,0.008,>0,>0,2.74,dry,41.349846,123.741977,41.349846,123.741977,https://www.gem.wiki/Liaoning_Shanshui_Gongyuan_Cement_Co._Cement_Plant,no,"Liaoning, China",0.008,0.008,no,opc,no,grey,辽宁山水工源水泥有限公司 (Chinese) [100%],approximate,Liaoning Shanshui Gongyuan Cement Co. Cement Plant,Liaoning Shanshui Gongyuan Cement Co [100.0%],integrated,0.008,operating,GCCT,GCCT,Cement and Concrete,n/a
cement,P100000126306,Dandong Fenghuangshan Cement Manufacturing Co. Cement Plant,丹东凤凰山水泥制造有限公司 (Chinese),Dandong Fenghuangshan Cement Manufacturing Co [100.0%],China;,Liaoning,operating,2013,0.008,>0,>0,1.83,dry,40.78587,123.904393,40.78587,123.904393,https://www.gem.wiki/Dandong_Fenghuangshan_Cement_Manufacturing_Co._Cement_Plant,no,"Liaoning, China",0.008,0.008,no,unknown,no,,丹东凤凰山水泥制造有限公司 (Chinese) [100%],exact,Dandong Fenghuangshan Cement Manufacturing Co. Cement Plant,Dandong Fenghuangshan Cement Manufacturing Co [100.0%],integrated,0.008,operating,GCCT,GCCT,Cement and Concrete,n/a
cement,P100000126307,Jinzhou Three Pigeon Cement Manufacturing Co. Cement Plant,锦州三鸽水泥制造有限公司 (Chinese),Jinzhou Three Pigeon Cement Manufacturing Co [100.0%],China;,Liaoning,operating,2010,0.008,>0,>0,1.46,dry,41.21459,120.783811,41.21459,120.783811,https://www.gem.wiki/Jinzhou_Three_Pigeon_Cement_Manufacturing_Co._Cement_Plant,no,"Liaoning, China",0.008,0.008,no,unknown,no,,锦州三鸽水泥制造有限公司 (Chinese) [100%],exact,Jinzhou Three Pigeon Cement Manufacturing Co. Cement Plant,Jinzhou Three Pigeon Cement Manufacturing Co [100.0%],integrated,0.008,operating,GCCT,GCCT,Cement and Concrete,n/a
cement,P100000126308,Liaoning Fushan Cement Co. Cement Plant,辽宁富山水泥有限公司 (Chinese),Liaoning Fushan Cement Co [100.0%],China;,Liaoning,operating,2008,0.008,>0,>0,1.46,dry,41.354961,123.501911,41.354961,123.501911,https://www.gem.wiki/Liaoning_Fushan_Cement_Co._Cement_Plant,no,"Liaoning, China",0.008,0.008,no,opc,no,grey,辽宁富山水泥有限公司 (Chinese) [100%],exact,Liaoning Fushan Cement Co. Cement Plant,Liaoning Fushan Cement Co [100.0%],integrated,0.008,operating,GCCT,GCCT,Cement and Concrete,n/a
cement,P100000126309,Fengxian Shengwei Building Materials Co. Cement Plant,凤县声威建材有限公司 (Chinese),Fengxian Shengwei Building Materials Co [100.0%],China;,Shaanxi,operating,2010,1,1,1,0.78,dry,33.935741,106.735524,33.935741,106.735524,https://www.gem.wiki/Fengxian_Shengwei_Building_Materials_Co._Cement_Plant,no,"Shaanxi, China",1,1,no,opc,no,grey,凤县声威建材有限公司 (Chinese) [100%],exact,Fengxian Shengwei Building Materials Co. Cement Plant,Fengxian Shengwei Building Materials Co [100.0%],integrated,1.0,operating,GCCT,GCCT,Cement and Concrete,n/a
cement,P100000126310,Shaanxi Shengwei Cement Co. Cement Plant,陕西声威水泥有限公司 (Chinese),Shaanxi Shengwei Cement Co Ltd [100.0%],China;,Shaanxi,operating,2004,0.008,>0,>0,1.83,dry,34.654482,108.778251,34.654482,108.778251,https://www.gem.wiki/Shaanxi_Shengwei_Cement_Co._Cement_Plant,no,"Shaanxi, China",0.008,0.008,no,unknown,no,,陕西声威水泥有限公司 (Chinese) [100%],exact,Shaanxi Shengwei Cement Co. Cement Plant,Shaanxi Shengwei Cement Co Ltd [100.0%],integrated,0.008,operating,GCCT,GCCT,Cement and Concrete,n/a
cement,P100000126311,Liaoning Hengwei Cement Group Plant,辽宁恒威水泥集团有限公司 (Chinese),Liaoning Hengwei Cement Group Co [100.0%],China;,Liaoning,operating,2005,1.3,1.3,1.3,1.46,dry,41.319942,123.278847,41.319942,123.278847,https://www.gem.wiki/Liaoning_Hengwei_Cement_Group_Plant,no,"Liaoning, China",1.3,1.3,no,unknown,no,,辽宁恒威水泥集团有限公司 (Chinese) [100%],approximate,Liaoning Hengwei Cement Group Plant,Liaoning Hengwei Cement Group Co [100.0%],integrated,1.3,operating,GCCT,GCCT,Cement and Concrete,n/a
cement,P100000126312,Liaoning Senquan Cement Plant,辽宁省森泉水泥有限公司 (Chinese),Liaoning Senquan Cement Co [100.0%],China;,Liaoning,operating,2005,0.008,>0,>0,0.73,dry,42.856667,124.163355,42.856667,124.163355,https://www.gem.wiki/Liaoning_Senquan_Cement_Plant,no,"Liaoning, China",0.008,0.008,no,unknown,no,,辽宁省森泉水泥有限公司 (Chinese) [100%],exact,Liaoning Senquan Cement Plant,Liaoning Senquan Cement Co [100.0%],integrated,0.008,operating,GCCT,GCCT,Cement and Concrete,n/a
cement,P100000126313,Liaoning Great Eagle Cement Manufacturing Plant,辽宁大鹰水泥制造有限公司 (Chinese),Liaoning Great Eagle Cement Manufacturing Co [100.0%],China;,Liaoning,operating,2017,0.008,>0,>0,1.75,dry,42.778009,124.128922,42.778009,124.128922,https://www.gem.wiki/Liaoning_Great_Eagle_Cement_Manufacturing_Plant,no,"Liaoning, China",0.008,0.008,no,opc,no,grey,辽宁大鹰水泥制造有限公司 (Chinese) [100%],approximate,Liaoning Great Eagle Cement Manufacturing Plant,Liaoning Great Eagle Cement Manufacturing Co [100.0%],integrated,0.008,operating,GCCT,GCCT,Cement and Concrete,n/a
cement,P100000126314,Tieling Dahuofang Cement Plant,铁岭大伙房水泥有限责任公司 (Chinese),Tieling Dahuofang Cements Co Ltd [100.0%],China;,Liaoning,operating,2018,0.008,>0,>0,1.83,dry,41.918698,124.103693,41.918698,124.103693,https://www.gem.wiki/Tieling_Dahuofang_Cement_Plant,no,"Liaoning, China",0.008,0.008,no,unknown,no,,铁岭大伙房水泥有限责任公司 (Chinese) [100%],exact,Tieling Dahuofang Cement Plant,Tieling Dahuofang Cements Co Ltd [100.0%],integrated,0.008,operating,GCCT,GCCT,Cement and Concrete,n/a
cement,P100000126316,Kazuo Congyuanhao Cement Plant,喀左丛元号水泥有限责任公司 (Chinese),Kazuo Congyuanhao Cement Co [100.0%],China;,Liaoning,operating,2014,1.5,1.5,1.5,1.46,dry,41.455682,119.835469,41.455682,119.835469,https://www.gem.wiki/Kazuo_Congyuanhao_Cement_Plant,no,"Liaoning, China",1.5,1.5,no,unknown,no,,喀左丛元号水泥有限责任公司 (Chinese) [100%],exact,Kazuo Congyuanhao Cement Plant,Kazuo Congyuanhao Cement Co [100.0%],integrated,1.5,operating,GCCT,GCCT,Cement and Concrete,n/a
cement,P100000126317,Kazuo Hengji Cement Manufacturing Plant,喀左恒基水泥制造有限责任公司 (Chinese),Kazuo Hengji Cement Manufacturing Co [100.0%],China;,Liaoning,operating,2007,0.008,>0,>0,0.91,dry,41.060526,119.720323,41.060526,119.720323,https://www.gem.wiki/Kazuo_Hengji_Cement_Manufacturing_Plant,no,"Liaoning, China",0.008,0.008,no,unknown,no,,喀左恒基水泥制造有限责任公司 (Chinese) [100%],approximate,Kazuo Hengji Cement Manufacturing Plant,Kazuo Hengji Cement Manufacturing Co [100.0%],integrated,0.008,operating,GCCT,GCCT,Cement and Concrete,n/a
cement,P100000126318,Lingyuan Fuyuan Mining Plant,凌源市富源矿业有限责任公司 (Chinese),Lingyuan Fuyuan Mining Co [100.0%],China;,Liaoning,operating,2010,0.008,>0,>0,1.46,dry,41.2977,119.415548,41.2977,119.415548,https://www.gem.wiki/Lingyuan_Fuyuan_Mining_Plant,no,"Liaoning, China",0.008,0.008,no,unknown,no,,凌源市富源矿业有限责任公司 (Chinese) [100%],exact,Lingyuan Fuyuan Mining Plant,Lingyuan Fuyuan Mining Co [100.0%],integrated,0.008,operating,GCCT,GCCT,Cement and Concrete,n/a
cement,P100000126319,Hefei Southern Cement Plant,合肥南方水泥有限公司 (Chinese),Hefei Southern Cement Co [100.0%],China;,Anhui,operating,2008,1.6,1.6,1.6,2.19,dry,31.270339,117.323534,31.270339,117.323534,https://www.gem.wiki/Hefei_Southern_Cement_Plant,no,"Anhui, China",1.6,1.6,no,unknown,no,,合肥南方水泥有限公司 (Chinese) [100%],approximate,Hefei Southern Cement Plant,Hefei Southern Cement Co [100.0%],integrated,1.6,operating,GCCT,GCCT,Cement and Concrete,n/a
cement,P100000126320,Anhui Wanwei High-tech Material Plant,安徽皖维高新材料股份有限公司 (Chinese),Anhui Wanwei High-tech Material Co [100.0%],China;,Anhui,operating,2005,0.008,>0,>0,2.19,dry,31.639905,117.869793,31.639905,117.869793,https://www.gem.wiki/Anhui_Wanwei_High-tech_Material_Plant,no,"Anhui, China",0.008,0.008,no,blended,no,grey,安徽皖维高新材料股份有限公司 (Chinese) [100%],exact,Anhui Wanwei High-tech Material Plant,Anhui Wanwei High-tech Material Co [100.0%],integrated,0.008,operating,GCCT,GCCT,Cement and Concrete,n/a
cement,P100000126322,Huainan Shunyue Cement Plant,淮南舜岳水泥有限责任公司 (Chinese),Huainan Shunyue Cement Co Ltd [100.0%],China;,Anhui,operating,2004,3,3,3,1.83,dry,32.614558,116.845474,32.614558,116.845474,https://www.gem.wiki/Huainan_Shunyue_Cement_Plant,no,"Anhui, China",3,3,no,opc,no,grey,淮南舜岳水泥有限责任公司 (Chinese) [100%],exact,Huainan Shunyue Cement Plant,Huainan Shunyue Cement Co Ltd [100.0%],integrated,3.0,operating,GCCT,GCCT,Cement and Concrete,n/a
cement,P100000126324,Fengyang Zhongdu Cement Plant,凤阳中都水泥有限公司 (Chinese),Fengyang Zhongdu Cement Co Ltd [100.0%],China;,Anhui,operating,2009,0.008,>0,>0,7.3,dry,32.794801,117.356089,32.794801,117.356089,https://www.gem.wiki/Fengyang_Zhongdu_Cement_Plant,no,"Anhui, China",0.008,0.008,no,unknown,no,,凤阳中都水泥有限公司 (Chinese) [100%],approximate,Fengyang Zhongdu Cement Plant,Fengyang Zhongdu Cement Co Ltd [100.0%],integrated,0.008,operating,GCCT,GCCT,Cement and Concrete,n/a
cement,P100000126325,Anhui Huapu Co Cement Plant,安徽华塑股份有限公司 (Chinese),Anhui Huapu Co Ltd [100.0%],China;,Anhui,operating,2013,0.008,>0,>0,0.91,dry,32.586235,117.250912,32.586235,117.250912,https://www.gem.wiki/Anhui_Huapu_Co_Cement_Plant,no,"Anhui, China",0.008,0.008,no,blended,no,grey,安徽华塑股份有限公司 (Chinese) [100%],exact,Anhui Huapu Co Cement Plant,Anhui Huapu Co Ltd [100.0%],integrated,0.008,operating,GCCT,GCCT,Cement and Concrete,n/a
cement,P100000126326,China Railway Materials Anhui Tiepeng Cement Plant,中国铁路物资安徽铁鹏水泥有限公司 (Chinese),China Railway Materials Anhui Tiepeng Cement Co Ltd [100.0%],China;,Anhui,operating,2011,0.008,>0,>0,1.64,dry,31.294263,117.941827,31.294263,117.941827,https://www.gem.wiki/China_Railway_Materials_Anhui_Tiepeng_Cement_Plant,no,"Anhui, China",0.008,0.008,no,blended,no,grey,中国铁路物资安徽铁鹏水泥有限公司 (Chinese) [100%],exact,China Railway Materials Anhui Tiepeng Cement Plant,China Railway Materials Anhui Tiepeng Cement Co Ltd [100.0%],integrated,0.008,operating,GCCT,GCCT,Cement and Concrete,n/a
cement,P100000126327,Maanshan Tiepeng Cement Plant,马鞍山铁鹏水泥有限公司 (Chinese),Maanshan Tiepeng Cement Co Ltd [100.0%],China;,Anhui,operating,2021,0.008,>0,>0,1.46,dry,31.529143,118.003564,31.529143,118.003564,https://www.gem.wiki/Maanshan_Tiepeng_Cement_Plant,no,"Anhui, China",0.008,0.008,no,unknown,no,,马鞍山铁鹏水泥有限公司 (Chinese) [100%],exact,Maanshan Tiepeng Cement Plant,Maanshan Tiepeng Cement Co Ltd [100.0%],integrated,0.008,operating,GCCT,GCCT,Cement and Concrete,n/a
cement,P100000126328,Hanshan South Cement Plant,含山南方水泥有限公司 (Chinese),Hanshan South Cement Co Ltd [100.0%],China;,Anhui,operating,2004,2,2,2,1.83,dry,31.495039,117.99789,31.495039,117.99789,https://www.gem.wiki/Hanshan_South_Cement_Plant,no,"Anhui, China",2,2,no,opc,no,grey,含山南方水泥有限公司 (Chinese) [100%],approximate,Hanshan South Cement Plant,Hanshan South Cement Co Ltd [100.0%],integrated,2.0,operating,GCCT,GCCT,Cement and Concrete,n/a
cement,P100000126329,Wuwei Leida Cement Plant,无为磊达水泥有限公司 (Chinese),Wuwei Leida Cement Co Ltd [100.0%],China;,Anhui,operating,2011,0.008,>0,>0,5.48,dry,31.475009,117.938736,31.475009,117.938736,https://www.gem.wiki/Wuwei_Leida_Cement_Plant,no,"Anhui, China",0.008,0.008,no,opc,no,grey,无为磊达水泥有限公司 (Chinese) [100%],exact,Wuwei Leida Cement Plant,Wuwei Leida Cement Co Ltd [100.0%],integrated,0.008,operating,GCCT,GCCT,Cement and Concrete,n/a
cement,P100000126501,Aalborg Portland (Anqing) Cement Plant,阿尔博波特兰(安庆)有限公司,Aalborg Portland (Anqing) Co Ltd [100.0%],China;,Anhui,operating,2004,0.8,0.8,0.8,>0,dry,30.67098702652708,117.12778445383826,30.67098702652708,117.12778445383826,https://www.gem.wiki/Aalborg_Portland_(Anqing)_Cement_Plant,,"Anhui, China",0.8,0.8,,opc,,white,萨门特集团(Chinese)[100%],exact,Aalborg Portland (Anqing) Cement Plant,Aalborg Portland (Anqing) Co Ltd [100.0%],integrated,0.8,operating,GCCT,GCCT,Cement and Concrete,n/a
