source_dataset,project-id,name,name-noneng,owner,parent,subnational,country-area1,status,start-year,capacity,capacity-display,capacity-by-status,tech-type,prod-type,latitude,longitude,Latitude,Longitude,url,all-countries,capacity-scaled,capacity-table,location-accuracy,location-display,name-search,owner-gem-id,owner-noneng,owner-search,parent-gem-id,parent-search,status-display,tracker-acro,tracker-custom,tracker-display,units-of-m
steel,P100000120240,Rizhao Steel Holding Group Co Ltd,日照钢铁控股集团有限公司,Rizhao Steel Holding Group Co Ltd,Jinghua Rigang Holding Group Co Ltd [98.8%]; unknown [1.2%],Shandong,China,operating,2003-05-14,52446,52446.0,"[{'status': 'operating', 'method': 'BOF', 'capacity': '11300'}, {'status': 'announced', 'method': 'BOF', 'capacity': '9000'}, {'status': 'construction', 'method': 'BOF', 'capacity': '1350'}, {'status': 'retired', 'method': 'BOF', 'capacity': '1700'}, {'status': 'operating', 'method': 'BF', 'capacity': '7700'}, {'status': 'announced', 'method': 'BF', 'capacity': '10000'}, {'status': 'construction', 'method': 'BF', 'capacity': '2500'}, {'status': 'retired', 'method': 'BF', 'capacity': '1216'}, {'status': 'operating pre-retirement', 'method': 'BF', 'capacity': '7180'}, {'status': 'announced', 'method': 'DRI', 'capacity': '500'}]",BF; BOF; DRI,Integrated (BF & DRI),35.16535,119.366672,35.16535,119.366672,https://www.gem.wiki/Rizhao_Steel_Holding_Group_Co_Ltd,China,52446,52446.0,exact,"Shandong, China",Rizhao Steel Holding Group Co Ltd,E100000123983,日照钢铁控股集团有限公司,Rizhao Steel Holding Group Co Ltd,E100000124688 [98.8%]; E100000132388 [1.2%],Jinghua Rigang Holding Group Co Ltd [98.8%]; unknown [1.2%],operating,GIST,GIST,Iron & Steel,ttpa
steel,P100000120188,Jiangsu Shagang Iron & Steel Co Ltd,江苏沙钢集团,Jiangsu Shagang Iron & Steel Co Ltd,Jiangsu Shagang Iron & Steel Co Ltd [100.0%],Jiangsu,China,operating,2002-07-15,43515,43515.0,"[{'status': 'operating', 'method': 'BOF', 'capacity': '13530'}, {'status': 'retired', 'method': 'BOF', 'capacity': '2280'}, {'status': 'operating', 'method': 'EAF', 'capacity': '3075'}, {'status': 'announced', 'method': 'EAF', 'capacity': '1000'}, {'status': 'operating pre-retirement', 'method': 'EAF', 'capacity': '700'}, {'status': 'operating', 'method': 'BF', 'capacity': '15930'}, {'status': 'announced', 'method': 'BF', 'capacity': '2000'}, {'status': 'retired', 'method': 'BF', 'capacity': '2500'}, {'status': 'operating pre-retirement', 'method': 'BF', 'capacity': '2500'}]",BF; BOF; EAF,Integrated (BF),31.983146,120.638992,31.983146,120.638992,https://www.gem.wiki/Jiangsu_Shagang_Iron_&_Steel_Co_Ltd,China,43515,43515.0,approximate,"Jiangsu, China",Jiangsu Shagang Iron & Steel Co Ltd,E100002020306,江苏沙钢钢铁有限公司,Jiangsu Shagang Iron & Steel Co Ltd,E100002020306 [100.0%],Jiangsu Shagang Iron & Steel Co Ltd [100.0%],operating,GIST,GIST,Iron & Steel,ttpa
steel,P100000120219,Angang Steel Co Ltd,"鞍钢新轧钢股份有限公司, 鞍山制铁所, 昭和制钢所",Angang Steel Co Ltd,Angang Steel Co Ltd [100.0%],Liaoning,China,operating,1998-09-14,41210,41210.0,"[{'status': 'operating', 'method': 'BOF', 'capacity': '20650'}, {'status': 'retired', 'method': 'BOF', 'capacity': '3450'}, {'status': 'operating', 'method': 'BF', 'capacity': '16610'}, {'status': 'announced', 'method': 'DRI', 'capacity': '500'}]",BF; BOF; DRI,Integrated (BF & DRI),41.148267,122.983054,41.148267,122.983054,https://www.gem.wiki/Angang_Steel_Co_Ltd,China,41210,41210.0,exact,"Liaoning, China",Angang Steel Co Ltd,E100000126769,鞍钢股份有限公司,Angang Steel Co Ltd,E100000126769 [100.0%],Angang Steel Co Ltd [100.0%],operating,GIST,GIST,Iron & Steel,ttpa
steel,P100000120256,Baoshan Iron and Steel Co Ltd Headquarters,宝山钢铁股份有限公司 (宝山基地),Baoshan Iron & Steel Co Ltd,Baoshan Iron & Steel Co Ltd [100.0%],Shanghai,China,operating,1977,36600,36600.0,"[{'status': 'operating', 'method': 'BOF', 'capacity': '16200'}, {'status': 'operating', 'method': 'EAF', 'capacity': '3600'}, {'status': 'operating', 'method': 'BF', 'capacity': '15300'}, {'status': 'operating', 'method': 'Other/unspecified iron', 'capacity': '1500'}]",BF; BOF; EAF; Iron other/unspecified,Integrated (BF),31.41623,121.440087,31.41623,121.440087,https://www.gem.wiki/Baoshan_Iron_and_Steel_Co_Ltd_Headquarters,China,36600,36600.0,exact,"Shanghai, China",Baoshan Iron and Steel Co Ltd Headquarters,E100000122571,宝山钢铁股份有限公司,Baoshan Iron & Steel Co Ltd,E100000122571 [100.0%],Baoshan Iron & Steel Co Ltd [100.0%],operating,GIST,GIST,Iron & Steel,ttpa
steel,P100000120171,Wuhan Iron and Steel Co Ltd,宝武集团武汉钢铁有限公司,Wuhan Iron and Steel Co Ltd,Baoshan Iron & Steel Co Ltd [100.0%],Hubei,China,operating,1958-09-13,35567,35567.0,"[{'status': 'operating', 'method': 'BOF', 'capacity': '15907'}, {'status': 'operating', 'method': 'BF', 'capacity': '14320'}, {'status': 'retired', 'method': 'BF', 'capacity': '5340'}]",BF; BOF,Integrated (BF),30.616222,114.444975,30.616222,114.444975,https://www.gem.wiki/Wuhan_Iron_and_Steel_Co_Ltd,China,35567,35567.0,exact,"Hubei, China",Wuhan Iron and Steel Co Ltd,E100000123212,武汉钢铁有限公司,Wuhan Iron and Steel Co Ltd,E100000122571 [100.0%],Baoshan Iron & Steel Co Ltd [100.0%],operating,GIST,GIST,Iron & Steel,ttpa
steel,P100000120069,Maanshan Iron and Steel Co Ltd,马鞍山钢铁股份有限公司(本部),Maanshan Iron & Steel Co Ltd,Maanshan Iron & Steel Co Ltd [100.0%],Anhui,China,operating,1953,35300,35300.0,"[{'status': 'operating', 'method': 'BOF', 'capacity': '14650'}, {'status': 'construction', 'method': 'BOF', 'capacity': '1600'}, {'status': 'retired', 'method': 'BOF', 'capacity': '1860'}, {'status': 'operating pre-retirement', 'method': 'BOF', 'capacity': '1860'}, {'status': 'operating', 'method': 'EAF', 'capacity': '830'}, {'status': 'operating', 'method': 'BF', 'capacity': '14500'}]",BF; BOF; EAF,Integrated (BF),31.698884,118.468194,31.698884,118.468194,https://www.gem.wiki/Maanshan_Iron_and_Steel_Co_Ltd,China,35300,35300.0,exact,"Anhui, China",Maanshan Iron and Steel Co Ltd,E100000123737,马鞍山钢铁股份有限公司,Maanshan Iron & Steel Co Ltd,E100000123737 [100.0%],Maanshan Iron & Steel Co Ltd [100.0%],operating,GIST,GIST,Iron & Steel,ttpa
steel,P100000120182,Inner Mongolia BaoTou Steel Union Co Ltd,内蒙古包钢钢联股份有限公司,Inner Mongolia BaoTou Steel Union Co Ltd,Inner Mongolia BaoTou Steel Union Co Ltd [100.0%],Inner Mongolia,China,operating,1999-06-29,34695,34695.0,"[{'status': 'operating', 'method': 'BOF', 'capacity': '16760'}, {'status': 'retired', 'method': 'BOF', 'capacity': '945'}, {'status': 'operating', 'method': 'BF', 'capacity': '16990'}]",BF; BOF,Integrated (BF),40.647997,109.740898,40.647997,109.740898,https://www.gem.wiki/Inner_Mongolia_BaoTou_Steel_Union_Co_Ltd,China,34695,34695.0,exact,"Inner Mongolia, China",Inner Mongolia BaoTou Steel Union Co Ltd,E100000126357,内蒙古包钢钢联股份有限公司,Inner Mongolia BaoTou Steel Union Co Ltd,E100000126357 [100.0%],Inner Mongolia BaoTou Steel Union Co Ltd [100.0%],operating,GIST,GIST,Iron & Steel,ttpa
steel,P100000120094,Guangxi Shenglong Metallurgical Co Ltd,广西盛隆冶金有限公司,Guangxi Shenglong Metallurgical Co Ltd,Guangxi Shenglong Metallurgical Co Ltd [100.0%],Guangxi,China,operating,2003,30293,30293.0,"[{'status': 'operating', 'method': 'BOF', 'capacity': '9783'}, {'status': 'announced', 'method': 'BOF', 'capacity': '1200'}, {'status': 'retired', 'method': 'BOF', 'capacity': '6000'}, {'status': 'operating', 'method': 'BF', 'capacity': '10310'}, {'status': 'retired', 'method': 'BF', 'capacity': '3000'}]",BF; BOF,Integrated (BF),21.687637,108.412344,21.687637,108.412344,https://www.gem.wiki/Guangxi_Shenglong_Metallurgical_Co_Ltd,China,30293,30293.0,exact,"Guangxi, China",Guangxi Shenglong Metallurgical Co Ltd,E100000123226,广西盛隆冶金有限公司,Guangxi Shenglong Metallurgical Co Ltd,E100000123226 [100.0%],Guangxi Shenglong Metallurgical Co Ltd [100.0%],operating,GIST,GIST,Iron & Steel,ttpa
steel,P100000120223,Bengang Steel Plates Co Ltd,本溪钢铁厂,Bengang Steel Plates Co Ltd,Bengang Steel Plates Co Ltd [100.0%],Liaoning,China,operating,1997-06-27,29931,29931.0,"[{'status': 'operating', 'method': 'BOF', 'capacity': '12400'}, {'status': 'announced', 'method': 'EAF', 'capacity': '1500'}, {'status': 'operating pre-retirement', 'method': 'EAF', 'capacity': '1040'}, {'status': 'operating', 'method': 'BF', 'capacity': '12841'}, {'status': 'retired', 'method': 'BF', 'capacity': '2150'}]",BF; BOF; EAF,Integrated (BF),41.274132,123.722099,41.274132,123.722099,https://www.gem.wiki/Bengang_Steel_Plates_Co_Ltd,China,29931,29931.0,exact,"Liaoning, China",Bengang Steel Plates Co Ltd,E100000122467,本钢板材股份有限公司,Bengang Steel Plates Co Ltd,E100000122467 [100.0%],Bengang Steel Plates Co Ltd [100.0%],operating,GIST,GIST,Iron & Steel,ttpa
steel,P100000120085,Baosteel Zhanjiang Iron and Steel Co Ltd,宝钢湛江钢铁有限公司,Baosteel Zhanjiang Iron & Steel Co Ltd,Baoshan Iron & Steel Co Ltd [90.0%]; Guangdong Hengjian Investment Holding Co Ltd [10.0%],Guangdong,China,operating,2011,27578,27578.0,"[{'status': 'operating', 'method': 'BOF', 'capacity': '12528'}, {'status': 'operating', 'method': 'EAF', 'capacity': '1800'}, {'status': 'operating', 'method': 'BF', 'capacity': '12250'}, {'status': 'operating', 'method': 'DRI', 'capacity': '1000'}]",BF; BOF; DRI; EAF,Integrated (BF & DRI),21.056035,110.48657,21.056035,110.48657,https://www.gem.wiki/Baosteel_Zhanjiang_Iron_and_Steel_Co_Ltd,China,27578,27578.0,exact,"Guangdong, China",Baosteel Zhanjiang Iron and Steel Co Ltd,E100000121815,宝钢湛江钢铁有限公司,Baosteel Zhanjiang Iron & Steel Co Ltd,E100000122571 [90.0%]; E100000000194 [10.0%],Baoshan Iron & Steel Co Ltd [90.0%]; Guangdong Hengjian Investment Holding Co Ltd [10.0%],operating,GIST,GIST,Iron & Steel,ttpa
steel,P100000120106,Shougang Jingtang United Iron and Steel Co Ltd,首钢京唐钢铁联合有限公司,Shougang Jingtang United Iron & Steel Co Ltd,Beijing Shougang Co Ltd [100.0%],Hebei,China,operating,2005,27200,27200.0,"[{'status': 'operating', 'method': 'BOF', 'capacity': '13700'}, {'status': 'operating', 'method': 'BF', 'capacity': '13500'}]",BF; BOF,Integrated (BF),38.953664,118.50339,38.953664,118.50339,https://www.gem.wiki/Shougang_Jingtang_United_Iron_and_Steel_Co_Ltd,China,27200,27200.0,exact,"Hebei, China",Shougang Jingtang United Iron and Steel Co Ltd,E100000121927,首钢京唐钢铁联合有限责任公司,Shougang Jingtang United Iron & Steel Co Ltd,E100000124355 [100.0%],Beijing Shougang Co Ltd [100.0%],operating,GIST,GIST,Iron & Steel,ttpa
steel,P100000120120,Jingye Iron and Steel Co Ltd,河北敬业钢铁有限公司,Jingye Iron and Steel Co Ltd,Jingye Group Co Ltd [100.0%],Hebei,China,operating,1996,27058,27058.0,"[{'status': 'operating', 'method': 'BOF', 'capacity': '6400'}, {'status': 'retired', 'method': 'BOF', 'capacity': '6000'}, {'status': 'operating', 'method': 'BF', 'capacity': '11598'}, {'status': 'retired', 'method': 'BF', 'capacity': '3060'}]",BF; BOF,Integrated (BF),38.391372,114.139998,38.391372,114.139998,https://www.gem.wiki/Jingye_Iron_and_Steel_Co_Ltd,China,27058,27058.0,exact,"Hebei, China",Jingye Iron and Steel Co Ltd,E100000126115,敬业钢铁有限公司,Jingye Iron and Steel Co Ltd,E100000124668 [100.0%],Jingye Group Co Ltd [100.0%],operating,GIST,GIST,Iron & Steel,ttpa
steel,P100000120214,Xinyu Iron and Steel Group Co Ltd,新余钢铁有限责任公司,Xinyu Iron & Steel Corp Ltd,Xinyu Iron & Steel Corp Ltd [100.0%],Jiangxi,China,operating,1958,25365,25365.0,"[{'status': 'operating', 'method': 'BOF', 'capacity': '10001'}, {'status': 'operating', 'method': 'EAF', 'capacity': '1000'}, {'status': 'retired', 'method': 'EAF', 'capacity': '1000'}, {'status': 'operating', 'method': 'BF', 'capacity': '4200'}, {'status': 'announced', 'method': 'BF', 'capacity': '4364'}, {'status': 'operating pre-retirement', 'method': 'BF', 'capacity': '4800'}]",BF; BOF; EAF,Integrated (BF),27.786859,114.921595,27.786859,114.921595,https://www.gem.wiki/Xinyu_Iron_and_Steel_Group_Co_Ltd,China,25365,25365.0,exact,"Jiangxi, China",Xinyu Iron and Steel Group Co Ltd,E100000123215,新余钢铁集团有限公司,Xinyu Iron & Steel Corp Ltd,E100000123215 [100.0%],Xinyu Iron & Steel Corp Ltd [100.0%],operating,GIST,GIST,Iron & Steel,ttpa
steel,P100000120092,Liuzhou Iron and Steel Co Ltd Liuzhou Base,柳州钢铁股份有限公司(柳州本部),Liuzhou IRON&STEEL Co Ltd,Liuzhou IRON&STEEL Co Ltd [100.0%],Guangxi,China,operating,2000,23998,23998.0,"[{'status': 'operating', 'method': 'BOF', 'capacity': '9458'}, {'status': 'retired', 'method': 'BOF', 'capacity': '3100'}, {'status': 'operating', 'method': 'BF', 'capacity': '8930'}, {'status': 'retired', 'method': 'BF', 'capacity': '2510'}]",BF; BOF,Integrated (BF),24.385304,109.37963,24.385304,109.37963,https://www.gem.wiki/Liuzhou_Iron_and_Steel_Co_Ltd_Liuzhou_Base,China,23998,23998.0,exact,"Guangxi, China",Liuzhou Iron and Steel Co Ltd Liuzhou Base,E100000123902,柳州钢铁股份有限公司,Liuzhou IRON&STEEL Co Ltd,E100000123902 [100.0%],Liuzhou IRON&STEEL Co Ltd [100.0%],operating,GIST,GIST,Iron & Steel,ttpa
steel,P100000120192,Lianfeng Steel Zhangjiagang Co Ltd,联峰钢铁(张家港)有限公司,Lianfeng Steel (Zhangjiagang) Co Ltd,"Sirida (Hong Kong) Group Co Ltd [42.7%]; Zhangjiagang Yongrun Investment Development Co Ltd [18.5%]; Suzhou Yongyuan Holding Co Ltd [14.5%]; Yonglian Village Stock Economic Cooperative, Nanfeng Town, Zhangjiagang City [9.3%]; unknown [4.3%]; Hengde International Co Ltd [3.4%]; Zhangjiagang Yongfeng Investment Development Co Ltd [3.2%]; Jiangsu Shagang Group Co Ltd [2.7%]; Zhangjiagang Free Trade Zone Runyuan Stainless Steel Trade Co Ltd [0.8%]; Ningbo Meishan Free Trade Port Jincheng Shazhou Equity Investment Co Ltd [0.6%]",Jiangsu,China,operating,2002-06-26,22525,22525.0,"[{'status': 'operating', 'method': 'BOF', 'capacity': '5720'}, {'status': 'announced', 'method': 'BOF', 'capacity': '1800'}, {'status': 'retired', 'method': 'BOF', 'capacity': '760'}, {'status': 'operating pre-retirement', 'method': 'BOF', 'capacity': '1520'}, {'status': 'operating', 'method': 'EAF', 'capacity': '1000'}, {'status': 'operating', 'method': 'BF', 'capacity': '5991'}, {'status': 'construction', 'method': 'BF', 'capacity': '1203'}, {'status': 'retired', 'method': 'BF', 'capacity': '4531'}]",BF; BOF; EAF,Integrated (BF),31.855205,120.730505,31.855205,120.730505,https://www.gem.wiki/Lianfeng_Steel_Zhangjiagang_Co_Ltd,China,22525,22525.0,exact,"Jiangsu, China",Lianfeng Steel Zhangjiagang Co Ltd,E100000126766,联峰钢铁（张家港）有限公司,Lianfeng Steel (Zhangjiagang) Co Ltd,E100000130645 [42.7%]; E100000128818 [18.5%]; E100000128947 [14.5%]; E100000130337 [9.3%]; E100000132388 [4.3%]; E100000125940 [3.4%]; E100000128820 [3.2%]; E100000122410 [2.7%]; E100000124037 [0.8%]; E100000124038 [0.6%],"Sirida (Hong Kong) Group Co Ltd [42.7%]; Zhangjiagang Yongrun Investment Development Co Ltd [18.5%]; Suzhou Yongyuan Holding Co Ltd [14.5%]; Yonglian Village Stock Economic Cooperative, Nanfeng Town, Zhangjiagang City [9.3%]; unknown [4.3%]; Hengde International Co Ltd [3.4%]; Zhangjiagang Yongfeng Investment Development Co Ltd [3.2%]; Jiangsu Shagang Group Co Ltd [2.7%]; Zhangjiagang Free Trade Zone Runyuan Stainless Steel Trade Co Ltd [0.8%]; Ningbo Meishan Free Trade Port Jincheng Shazhou Equity Investment Co Ltd [0.6%]",operating,GIST,GIST,Iron & Steel,ttpa
steel,P100000120315,Hbis Laoting Steel Co Ltd,唐钢新区,HBIS Laoting Steel Co Ltd,HBIS Co Ltd [69.1%]; HBIS Group Co Ltd [7.7%]; Hebei Province Jicai Lndustryl Equity Lnvestment Fund Co Ltd [7.0%]; China Everbright Group Ltd [6.5%]; Gansu Provincial State-owned Assets Investment Group Co Ltd [3.0%]; Tangshan City Development Group Co Ltd [2.9%]; Gansu Financial Holding Group Co Ltd [2.0%]; unknown [0.9%]; Gansu Highway Aviation Tourism Investment Group Co Ltd [0.8%],Hebei,China,operating,2020,21490,21490.0,"[{'status': 'operating', 'method': 'BOF', 'capacity': '7450'}, {'status': 'construction', 'method': 'BOF', 'capacity': '2250'}, {'status': 'announced', 'method': 'EAF', 'capacity': '1800'}, {'status': 'operating', 'method': 'BF', 'capacity': '7320'}, {'status': 'construction', 'method': 'BF', 'capacity': '2670'}]",BF; BOF; EAF,Integrated (BF),39.257823,119.033567,39.257823,119.033567,https://www.gem.wiki/Hbis_Laoting_Steel_Co_Ltd,China,21490,21490.0,exact,"Hebei, China",Hbis Laoting Steel Co Ltd,E100000123169,河钢乐亭钢铁有限公司,HBIS Laoting Steel Co Ltd,E100000123542 [69.1%]; E100000124529 [7.7%]; E100000128826 [7.0%]; E100000128904 [6.5%]; E100000000189 [3.0%]; E100000124528 [2.9%]; E100000128905 [2.0%]; E100000132388 [0.9%]; E100000129075 [0.8%],HBIS Co Ltd [69.1%]; HBIS Group Co Ltd [7.7%]; Hebei Province Jicai Lndustryl Equity Lnvestment Fund Co Ltd [7.0%]; China Everbright Group Ltd [6.5%]; Gansu Provincial State-owned Assets Investment Group Co Ltd [3.0%]; Tangshan City Development Group Co Ltd [2.9%]; Gansu Financial Holding Group Co Ltd [2.0%]; unknown [0.9%]; Gansu Highway Aviation Tourism Investment Group Co Ltd [0.8%],operating,GIST,GIST,Iron & Steel,ttpa
steel,P100000120258,Shanxi Taigang Stainless Steel Co Ltd,山西太钢不锈钢股份有限公司,Shanxi Taigang Stainless Steel Co Ltd,Shanxi Taigang Stainless Steel Co Ltd [100.0%],Shanxi,China,operating,1998-06-11,20940,20940.0,"[{'status': 'operating', 'method': 'BOF', 'capacity': '8800'}, {'status': 'operating', 'method': 'EAF', 'capacity': '3660'}, {'status': 'operating', 'method': 'BF', 'capacity': '8480'}]",BF; BOF; EAF,Integrated (BF),37.931488,112.539321,37.931488,112.539321,https://www.gem.wiki/Shanxi_Taigang_Stainless_Steel_Co_Ltd,China,20940,20940.0,exact,"Shanxi, China",Shanxi Taigang Stainless Steel Co Ltd,E100000122948,山西太钢不锈钢股份有限公司,Shanxi Taigang Stainless Steel Co Ltd,E100000122948 [100.0%],Shanxi Taigang Stainless Steel Co Ltd [100.0%],operating,GIST,GIST,Iron & Steel,ttpa
steel,P100000120110,Qian an Jiujiang Wire Co Ltd,迁安市九江线材有限公司,Qian'an City Jiujiang Wire Co Ltd,Qian'an City Jiujiang Wire Co Ltd [100.0%],Hebei,China,operating,2002,20132,20132.0,"[{'status': 'operating', 'method': 'BOF', 'capacity': '5579'}, {'status': 'retired', 'method': 'BOF', 'capacity': '1920'}, {'status': 'operating', 'method': 'EAF', 'capacity': '1500'}, {'status': 'cancelled', 'method': 'EAF', 'capacity': '1538'}, {'status': 'operating', 'method': 'BF', 'capacity': '8540'}, {'status': 'retired', 'method': 'BF', 'capacity': '1055'}]",BF; BOF; EAF,Integrated (BF),39.952209,118.559444,39.952209,118.559444,https://www.gem.wiki/Qian_an_Jiujiang_Wire_Co_Ltd,China,20132,20132.0,exact,"Hebei, China",Qian an Jiujiang Wire Co Ltd,E100000123190,迁安市九江线材有限责任公司,Qian'an City Jiujiang Wire Co Ltd,E100000123190 [100.0%],Qian'an City Jiujiang Wire Co Ltd [100.0%],operating,GIST,GIST,Iron & Steel,ttpa
steel,P100000120111,Hebei Yanshan Iron and Steel Group Co Ltd,河北燕山钢铁集团有限公司,Hebei Yanshan Iron and Steel Group Co Ltd,Hebei Yanshan Iron and Steel Group Co Ltd [100.0%],Hebei,China,operating,2002,19990,19990.0,"[{'status': 'operating', 'method': 'BOF', 'capacity': '9240'}, {'status': 'operating', 'method': 'EAF', 'capacity': '750'}, {'status': 'operating', 'method': 'BF', 'capacity': '10000'}]",BF; BOF; EAF,Integrated (BF),39.925508,118.672757,39.925508,118.672757,https://www.gem.wiki/Hebei_Yanshan_Iron_and_Steel_Group_Co_Ltd,China,19990,19990.0,exact,"Hebei, China",Hebei Yanshan Iron and Steel Group Co Ltd,E100000123173,河北燕山钢铁集团有限公司,Hebei Yanshan Iron and Steel Group Co Ltd,E100000123173 [100.0%],Hebei Yanshan Iron and Steel Group Co Ltd [100.0%],operating,GIST,GIST,Iron & Steel,ttpa
steel,P100000120224,Benxi Beiying Iron and Steel Group Co Ltd Beitai Town,本溪北营钢铁(集团)股份有限公司,Benxi Beiying Iron & Steel (GROUP) Co Ltd,Ansteel Group Co Ltd [46.5%]; Bengang Group Co Ltd [27.7%]; Liaoning Huida Enterprise Management Co Ltd [8.2%]; China Minmetals Corp [7.0%]; unknown [6.4%]; Beijing Jianlong Investment Co Ltd [2.9%]; Fushun State-Owned Assets Management Co Ltd [1.3%],Liaoning,China,operating,2002-04-05,19916,19916.0,"[{'status': 'operating', 'method': 'BOF', 'capacity': '2600'}, {'status': 'announced', 'method': 'BOF', 'capacity': '1350'}, {'status': 'retired', 'method': 'BOF', 'capacity': '8166'}, {'status': 'operating', 'method': 'BF', 'capacity': '7800'}]",BF; BOF,Integrated (BF),41.224814,123.608374,41.224814,123.608374,https://www.gem.wiki/Benxi_Beiying_Iron_and_Steel_Group_Co_Ltd_Beitai_Town,China,19916,19916.0,exact,"Liaoning, China",Benxi Beiying Iron and Steel Group Co Ltd Beitai Town,E100000123156,本溪北营钢铁（集团）股份有限公司,Benxi Beiying Iron & Steel (GROUP) Co Ltd,E100000124667 [46.5%]; E100000123998 [27.7%]; E100000124666 [8.2%]; E100000123999 [7.0%]; E100000132388 [6.4%]; E100000000155 [2.9%]; E100000125132 [1.3%],Ansteel Group Co Ltd [46.5%]; Bengang Group Co Ltd [27.7%]; Liaoning Huida Enterprise Management Co Ltd [8.2%]; China Minmetals Corp [7.0%]; unknown [6.4%]; Beijing Jianlong Investment Co Ltd [2.9%]; Fushun State-Owned Assets Management Co Ltd [1.3%],operating,GIST,GIST,Iron & Steel,ttpa
steel,P100000120118,Tangshan Ganglu Iron and Steel Co Ltd,唐山港陆钢铁有限公司,Tangshan Ganglu Iron & Steel Co Ltd,Guotao Co Ltd (Hong Kong) [76.3%]; Yushan (Beijing) Metallurgical Investment Co Ltd [23.7%],Hebei,China,operating,2002,19841,19841.0,"[{'status': 'operating', 'method': 'BOF', 'capacity': '5614'}, {'status': 'construction', 'method': 'BOF', 'capacity': '1350'}, {'status': 'retired', 'method': 'BOF', 'capacity': '2787'}, {'status': 'operating', 'method': 'BF', 'capacity': '4182'}, {'status': 'construction', 'method': 'BF', 'capacity': '2330'}, {'status': 'retired', 'method': 'BF', 'capacity': '1758'}, {'status': 'operating pre-retirement', 'method': 'BF', 'capacity': '1820'}]",BF; BOF,Integrated (BF),40.183913,118.073913,40.183913,118.073913,https://www.gem.wiki/Tangshan_Ganglu_Iron_and_Steel_Co_Ltd,China,19841,19841.0,exact,"Hebei, China",Tangshan Ganglu Iron and Steel Co Ltd,E100000123206,唐山港陆钢铁有限公司,Tangshan Ganglu Iron & Steel Co Ltd,E100000125875 [76.3%]; E100000123550 [23.7%],Guotao Co Ltd (Hong Kong) [76.3%]; Yushan (Beijing) Metallurgical Investment Co Ltd [23.7%],operating,GIST,GIST,Iron & Steel,ttpa
steel,P100000120300,Yunnan Yuxi Iron and Steel Group Yukun Iron and Steel Co Ltd,云南玉溪钢铁集团玉昆钢铁有限公司,Yunnan Yuxi Iron and Steel Group Yukun Iron and Steel Co Ltd,Yunnan Yuxi Iron and Steel Group Yukun Iron and Steel Co Ltd [100.0%],Yunnan,China,operating,2014-01-16,19632,19632.0,"[{'status': 'operating', 'method': 'BOF', 'capacity': '4590'}, {'status': 'construction', 'method': 'BOF', 'capacity': '2452'}, {'status': 'retired', 'method': 'BOF', 'capacity': '3300'}, {'status': 'operating', 'method': 'BF', 'capacity': '6760'}, {'status': 'retired', 'method': 'BF', 'capacity': '2530'}]",BF; BOF,Integrated (BF),24.465884,102.543682,24.465884,102.543682,https://www.gem.wiki/Yunnan_Yuxi_Iron_and_Steel_Group_Yukun_Iron_and_Steel_Co_Ltd,China,19632,19632.0,exact,"Yunnan, China",Yunnan Yuxi Iron and Steel Group Yukun Iron and Steel Co Ltd,E100001000458,云南玉溪钢铁集团玉昆钢铁有限公司,Yunnan Yuxi Iron and Steel Group Yukun Iron and Steel Co Ltd,E100001000458 [100.0%],Yunnan Yuxi Iron and Steel Group Yukun Iron and Steel Co Ltd [100.0%],operating,GIST,GIST,Iron & Steel,ttpa
steel,P100000120108,Tangshan Donghua Iron and Steel Enterprise Group Co Ltd,唐山东华钢铁企业集团有限公司,Tangshan Donghua Iron & Steel Enterprise Group Co Ltd,Tangshan Donghua Iron & Steel Enterprise Group Co Ltd [100.0%],Hebei,China,operating,2009,19125,19125.0,"[{'status': 'operating', 'method': 'BOF', 'capacity': '4750'}, {'status': 'retired', 'method': 'BOF', 'capacity': '2700'}, {'status': 'construction', 'method': 'EAF', 'capacity': '1650'}, {'status': 'operating', 'method': 'BF', 'capacity': '7458'}, {'status': 'retired', 'method': 'BF', 'capacity': '1237'}, {'status': 'operating pre-retirement', 'method': 'BF', 'capacity': '1330'}]",BF; BOF; EAF,Integrated (BF),39.468366,118.256774,39.468366,118.256774,https://www.gem.wiki/Tangshan_Donghua_Iron_and_Steel_Enterprise_Group_Co_Ltd,China,19125,19125.0,exact,"Hebei, China",Tangshan Donghua Iron and Steel Enterprise Group Co Ltd,E100000123205,唐山东华钢铁企业集团有限公司,Tangshan Donghua Iron & Steel Enterprise Group Co Ltd,E100000123205 [100.0%],Tangshan Donghua Iron & Steel Enterprise Group Co Ltd [100.0%],operating,GIST,GIST,Iron & Steel,ttpa
steel,P100000120190,Nanjing Iron and Steel Co Ltd,南京南钢产业发展有限公司,Nanjing Iron & Steel Co Ltd,Nanjing Iron & Steel Co Ltd [100.0%],Jiangsu,China,operating,1958,18600,18600.0,"[{'status': 'operating', 'method': 'BOF', 'capacity': '10000'}, {'status': 'operating', 'method': 'BF', 'capacity': '8600'}]",BF; BOF,Integrated (BF),32.200797,118.746315,32.200797,118.746315,https://www.gem.wiki/Nanjing_Iron_and_Steel_Co_Ltd,China,18600,18600.0,exact,"Jiangsu, China",Nanjing Iron and Steel Co Ltd,E100000123506,南京钢铁股份有限公司,Nanjing Iron & Steel Co Ltd,E100000123506 [100.0%],Nanjing Iron & Steel Co Ltd [100.0%],operating,GIST,GIST,Iron & Steel,ttpa
steel,P100000120082,Gansu Jiu Steel Group Hongxing Iron and Steel Co Ltd,甘肃酒钢集团宏兴钢铁股份有限公司,Gansu Jiu Steel Group Hongxing Iron and Steel Co Ltd,Gansu Jiu Steel Group Hongxing Iron and Steel Co Ltd [100.0%],Gansu,China,operating,1999,18355,18355.0,"[{'status': 'operating', 'method': 'BOF', 'capacity': '6450'}, {'status': 'retired', 'method': 'BOF', 'capacity': '2945'}, {'status': 'operating', 'method': 'EAF', 'capacity': '1200'}, {'status': 'operating', 'method': 'BF', 'capacity': '5560'}, {'status': 'retired', 'method': 'BF', 'capacity': '2200'}]",BF; BOF; EAF,Integrated (BF),39.812121,98.295555,39.812121,98.295555,https://www.gem.wiki/Gansu_Jiu_Steel_Group_Hongxing_Iron_and_Steel_Co_Ltd,China,18355,18355.0,exact,"Gansu, China",Gansu Jiu Steel Group Hongxing Iron and Steel Co Ltd,E100000127239,甘肃酒钢集团宏兴钢铁股份有限公司,Gansu Jiu Steel Group Hongxing Iron and Steel Co Ltd,E100000127239 [100.0%],Gansu Jiu Steel Group Hongxing Iron and Steel Co Ltd [100.0%],operating,GIST,GIST,Iron & Steel,ttpa
steel,P100000120193,Zenith Steel Group Co Ltd,中天钢铁集团有限公司,Zenith Steel Group Co Ltd,Zenith Steel Group Co Ltd [100.0%],Jiangsu,China,operating,2001-09-28,18170,18170.0,"[{'status': 'operating', 'method': 'BOF', 'capacity': '3700'}, {'status': 'retired', 'method': 'BOF', 'capacity': '4610'}, {'status': 'retired', 'method': 'EAF', 'capacity': '700'}, {'status': 'operating', 'method': 'BF', 'capacity': '2740'}, {'status': 'retired', 'method': 'BF', 'capacity': '6420'}]",BF; BOF; EAF,Integrated (BF),31.707656,120.079591,31.707656,120.079591,https://www.gem.wiki/Zenith_Steel_Group_Co_Ltd,China,18170,18170.0,exact,"Jiangsu, China",Zenith Steel Group Co Ltd,E100000123285,中天钢铁集团有限公司,Zenith Steel Group Co Ltd,E100000123285 [100.0%],Zenith Steel Group Co Ltd [100.0%],operating,GIST,GIST,Iron & Steel,ttpa
steel,P100000120074,Chongqing Iron and Steel Co Ltd,重庆钢铁股份有限公司,Chongqing Iron & Steel Co Ltd,Chongqing Iron & Steel Co Ltd [100.0%],Chongqing,China,operating,1997,18135,18135.0,"[{'status': 'operating', 'method': 'BOF', 'capacity': '8400'}, {'status': 'operating', 'method': 'BF', 'capacity': '9735'}]",BF; BOF,Integrated (BF),29.790253,107.040368,29.790253,107.040368,https://www.gem.wiki/Chongqing_Iron_and_Steel_Co_Ltd,China,18135,18135.0,exact,"Chongqing, China",Chongqing Iron and Steel Co Ltd,E100000126559,重庆钢铁股份有限公司,Chongqing Iron & Steel Co Ltd,E100000126559 [100.0%],Chongqing Iron & Steel Co Ltd [100.0%],operating,GIST,GIST,Iron & Steel,ttpa
steel,P100000120312,Shandong Iron and Steel Group Rizhao Co Ltd,山东钢铁集团日照有限公司(一期),Shandong IRON&STEEL Group Rizhao Co Ltd,Shandong Iron and Steel Co Ltd [50.6%]; Shandong Iron and Steel Group Co Ltd [34.0%]; Shandong Guohui Investment Co Ltd [9.7%]; Shandong Caixin Asset Operation Co Ltd [4.9%]; unknown [0.8%],Shandong,China,operating,2009-02-19,17900,17900.0,"[{'status': 'operating', 'method': 'BOF', 'capacity': '8500'}, {'status': 'announced', 'method': 'EAF', 'capacity': '1300'}, {'status': 'operating', 'method': 'BF', 'capacity': '8100'}]",BF; BOF; EAF,Integrated (BF),35.188969,119.383723,35.188969,119.383723,https://www.gem.wiki/Shandong_Iron_and_Steel_Group_Rizhao_Co_Ltd,China,17900,17900.0,exact,"Shandong, China",Shandong Iron and Steel Group Rizhao Co Ltd,E100000126308,山东钢铁集团日照有限公司,Shandong IRON&STEEL Group Rizhao Co Ltd,E100000126101 [50.6%]; E100000124598 [34.0%]; E100000124585 [9.7%]; E100000124453 [4.9%]; E100000132388 [0.8%],Shandong Iron and Steel Co Ltd [50.6%]; Shandong Iron and Steel Group Co Ltd [34.0%]; Shandong Guohui Investment Co Ltd [9.7%]; Shandong Caixin Asset Operation Co Ltd [4.9%]; unknown [0.8%],operating,GIST,GIST,Iron & Steel,ttpa
steel,P100000120234,Shaanxi Longmen Steel Co Ltd,陕西龙门钢铁有限责任公司,Shaanxi LONG MEN IRON&STEEL Co Ltd,Shaanxi Coal and Chemical Industry Co Ltd [95.9%]; unknown [4.1%],Shaanxi,China,operating,2007-06-22,17895,17895.0,"[{'status': 'operating', 'method': 'BOF', 'capacity': '3800'}, {'status': 'announced', 'method': 'BOF', 'capacity': '2300'}, {'status': 'operating pre-retirement', 'method': 'BOF', 'capacity': '3400'}, {'status': 'cancelled', 'method': 'EAF', 'capacity': '1050'}, {'status': 'operating', 'method': 'BF', 'capacity': '7345'}]",BF; BOF; EAF,Integrated (BF),35.618466,110.575788,35.618466,110.575788,https://www.gem.wiki/Shaanxi_Longmen_Steel_Co_Ltd,China,17895,17895.0,exact,"Shaanxi, China",Shaanxi Longmen Steel Co Ltd,E100000123194,陕西龙门钢铁有限责任公司,Shaanxi LONG MEN IRON&STEEL Co Ltd,E100001000403 [95.9%]; E100000132388 [4.1%],Shaanxi Coal and Chemical Industry Co Ltd [95.9%]; unknown [4.1%],operating,GIST,GIST,Iron & Steel,ttpa
steel,P100000120107,Shougang Qian an Iron and Steel Co Ltd,首钢股份公司迁安钢铁公司,Beijing Shougang Co Ltd,Beijing Shougang Co Ltd [100.0%],Hebei,China,operating,2002,17450,17450.0,"[{'status': 'operating', 'method': 'BOF', 'capacity': '6300'}, {'status': 'operating pre-retirement', 'method': 'BOF', 'capacity': '2000'}, {'status': 'construction', 'method': 'EAF', 'capacity': '1300'}, {'status': 'operating', 'method': 'BF', 'capacity': '7850'}]",BF; BOF; EAF,Integrated (BF),39.976702,118.558788,39.976702,118.558788,https://www.gem.wiki/Shougang_Qian_an_Iron_and_Steel_Co_Ltd,China,17450,17450.0,exact,"Hebei, China",Shougang Qian an Iron and Steel Co Ltd,E100000124355,北京首钢股份有限公司,Beijing Shougang Co Ltd,E100000124355 [100.0%],Beijing Shougang Co Ltd [100.0%],operating,GIST,GIST,Iron & Steel,ttpa
steel,P100000120306,Guangxi Iron and Steel Group Co Ltd Fangchenggang Iron & Steel Base,广西钢铁集团有限公司防城港钢铁基地,Guangxi Iron and Steel Group Co Ltd,Liuzhou IRON&STEEL Co Ltd [45.8%]; Guangxi Liuzhou Iron and Steel Group Co Ltd [45.6%]; China Baowu Steel Group Co Ltd [8.6%],Guangxi,China,operating,2020,17280,17280.0,"[{'status': 'operating', 'method': 'BOF', 'capacity': '8400'}, {'status': 'operating', 'method': 'BF', 'capacity': '8880'}]",BF; BOF,Integrated (BF),21.580723,108.400896,21.580723,108.400896,https://www.gem.wiki/Guangxi_Iron_and_Steel_Group_Co_Ltd_Fangchenggang_Iron_&_Steel_Base,China,17280,17280.0,exact,"Guangxi, China",Guangxi Iron and Steel Group Co Ltd Fangchenggang Iron & Steel Base,E100000123161,广西钢铁集团有限公司,Guangxi Iron and Steel Group Co Ltd,E100000123902 [45.8%]; E100000123903 [45.6%]; E100001000472 [8.6%],Liuzhou IRON&STEEL Co Ltd [45.8%]; Guangxi Liuzhou Iron and Steel Group Co Ltd [45.6%]; China Baowu Steel Group Co Ltd [8.6%],operating,GIST,GIST,Iron & Steel,ttpa
steel,P100000120119,Hebei Donghai Special Steel Co Ltd,河北东海特钢集团有限公司,Hebei Donghai SPECIAL Steel Group Co Ltd,Hebei Donghai SPECIAL Steel Group Co Ltd [100.0%],Hebei,China,operating,2009,17254,17254.0,"[{'status': 'operating', 'method': 'BOF', 'capacity': '10001'}, {'status': 'operating', 'method': 'BF', 'capacity': '7253'}]",BF; BOF,Integrated (BF),39.610605,118.474722,39.610605,118.474722,https://www.gem.wiki/Hebei_Donghai_Special_Steel_Co_Ltd,China,17254,17254.0,exact,"Hebei, China",Hebei Donghai Special Steel Co Ltd,E100000126598,河北东海特钢集团有限公司,Hebei Donghai SPECIAL Steel Group Co Ltd,E100000126598 [100.0%],Hebei Donghai SPECIAL Steel Group Co Ltd [100.0%],operating,GIST,GIST,Iron & Steel,ttpa
steel,P100000120414,Shandong Iron and Steel Group Yongfeng Lingang Co Ltd,山东钢铁集团永锋临港有限公司,Shandong Iron & Steel Group Yongfeng Lingang Corp,Qihe Zhongxin Investment Co Ltd [47.2%]; Shandong Iron and Steel Group Co Ltd [28.4%]; Yongfeng Group Co Ltd [12.2%]; Shandong Guohui Investment Co Ltd [8.1%]; Shandong Caixin Asset Operation Co Ltd [4.1%],Shandong,China,operating,2021-06-13,16728,16728.0,"[{'status': 'operating', 'method': 'BOF', 'capacity': '5400'}, {'status': 'announced', 'method': 'BOF', 'capacity': '2750'}, {'status': 'operating', 'method': 'BF', 'capacity': '5557'}, {'status': 'announced', 'method': 'BF', 'capacity': '3021'}]",BF; BOF,Integrated (BF),35.137061,119.068319,35.137061,119.068319,https://www.gem.wiki/Shandong_Iron_and_Steel_Group_Yongfeng_Lingang_Co_Ltd,China,16728,16728.0,exact,"Shandong, China",Shandong Iron and Steel Group Yongfeng Lingang Co Ltd,E100000123195,山东钢铁集团永锋临港有限公司,Shandong Iron & Steel Group Yongfeng Lingang Corp,E100000124596 [47.2%]; E100000124598 [28.4%]; E100000124595 [12.2%]; E100000124585 [8.1%]; E100000124453 [4.1%],Qihe Zhongxin Investment Co Ltd [47.2%]; Shandong Iron and Steel Group Co Ltd [28.4%]; Yongfeng Group Co Ltd [12.2%]; Shandong Guohui Investment Co Ltd [8.1%]; Shandong Caixin Asset Operation Co Ltd [4.1%],operating,GIST,GIST,Iron & Steel,ttpa
steel,P100000120246,Shiheng Special Steel Group Co Ltd,石横特钢集团有限公司,Shiheng SPECIAL Steel Group Co Ltd,Shiheng Special Steel Holding Group Co Ltd [54.7%]; Hong Kong Wing Tai Holdings [22.0%]; unknown [15.9%]; Trade Union Committee of Shiheng Special Steel Group [7.4%],Shandong,China,operating,2000-12-27,16120,16120.0,"[{'status': 'operating', 'method': 'BOF', 'capacity': '4650'}, {'status': 'retired', 'method': 'BOF', 'capacity': '2210'}, {'status': 'operating', 'method': 'BF', 'capacity': '5040'}, {'status': 'retired', 'method': 'BF', 'capacity': '4220'}]",BF; BOF,Integrated (BF),36.229201,116.533981,36.229201,116.533981,https://www.gem.wiki/Shiheng_Special_Steel_Group_Co_Ltd,China,16120,16120.0,exact,"Shandong, China",Shiheng Special Steel Group Co Ltd,E100000123204,石横特钢集团有限公司,Shiheng SPECIAL Steel Group Co Ltd,E100000124166 [54.7%]; E100000126043 [22.0%]; E100000132388 [15.9%]; E100000126042 [7.4%],Shiheng Special Steel Holding Group Co Ltd [54.7%]; Hong Kong Wing Tai Holdings [22.0%]; unknown [15.9%]; Trade Union Committee of Shiheng Special Steel Group [7.4%],operating,GIST,GIST,Iron & Steel,ttpa
steel,P100000120105,Chengde Iron and Steel Group Co Ltd,承德钢铁集团有限公司,Chengde Street Ltd,HBIS Group Co Ltd [100.0%],Hebei,China,operating,1954,16106,16106.0,"[{'status': 'operating', 'method': 'BOF', 'capacity': '8000'}, {'status': 'operating', 'method': 'BF', 'capacity': '8106'}]",BF; BOF,Integrated (BF),40.947707,117.719747,40.947707,117.719747,https://www.gem.wiki/Chengde_Iron_and_Steel_Group_Co_Ltd,China,16106,16106.0,exact,"Hebei, China",Chengde Iron and Steel Group Co Ltd,E100000126296,承德钢铁集团有限公司,Chengde Street Ltd,E100000124529 [100.0%],HBIS Group Co Ltd [100.0%],operating,GIST,GIST,Iron & Steel,ttpa
steel,P100000120273,Jincheng Fusheng Iron and Steel Co Ltd,晋城福盛钢铁有限公司,Jincheng FUSHENG Iron & Steel Co Ltd,Shanxi Jincheng Steel Holdings Group Co Ltd [60.0%]; natural person(s) [40.0%],Shanxi,China,operating,2002-12-10,15926,15926.0,"[{'status': 'operating', 'method': 'BOF', 'capacity': '4600'}, {'status': 'retired', 'method': 'BOF', 'capacity': '3760'}, {'status': 'operating', 'method': 'BF', 'capacity': '4780'}, {'status': 'retired', 'method': 'BF', 'capacity': '2786'}]",BF; BOF,Integrated (BF),35.662985,112.882395,35.662985,112.882395,https://www.gem.wiki/Jincheng_Fusheng_Iron_and_Steel_Co_Ltd,China,15926,15926.0,exact,"Shanxi, China",Jincheng Fusheng Iron and Steel Co Ltd,E100000127056,晋城福盛钢铁有限公司,Jincheng FUSHENG Iron & Steel Co Ltd,E100000123830 [60.0%]; E100000123261 [40.0%],Shanxi Jincheng Steel Holdings Group Co Ltd [60.0%]; natural person(s) [40.0%],operating,GIST,GIST,Iron & Steel,ttpa
steel,P100000120311,Hebei Zongheng Group Fengnan Iron and Steel Co Ltd,河北纵横集团丰南钢铁有限公司,Hebei Zongheng Group Fengnan Iron & Steel Co Ltd,Hebei Xinhua United Metallurgical Holding Group Co Ltd [43.2%]; China Railway Materials Group Holdings Ltd [27.0%]; Shuangyao Investment Co Ltd [21.1%]; Sinogiant Steel HOLDINGS Group Ltd [7.9%]; unknown [0.9%],Hebei,China,operating,2019,15600,15600.0,"[{'status': 'operating', 'method': 'BOF', 'capacity': '7700'}, {'status': 'operating', 'method': 'BF', 'capacity': '7900'}]",BF; BOF,Integrated (BF),39.222566,118.094201,39.222566,118.094201,https://www.gem.wiki/Hebei_Zongheng_Group_Fengnan_Iron_and_Steel_Co_Ltd,China,15600,15600.0,exact,"Hebei, China",Hebei Zongheng Group Fengnan Iron and Steel Co Ltd,E100000127395,河北纵横集团丰南钢铁有限公司,Hebei Zongheng Group Fengnan Iron & Steel Co Ltd,E100000128544 [43.2%]; E100000130609 [27.0%]; E100000130610 [21.1%]; E100000128537 [7.9%]; E100000132388 [0.9%],Hebei Xinhua United Metallurgical Holding Group Co Ltd [43.2%]; China Railway Materials Group Holdings Ltd [27.0%]; Shuangyao Investment Co Ltd [21.1%]; Sinogiant Steel HOLDINGS Group Ltd [7.9%]; unknown [0.9%],operating,GIST,GIST,Iron & Steel,ttpa
steel,P100000120280,Tianjin Iron Plant,天津铁厂有限公司,Tianjin Iron PLANT Co Ltd,British Asia Pan Ruogen International Co Ltd [59.2%]; unknown [40.8%],Hebei,China,operating,1969,15550,15550.0,"[{'status': 'operating', 'method': 'BOF', 'capacity': '4870'}, {'status': 'retired', 'method': 'BOF', 'capacity': '1590'}, {'status': 'operating', 'method': 'BF', 'capacity': '3770'}, {'status': 'construction', 'method': 'BF', 'capacity': '1520'}, {'status': 'retired', 'method': 'BF', 'capacity': '3800'}]",BF; BOF,Integrated (BF),36.58967,113.745792,36.58967,113.745792,https://www.gem.wiki/Tianjin_Iron_Plant,China,15550,15550.0,exact,"Hebei, China",Tianjin Iron Plant,E100000127064,天津铁厂有限公司,Tianjin Iron PLANT Co Ltd,E100000130417 [59.2%]; E100000132388 [40.8%],British Asia Pan Ruogen International Co Ltd [59.2%]; unknown [40.8%],operating,GIST,GIST,Iron & Steel,ttpa
steel,P100000120289,Baosteel Group Xinjiang Bayi Iron and Steel Co Ltd,"新疆八一钢铁集团有限责任公司, 宝钢集团新疆八一钢铁有限责任公司",Baosteel Group Xinjiang Bayi Iron & Steel Co Ltd,Baosteel Group Xinjiang Bayi Iron & Steel Co Ltd [100.0%],Xinjiang,China,operating,1995-10-20,15363,15363.0,"[{'status': 'operating', 'method': 'BOF', 'capacity': '6850'}, {'status': 'operating', 'method': 'EAF', 'capacity': '450'}, {'status': 'operating', 'method': 'BF', 'capacity': '5763'}, {'status': 'mothballed', 'method': 'BF', 'capacity': '400'}, {'status': 'retired', 'method': 'BF', 'capacity': '400'}, {'status': 'operating', 'method': 'Other/unspecified iron', 'capacity': '1500'}]",BF; BOF; EAF; Iron other/unspecified,Integrated (BF),43.852147,87.304639,43.852147,87.304639,https://www.gem.wiki/Baosteel_Group_Xinjiang_Bayi_Iron_and_Steel_Co_Ltd,China,15363,15363.0,exact,"Xinjiang, China",Baosteel Group Xinjiang Bayi Iron and Steel Co Ltd,E100001012045,宝钢集团新疆八—钢铁有限公司,Baosteel Group Xinjiang Bayi Iron & Steel Co Ltd,E100001012045 [100.0%],Baosteel Group Xinjiang Bayi Iron & Steel Co Ltd [100.0%],operating,GIST,GIST,Iron & Steel,ttpa
steel,P100000120191,Jiangyin Xingcheng Special Steel Works Co Ltd,江阴兴澄特种钢铁有限公司,Jiangyin Xingcheng SPECIAL Steel Works Co Ltd,Citic Pacific Special Steel Group Co Ltd [100.0%],Jiangsu,China,operating,1993,15341,15341.0,"[{'status': 'operating', 'method': 'BOF', 'capacity': '5900'}, {'status': 'announced', 'method': 'EAF', 'capacity': '1225'}, {'status': 'retired', 'method': 'EAF', 'capacity': '359'}, {'status': 'operating pre-retirement', 'method': 'EAF', 'capacity': '897'}, {'status': 'operating', 'method': 'BF', 'capacity': '5760'}, {'status': 'retired', 'method': 'BF', 'capacity': '1200'}]",BF; BOF; EAF,Integrated (BF),31.950191,120.328449,31.950191,120.328449,https://www.gem.wiki/Jiangyin_Xingcheng_Special_Steel_Works_Co_Ltd,China,15341,15341.0,exact,"Jiangsu, China",Jiangyin Xingcheng Special Steel Works Co Ltd,E100000126701,江阴兴澄特种钢铁有限公司,Jiangyin Xingcheng SPECIAL Steel Works Co Ltd,E100000128047 [100.0%],Citic Pacific Special Steel Group Co Ltd [100.0%],operating,GIST,GIST,Iron & Steel,ttpa
steel,P100000120304,Quzhou Yuanli Metal Products Co Ltd,衢州元立金属制品有限公司,Quzhou Yuanli METAL Products Co Ltd,Zhejiang Yuanli METAL PRODUCT Group Co Ltd [81.5%]; Zhejiang Yuanli Metal Products Group Co Ltd Trade Union Committee [18.5%],Zhejiang,China,operating,1991,15312,15312.0,"[{'status': 'announced', 'method': 'BOF', 'capacity': '3450'}, {'status': 'operating pre-retirement', 'method': 'BOF', 'capacity': '5000'}, {'status': 'operating', 'method': 'BF', 'capacity': '1180'}, {'status': 'announced', 'method': 'BF', 'capacity': '2360'}, {'status': 'retired', 'method': 'BF', 'capacity': '980'}, {'status': 'operating pre-retirement', 'method': 'BF', 'capacity': '2342'}]",BF; BOF,Integrated (BF),28.893407,118.867125,28.893407,118.867125,https://www.gem.wiki/Quzhou_Yuanli_Metal_Products_Co_Ltd,China,15312,15312.0,exact,"Zhejiang, China",Quzhou Yuanli Metal Products Co Ltd,E100000126156,衢州元立金属制品有限公司,Quzhou Yuanli METAL Products Co Ltd,E100000128134 [81.5%]; E100000130615 [18.5%],Zhejiang Yuanli METAL PRODUCT Group Co Ltd [81.5%]; Zhejiang Yuanli Metal Products Group Co Ltd Trade Union Committee [18.5%],operating,GIST,GIST,Iron & Steel,ttpa
steel,P100000120076,Sansteel Minguang Co Ltd Fujian plant,福建三钢闽光股份有限公司,Sansteel Minguang Co Ltd Fujian,Fujian Metallurgical Holding Co Ltd [53.4%]; unknown [46.6%],Fujian,China,operating,2001,15216,15216.0,"[{'status': 'operating', 'method': 'BOF', 'capacity': '6799'}, {'status': 'operating', 'method': 'BF', 'capacity': '4853'}, {'status': 'retired', 'method': 'BF', 'capacity': '3564'}]",BF; BOF,Integrated (BF),26.261109,117.614709,26.261109,117.614709,https://www.gem.wiki/Sansteel_Minguang_Co_Ltd_Fujian_plant,China,15216,15216.0,exact,"Fujian, China",Sansteel Minguang Co Ltd Fujian plant,E100000123167,福建三钢闽光股份有限公司,Sansteel Minguang Co Ltd Fujian,E100000124862 [53.4%]; E100000132388 [46.6%],Fujian Metallurgical Holding Co Ltd [53.4%]; unknown [46.6%],operating,GIST,GIST,Iron & Steel,ttpa
steel,P100000120084,Guangdong Zhongnan Iron & Steel Co Ltd,韶钢集团,SGIS Songshan Co Ltd,SGIS Songshan Co Ltd [100.0%],Guangdong,China,operating,1997,15198,15198.0,"[{'status': 'operating', 'method': 'BOF', 'capacity': '7998'}, {'status': 'operating', 'method': 'EAF', 'capacity': '700'}, {'status': 'operating', 'method': 'BF', 'capacity': '6500'}]",BF; BOF; EAF,Integrated (BF),24.708232,113.635898,24.708232,113.635898,https://www.gem.wiki/Guangdong_Zhongnan_Iron_&_Steel_Co_Ltd,China,15198,15198.0,exact,"Guangdong, China",Guangdong Zhongnan Iron & Steel Co Ltd,E100001010583,广东韶钢松山股份有限公司,SGIS Songshan Co Ltd,E100001010583 [100.0%],SGIS Songshan Co Ltd [100.0%],operating,GIST,GIST,Iron & Steel,ttpa
steel,P100000120146,Tangshan Donghai Iron and Steel Group Co Ltd,唐山东海钢铁集团有限公司,Tangshan Donghai Iron and Steel Group Co Ltd,Tangshan Donghai Iron and Steel Group Co Ltd [100.0%],Hebei,China,operating,2003,15190,15190.0,"[{'status': 'operating', 'method': 'BOF', 'capacity': '5499'}, {'status': 'operating', 'method': 'BF', 'capacity': '6412'}, {'status': 'cancelled', 'method': 'BF', 'capacity': '1130'}, {'status': 'retired', 'method': 'BF', 'capacity': '2149'}]",BF; BOF,Integrated (BF),39.748373,118.624794,39.748373,118.624794,https://www.gem.wiki/Tangshan_Donghai_Iron_and_Steel_Group_Co_Ltd,China,15190,15190.0,exact,"Hebei, China",Tangshan Donghai Iron and Steel Group Co Ltd,E100000123219,唐山东海钢铁集团有限公司,Tangshan Donghai Iron and Steel Group Co Ltd,E100000123219 [100.0%],Tangshan Donghai Iron and Steel Group Co Ltd [100.0%],operating,GIST,GIST,Iron & Steel,ttpa
steel,P100000120210,Shanghai Meishan Iron and Steel Co Ltd,上海梅山冶金公司,Shanghai Meishan Iron & Steel Co Ltd,Baoshan Iron & Steel Co Ltd [77.0%]; China Development Bank Corp [9.1%]; The China Orient Asset Management Co Ltd [7.0%]; Nanjing State-Owned Assets Investment & Management Holding (Group) Co Ltd [6.8%],Jiangsu,China,operating,1969,14900,14900.0,"[{'status': 'operating', 'method': 'BOF', 'capacity': '7600'}, {'status': 'operating', 'method': 'BF', 'capacity': '7300'}]",BF; BOF,Integrated (BF),31.902969,118.61667,31.902969,118.61667,https://www.gem.wiki/Shanghai_Meishan_Iron_and_Steel_Co_Ltd,China,14900,14900.0,exact,"Jiangsu, China",Shanghai Meishan Iron and Steel Co Ltd,E100000122373,上海梅山钢铁股份有限公司,Shanghai Meishan Iron & Steel Co Ltd,E100000122571 [77.0%]; E100001001051 [9.1%]; E100000123243 [7.0%]; E100000000238 [6.8%],Baoshan Iron & Steel Co Ltd [77.0%]; China Development Bank Corp [9.1%]; The China Orient Asset Management Co Ltd [7.0%]; Nanjing State-Owned Assets Investment & Management Holding (Group) Co Ltd [6.8%],operating,GIST,GIST,Iron & Steel,ttpa
steel,P100000120179,Hunan Valin Lianyuan Iron and Steel Co Ltd,湖南华菱涟源钢铁有限公司,Hunan Valin Lianyuan Iron and Steel Co Ltd,Hunan Valin Steel Co Ltd [100.0%],Hunan,China,operating,1958,14830,14830.0,"[{'status': 'operating', 'method': 'BOF', 'capacity': '7950'}, {'status': 'operating', 'method': 'BF', 'capacity': '6880'}]",BF; BOF,Integrated (BF),27.747782,111.967343,27.747782,111.967343,https://www.gem.wiki/Hunan_Valin_Lianyuan_Iron_and_Steel_Co_Ltd,China,14830,14830.0,exact,"Hunan, China",Hunan Valin Lianyuan Iron and Steel Co Ltd,E100000123177,湖南华菱涟源钢铁有限公司,Hunan Valin Lianyuan Iron and Steel Co Ltd,E100000124129 [100.0%],Hunan Valin Steel Co Ltd [100.0%],operating,GIST,GIST,Iron & Steel,ttpa
steel,P100000120279,Chengyu Vanadium and Titanium Technology Co Ltd,威远钢铁有限公司,Chengyu Vanadium & Titanium Technology Co Ltd,Grand Royal Co Ltd [45.2%]; Sichuan Jintong Investment Co Ltd [14.0%]; unknown [11.7%]; Sichuan Chuanwei Group Co Ltd Labor Union [9.5%]; Sichuan Chuanwei Group Co Ltd [8.6%]; Sichuan Yiweili Investment Co Ltd [6.0%]; Weiyuan Tianyue Enterprise Management Co Ltd [5.0%],Sichuan,China,operating,2006-09-04,14710,14710.0,"[{'status': 'operating', 'method': 'BOF', 'capacity': '4050'}, {'status': 'announced', 'method': 'BOF', 'capacity': '1350'}, {'status': 'operating pre-retirement', 'method': 'BOF', 'capacity': '2000'}, {'status': 'announced', 'method': 'EAF', 'capacity': '650'}, {'status': 'operating', 'method': 'BF', 'capacity': '3320'}, {'status': 'announced', 'method': 'BF', 'capacity': '1660'}, {'status': 'operating pre-retirement', 'method': 'BF', 'capacity': '1680'}]",BF; BOF; EAF,Integrated (BF),29.732143,104.504339,29.732143,104.504339,https://www.gem.wiki/Chengyu_Vanadium_and_Titanium_Technology_Co_Ltd,China,14710,14710.0,exact,"Sichuan, China",Chengyu Vanadium and Titanium Technology Co Ltd,E100000127197,成渝钒钛科技有限公司,Chengyu Vanadium & Titanium Technology Co Ltd,E100000130585 [45.2%]; E100000128912 [14.0%]; E100000132388 [11.7%]; E100000130256 [9.5%]; E100000127991 [8.6%]; E100000128913 [6.0%]; E100000127992 [5.0%],Grand Royal Co Ltd [45.2%]; Sichuan Jintong Investment Co Ltd [14.0%]; unknown [11.7%]; Sichuan Chuanwei Group Co Ltd Labor Union [9.5%]; Sichuan Chuanwei Group Co Ltd [8.6%]; Sichuan Yiweili Investment Co Ltd [6.0%]; Weiyuan Tianyue Enterprise Management Co Ltd [5.0%],operating,GIST,GIST,Iron & Steel,ttpa
steel,P100000120178,Hunan Valin Xiangtan Iron and Steel Co Ltd,湖南华菱湘潭钢铁有限公司,Hunan Valin Lianyuan Iron and Steel Co Ltd,Hunan Valin Steel Co Ltd [100.0%],Hunan,China,operating,1958,14651,14651.0,"[{'status': 'operating', 'method': 'BOF', 'capacity': '7250'}, {'status': 'operating', 'method': 'BF', 'capacity': '7401'}]",BF; BOF,Integrated (BF),27.81413,112.897377,27.81413,112.897377,https://www.gem.wiki/Hunan_Valin_Xiangtan_Iron_and_Steel_Co_Ltd,China,14651,14651.0,exact,"Hunan, China",Hunan Valin Xiangtan Iron and Steel Co Ltd,E100000123177,湖南华菱涟源钢铁有限公司,Hunan Valin Lianyuan Iron and Steel Co Ltd,E100000124129 [100.0%],Hunan Valin Steel Co Ltd [100.0%],operating,GIST,GIST,Iron & Steel,ttpa
steel,P100000120225,Lingyuan Iron and Steel Co Ltd,凌源钢铁股份有限公司,Lingyuan Iron & Steel Co Ltd,Lingyuan Iron & Steel Co Ltd [100.0%],Liaoning,China,operating,1994-05-04,14600,14600.0,"[{'status': 'operating', 'method': 'BOF', 'capacity': '5994'}, {'status': 'retired', 'method': 'BOF', 'capacity': '1356'}, {'status': 'operating', 'method': 'BF', 'capacity': '5005'}, {'status': 'retired', 'method': 'BF', 'capacity': '2245'}]",BF; BOF,Integrated (BF),41.271048,119.41374,41.271048,119.41374,https://www.gem.wiki/Lingyuan_Iron_and_Steel_Co_Ltd,China,14600,14600.0,exact,"Liaoning, China",Lingyuan Iron and Steel Co Ltd,E100000126754,凌源钢铁股份有限公司,Lingyuan Iron & Steel Co Ltd,E100000126754 [100.0%],Lingyuan Iron & Steel Co Ltd [100.0%],operating,GIST,GIST,Iron & Steel,ttpa
steel,P100000120125,Cangzhou China Railway Equipment Manufacture Material Co Ltd,沧州中铁装备制造材料有限公司,Cangzhou China Railway Equipment Manufacturing Materials Co Ltd,China Railway Materials Group Holdings Ltd [49.0%]; Shuangyao Investment Co Ltd [25.0%]; Hebei Xinhua United Metallurgical Holding Group Co Ltd [15.6%]; Sinogiant Steel HOLDINGS Group Ltd [9.4%]; unknown [1.0%],Hebei,China,operating,2006,14600,14600.0,"[{'status': 'operating', 'method': 'BOF', 'capacity': '7500'}, {'status': 'operating', 'method': 'BF', 'capacity': '7100'}]",BF; BOF,Integrated (BF),38.289221,117.814367,38.289221,117.814367,https://www.gem.wiki/Cangzhou_China_Railway_Equipment_Manufacture_Material_Co_Ltd,China,14600,14600.0,exact,"Hebei, China",Cangzhou China Railway Equipment Manufacture Material Co Ltd,E100000126465,沧州中铁装备制造材料有限公司,Cangzhou China Railway Equipment Manufacturing Materials Co Ltd,E100000130609 [49.0%]; E100000130610 [25.0%]; E100000128544 [15.6%]; E100000128537 [9.4%]; E100000132388 [1.0%],China Railway Materials Group Holdings Ltd [49.0%]; Shuangyao Investment Co Ltd [25.0%]; Hebei Xinhua United Metallurgical Holding Group Co Ltd [15.6%]; Sinogiant Steel HOLDINGS Group Ltd [9.4%]; unknown [1.0%],operating,GIST,GIST,Iron & Steel,ttpa
steel,P100000120142,Hebei Xinda Iron and Steel Group Co Ltd,河北鑫达钢铁集团有限公司,Hebei Xinda Iron and Steel Co Ltd,Tangshan Xinfengsheng Trade Co Ltd [72.6%]; natural person(s) [27.4%],Hebei,China,operating,2002,14390,14390.0,"[{'status': 'operating', 'method': 'BOF', 'capacity': '5000'}, {'status': 'retired', 'method': 'BOF', 'capacity': '2000'}, {'status': 'operating', 'method': 'BF', 'capacity': '4340'}, {'status': 'cancelled', 'method': 'BF', 'capacity': '1330'}, {'status': 'retired', 'method': 'BF', 'capacity': '1720'}]",BF; BOF,Integrated (BF),39.898362,118.579364,39.898362,118.579364,https://www.gem.wiki/Hebei_Xinda_Iron_and_Steel_Group_Co_Ltd,China,14390,14390.0,exact,"Hebei, China",Hebei Xinda Iron and Steel Group Co Ltd,E100000123220,河北鑫达钢铁集团有限公司,Hebei Xinda Iron and Steel Co Ltd,E100000124071 [72.6%]; E100000123261 [27.4%],Tangshan Xinfengsheng Trade Co Ltd [72.6%]; natural person(s) [27.4%],operating,GIST,GIST,Iron & Steel,ttpa
steel,P100000120220,Angang Steel Co Ltd Bayuquan branch,鞍钢股份有限公司鲅鱼圈钢铁分公司,Angang Steel Co Ltd,Angang Steel Co Ltd [100.0%],Liaoning,China,operating,2006,13900,13900.0,"[{'status': 'operating', 'method': 'BOF', 'capacity': '7500'}, {'status': 'operating', 'method': 'BF', 'capacity': '6400'}]",BF; BOF,Integrated (BF),40.308494,122.13079,40.308494,122.13079,https://www.gem.wiki/Angang_Steel_Co_Ltd_Bayuquan_branch,China,13900,13900.0,exact,"Liaoning, China",Angang Steel Co Ltd Bayuquan branch,E100000126769,鞍钢股份有限公司,Angang Steel Co Ltd,E100000126769 [100.0%],Angang Steel Co Ltd [100.0%],operating,GIST,GIST,Iron & Steel,ttpa
steel,P100000120101,Tangshan Iron and Steel Group Co Ltd,唐山钢铁集团有限责任公司,TANG Shan Iron and Steel Group Co Ltd,HBIS Group Co Ltd [100.0%],Hebei,China,retired,1943,13880,13880.0,"[{'status': 'retired', 'method': 'BOF', 'capacity': '6840'}, {'status': 'retired', 'method': 'BF', 'capacity': '7040'}]",BF; BOF,Integrated (BF),39.648587,118.212487,39.648587,118.212487,https://www.gem.wiki/Tangshan_Iron_and_Steel_Group_Co_Ltd,China,13880,13880.0,exact,"Hebei, China",Tangshan Iron and Steel Group Co Ltd,E100000123544,唐山钢铁集团有限责任公司,TANG Shan Iron and Steel Group Co Ltd,E100000124529 [100.0%],HBIS Group Co Ltd [100.0%],retired,GIST,GIST,Iron & Steel,ttpa
steel,P100000120222,Jingye (Yingkou) Medium Plate Co Ltd,敬业(营口)中板有限公司,Jingye (Yingkou) Medium Plate Co Ltd,Jingye (Yingkou) Medium Plate Co Ltd [100.0%],Liaoning,China,operating,2002-06-21,13769,13769.0,"[{'status': 'operating', 'method': 'BOF', 'capacity': '5500'}, {'status': 'operating', 'method': 'BF', 'capacity': '5989'}, {'status': 'retired', 'method': 'BF', 'capacity': '2280'}]",BF; BOF,Integrated (BF),40.671136,122.395441,40.671136,122.395441,https://www.gem.wiki/Jingye_(Yingkou)_Medium_Plate_Co_Ltd,China,13769,13769.0,exact,"Liaoning, China",Jingye (Yingkou) Medium Plate Co Ltd,E100002020684,,Jingye (Yingkou) Medium Plate Co Ltd,E100002020684 [100.0%],Jingye (Yingkou) Medium Plate Co Ltd [100.0%],operating,GIST,GIST,Iron & Steel,ttpa
steel,P100000120373,Jinan Iron and Steel Group Co Ltd,冀南钢铁集团有限公司,Jinan Iron & Steel Group Co Ltd,Jinan Iron & Steel Group Co Ltd [100.0%],Hebei,China,operating,2022,13468,13468.0,"[{'status': 'operating', 'method': 'BOF', 'capacity': '5200'}, {'status': 'operating', 'method': 'BF', 'capacity': '5896'}, {'status': 'construction', 'method': 'BF', 'capacity': '2372'}]",BF; BOF,Integrated (BF),36.718952,114.111677,36.718952,114.111677,https://www.gem.wiki/Jinan_Iron_and_Steel_Group_Co_Ltd,China,13468,13468.0,exact,"Hebei, China",Jinan Iron and Steel Group Co Ltd,E100000126505,冀南钢铁集团有限公司,Jinan Iron & Steel Group Co Ltd,E100000126505 [100.0%],Jinan Iron & Steel Group Co Ltd [100.0%],operating,GIST,GIST,Iron & Steel,ttpa
steel,P100000120104,Xuanhua Iron and Steel Group Co Ltd,宣化钢铁集团有限责任公司,Xuanhua Iron and Steel Group Co Ltd,Xuanhua Iron and Steel Group Co Ltd [100.0%],Hebei,China,retired,1919,13200,13200.0,"[{'status': 'retired', 'method': 'BOF', 'capacity': '6000'}, {'status': 'retired', 'method': 'BF', 'capacity': '7200'}]",BF; BOF,Integrated (BF),40.589591,115.090889,40.589591,115.090889,https://www.gem.wiki/Xuanhua_Iron_and_Steel_Group_Co_Ltd,China,13200,13200.0,exact,"Hebei, China",Xuanhua Iron and Steel Group Co Ltd,E100001012054,宣化钢铁集团有限公司,Xuanhua Iron and Steel Group Co Ltd,E100001012054 [100.0%],Xuanhua Iron and Steel Group Co Ltd [100.0%],retired,GIST,GIST,Iron & Steel,ttpa
steel,P100000120102,Handan Iron and Steel Group Co Ltd,邯郸钢铁集团有限责任公司邯郸分公司,Handan Iron and Steel Group Co Ltd,HBIS Group Co Ltd [100.0%],Hebei,China,retired,1958,13024,13024.0,"[{'status': 'retired', 'method': 'BOF', 'capacity': '5952'}, {'status': 'retired', 'method': 'BF', 'capacity': '7072'}]",BF; BOF,Integrated (BF),36.601308,114.439889,36.601308,114.439889,https://www.gem.wiki/Handan_Iron_and_Steel_Group_Co_Ltd,China,13024,13024.0,exact,"Hebei, China",Handan Iron and Steel Group Co Ltd,E100000126869,邯郸钢铁集团有限责任公司,Handan Iron and Steel Group Co Ltd,E100000124529 [100.0%],HBIS Group Co Ltd [100.0%],retired,GIST,GIST,Iron & Steel,ttpa
steel,P100000121045,Hebei Anfeng Iron and Steel Co Ltd,河北安丰钢铁集团有限公司,Hebei Anfeng Iron & Steel Co Ltd,Hebei Anfeng Iron & Steel Co Ltd [100.0%],Hebei,China,operating,2002,12872,12872.0,"[{'status': 'operating', 'method': 'BOF', 'capacity': '7100'}, {'status': 'operating', 'method': 'BF', 'capacity': '5772'}]",BF; BOF,Integrated (BF),39.65849,118.894804,39.65849,118.894804,https://www.gem.wiki/Hebei_Anfeng_Iron_and_Steel_Co_Ltd,China,12872,12872.0,exact,"Hebei, China",Hebei Anfeng Iron and Steel Co Ltd,E100000123162,河北安丰钢铁集团有限公司,Hebei Anfeng Iron & Steel Co Ltd,E100000123162 [100.0%],Hebei Anfeng Iron & Steel Co Ltd [100.0%],operating,GIST,GIST,Iron & Steel,ttpa
steel,P100000120316,Shanxi Jinnan Iron and Steel Group Co Ltd,山西晋南钢铁集团有限公司,Shanxi Jinnan Iron and Steel Group Co Ltd,Shanxi Jinnan Holding Group Co Ltd [100.0%],Shanxi,China,operating,2014-02-20,12720,12720.0,"[{'status': 'operating', 'method': 'BOF', 'capacity': '4800'}, {'status': 'announced', 'method': 'BOF', 'capacity': '1600'}, {'status': 'operating', 'method': 'BF', 'capacity': '4740'}, {'status': 'announced', 'method': 'BF', 'capacity': '1580'}]",BF; BOF,Integrated (BF),35.678541,111.51465,35.678541,111.51465,https://www.gem.wiki/Shanxi_Jinnan_Iron_and_Steel_Group_Co_Ltd,China,12720,12720.0,exact,"Shanxi, China",Shanxi Jinnan Iron and Steel Group Co Ltd,E100000123202,山西晋南钢铁集团有限公司,Shanxi Jinnan Iron and Steel Group Co Ltd,E100000123828 [100.0%],Shanxi Jinnan Holding Group Co Ltd [100.0%],operating,GIST,GIST,Iron & Steel,ttpa
steel,P100000120332,Zenith Steel Group Nantong Co Ltd,中天钢铁集团(南通)有限公司,Zenith Steel Group (Nantong) Co Ltd,Zenith Steel Group Co Ltd [100.0%],Jiangsu,China,operating,2022,12660,12660.0,"[{'status': 'operating', 'method': 'BOF', 'capacity': '5850'}, {'status': 'announced', 'method': 'EAF', 'capacity': '750'}, {'status': 'operating', 'method': 'BF', 'capacity': '6060'}]",BF; BOF; EAF,Integrated (BF),32.133954,121.513173,32.133954,121.513173,https://www.gem.wiki/Zenith_Steel_Group_Nantong_Co_Ltd,China,12660,12660.0,exact,"Jiangsu, China",Zenith Steel Group Nantong Co Ltd,E100000123217,中天钢铁集团（南通）有限公司,Zenith Steel Group (Nantong) Co Ltd,E100000123285 [100.0%],Zenith Steel Group Co Ltd [100.0%],operating,GIST,GIST,Iron & Steel,ttpa
steel,P100000120345,Fujian Dadonghai Industrial Group Co Ltd plant,福建大东海实业有限公司,Fujian Great Dong Hai Industrial Group Co Ltd,Fujian Great Dong Hai Industrial Group Co Ltd [100.0%],Fujian,China,operating,2018,12543,12543.0,"[{'status': 'operating', 'method': 'BOF', 'capacity': '5128'}, {'status': 'retired', 'method': 'BOF', 'capacity': '1099'}, {'status': 'operating', 'method': 'BF', 'capacity': '5230'}, {'status': 'retired', 'method': 'BF', 'capacity': '1086'}]",BF; BOF,Integrated (BF),25.737777,119.592239,25.737777,119.592239,https://www.gem.wiki/Fujian_Dadonghai_Industrial_Group_Co_Ltd_plant,China,12543,12543.0,exact,"Fujian, China",Fujian Dadonghai Industrial Group Co Ltd plant,E100000123166,福建大东海实业集团有限公司,Fujian Great Dong Hai Industrial Group Co Ltd,E100000123166 [100.0%],Fujian Great Dong Hai Industrial Group Co Ltd [100.0%],operating,GIST,GIST,Iron & Steel,ttpa
steel,P100000120337,Shandong Iron and Steel Co Ltd Laiwu Branch Xinxing Road,山东钢铁股份有限公司莱芜分公司,Shandong Iron and Steel Co Ltd,Shandong Iron and Steel Co Ltd [100.0%],Shandong,China,retired,2012-02-27,12430,12430.0,"[{'status': 'retired', 'method': 'BOF', 'capacity': '5830'}, {'status': 'retired', 'method': 'EAF', 'capacity': '360'}, {'status': 'retired', 'method': 'BF', 'capacity': '6240'}]",BF; BOF; EAF,Integrated (BF),36.088504,117.850479,36.088504,117.850479,https://www.gem.wiki/Shandong_Iron_and_Steel_Co_Ltd_Laiwu_Branch_Xinxing_Road,China,12430,12430.0,exact,"Shandong, China",Shandong Iron and Steel Co Ltd Laiwu Branch Xinxing Road,E100000126101,山东钢铁股份有限公司,Shandong Iron and Steel Co Ltd,E100000126101 [100.0%],Shandong Iron and Steel Co Ltd [100.0%],retired,GIST,GIST,Iron & Steel,ttpa
steel,P100000120117,Hebei Jinxi Iron and Steel Group Co Ltd,河北津西钢铁集团股份有限公司,Hebei Jinxi Iron & Steel Group Co Ltd,Gold Geneses Development Ltd [57.2%]; FIRST GLORY SERVICES Ltd [38.0%]; unknown [4.8%],Hebei,China,operating,1986,12400,12400.0,"[{'status': 'operating', 'method': 'BOF', 'capacity': '5000'}, {'status': 'operating', 'method': 'BF', 'capacity': '7400'}]",BF; BOF,Integrated (BF),40.209844,118.220547,40.209844,118.220547,https://www.gem.wiki/Hebei_Jinxi_Iron_and_Steel_Group_Co_Ltd,China,12400,12400.0,exact,"Hebei, China",Hebei Jinxi Iron and Steel Group Co Ltd,E100000123170,河北津西钢铁集团股份有限公司,Hebei Jinxi Iron & Steel Group Co Ltd,E100000126003 [57.2%]; E100000126002 [38.0%]; E100000132388 [4.8%],Gold Geneses Development Ltd [57.2%]; FIRST GLORY SERVICES Ltd [38.0%]; unknown [4.8%],operating,GIST,GIST,Iron & Steel,ttpa
steel,P100000120113,Hebei Puyang Iron and Steel Co Ltd,河北新武安钢铁集团普阳钢铁有限公司,Hebei Puyang Iron and Steel Co Ltd,Hebei Puyang Industrial Group Co Ltd [65.0%]; Longxiang Group (Hong Kong) [35.0%],Hebei,China,operating,1992,12347,12347.0,"[{'status': 'operating', 'method': 'BOF', 'capacity': '5567'}, {'status': 'operating', 'method': 'BF', 'capacity': '1370'}, {'status': 'construction', 'method': 'BF', 'capacity': '2740'}, {'status': 'retired', 'method': 'BF', 'capacity': '890'}, {'status': 'operating pre-retirement', 'method': 'BF', 'capacity': '1780'}]",BF; BOF,Integrated (BF),36.733675,113.925995,36.733675,113.925995,https://www.gem.wiki/Hebei_Puyang_Iron_and_Steel_Co_Ltd,China,12347,12347.0,exact,"Hebei, China",Hebei Puyang Iron and Steel Co Ltd,E100000123171,河北普阳钢铁有限公司,Hebei Puyang Iron and Steel Co Ltd,E100000124068 [65.0%]; E100000126000 [35.0%],Hebei Puyang Industrial Group Co Ltd [65.0%]; Longxiang Group (Hong Kong) [35.0%],operating,GIST,GIST,Iron & Steel,ttpa
steel,P100000120112,Tangshan Songting Iron and Steel Co Ltd,河北钢铁集团松汀钢铁有限公司,Tangshan Songting IRON&STEEL Co Ltd,Tangshan Songting IRON&STEEL Co Ltd [100.0%],Hebei,China,operating,1969,12330,12330.0,"[{'status': 'operating', 'method': 'BOF', 'capacity': '5000'}, {'status': 'operating', 'method': 'BF', 'capacity': '5970'}, {'status': 'retired', 'method': 'BF', 'capacity': '1360'}]",BF; BOF,Integrated (BF),39.938866,118.576678,39.938866,118.576678,https://www.gem.wiki/Tangshan_Songting_Iron_and_Steel_Co_Ltd,China,12330,12330.0,exact,"Hebei, China",Tangshan Songting Iron and Steel Co Ltd,E100000126987,唐山松汀钢铁有限公司,Tangshan Songting IRON&STEEL Co Ltd,E100000126987 [100.0%],Tangshan Songting IRON&STEEL Co Ltd [100.0%],operating,GIST,GIST,Iron & Steel,ttpa
steel,P100000120160,Anyang Iron and Steel Co Ltd,河南钢铁集团,Anyang Iron & Steel Co Ltd,Anyang Iron & Steel Co Ltd [100.0%],Henan,China,operating,1958,12321,12321.0,"[{'status': 'retired', 'method': 'BOF', 'capacity': '1200'}, {'status': 'operating pre-retirement', 'method': 'EAF', 'capacity': '1300'}, {'status': 'operating', 'method': 'BF', 'capacity': '7969'}, {'status': 'retired', 'method': 'BF', 'capacity': '1852'}]",BF; BOF; EAF,Integrated (BF),36.122129,114.283145,36.122129,114.283145,https://www.gem.wiki/Anyang_Iron_and_Steel_Co_Ltd,China,12321,12321.0,exact,"Henan, China",Anyang Iron and Steel Co Ltd,E100001000432,安阳钢铁股份有限公司,Anyang Iron & Steel Co Ltd,E100001000432 [100.0%],Anyang Iron & Steel Co Ltd [100.0%],operating,GIST,GIST,Iron & Steel,ttpa
steel,P100000121150,Shandong Iron and Steel Co Ltd Laiwu Branch Aishan Street,山东钢铁股份有限公司莱芜分公司(陶家岭),Shandong Iron and Steel Co Ltd,Shandong Iron and Steel Co Ltd [100.0%],Shandong,China,operating,2021,12230,12230.0,"[{'status': 'operating', 'method': 'BOF', 'capacity': '3850'}, {'status': 'cancelled', 'method': 'BOF', 'capacity': '2300'}, {'status': 'operating', 'method': 'BF', 'capacity': '3040'}, {'status': 'cancelled', 'method': 'BF', 'capacity': '3040'}]",BF; BOF,Integrated (BF),36.087717,117.827927,36.087717,117.827927,https://www.gem.wiki/Shandong_Iron_and_Steel_Co_Ltd_Laiwu_Branch_Aishan_Street,China,12230,12230.0,exact,"Shandong, China",Shandong Iron and Steel Co Ltd Laiwu Branch Aishan Street,E100000126101,山东钢铁股份有限公司,Shandong Iron and Steel Co Ltd,E100000126101 [100.0%],Shandong Iron and Steel Co Ltd [100.0%],operating,GIST,GIST,Iron & Steel,ttpa
steel,P100000120277,Pangang Group Panzhihua Steel Vanadium Co Ltd,攀钢集团攀枝花钢钒有限公司,Panzhihua Steel Group Panzhihua Steel Vanadium Co Ltd,Ansteel Group Co Ltd [100.0%],Sichuan,China,operating,1965,12210,12210.0,"[{'status': 'operating', 'method': 'BOF', 'capacity': '5900'}, {'status': 'operating', 'method': 'BF', 'capacity': '6310'}]",BF; BOF,Integrated (BF),26.565265,101.673737,26.565265,101.673737,https://www.gem.wiki/Pangang_Group_Panzhihua_Steel_Vanadium_Co_Ltd,China,12210,12210.0,exact,"Sichuan, China",Pangang Group Panzhihua Steel Vanadium Co Ltd,E100000123187,攀钢集团攀枝花钢钒有限公司,Panzhihua Steel Group Panzhihua Steel Vanadium Co Ltd,E100000124667 [100.0%],Ansteel Group Co Ltd [100.0%],operating,GIST,GIST,Iron & Steel,ttpa
steel,P100000120145,Hebei Rongxin Steel Co Ltd,迁安市荣信工贸有限责任公司,Hebei Rongxin Iron & Steel Co Ltd,Tangshan Xinfengsheng Trade Co Ltd [72.6%]; Hebei Xinda Iron and Steel Co Ltd [27.4%],Hebei,China,operating,2002,12190,12190.0,"[{'status': 'operating', 'method': 'BOF', 'capacity': '2300'}, {'status': 'retired', 'method': 'BOF', 'capacity': '3220'}, {'status': 'operating', 'method': 'BF', 'capacity': '1330'}, {'status': 'announced', 'method': 'BF', 'capacity': '2680'}, {'status': 'retired', 'method': 'BF', 'capacity': '1620'}, {'status': 'operating pre-retirement', 'method': 'BF', 'capacity': '1040'}]",BF; BOF,Integrated (BF),39.880661,118.558755,39.880661,118.558755,https://www.gem.wiki/Hebei_Rongxin_Steel_Co_Ltd,China,12190,12190.0,exact,"Hebei, China",Hebei Rongxin Steel Co Ltd,E100000127252,河北荣信钢铁有限公司,Hebei Rongxin Iron & Steel Co Ltd,E100000124071 [72.6%]; E100000123220 [27.4%],Tangshan Xinfengsheng Trade Co Ltd [72.6%]; Hebei Xinda Iron and Steel Co Ltd [27.4%],operating,GIST,GIST,Iron & Steel,ttpa
steel,P100000120281,Tianjin Iron and Steel Group Co Ltd,天津钢铁集团有限公司,Tianjin Iron and Steel Group Co Ltd,British Asia Pan Ruogen International Co Ltd [59.2%]; unknown [40.8%],Tianjin,China,operating,1935,12150,12150.0,"[{'status': 'operating', 'method': 'BOF', 'capacity': '4650'}, {'status': 'operating', 'method': 'EAF', 'capacity': '2000'}, {'status': 'operating', 'method': 'BF', 'capacity': '5500'}]",BF; BOF; EAF,Integrated (BF),39.031083,117.499246,39.031083,117.499246,https://www.gem.wiki/Tianjin_Iron_and_Steel_Group_Co_Ltd,China,12150,12150.0,exact,"Tianjin, China",Tianjin Iron and Steel Group Co Ltd,E100000126395,天津钢铁集团有限公司,Tianjin Iron and Steel Group Co Ltd,E100000130417 [59.2%]; E100000132388 [40.8%],British Asia Pan Ruogen International Co Ltd [59.2%]; unknown [40.8%],operating,GIST,GIST,Iron & Steel,ttpa
steel,P100000120164,Henan Jiyuan Iron and Steel Group Co Ltd,河南济源钢铁(集团)有限公司,Henan Jiyuan Iron & Steel (Group) Co Ltd,Henan Jiyuan Iron and Steel Investment Holding Co Ltd [48.6%]; unknown [35.0%]; Tianjin Jinyuan Guotai Enterprise Management Consulting Co Ltd [10.0%]; Trade Union Committee of Henan Jiyuan Iron and Steel (Group) [6.4%],Henan,China,operating,1958,12135,12135.0,"[{'status': 'operating', 'method': 'BOF', 'capacity': '3428'}, {'status': 'construction', 'method': 'BOF', 'capacity': '1190'}, {'status': 'operating pre-retirement', 'method': 'BOF', 'capacity': '1610'}, {'status': 'construction', 'method': 'EAF', 'capacity': '410'}, {'status': 'operating', 'method': 'BF', 'capacity': '3105'}, {'status': 'retired', 'method': 'BF', 'capacity': '2392'}]",BF; BOF; EAF,Integrated (BF),35.086396,112.553774,35.086396,112.553774,https://www.gem.wiki/Henan_Jiyuan_Iron_and_Steel_Group_Co_Ltd,China,12135,12135.0,exact,"Henan, China",Henan Jiyuan Iron and Steel Group Co Ltd,E100000123174,河南济源钢铁（集团）有限公司,Henan Jiyuan Iron & Steel (Group) Co Ltd,E100000124077 [48.6%]; E100000132388 [35.0%]; E100000124078 [10.0%]; E100000126009 [6.4%],Henan Jiyuan Iron and Steel Investment Holding Co Ltd [48.6%]; unknown [35.0%]; Tianjin Jinyuan Guotai Enterprise Management Consulting Co Ltd [10.0%]; Trade Union Committee of Henan Jiyuan Iron and Steel (Group) [6.4%],operating,GIST,GIST,Iron & Steel,ttpa
steel,P100000120283,Tianjin Rockcheck Steel Group Co Ltd,天津荣程联合钢铁集团有限公司,Rockcheck Steel Group Co Ltd,Tianjin Rongcheng Xiangtai Investment Holdings Co Ltd [77.8%]; natural person(s) [17.9%]; unknown [4.2%],Tianjin,China,operating,2003-01-20,11880,11880.0,"[{'status': 'operating', 'method': 'BOF', 'capacity': '3250'}, {'status': 'operating pre-retirement', 'method': 'BOF', 'capacity': '1250'}, {'status': 'announced', 'method': 'EAF', 'capacity': '1250'}, {'status': 'operating', 'method': 'BF', 'capacity': '4320'}, {'status': 'retired', 'method': 'BF', 'capacity': '1810'}]",BF; BOF; EAF,Integrated (BF),38.970638,117.495794,38.970638,117.495794,https://www.gem.wiki/Tianjin_Rockcheck_Steel_Group_Co_Ltd,China,11880,11880.0,exact,"Tianjin, China",Tianjin Rockcheck Steel Group Co Ltd,E100000123193,天津荣程联合钢铁集团有限公司,Rockcheck Steel Group Co Ltd,E100000123712 [77.8%]; E100000123261 [17.9%]; E100000132388 [4.2%],Tianjin Rongcheng Xiangtai Investment Holdings Co Ltd [77.8%]; natural person(s) [17.9%]; unknown [4.2%],operating,GIST,GIST,Iron & Steel,ttpa
steel,P100000120152,Qinhuangdao Hongxing Iron and Steel Co Ltd,秦皇岛宏兴钢铁有限公司,Qinhuangdao Hongxing Iron & Steel Co Ltd,Qinhuangdao Hongxing Iron & Steel Co Ltd [100.0%],Hebei,China,operating,2002,11830,11830.0,"[{'status': 'operating', 'method': 'BOF', 'capacity': '3450'}, {'status': 'retired', 'method': 'BOF', 'capacity': '3600'}, {'status': 'operating', 'method': 'BF', 'capacity': '3420'}, {'status': 'retired', 'method': 'BF', 'capacity': '1360'}]",BF; BOF,Integrated (BF),39.700721,118.871477,39.700721,118.871477,https://www.gem.wiki/Qinhuangdao_Hongxing_Iron_and_Steel_Co_Ltd,China,11830,11830.0,exact,"Hebei, China",Qinhuangdao Hongxing Iron and Steel Co Ltd,E100000126509,秦皇岛宏兴钢铁有限公司,Qinhuangdao Hongxing Iron & Steel Co Ltd,E100000126509 [100.0%],Qinhuangdao Hongxing Iron & Steel Co Ltd [100.0%],operating,GIST,GIST,Iron & Steel,ttpa
steel,P100000120321,Yunnan Yuxi Xianfu Iron and Steel Group Co Ltd,云南玉溪仙福钢铁(集团)有限公司,Yunnan Yuxi Xianfu Iron and Steel (Group) Co Ltd,Yunnan Yuxi Xianfu Iron and Steel (Group) Co Ltd [100.0%],Yunnan,China,operating,2001-08-08,11690,11690.0,"[{'status': 'operating', 'method': 'BOF', 'capacity': '2600'}, {'status': 'retired', 'method': 'BOF', 'capacity': '3600'}, {'status': 'operating', 'method': 'EAF', 'capacity': '380'}, {'status': 'operating', 'method': 'BF', 'capacity': '2440'}, {'status': 'retired', 'method': 'BF', 'capacity': '2670'}]",BF; BOF; EAF,Integrated (BF),24.012309,102.186364,24.012309,102.186364,https://www.gem.wiki/Yunnan_Yuxi_Xianfu_Iron_and_Steel_Group_Co_Ltd,China,11690,11690.0,exact,"Yunnan, China",Yunnan Yuxi Xianfu Iron and Steel Group Co Ltd,E100001000455,云南玉溪仙福钢铁（集团）有限公司,Yunnan Yuxi Xianfu Iron and Steel (Group) Co Ltd,E100001000455 [100.0%],Yunnan Yuxi Xianfu Iron and Steel (Group) Co Ltd [100.0%],operating,GIST,GIST,Iron & Steel,ttpa
steel,P100000120226,Fushun New Steel Co Ltd,抚顺新钢铁有限责任公司,Fushun New Steel Corp Ltd,Beijing Jianlong Investment Co Ltd [63.2%]; Fushun State-Owned Assets Management Co Ltd [29.3%]; unknown [7.5%],Liaoning,China,operating,2005-10-12,11546,11546.0,"[{'status': 'operating', 'method': 'BOF', 'capacity': '2700'}, {'status': 'retired', 'method': 'BOF', 'capacity': '2850'}, {'status': 'construction', 'method': 'BF', 'capacity': '2520'}, {'status': 'operating pre-retirement', 'method': 'BF', 'capacity': '3151'}, {'status': 'cancelled', 'method': 'Other/unspecified iron', 'capacity': '325'}]",BOF; BF; Iron other/unspecified,Integrated (BF),41.841223,123.753895,41.841223,123.753895,https://www.gem.wiki/Fushun_New_Steel_Co_Ltd,China,11546,11546.0,exact,"Liaoning, China",Fushun New Steel Co Ltd,E100000124695,抚顺新钢铁有限责任公司,Fushun New Steel Corp Ltd,E100000000155 [63.2%]; E100000125132 [29.3%]; E100000132388 [7.5%],Beijing Jianlong Investment Co Ltd [63.2%]; Fushun State-Owned Assets Management Co Ltd [29.3%]; unknown [7.5%],operating,GIST,GIST,Iron & Steel,ttpa
steel,P100000120336,Baosteel Desheng Stainless Steel Co Ltd,宝钢德盛不锈钢有限公司,Baosteel Desheng Stainless Steel Co Ltd,China Baowu Steel Group Co Ltd [70.0%]; Fujian Wugang Group Co Ltd [30.0%],Fujian,China,operating,2011,11391,11391.0,"[{'status': 'operating', 'method': 'BOF', 'capacity': '3220'}, {'status': 'retired', 'method': 'BOF', 'capacity': '3410'}, {'status': 'operating', 'method': 'BF', 'capacity': '4761'}]",BF; BOF,Integrated (BF),26.48747,119.654461,26.48747,119.654461,https://www.gem.wiki/Baosteel_Desheng_Stainless_Steel_Co_Ltd,China,11391,11391.0,exact,"Fujian, China",Baosteel Desheng Stainless Steel Co Ltd,E100000127278,宝钢德盛不锈钢有限公司,Baosteel Desheng Stainless Steel Co Ltd,E100001000472 [70.0%]; E100000127616 [30.0%],China Baowu Steel Group Co Ltd [70.0%]; Fujian Wugang Group Co Ltd [30.0%],operating,GIST,GIST,Iron & Steel,ttpa
steel,P100000120284,Tianjin New Tiangang United Special Steel Co Ltd,天津天钢联合特钢有限公司，天津天钢联合钢铁有限公司,Tianjin Tiangang UNITED SPECIAL Steel Co Ltd,British Asia Pan Ruogen International Co Ltd [59.2%]; unknown [40.8%],Tianjin,China,operating,2009-06-24,11331,11331.0,"[{'status': 'operating', 'method': 'BOF', 'capacity': '4500'}, {'status': 'operating', 'method': 'BF', 'capacity': '4471'}, {'status': 'retired', 'method': 'BF', 'capacity': '2360'}]",BF; BOF,Integrated (BF),39.300258,117.800231,39.300258,117.800231,https://www.gem.wiki/Tianjin_New_Tiangang_United_Special_Steel_Co_Ltd,China,11331,11331.0,exact,"Tianjin, China",Tianjin New Tiangang United Special Steel Co Ltd,E100000126913,天津市新天钢联合特钢有限公司,Tianjin Tiangang UNITED SPECIAL Steel Co Ltd,E100000130417 [59.2%]; E100000132388 [40.8%],British Asia Pan Ruogen International Co Ltd [59.2%]; unknown [40.8%],operating,GIST,GIST,Iron & Steel,ttpa
steel,P100000120209,Zhongxin Iron and Steel Group Co Ltd,新沂市华宏钢铁有限公司,Zhongxin Iron and Steel Group Co Ltd,Zhongxin Iron and Steel Group Co Ltd [100.0%],Jiangsu,China,operating,2003-10-17,11246,11246.0,"[{'status': 'operating', 'method': 'BOF', 'capacity': '5400'}, {'status': 'operating', 'method': 'BF', 'capacity': '5846'}]",BF; BOF,Integrated (BF),34.368618,118.31556,34.368618,118.31556,https://www.gem.wiki/Zhongxin_Iron_and_Steel_Group_Co_Ltd,China,11246,11246.0,exact,"Jiangsu, China",Zhongxin Iron and Steel Group Co Ltd,E100000123218,中新钢铁集团有限公司,Zhongxin Iron and Steel Group Co Ltd,E100000123218 [100.0%],Zhongxin Iron and Steel Group Co Ltd [100.0%],operating,GIST,GIST,Iron & Steel,ttpa
steel,P100000120274,Shanxi Jianlong Industrial Co Ltd,山西建龙实业有限公司,Shanxi Jianlong Industrial Co Ltd,Beijing Jianlong Investment Co Ltd [87.6%]; unknown [12.4%],Shanxi,China,operating,2000-03-23,11061,11061.0,"[{'status': 'operating', 'method': 'BOF', 'capacity': '4750'}, {'status': 'operating', 'method': 'BF', 'capacity': '1970'}, {'status': 'construction', 'method': 'BF', 'capacity': '1130'}, {'status': 'mothballed', 'method': 'BF', 'capacity': '1445'}, {'status': 'operating pre-retirement', 'method': 'BF', 'capacity': '1766'}]",BF; BOF,Integrated (BF),35.417405,111.303919,35.417405,111.303919,https://www.gem.wiki/Shanxi_Jianlong_Industrial_Co_Ltd,China,11061,11061.0,exact,"Shanxi, China",Shanxi Jianlong Industrial Co Ltd,E100000126936,山西建龙实业有限公司,Shanxi Jianlong Industrial Co Ltd,E100000000155 [87.6%]; E100000132388 [12.4%],Beijing Jianlong Investment Co Ltd [87.6%]; unknown [12.4%],operating,GIST,GIST,Iron & Steel,ttpa
steel,P100000120260,Lvliang Jianlong Industrial Co Ltd,文水海威钢铁有限公司,Lvliang Jianlong Industrial Co Ltd,China Great Wall Asset Management Co Ltd [48.0%]; Beijing Jianlong Investment Co Ltd [45.5%]; unknown [6.5%],Shanxi,China,operating,1985,11055,11055.0,"[{'status': 'operating', 'method': 'BOF', 'capacity': '1400'}, {'status': 'announced', 'method': 'BOF', 'capacity': '1600'}, {'status': 'retired', 'method': 'BOF', 'capacity': '1700'}, {'status': 'operating', 'method': 'BF', 'capacity': '1535'}, {'status': 'announced', 'method': 'BF', 'capacity': '1520'}, {'status': 'mothballed', 'method': 'BF', 'capacity': '1650'}, {'status': 'retired', 'method': 'BF', 'capacity': '1650'}]",BF; BOF,Integrated (BF),37.47311,112.06093,37.47311,112.06093,https://www.gem.wiki/Lvliang_Jianlong_Industrial_Co_Ltd,China,11055,11055.0,exact,"Shanxi, China",Lvliang Jianlong Industrial Co Ltd,E100000126132,吕梁建龙实业有限公司,Lvliang Jianlong Industrial Co Ltd,E100000124790 [48.0%]; E100000000155 [45.5%]; E100000132388 [6.5%],China Great Wall Asset Management Co Ltd [48.0%]; Beijing Jianlong Investment Co Ltd [45.5%]; unknown [6.5%],operating,GIST,GIST,Iron & Steel,ttpa
steel,P100000120254,Laiwu Iron and Steel Group Yinshan Section Steel Co Ltd,莱芜钢铁集团银山型钢有限公司,Laiwu Steel Yinshan Section Co Ltd,Shandong Iron and Steel Group Co Ltd [70.0%]; Shandong Guohui Investment Co Ltd [20.0%]; Shandong Caixin Asset Operation Co Ltd [10.0%],Shandong,China,operating,2003-12-26,10861,10861.0,"[{'status': 'operating', 'method': 'BOF', 'capacity': '5001'}, {'status': 'operating', 'method': 'BF', 'capacity': '5860'}]",BF; BOF,Integrated (BF),36.106143,117.820108,36.106143,117.820108,https://www.gem.wiki/Laiwu_Iron_and_Steel_Group_Yinshan_Section_Steel_Co_Ltd,China,10861,10861.0,exact,"Shandong, China",Laiwu Iron and Steel Group Yinshan Section Steel Co Ltd,E100000126374,莱芜钢铁集团银山型钢有限公司,Laiwu Steel Yinshan Section Co Ltd,E100000124598 [70.0%]; E100000124585 [20.0%]; E100000124453 [10.0%],Shandong Iron and Steel Group Co Ltd [70.0%]; Shandong Guohui Investment Co Ltd [20.0%]; Shandong Caixin Asset Operation Co Ltd [10.0%],operating,GIST,GIST,Iron & Steel,ttpa
steel,P100000120196,Jiangsu Binxin Steel Group Co Ltd,江苏省镔鑫钢铁集团有限公司,Jiangsu Province Binxin Steel Group Co Ltd,Lianyungang Ganyu Zhongcheng Investment Co Ltd [87.4%]; natural person(s) [12.6%],Jiangsu,China,operating,2008-02-02,10800,10800.0,"[{'status': 'operating', 'method': 'BOF', 'capacity': '2250'}, {'status': 'retired', 'method': 'BOF', 'capacity': '2250'}, {'status': 'operating', 'method': 'BF', 'capacity': '2150'}, {'status': 'construction', 'method': 'BF', 'capacity': '1150'}, {'status': 'retired', 'method': 'BF', 'capacity': '3000'}]",BF; BOF,Integrated (BF),35.09556,119.279989,35.09556,119.279989,https://www.gem.wiki/Jiangsu_Binxin_Steel_Group_Co_Ltd,China,10800,10800.0,exact,"Jiangsu, China",Jiangsu Binxin Steel Group Co Ltd,E100000123179,江苏省镔鑫钢铁集团有限公司,Jiangsu Province Binxin Steel Group Co Ltd,E100000124040 [87.4%]; E100000123261 [12.6%],Lianyungang Ganyu Zhongcheng Investment Co Ltd [87.4%]; natural person(s) [12.6%],operating,GIST,GIST,Iron & Steel,ttpa
steel,P100000120333,Liaoyang United Steel Co Ltd,辽宁澎辉铸业有限公司,Liaoyang United Steel Co Ltd,Liaoyang United Steel Co Ltd [100.0%],Liaoning,China,operating,2019-12-18,10790,10790.0,"[{'status': 'operating', 'method': 'BOF', 'capacity': '2300'}, {'status': 'retired', 'method': 'BOF', 'capacity': '3400'}, {'status': 'operating', 'method': 'BF', 'capacity': '2260'}, {'status': 'retired', 'method': 'BF', 'capacity': '2830'}]",BF; BOF,Integrated (BF),41.19138,122.877311,41.19138,122.877311,https://www.gem.wiki/Liaoyang_United_Steel_Co_Ltd,China,10790,10790.0,exact,"Liaoning, China",Liaoyang United Steel Co Ltd,E100000126207,辽阳联合钢铁有限公司,Liaoyang United Steel Co Ltd,E100000126207 [100.0%],Liaoyang United Steel Co Ltd [100.0%],operating,GIST,GIST,Iron & Steel,ttpa
steel,P100000120262,Shanxi Liheng Steel Co Ltd,山西立恒钢铁股份有限公司,Shanxi Liheng Iron and Steel Co Ltd,Shanxi Liheng Iron and Steel Co Ltd [100.0%],Shanxi,China,retired,2002-12-31,10500,10500.0,"[{'status': 'retired', 'method': 'BOF', 'capacity': '7000'}, {'status': 'retired', 'method': 'BF', 'capacity': '3500'}]",BF; BOF,Integrated (BF),35.701541,111.42671,35.701541,111.42671,https://www.gem.wiki/Shanxi_Liheng_Steel_Co_Ltd,China,10500,10500.0,exact,"Shanxi, China",Shanxi Liheng Steel Co Ltd,E100000126363,山西立恒钢铁集团股份有限公司,Shanxi Liheng Iron and Steel Co Ltd,E100000126363 [100.0%],Shanxi Liheng Iron and Steel Co Ltd [100.0%],retired,GIST,GIST,Iron & Steel,ttpa
steel,P100000120370,Guangxi Chiji Iron and Steel Co Ltd,广西翅冀钢铁有限公司,Guangxi Chiji Iron and Steel Co Ltd,Qian'an City Jiujiang Wire Co Ltd [100.0%],Guangxi,China,operating,2019,10480,10480.0,"[{'status': 'operating', 'method': 'BOF', 'capacity': '4800'}, {'status': 'operating', 'method': 'BF', 'capacity': '5253'}, {'status': 'operating', 'method': 'Other/unspecified iron', 'capacity': '427'}]",BF; BOF; Iron other/unspecified,Integrated (BF),23.402121,111.134606,23.402121,111.134606,https://www.gem.wiki/Guangxi_Chiji_Iron_and_Steel_Co_Ltd,China,10480,10480.0,exact,"Guangxi, China",Guangxi Chiji Iron and Steel Co Ltd,E100000123159,广西翅冀钢铁有限公司,Guangxi Chiji Iron and Steel Co Ltd,E100000123190 [100.0%],Qian'an City Jiujiang Wire Co Ltd [100.0%],operating,GIST,GIST,Iron & Steel,ttpa
steel,P100000120078,Fujian Sanbao Steel Co Ltd,福建三宝钢铁有限公司,Fujian Sanbao Steel Co Ltd,Sanbao Group Co Ltd [100.0%],Fujian,China,operating,1999,10456,10456.0,"[{'status': 'operating', 'method': 'BOF', 'capacity': '4620'}, {'status': 'operating', 'method': 'EAF', 'capacity': '1576'}, {'status': 'retired', 'method': 'EAF', 'capacity': '1760'}, {'status': 'operating', 'method': 'BF', 'capacity': '2500'}]",BF; BOF; EAF,Integrated (BF),24.635769,117.603677,24.635769,117.603677,https://www.gem.wiki/Fujian_Sanbao_Steel_Co_Ltd,China,10456,10456.0,exact,"Fujian, China",Fujian Sanbao Steel Co Ltd,E100000126246,福建三宝钢铁有限公司,Fujian Sanbao Steel Co Ltd,E100000128113 [100.0%],Sanbao Group Co Ltd [100.0%],operating,GIST,GIST,Iron & Steel,ttpa
steel,P100000120313,Anhui Shoukuang Dachang Metal Material Co Ltd,安徽首矿大昌金属材料有限公司,Anhui Shoukuang Dachang Metal Material Co Ltd,CSCEC Rongdong Investment Holding Co Ltd [89.0%]; Fang TongZhou Holding Co Ltd [7.9%]; unknown [3.1%],Anhui,China,operating,2010,10442,10442.0,"[{'status': 'operating', 'method': 'BOF', 'capacity': '3000'}, {'status': 'operating', 'method': 'BF', 'capacity': '7442'}]",BF; BOF,Integrated (BF),32.329171,115.954963,32.329171,115.954963,https://www.gem.wiki/Anhui_Shoukuang_Dachang_Metal_Material_Co_Ltd,China,10442,10442.0,exact,"Anhui, China",Anhui Shoukuang Dachang Metal Material Co Ltd,E100000126761,安徽首矿大昌金属材料有限公司,Anhui Shoukuang Dachang Metal Material Co Ltd,E100000128793 [89.0%]; E100000128301 [7.9%]; E100000132388 [3.1%],CSCEC Rongdong Investment Holding Co Ltd [89.0%]; Fang TongZhou Holding Co Ltd [7.9%]; unknown [3.1%],operating,GIST,GIST,Iron & Steel,ttpa
steel,P100000120217,Jilin Xinda Iron and Steel Co Ltd,吉林鑫达钢铁有限公司,JiLin Province Xinda Steel Co Ltd,Hengjin Huitong Asset Management (Beijing) Co Ltd [60.0%]; natural person(s) [18.7%]; Jilin Tianpeng Industrial Co Ltd [17.2%]; unknown [4.1%],Jilin,China,operating,2007-11-14,10420,10420.0,"[{'status': 'announced', 'method': 'BOF', 'capacity': '2300'}, {'status': 'operating pre-retirement', 'method': 'BOF', 'capacity': '3300'}, {'status': 'operating', 'method': 'BF', 'capacity': '3012'}, {'status': 'announced', 'method': 'BF', 'capacity': '1220'}, {'status': 'operating pre-retirement', 'method': 'BF', 'capacity': '588'}]",BF; BOF,Integrated (BF),42.3249,125.246892,42.3249,125.246892,https://www.gem.wiki/Jilin_Xinda_Iron_and_Steel_Co_Ltd,China,10420,10420.0,exact,"Jilin, China",Jilin Xinda Iron and Steel Co Ltd,E100000123181,吉林鑫达钢铁有限公司,JiLin Province Xinda Steel Co Ltd,E100000123534 [60.0%]; E100000123261 [18.7%]; E100000123535 [17.2%]; E100000132388 [4.1%],Hengjin Huitong Asset Management (Beijing) Co Ltd [60.0%]; natural person(s) [18.7%]; Jilin Tianpeng Industrial Co Ltd [17.2%]; unknown [4.1%],operating,GIST,GIST,Iron & Steel,ttpa
steel,P100000120305,Ningbo Iron and Steel Co Ltd,宁波钢铁有限公司,Ningbo Iron & Steel Co Ltd,Hang Zhou Iron & Steel Co Ltd [100.0%],Zhejiang,China,operating,2003-01-14,10389,10389.0,"[{'status': 'operating', 'method': 'BOF', 'capacity': '3999'}, {'status': 'operating', 'method': 'BF', 'capacity': '4260'}, {'status': 'retired', 'method': 'BF', 'capacity': '2130'}]",BF; BOF,Integrated (BF),29.918776,121.876423,29.918776,121.876423,https://www.gem.wiki/Ningbo_Iron_and_Steel_Co_Ltd,China,10389,10389.0,exact,"Zhejiang, China",Ningbo Iron and Steel Co Ltd,E100000126299,宁波钢铁有限公司,Ningbo Iron & Steel Co Ltd,E100000127605 [100.0%],Hang Zhou Iron & Steel Co Ltd [100.0%],operating,GIST,GIST,Iron & Steel,ttpa
steel,P100000120326,Handan Steel Group Handan Bao Steel Co Ltd,河钢集团邯钢新区,Hanshan Iron and Steel Co Ltd,HBIS Group Co Ltd [100.0%],Hebei,China,operating,2022,10138,10138.0,"[{'status': 'operating', 'method': 'BOF', 'capacity': '4488'}, {'status': 'operating', 'method': 'BF', 'capacity': '5650'}]",BF; BOF,Integrated (BF),36.685881,113.837073,36.685881,113.837073,https://www.gem.wiki/Handan_Steel_Group_Handan_Bao_Steel_Co_Ltd,China,10138,10138.0,exact,"Hebei, China",Handan Steel Group Handan Bao Steel Co Ltd,E100000126841,邯钢龙山钢铁有限公司,Hanshan Iron and Steel Co Ltd,E100000124529 [100.0%],HBIS Group Co Ltd [100.0%],operating,GIST,GIST,Iron & Steel,ttpa
steel,P100000120229,Houying Group Haicheng Iron and Steel Co Ltd Datun Branch,后英集团海城钢铁有限公司大屯分公司,Houying Group Haicheng Iron and Steel Co Ltd,Houying Group Haicheng Iron and Steel Co Ltd [100.0%],Liaoning,China,operating pre-retirement,2006-07-24,9786,9786.0,"[{'status': 'announced', 'method': 'BOF', 'capacity': '2300'}, {'status': 'operating pre-retirement', 'method': 'BOF', 'capacity': '2600'}, {'status': 'construction', 'method': 'BF', 'capacity': '2440'}, {'status': 'retired', 'method': 'BF', 'capacity': '1070'}, {'status': 'operating pre-retirement', 'method': 'BF', 'capacity': '1376'}]",BOF; BF,Integrated (BF),40.981855,122.948643,40.981855,122.948643,https://www.gem.wiki/Houying_Group_Haicheng_Iron_and_Steel_Co_Ltd_Datun_Branch,China,9786,9786.0,exact,"Liaoning, China",Houying Group Haicheng Iron and Steel Co Ltd Datun Branch,E100000126219,后英集团海城钢铁有限公司,Houying Group Haicheng Iron and Steel Co Ltd,E100000126219 [100.0%],Houying Group Haicheng Iron and Steel Co Ltd [100.0%],operating pre-retirement,GIST,GIST,Iron & Steel,ttpa
steel,P100000120264,Shanxi Tongcai Industry and Trade Co Ltd,山西建邦集团有限公司,ShanXi TongCai Industry and Trade Co Ltd,Shanxi Jianbang Group Co Ltd [51.4%]; natural person(s) [48.6%],Shanxi,China,operating,2002,9760,9760.0,"[{'status': 'operating', 'method': 'BOF', 'capacity': '2300'}, {'status': 'retired', 'method': 'BOF', 'capacity': '2800'}, {'status': 'operating', 'method': 'EAF', 'capacity': '480'}, {'status': 'operating', 'method': 'BF', 'capacity': '2980'}, {'status': 'retired', 'method': 'BF', 'capacity': '1200'}]",BF; BOF; EAF,Integrated (BF),35.694321,111.429381,35.694321,111.429381,https://www.gem.wiki/Shanxi_Tongcai_Industry_and_Trade_Co_Ltd,China,9760,9760.0,exact,"Shanxi, China",Shanxi Tongcai Industry and Trade Co Ltd,E100000123203,山西通才工贸有限公司,ShanXi TongCai Industry and Trade Co Ltd,E100000123840 [51.4%]; E100000123261 [48.6%],Shanxi Jianbang Group Co Ltd [51.4%]; natural person(s) [48.6%],operating,GIST,GIST,Iron & Steel,ttpa
steel,P100000120077,Fujian Quanzhou Minguang Iron and Steel Co Ltd,福建泉州闽光钢铁有限责任公司,Fujian San'an Iron & Steel Co Ltd,Fujian Metallurgical Holding Co Ltd [53.4%]; unknown [46.6%],Fujian,China,operating,2001,9411,9411.0,"[{'status': 'operating', 'method': 'BOF', 'capacity': '2300'}, {'status': 'retired', 'method': 'BOF', 'capacity': '2550'}, {'status': 'operating', 'method': 'BF', 'capacity': '2280'}, {'status': 'retired', 'method': 'BF', 'capacity': '2281'}]",BF; BOF,Integrated (BF),25.244396,118.029905,25.244396,118.029905,https://www.gem.wiki/Fujian_Quanzhou_Minguang_Iron_and_Steel_Co_Ltd,China,9411,9411.0,exact,"Fujian, China",Fujian Quanzhou Minguang Iron and Steel Co Ltd,E100000126555,福建泉州闽光钢铁有限责任公司,Fujian San'an Iron & Steel Co Ltd,E100000124862 [53.4%]; E100000132388 [46.6%],Fujian Metallurgical Holding Co Ltd [53.4%]; unknown [46.6%],operating,GIST,GIST,Iron & Steel,ttpa
steel,P100000120377,Sichuan Dazhou Iron and Steel Group Co Ltd,四川省达州钢铁集团有限责任公司,Sichuan Dazhou Iron & Steel Group Co Ltd,Beijing Fangda International Industrial Investment Group Co Ltd [69.3%]; unknown [24.6%]; China Cinda Asset Management Co Ltd [6.1%],Sichuan,China,operating,1997-04-01,9398,9398.0,"[{'status': 'operating', 'method': 'BOF', 'capacity': '2300'}, {'status': 'retired', 'method': 'BOF', 'capacity': '2600'}, {'status': 'operating', 'method': 'BF', 'capacity': '2428'}, {'status': 'retired', 'method': 'BF', 'capacity': '2070'}]",BF; BOF,Integrated (BF),31.18945,107.453099,31.18945,107.453099,https://www.gem.wiki/Sichuan_Dazhou_Iron_and_Steel_Group_Co_Ltd,China,9398,9398.0,exact,"Sichuan, China",Sichuan Dazhou Iron and Steel Group Co Ltd,E100000126249,四川省达州钢铁集团有限责任公司,Sichuan Dazhou Iron & Steel Group Co Ltd,E100000128862 [69.3%]; E100000132388 [24.6%]; E100000123329 [6.1%],Beijing Fangda International Industrial Investment Group Co Ltd [69.3%]; unknown [24.6%]; China Cinda Asset Management Co Ltd [6.1%],operating,GIST,GIST,Iron & Steel,ttpa
steel,P100000120163,Angang Group Xinyang Iron and Steel Co Ltd,安钢集团信阳钢铁有限责任公司,"Xinyang Iron & Steel Co.,ltd of Angang Group",natural person(s) [65.2%]; Henan PROVINCE HENGCHANG Trading Co Ltd [15.8%]; unknown [10.4%]; Henan State Owned Capital Operation Group Co Ltd [8.6%],Henan,China,operating,1971,9388,9388.0,"[{'status': 'operating', 'method': 'BOF', 'capacity': '3600'}, {'status': 'operating', 'method': 'BF', 'capacity': '2988'}, {'status': 'retired', 'method': 'BF', 'capacity': '2800'}]",BF; BOF,Integrated (BF),32.488704,114.038243,32.488704,114.038243,https://www.gem.wiki/Angang_Group_Xinyang_Iron_and_Steel_Co_Ltd,China,9388,9388.0,exact,"Henan, China",Angang Group Xinyang Iron and Steel Co Ltd,E100000127277,安钢集团信阳钢铁有限责任公司,"Xinyang Iron & Steel Co.,ltd of Angang Group",E100000123261 [65.2%]; E100000127609 [15.8%]; E100000132388 [10.4%]; E100000125158 [8.6%],natural person(s) [65.2%]; Henan PROVINCE HENGCHANG Trading Co Ltd [15.8%]; unknown [10.4%]; Henan State Owned Capital Operation Group Co Ltd [8.6%],operating,GIST,GIST,Iron & Steel,ttpa
steel,P100000120213,Jiujiang Pinggang Iron and Steel Co Ltd,九江萍钢钢铁有限公司,JiuJiang PXSteel Co Ltd,Beijing Fangda International Industrial Investment Group Co Ltd [60.9%]; unknown [21.5%]; Jiangxi Pxsteel Industrial Co Ltd [10.3%]; Gongqingcheng Huaershun Investment Center LP [7.3%],Jiangxi,China,operating,2012-01-16,9330,9330.0,"[{'status': 'operating', 'method': 'BOF', 'capacity': '4700'}, {'status': 'operating', 'method': 'BF', 'capacity': '4630'}]",BF; BOF,Integrated (BF),29.778431,116.27527,29.778431,116.27527,https://www.gem.wiki/Jiujiang_Pinggang_Iron_and_Steel_Co_Ltd,China,9330,9330.0,exact,"Jiangxi, China",Jiujiang Pinggang Iron and Steel Co Ltd,E100000123182,九江萍钢钢铁有限公司,JiuJiang PXSteel Co Ltd,E100000128862 [60.9%]; E100000132388 [21.5%]; E100000123335 [10.3%]; E100000124737 [7.3%],Beijing Fangda International Industrial Investment Group Co Ltd [60.9%]; unknown [21.5%]; Jiangxi Pxsteel Industrial Co Ltd [10.3%]; Gongqingcheng Huaershun Investment Center LP [7.3%],operating,GIST,GIST,Iron & Steel,ttpa
steel,P100000120128,Tangshan Fengnan District Jing an Iron and Steel Co Ltd,唐山市丰南区经安钢铁集团有限公司,Tangshan Fengnan District Jing'an Iron and Steel Co Ltd,Tangshan Fengnan District Jing'an Iron and Steel Co Ltd [100.0%],Hebei,China,operating,2002,9325,9325.0,"[{'status': 'operating', 'method': 'BOF', 'capacity': '2000'}, {'status': 'construction', 'method': 'BOF', 'capacity': '1700'}, {'status': 'operating pre-retirement', 'method': 'BOF', 'capacity': '2125'}, {'status': 'operating', 'method': 'BF', 'capacity': '3500'}]",BF; BOF,Integrated (BF),39.600956,118.358726,39.600956,118.358726,https://www.gem.wiki/Tangshan_Fengnan_District_Jing_an_Iron_and_Steel_Co_Ltd,China,9325,9325.0,exact,"Hebei, China",Tangshan Fengnan District Jing an Iron and Steel Co Ltd,E100001010698,唐山市丰南区经安钢铁有限公司,Tangshan Fengnan District Jing'an Iron and Steel Co Ltd,E100001010698 [100.0%],Tangshan Fengnan District Jing'an Iron and Steel Co Ltd [100.0%],operating,GIST,GIST,Iron & Steel,ttpa
steel,P100000120172,Baowu Group Echeng Iron and Steel Co Ltd,武汉钢铁集团鄂城钢铁有限责任公司,Baowu Group Echeng Iron & Steel Co Ltd,China Baowu Steel Group Co Ltd [75.0%]; Guangdong Guangwu Holding Group Co Ltd [25.0%],Hubei,China,operating,1958,9234,9234.0,"[{'status': 'operating', 'method': 'BOF', 'capacity': '4971'}, {'status': 'operating', 'method': 'BF', 'capacity': '4263'}]",BF; BOF,Integrated (BF),30.39574,114.861313,30.39574,114.861313,https://www.gem.wiki/Baowu_Group_Echeng_Iron_and_Steel_Co_Ltd,China,9234,9234.0,exact,"Hubei, China",Baowu Group Echeng Iron and Steel Co Ltd,E100000123229,宝武集团鄂城钢铁有限公司,Baowu Group Echeng Iron & Steel Co Ltd,E100001000472 [75.0%]; E100000123746 [25.0%],China Baowu Steel Group Co Ltd [75.0%]; Guangdong Guangwu Holding Group Co Ltd [25.0%],operating,GIST,GIST,Iron & Steel,ttpa
steel,P100000120368,Guangxi Guixin Iron and Steel Group Co Ltd,广西桂鑫钢铁集团有限公司,Guangxi Guixin Steel Group Co Ltd,Guangxi Guixin Steel Group Co Ltd [100.0%],Guangxi,China,operating,1993,9170,9170.0,"[{'status': 'operating', 'method': 'BOF', 'capacity': '4050'}, {'status': 'operating', 'method': 'EAF', 'capacity': '2000'}, {'status': 'operating', 'method': 'BF', 'capacity': '3120'}]",BF; BOF; EAF,Integrated (BF),23.978962,111.735523,23.978962,111.735523,https://www.gem.wiki/Guangxi_Guixin_Iron_and_Steel_Group_Co_Ltd,China,9170,9170.0,exact,"Guangxi, China",Guangxi Guixin Iron and Steel Group Co Ltd,E100000127358,广西桂鑫钢铁集团有限公司,Guangxi Guixin Steel Group Co Ltd,E100000127358 [100.0%],Guangxi Guixin Steel Group Co Ltd [100.0%],operating,GIST,GIST,Iron & Steel,ttpa
steel,P100000120301,Yunnan Desheng Iron and Steel Co Ltd,云南德胜钒钛新材料有限公司,Yunnan Desheng Steel Co Ltd,Haojun Development Group Co Ltd [49.0%]; natural person(s) [29.5%]; Yunnan Desheng Logistics Co Ltd [21.5%],Yunnan,China,operating,2000-09-01,9160,9160.0,"[{'status': 'operating', 'method': 'BOF', 'capacity': '1350'}, {'status': 'retired', 'method': 'BOF', 'capacity': '1650'}, {'status': 'cancelled', 'method': 'EAF', 'capacity': '1770'}, {'status': 'operating', 'method': 'BF', 'capacity': '1370'}, {'status': 'announced', 'method': 'BF', 'capacity': '1370'}, {'status': 'retired', 'method': 'BF', 'capacity': '550'}, {'status': 'operating pre-retirement', 'method': 'BF', 'capacity': '1100'}]",BF; BOF; EAF,Integrated (BF),25.142516,102.077727,25.142516,102.077727,https://www.gem.wiki/Yunnan_Desheng_Iron_and_Steel_Co_Ltd,China,9160,9160.0,exact,"Yunnan, China",Yunnan Desheng Iron and Steel Co Ltd,E100000126976,云南德胜钢铁有限公司,Yunnan Desheng Steel Co Ltd,E100000128691 [49.0%]; E100000123261 [29.5%]; E100000127448 [21.5%],Haojun Development Group Co Ltd [49.0%]; natural person(s) [29.5%]; Yunnan Desheng Logistics Co Ltd [21.5%],operating,GIST,GIST,Iron & Steel,ttpa
steel,P100000120216,Tonghua Iron and Steel Co Ltd,通化钢铁股份有限公司,Tonghua Iron & Steel Co Ltd,Beijing State-owned Capital Management Center [56.2%]; unknown [16.9%]; Industrial and Commercial Bank of China Ltd [8.3%]; China Construction Bank Corp [8.1%]; Bank of China Ltd [6.5%]; BANK of Jilin Co Ltd [0.9%]; Hana Bank Co Ltd [0.9%]; Changchun Financial Holding Group Co Ltd [0.6%]; Jilin Financial Holding Group Co Ltd [0.6%]; Jilin YATAI (GROUP) Co Ltd [0.5%]; Jilin PROVINCE Inestment Group Co Ltd [0.3%]; Changchun City Development Investment Holding (Group) Co Ltd [0.1%],Jilin,China,operating,2006-08-11,9070,9070.0,"[{'status': 'operating', 'method': 'BOF', 'capacity': '4590'}, {'status': 'operating', 'method': 'BF', 'capacity': '4480'}]",BF; BOF,Integrated (BF),41.779125,126.022349,41.779125,126.022349,https://www.gem.wiki/Tonghua_Iron_and_Steel_Co_Ltd,China,9070,9070.0,exact,"Jilin, China",Tonghua Iron and Steel Co Ltd,E100000126965,通化钢铁股份有限公司,Tonghua Iron & Steel Co Ltd,E100000000158 [56.2%]; E100000132388 [16.9%]; E100000000220 [8.3%]; E100001000437 [8.1%]; E100000124428 [6.5%]; E100000128355 [0.9%]; E100000130509 [0.9%]; E100000128994 [0.6%]; E100000128732 [0.6%]; E100000128734 [0.5%]; E100000128735 [0.3%]; E100000128911 [0.1%],Beijing State-owned Capital Management Center [56.2%]; unknown [16.9%]; Industrial and Commercial Bank of China Ltd [8.3%]; China Construction Bank Corp [8.1%]; Bank of China Ltd [6.5%]; BANK of Jilin Co Ltd [0.9%]; Hana Bank Co Ltd [0.9%]; Changchun Financial Holding Group Co Ltd [0.6%]; Jilin Financial Holding Group Co Ltd [0.6%]; Jilin YATAI (GROUP) Co Ltd [0.5%]; Jilin PROVINCE Inestment Group Co Ltd [0.3%]; Changchun City Development Investment Holding (Group) Co Ltd [0.1%],operating,GIST,GIST,Iron & Steel,ttpa
steel,P100000120109,Tangshan Ruifeng Iron and Steel Group Co Ltd,唐山瑞丰钢铁(集团)有限公司,Tangshan RUIFENG Steel and Iron (GROUP) Co Ltd,Tangshan RUIFENG Steel and Iron (GROUP) Co Ltd [100.0%],Hebei,China,operating,2002,9061,9061.0,"[{'status': 'operating', 'method': 'BOF', 'capacity': '4500'}, {'status': 'operating', 'method': 'BF', 'capacity': '4561'}]",BF; BOF,Integrated (BF),39.497472,118.272056,39.497472,118.272056,https://www.gem.wiki/Tangshan_Ruifeng_Iron_and_Steel_Group_Co_Ltd,China,9061,9061.0,exact,"Hebei, China",Tangshan Ruifeng Iron and Steel Group Co Ltd,E100000123207,唐山瑞丰钢铁（集团）有限公司,Tangshan RUIFENG Steel and Iron (GROUP) Co Ltd,E100000123207 [100.0%],Tangshan RUIFENG Steel and Iron (GROUP) Co Ltd [100.0%],operating,GIST,GIST,Iron & Steel,ttpa
steel,P100000120198,Jiangsu Xugang Iron and Steel Group Co Ltd,江苏徐钢钢铁集团有限公司,Jiangsu Xusteel Group Co Ltd,Jiangsu Xusteel Group Co Ltd [100.0%],Jiangsu,China,operating,2003-09-05,9032,9032.0,"[{'status': 'operating', 'method': 'BOF', 'capacity': '3050'}, {'status': 'retired', 'method': 'BOF', 'capacity': '1700'}, {'status': 'operating', 'method': 'BF', 'capacity': '2982'}, {'status': 'retired', 'method': 'BF', 'capacity': '1300'}]",BF; BOF,Integrated (BF),34.577016,117.339638,34.577016,117.339638,https://www.gem.wiki/Jiangsu_Xugang_Iron_and_Steel_Group_Co_Ltd,China,9032,9032.0,exact,"Jiangsu, China",Jiangsu Xugang Iron and Steel Group Co Ltd,E100000126140,江苏徐钢钢铁集团有限公司,Jiangsu Xusteel Group Co Ltd,E100000126140 [100.0%],Jiangsu Xusteel Group Co Ltd [100.0%],operating,GIST,GIST,Iron & Steel,ttpa
steel,P100000120371,Fangchenggang Jinxi Steel Technology Co Ltd,防城港津西型钢科技有限公司,Fangchenggang Jinxi Steel Technology Co Ltd,Qian'an City Jiujiang Wire Co Ltd [100.0%],Guangxi,China,cancelled,unknown,9008,9008.0,"[{'status': 'cancelled', 'method': 'BOF', 'capacity': '4000'}, {'status': 'cancelled', 'method': 'BF', 'capacity': '5008'}]",BF; BOF,Integrated (BF),21.646525,108.369582,21.646525,108.369582,https://www.gem.wiki/Fangchenggang_Jinxi_Steel_Technology_Co_Ltd,China,9008,9008.0,approximate,"Guangxi, China",Fangchenggang Jinxi Steel Technology Co Ltd,E100000126944,防城港津西型钢科技有限公司,Fangchenggang Jinxi Steel Technology Co Ltd,E100000123190 [100.0%],Qian'an City Jiujiang Wire Co Ltd [100.0%],cancelled,GIST,GIST,Iron & Steel,ttpa
steel,P100000120189,Jiangsu Shagang Group Huaigang Special Steel Co Ltd,江苏淮钢集团有限公司,Jiangsu Shagang Group Huaigang SPECIAL Steel Co Ltd,Jiangsu Shagang Co Ltd [63.8%]; Hengde International Co Ltd [13.6%]; Jiangsu Shagang Group Co Ltd [10.6%]; unknown [6.2%]; Zhangjiagang Free Trade Zone Runyuan Stainless Steel Trade Co Ltd [3.2%]; Ningbo Meishan Free Trade Port Jincheng Shazhou Equity Investment Co Ltd [2.6%],Jiangsu,China,operating,1970,8917,8917.0,"[{'status': 'operating', 'method': 'BOF', 'capacity': '2714'}, {'status': 'operating', 'method': 'EAF', 'capacity': '650'}, {'status': 'retired', 'method': 'EAF', 'capacity': '673'}, {'status': 'operating', 'method': 'BF', 'capacity': '1220'}, {'status': 'construction', 'method': 'BF', 'capacity': '1220'}, {'status': 'retired', 'method': 'BF', 'capacity': '1066'}, {'status': 'operating pre-retirement', 'method': 'BF', 'capacity': '1374'}]",BF; BOF; EAF,Integrated (BF),33.566039,118.988442,33.566039,118.988442,https://www.gem.wiki/Jiangsu_Shagang_Group_Huaigang_Special_Steel_Co_Ltd,China,8917,8917.0,exact,"Jiangsu, China",Jiangsu Shagang Group Huaigang Special Steel Co Ltd,E100000124018,江苏沙钢集团淮钢特钢股份有限公司,Jiangsu Shagang Group Huaigang SPECIAL Steel Co Ltd,E100000124726 [63.8%]; E100000125940 [13.6%]; E100000122410 [10.6%]; E100000132388 [6.2%]; E100000124037 [3.2%]; E100000124038 [2.6%],Jiangsu Shagang Co Ltd [63.8%]; Hengde International Co Ltd [13.6%]; Jiangsu Shagang Group Co Ltd [10.6%]; unknown [6.2%]; Zhangjiagang Free Trade Zone Runyuan Stainless Steel Trade Co Ltd [3.2%]; Ningbo Meishan Free Trade Port Jincheng Shazhou Equity Investment Co Ltd [2.6%],operating,GIST,GIST,Iron & Steel,ttpa
steel,P100000120245,Shandong Taishan Steel Group Co Ltd,山东泰山钢铁集团有限公司,Shandong Taishan Steel Group Co Ltd,Guang Yang An Tai Holdings Ltd [91.0%]; Jinan Yanshan Investment Co Ltd [9.0%],Shandong,China,cancelled,1969,8830,8830.0,"[{'status': 'cancelled', 'method': 'BOF', 'capacity': '2640'}, {'status': 'mothballed pre-retirement', 'method': 'BOF', 'capacity': '2650'}, {'status': 'mothballed pre-retirement', 'method': 'EAF', 'capacity': '500'}, {'status': 'mothballed pre-retirement', 'method': 'BF', 'capacity': '3040'}]",BOF; BF; EAF,Integrated (BF),36.22141,117.627728,36.22141,117.627728,https://www.gem.wiki/Shandong_Taishan_Steel_Group_Co_Ltd,China,8830,8830.0,exact,"Shandong, China",Shandong Taishan Steel Group Co Ltd,E100000126280,山东泰山钢铁集团有限公司,Shandong Taishan Steel Group Co Ltd,E100000127646 [91.0%]; E100000127647 [9.0%],Guang Yang An Tai Holdings Ltd [91.0%]; Jinan Yanshan Investment Co Ltd [9.0%],cancelled,GIST,GIST,Iron & Steel,ttpa
steel,P100000120259,Shanxi Zhongyang Iron and Steel Co Ltd,山西中阳钢铁有限公司,Shanxi Zhongyang Iron & Steel Co Ltd,Shanxi Zhongyang Iron & Steel Co Ltd [100.0%],Shanxi,China,operating,2005-11-10,8550,8550.0,"[{'status': 'operating', 'method': 'BOF', 'capacity': '3600'}, {'status': 'retired', 'method': 'BOF', 'capacity': '1350'}, {'status': 'operating', 'method': 'BF', 'capacity': '3600'}]",BF; BOF,Integrated (BF),37.370796,111.161118,37.370796,111.161118,https://www.gem.wiki/Shanxi_Zhongyang_Iron_and_Steel_Co_Ltd,China,8550,8550.0,exact,"Shanxi, China",Shanxi Zhongyang Iron and Steel Co Ltd,E100000122988,山西中阳钢铁有限公司,Shanxi Zhongyang Iron & Steel Co Ltd,E100000122988 [100.0%],Shanxi Zhongyang Iron & Steel Co Ltd [100.0%],operating,GIST,GIST,Iron & Steel,ttpa
steel,P100000120201,Changzhou Eastern Special Steel Co Ltd,江苏金凯钢铁有限公司,Changzhou Dongfang Special Steel Co Ltd,Changzhou Dongrun Special Steel Co Ltd [90.0%]; natural person(s) [10.0%],Jiangsu,China,operating,2010-01-18,8540,8540.0,"[{'status': 'announced', 'method': 'BOF', 'capacity': '2300'}, {'status': 'retired', 'method': 'BOF', 'capacity': '2400'}, {'status': 'operating', 'method': 'EAF', 'capacity': '360'}, {'status': 'operating pre-retirement', 'method': 'EAF', 'capacity': '360'}, {'status': 'announced', 'method': 'BF', 'capacity': '1560'}, {'status': 'operating pre-retirement', 'method': 'BF', 'capacity': '1560'}]",EAF; BF; BOF,Integrated (BF),31.602554,119.724256,31.602554,119.724256,https://www.gem.wiki/Changzhou_Eastern_Special_Steel_Co_Ltd,China,8540,8540.0,exact,"Jiangsu, China",Changzhou Eastern Special Steel Co Ltd,E100000126487,常州东方特钢有限公司,Changzhou Dongfang Special Steel Co Ltd,E100000127958 [90.0%]; E100000123261 [10.0%],Changzhou Dongrun Special Steel Co Ltd [90.0%]; natural person(s) [10.0%],operating,GIST,GIST,Iron & Steel,ttpa
steel,P100000120127,Tangshan Medium Thick Plate Co Ltd,唐山中厚板材有限公司,Tangshan Heavy Plate Co Ltd,HBIS Co Ltd [51.0%]; Cambodia Rongfeng Investment Co Ltd [25.1%]; Hebei Wenfeng Industrial Group Co Ltd [23.9%],Hebei,China,operating,2006,8460,8460.0,"[{'status': 'operating', 'method': 'BOF', 'capacity': '4200'}, {'status': 'operating', 'method': 'BF', 'capacity': '4260'}]",BF; BOF,Integrated (BF),39.268452,119.024819,39.268452,119.024819,https://www.gem.wiki/Tangshan_Medium_Thick_Plate_Co_Ltd,China,8460,8460.0,exact,"Hebei, China",Tangshan Medium Thick Plate Co Ltd,E100000123209,唐山中厚板材有限公司,Tangshan Heavy Plate Co Ltd,E100000123542 [51.0%]; E100000125872 [25.1%]; E100000123543 [23.9%],HBIS Co Ltd [51.0%]; Cambodia Rongfeng Investment Co Ltd [25.1%]; Hebei Wenfeng Industrial Group Co Ltd [23.9%],operating,GIST,GIST,Iron & Steel,ttpa
steel,P100000120239,Qingdao Special Iron and Steel Co Ltd,青岛特殊钢铁有限公司,Qingdao Special Iron and Steel Co Ltd,Citic Pacific Special Steel Group Co Ltd [100.0%],Shandong,China,operating,2013,8300,8300.0,"[{'status': 'operating', 'method': 'BOF', 'capacity': '2300'}, {'status': 'announced', 'method': 'BOF', 'capacity': '1150'}, {'status': 'operating', 'method': 'EAF', 'capacity': '650'}, {'status': 'operating', 'method': 'BF', 'capacity': '4200'}]",BF; BOF; EAF,Integrated (BF),35.6296,119.722335,35.6296,119.722335,https://www.gem.wiki/Qingdao_Special_Iron_and_Steel_Co_Ltd,China,8300,8300.0,exact,"Shandong, China",Qingdao Special Iron and Steel Co Ltd,E100000127314,青岛特殊钢铁有限公司,Qingdao Special Iron and Steel Co Ltd,E100000128047 [100.0%],Citic Pacific Special Steel Group Co Ltd [100.0%],operating,GIST,GIST,Iron & Steel,ttpa
steel,P100000120266,Shanxi Hongda Iron and Steel Group Co Ltd,山西宏达钢铁集团有限公司,Shanxi HONGDA Iron and Steel Group Co Ltd,Shanxi HONGDA Iron and Steel Group Co Ltd [100.0%],Shanxi,China,operating,1999-04-28,8200,8200.0,"[{'status': 'operating', 'method': 'BOF', 'capacity': '2300'}, {'status': 'retired', 'method': 'BOF', 'capacity': '2200'}, {'status': 'operating', 'method': 'BF', 'capacity': '1250'}, {'status': 'mothballed', 'method': 'BF', 'capacity': '1220'}, {'status': 'retired', 'method': 'BF', 'capacity': '1230'}]",BF; BOF,Integrated (BF),35.701895,110.786826,35.701895,110.786826,https://www.gem.wiki/Shanxi_Hongda_Iron_and_Steel_Group_Co_Ltd,China,8200,8200.0,exact,"Shanxi, China",Shanxi Hongda Iron and Steel Group Co Ltd,E100000123200,山西宏达钢铁集团有限公司,Shanxi HONGDA Iron and Steel Group Co Ltd,E100000123200 [100.0%],Shanxi HONGDA Iron and Steel Group Co Ltd [100.0%],operating,GIST,GIST,Iron & Steel,ttpa
steel,P100000120278,Pangang Group Xichang Steel and Vanadium Co Ltd,攀钢集团西昌钢钒有限公司,Pangang Group Xichang Steel and Vanadium Co Ltd,Ansteel Group Co Ltd [100.0%],Sichuan,China,operating,2011-06-23,8190,8190.0,"[{'status': 'operating', 'method': 'BOF', 'capacity': '3900'}, {'status': 'operating', 'method': 'BF', 'capacity': '4290'}]",BF; BOF,Integrated (BF),27.74799,102.20517,27.74799,102.20517,https://www.gem.wiki/Pangang_Group_Xichang_Steel_and_Vanadium_Co_Ltd,China,8190,8190.0,exact,"Sichuan, China",Pangang Group Xichang Steel and Vanadium Co Ltd,E100000126957,攀钢集团西昌钢钒有限公司,Pangang Group Xichang Steel and Vanadium Co Ltd,E100000124667 [100.0%],Ansteel Group Co Ltd [100.0%],operating,GIST,GIST,Iron & Steel,ttpa
steel,P100000120083,Jiugang Group Yuzhong Iron and Steel Co Ltd,酒钢集团榆中钢铁有限责任公司,Jiugang Group Yuzhong Iron & Steel Co Ltd,Gansu Jiu Steel Group Hongxing Iron and Steel Co Ltd [100.0%],Gansu,China,operating,2003,8190,8190.0,"[{'status': 'operating', 'method': 'BOF', 'capacity': '4000'}, {'status': 'operating', 'method': 'BF', 'capacity': '1520'}, {'status': 'retired', 'method': 'BF', 'capacity': '2670'}]",BF; BOF,Integrated (BF),36.033646,104.035535,36.033646,104.035535,https://www.gem.wiki/Jiugang_Group_Yuzhong_Iron_and_Steel_Co_Ltd,China,8190,8190.0,exact,"Gansu, China",Jiugang Group Yuzhong Iron and Steel Co Ltd,E100000126330,酒钢集团榆中钢铁有限责任公司,Jiugang Group Yuzhong Iron & Steel Co Ltd,E100000127239 [100.0%],Gansu Jiu Steel Group Hongxing Iron and Steel Co Ltd [100.0%],operating,GIST,GIST,Iron & Steel,ttpa
steel,P100000120268,Shanxi Gaoyi Steel Co Ltd,山西高义钢铁有限公司,Shanxi Gaoyi Steel Co Ltd,Shanxi Gaoyi Steel Co Ltd [100.0%],Shanxi,China,operating,1997,8161,8161.0,"[{'status': 'operating', 'method': 'BOF', 'capacity': '2700'}, {'status': 'operating', 'method': 'BF', 'capacity': '4001'}, {'status': 'retired', 'method': 'BF', 'capacity': '1460'}]",BF; BOF,Integrated (BF),35.586841,111.258436,35.586841,111.258436,https://www.gem.wiki/Shanxi_Gaoyi_Steel_Co_Ltd,China,8161,8161.0,exact,"Shanxi, China",Shanxi Gaoyi Steel Co Ltd,E100000123199,山西高义钢铁有限公司,Shanxi Gaoyi Steel Co Ltd,E100000123199 [100.0%],Shanxi Gaoyi Steel Co Ltd [100.0%],operating,GIST,GIST,Iron & Steel,ttpa
steel,P100000120080,Fujian Luoyuan Minguang Iron and Steel Co Ltd,福建罗源闽光钢铁有限责任公司,Fujian Luoyuan Minguang Iron & Steel Co Ltd,Fujian Metallurgical Holding Co Ltd [53.4%]; unknown [46.6%],Fujian,China,operating,2014,8114,8114.0,"[{'status': 'operating', 'method': 'BOF', 'capacity': '2650'}, {'status': 'retired', 'method': 'BOF', 'capacity': '1800'}, {'status': 'operating', 'method': 'BF', 'capacity': '2330'}, {'status': 'retired', 'method': 'BF', 'capacity': '1334'}]",BF; BOF,Integrated (BF),26.483815,119.67105,26.483815,119.67105,https://www.gem.wiki/Fujian_Luoyuan_Minguang_Iron_and_Steel_Co_Ltd,China,8114,8114.0,exact,"Fujian, China",Fujian Luoyuan Minguang Iron and Steel Co Ltd,E100000123227,福建罗源闽光钢铁有限责任公司,Fujian Luoyuan Minguang Iron & Steel Co Ltd,E100000124862 [53.4%]; E100000132388 [46.6%],Fujian Metallurgical Holding Co Ltd [53.4%]; unknown [46.6%],operating,GIST,GIST,Iron & Steel,ttpa
steel,P100000120156,Langfang Guangyuan Metalwork Co Ltd,廊坊市洸远金属制品有限公司,Langfang Guangyuan Metalwork Co Ltd,RiseSun Real Estate Development Co Ltd [99.8%]; unknown [0.2%],Hebei,China,retired,2007,8080,8080.0,"[{'status': 'retired', 'method': 'BOF', 'capacity': '4000'}, {'status': 'retired', 'method': 'BF', 'capacity': '4080'}]",BF; BOF,Integrated (BF),39.181466,116.838667,39.181466,116.838667,https://www.gem.wiki/Langfang_Guangyuan_Metalwork_Co_Ltd,China,8080,8080.0,exact,"Hebei, China",Langfang Guangyuan Metalwork Co Ltd,E100000126181,廊坊市洸远金属制品有限公司,Langfang Guangyuan Metalwork Co Ltd,E100000128787 [99.8%]; E100000132388 [0.2%],RiseSun Real Estate Development Co Ltd [99.8%]; unknown [0.2%],retired,GIST,GIST,Iron & Steel,ttpa
steel,P100000120173,Daye Special Steel Co Ltd,大冶特殊钢有限公司,Daye SPECIAL Steel Co Ltd,Citic Pacific Special Steel Group Co Ltd [100.0%],Hubei,China,operating,2007,8040,8040.0,"[{'status': 'operating', 'method': 'BOF', 'capacity': '2700'}, {'status': 'operating', 'method': 'EAF', 'capacity': '720'}, {'status': 'retired', 'method': 'EAF', 'capacity': '360'}, {'status': 'operating', 'method': 'BF', 'capacity': '3040'}, {'status': 'retired', 'method': 'BF', 'capacity': '1220'}]",BF; BOF; EAF,Integrated (BF),30.204603,115.125838,30.204603,115.125838,https://www.gem.wiki/Daye_Special_Steel_Co_Ltd,China,8040,8040.0,exact,"Hubei, China",Daye Special Steel Co Ltd,E100000126188,大冶特殊钢有限公司,Daye SPECIAL Steel Co Ltd,E100000128047 [100.0%],Citic Pacific Special Steel Group Co Ltd [100.0%],operating,GIST,GIST,Iron & Steel,ttpa
steel,P100000120339,Minyuan Iron and Steel Group Co Ltd,闽源钢铁集团有限公司,Minyuan Iron and Steel Group Co Ltd,natural person(s) [66.7%]; Fujian Mingfa Investment Co Ltd [33.3%],Henan,China,operating,2003,7900,7900.0,"[{'status': 'operating', 'method': 'BOF', 'capacity': '2700'}, {'status': 'retired', 'method': 'BOF', 'capacity': '1650'}, {'status': 'operating', 'method': 'BF', 'capacity': '2510'}, {'status': 'retired', 'method': 'BF', 'capacity': '1040'}]",BF; BOF,Integrated (BF),34.013369,116.422599,34.013369,116.422599,https://www.gem.wiki/Minyuan_Iron_and_Steel_Group_Co_Ltd,China,7900,7900.0,exact,"Henan, China",Minyuan Iron and Steel Group Co Ltd,E100000123185,闽源钢铁集团有限公司,Minyuan Iron and Steel Group Co Ltd,E100000123261 [66.7%]; E100000124295 [33.3%],natural person(s) [66.7%]; Fujian Mingfa Investment Co Ltd [33.3%],operating,GIST,GIST,Iron & Steel,ttpa
steel,P100000120114,Wu an Yuhua Iron and Steel Co Ltd,武安市裕华钢铁有限公司,Wuan Yuhua Steel Co Ltd,Jinan Iron & Steel Group Co Ltd [88.1%]; natural person(s) [11.9%],Hebei,China,operating pre-retirement,1988,7870,7870.0,"[{'status': 'retired', 'method': 'BOF', 'capacity': '1400'}, {'status': 'operating pre-retirement', 'method': 'BOF', 'capacity': '2700'}, {'status': 'retired', 'method': 'BF', 'capacity': '1950'}, {'status': 'operating pre-retirement', 'method': 'BF', 'capacity': '1820'}]",BF; BOF,Integrated (BF),36.731752,114.098377,36.731752,114.098377,https://www.gem.wiki/Wu_an_Yuhua_Iron_and_Steel_Co_Ltd,China,7870,7870.0,exact,"Hebei, China",Wu an Yuhua Iron and Steel Co Ltd,E100000126416,武安市裕华钢铁有限公司,Wuan Yuhua Steel Co Ltd,E100000126505 [88.1%]; E100000123261 [11.9%],Jinan Iron & Steel Group Co Ltd [88.1%]; natural person(s) [11.9%],operating pre-retirement,GIST,GIST,Iron & Steel,ttpa
steel,P100000120325,Hebei Taihang Iron and Steel Group Co Ltd,河北太行钢铁集团有限公司,Hebei Taihang Iron and Steel Group Co Ltd,Hebei Taihang Iron and Steel Group Co Ltd [100.0%],Hebei,China,operating,2021,7760,7760.0,"[{'status': 'operating', 'method': 'BOF', 'capacity': '3950'}, {'status': 'operating', 'method': 'BF', 'capacity': '3810'}]",BF; BOF,Integrated (BF),36.613716,114.082349,36.613716,114.082349,https://www.gem.wiki/Hebei_Taihang_Iron_and_Steel_Group_Co_Ltd,China,7760,7760.0,exact,"Hebei, China",Hebei Taihang Iron and Steel Group Co Ltd,E100000123223,河北太行钢铁集团有限公司,Hebei Taihang Iron and Steel Group Co Ltd,E100000123223 [100.0%],Hebei Taihang Iron and Steel Group Co Ltd [100.0%],operating,GIST,GIST,Iron & Steel,ttpa
steel,P100000120162,Shagang Group Anyang Yongxing Special Steel Co Ltd,沙钢集团安阳永兴特钢有限公司,Shagang Group Anyang Yongxing Iron & Steel Co Ltd,Hengde International Co Ltd [27.4%]; Jiangsu Shagang Group Co Ltd [21.3%]; Zhangjiagang Free Trade Zone Rongrun Trade Co Ltd [16.8%]; unknown [12.4%]; Zhangjiagang Free Trade Zone Qianxing Investment Trade Co Ltd [10.5%]; Zhangjiagang Free Trade Zone Runyuan Stainless Steel Trade Co Ltd [6.4%]; Ningbo Meishan Free Trade Port Jincheng Shazhou Equity Investment Co Ltd [5.2%],Henan,China,operating,1993,7728,7728.0,"[{'status': 'operating', 'method': 'BOF', 'capacity': '2600'}, {'status': 'operating', 'method': 'BF', 'capacity': '1264'}, {'status': 'construction', 'method': 'BF', 'capacity': '1264'}, {'status': 'retired', 'method': 'BF', 'capacity': '1136'}, {'status': 'operating pre-retirement', 'method': 'BF', 'capacity': '1464'}]",BF; BOF,Integrated (BF),36.143573,114.149964,36.143573,114.149964,https://www.gem.wiki/Shagang_Group_Anyang_Yongxing_Special_Steel_Co_Ltd,China,7728,7728.0,exact,"Henan, China",Shagang Group Anyang Yongxing Special Steel Co Ltd,E100000126826,沙钢集团安阳永兴特钢有限公司,Shagang Group Anyang Yongxing Iron & Steel Co Ltd,E100000125940 [27.4%]; E100000122410 [21.3%]; E100000128493 [16.8%]; E100000132388 [12.4%]; E100000128710 [10.5%]; E100000124037 [6.4%]; E100000124038 [5.2%],Hengde International Co Ltd [27.4%]; Jiangsu Shagang Group Co Ltd [21.3%]; Zhangjiagang Free Trade Zone Rongrun Trade Co Ltd [16.8%]; unknown [12.4%]; Zhangjiagang Free Trade Zone Qianxing Investment Trade Co Ltd [10.5%]; Zhangjiagang Free Trade Zone Runyuan Stainless Steel Trade Co Ltd [6.4%]; Ningbo Meishan Free Trade Port Jincheng Shazhou Equity Investment Co Ltd [5.2%],operating,GIST,GIST,Iron & Steel,ttpa
steel,P100000120249,Shandong Fulun Iron and Steel Co Ltd,山东富伦钢铁有限公司,Fulun Iron & Steel Co Ltd,Shandong Xiangxin Investment Holding Co Ltd [93.3%]; unknown [6.7%],Shandong,China,operating,2003-07-03,7700,7700.0,"[{'status': 'operating', 'method': 'BOF', 'capacity': '2700'}, {'status': 'operating', 'method': 'BF', 'capacity': '4500'}, {'status': 'operating pre-retirement', 'method': 'BF', 'capacity': '500'}]",BF; BOF,Integrated (BF),36.308447,117.540425,36.308447,117.540425,https://www.gem.wiki/Shandong_Fulun_Iron_and_Steel_Co_Ltd,China,7700,7700.0,exact,"Shandong, China",Shandong Fulun Iron and Steel Co Ltd,E100000126317,山东富伦钢铁有限公司,Fulun Iron & Steel Co Ltd,E100000128405 [93.3%]; E100000132388 [6.7%],Shandong Xiangxin Investment Holding Co Ltd [93.3%]; unknown [6.7%],operating,GIST,GIST,Iron & Steel,ttpa
steel,P100000120299,WISCO Group Kunming Steel Co Ltd New District Branch,武钢集团昆明钢铁股份有限公司新区分公司,WISCO Group Kunming Steel Co Ltd,WISCO Group Kunming Steel Co Ltd [100.0%],Yunnan,China,operating,2012-04-23,7606,7606.0,"[{'status': 'announced', 'method': 'BOF', 'capacity': '3200'}, {'status': 'operating pre-retirement', 'method': 'BOF', 'capacity': '2276'}, {'status': 'operating', 'method': 'BF', 'capacity': '2130'}]",BF; BOF,Integrated (BF),24.953261,102.378082,24.953261,102.378082,https://www.gem.wiki/WISCO_Group_Kunming_Steel_Co_Ltd_New_District_Branch,China,7606,7606.0,exact,"Yunnan, China",WISCO Group Kunming Steel Co Ltd New District Branch,E100001012225,武钢集团昆明钢铁股份有限公司安宁分公司,WISCO Group Kunming Steel Co Ltd,E100001012225 [100.0%],WISCO Group Kunming Steel Co Ltd [100.0%],operating,GIST,GIST,Iron & Steel,ttpa
steel,P100000120158,Jianlong Xilin Iron and Steel Co Ltd,西林钢铁集团有限公司,Jianlong Xilin Iron and Steel Co Ltd,Beijing Jianlong Investment Co Ltd [87.6%]; unknown [12.4%],Heilongjiang,China,operating,1966,7600,7600.0,"[{'status': 'operating', 'method': 'BOF', 'capacity': '4200'}, {'status': 'operating', 'method': 'BF', 'capacity': '3400'}]",BF; BOF,Integrated (BF),47.495036,129.287919,47.495036,129.287919,https://www.gem.wiki/Jianlong_Xilin_Iron_and_Steel_Co_Ltd,China,7600,7600.0,exact,"Heilongjiang, China",Jianlong Xilin Iron and Steel Co Ltd,E100000127058,建龙西林钢铁有限公司,Jianlong Xilin Iron and Steel Co Ltd,E100000000155 [87.6%]; E100000132388 [12.4%],Beijing Jianlong Investment Co Ltd [87.6%]; unknown [12.4%],operating,GIST,GIST,Iron & Steel,ttpa
steel,P100000120137,Hebei Xinjin Iron and Steel Co Ltd,河北新武安钢铁集团新金钢铁有限公司,Hebei Xinjin Iron and Steel Co Ltd,WEALTH GROUP INVESTMENT LIMITED [78.0%]; Wu'an Hongji Investment Co Ltd [12.7%]; unknown [4.1%],Hebei,China,operating,1993,7580,7580.0,"[{'status': 'operating', 'method': 'BOF', 'capacity': '2700'}, {'status': 'retired', 'method': 'BOF', 'capacity': '600'}, {'status': 'operating', 'method': 'BF', 'capacity': '3240'}, {'status': 'retired', 'method': 'BF', 'capacity': '1040'}]",BF; BOF,Integrated (BF),36.715632,114.208992,36.715632,114.208992,https://www.gem.wiki/Hebei_Xinjin_Iron_and_Steel_Co_Ltd,China,7580,7580.0,exact,"Hebei, China",Hebei Xinjin Iron and Steel Co Ltd,E100000123172,河北新金钢铁有限公司,Hebei Xinjin Iron and Steel Co Ltd,E100000126029 [78.0%]; E100000124067 [12.7%]; E100000132388 [4.1%],WEALTH GROUP INVESTMENT LIMITED [78.0%]; Wu'an Hongji Investment Co Ltd [12.7%]; unknown [4.1%],operating,GIST,GIST,Iron & Steel,ttpa
steel,P100000120144,Tangshan Guoyi Special Type Iron and Steel Co Ltd,唐山国义特种钢铁有限公司,Tangshan GUOYI SPECIAL Steel Co Ltd,Tangshan GUOYI SPECIAL Steel Co Ltd [100.0%],Hebei,China,retired,2006,7530,7530.0,"[{'status': 'retired', 'method': 'BOF', 'capacity': '4050'}, {'status': 'retired', 'method': 'BF', 'capacity': '3480'}]",BF; BOF,Integrated (BF),39.659153,118.411488,39.659153,118.411488,https://www.gem.wiki/Tangshan_Guoyi_Special_Type_Iron_and_Steel_Co_Ltd,China,7530,7530.0,exact,"Hebei, China",Tangshan Guoyi Special Type Iron and Steel Co Ltd,E100000126403,唐山国义特种钢铁有限公司,Tangshan GUOYI SPECIAL Steel Co Ltd,E100000126403 [100.0%],Tangshan GUOYI SPECIAL Steel Co Ltd [100.0%],retired,GIST,GIST,Iron & Steel,ttpa
steel,P100000120241,Shandong Guangfu Group Co Ltd,山东广富集团有限公司,Shandong Guangfu Group Co Ltd,natural person(s) [89.3%]; Shandong Chaote High End Equipment Technology Co Ltd [10.7%],Shandong,China,retired,1983,7460,7460.0,"[{'status': 'retired', 'method': 'BOF', 'capacity': '2850'}, {'status': 'retired', 'method': 'EAF', 'capacity': '1110'}, {'status': 'retired', 'method': 'BF', 'capacity': '3500'}]",BF; BOF; EAF,Integrated (BF),36.863145,117.616918,36.863145,117.616918,https://www.gem.wiki/Shandong_Guangfu_Group_Co_Ltd,China,7460,7460.0,exact,"Shandong, China",Shandong Guangfu Group Co Ltd,E100000122786,山东广富集团有限公司,Shandong Guangfu Group Co Ltd,E100000123261 [89.3%]; E100000123774 [10.7%],natural person(s) [89.3%]; Shandong Chaote High End Equipment Technology Co Ltd [10.7%],retired,GIST,GIST,Iron & Steel,ttpa
steel,P100000120318,Hubei Jinshenglan Metallurgical Technology Co Ltd,湖北金盛兰冶金科技有限公司,Hubei Jinshenglan Metallurgical Technology Co Ltd,natural person(s) [62.6%]; Yuncheng Investment (Fujian) Co Ltd [9.1%]; Fujian Yongxinqi Investment Co Ltd [6.8%]; Fujian Taisong Investment Co Ltd [4.9%]; Fujian Jinkun Investment Co Ltd [4.2%]; Fuzhou Deyu Investment Co Ltd [3.6%]; Fujian Qikun Investment Co Ltd [2.5%]; Fujian Hongyao Investment Co Ltd [2.4%]; Fujian Shunle Investment Co Ltd [1.9%]; unknown [1.9%],Hubei,China,operating,2016,7450,7450.0,"[{'status': 'operating', 'method': 'BOF', 'capacity': '3250'}, {'status': 'announced', 'method': 'BOF', 'capacity': '1200'}, {'status': 'operating', 'method': 'BF', 'capacity': '3000'}]",BF; BOF,Integrated (BF),29.916729,113.822921,29.916729,113.822921,https://www.gem.wiki/Hubei_Jinshenglan_Metallurgical_Technology_Co_Ltd,China,7450,7450.0,exact,"Hubei, China",Hubei Jinshenglan Metallurgical Technology Co Ltd,E100000123176,湖北金盛兰冶金科技有限公司,Hubei Jinshenglan Metallurgical Technology Co Ltd,E100000123261 [62.6%]; E100000124849 [9.1%]; E100000124850 [6.8%]; E100000124851 [4.9%]; E100000124852 [4.2%]; E100000124853 [3.6%]; E100000124854 [2.5%]; E100000124855 [2.4%]; E100000124856 [1.9%]; E100000132388 [1.9%],natural person(s) [62.6%]; Yuncheng Investment (Fujian) Co Ltd [9.1%]; Fujian Yongxinqi Investment Co Ltd [6.8%]; Fujian Taisong Investment Co Ltd [4.9%]; Fujian Jinkun Investment Co Ltd [4.2%]; Fuzhou Deyu Investment Co Ltd [3.6%]; Fujian Qikun Investment Co Ltd [2.5%]; Fujian Hongyao Investment Co Ltd [2.4%]; Fujian Shunle Investment Co Ltd [1.9%]; unknown [1.9%],operating,GIST,GIST,Iron & Steel,ttpa
steel,P100000120155,Xinji Aosen Iron and Steel Group Co Ltd,辛集市澳森钢铁有限公司,Xinji AOSEN Steel Group Co Ltd,Xinji AOSEN Steel Group Co Ltd [100.0%],Hebei,China,operating,2002,7390,7390.0,"[{'status': 'operating', 'method': 'BOF', 'capacity': '3600'}, {'status': 'operating', 'method': 'BF', 'capacity': '3130'}, {'status': 'retired', 'method': 'BF', 'capacity': '660'}]",BF; BOF,Integrated (BF),37.752351,115.184798,37.752351,115.184798,https://www.gem.wiki/Xinji_Aosen_Iron_and_Steel_Group_Co_Ltd,China,7390,7390.0,exact,"Hebei, China",Xinji Aosen Iron and Steel Group Co Ltd,E100000123213,辛集市澳森特钢集团有限公司,Xinji AOSEN Steel Group Co Ltd,E100000123213 [100.0%],Xinji AOSEN Steel Group Co Ltd [100.0%],operating,GIST,GIST,Iron & Steel,ttpa
steel,P100000120261,Shanxi Xintai Iron and Steel Co Ltd,山西新泰钢铁有限公司,Shanxi Xintai Iron & Steel Co Ltd,Shanxi Antai Holding Group Co Ltd [100.0%],Shanxi,China,operating,2005-05-30,7385,7385.0,"[{'status': 'operating', 'method': 'BOF', 'capacity': '3000'}, {'status': 'operating', 'method': 'BF', 'capacity': '1150'}, {'status': 'announced', 'method': 'BF', 'capacity': '1585'}, {'status': 'mothballed', 'method': 'BF', 'capacity': '550'}, {'status': 'operating pre-retirement', 'method': 'BF', 'capacity': '1100'}]",BF; BOF,Integrated (BF),37.075017,111.985148,37.075017,111.985148,https://www.gem.wiki/Shanxi_Xintai_Iron_and_Steel_Co_Ltd,China,7385,7385.0,exact,"Shanxi, China",Shanxi Xintai Iron and Steel Co Ltd,E100000127010,山西新泰钢铁有限公司,Shanxi Xintai Iron & Steel Co Ltd,E100000127791 [100.0%],Shanxi Antai Holding Group Co Ltd [100.0%],operating,GIST,GIST,Iron & Steel,ttpa
steel,P100000120095,Guangxi Guigang Iron and Steel Group Co Ltd,广西贵港钢铁集团,Guangxi Guigang Iron and Steel Group Co Ltd,natural person(s) [44.0%]; Guigang Helong Investment Partnership LP [41.8%]; Guigang Herun Investment Partnership LP [12.5%]; unknown [1.7%],Guangxi,China,operating,2003,7226,7226.0,"[{'status': 'operating', 'method': 'BOF', 'capacity': '1400'}, {'status': 'mothballed', 'method': 'BOF', 'capacity': '1100'}, {'status': 'announced', 'method': 'BF', 'capacity': '1323'}, {'status': 'cancelled', 'method': 'BF', 'capacity': '1743'}, {'status': 'operating pre-retirement', 'method': 'BF', 'capacity': '1660'}]",BOF; BF,Integrated (BF),23.088182,109.634638,23.088182,109.634638,https://www.gem.wiki/Guangxi_Guigang_Iron_and_Steel_Group_Co_Ltd,China,7226,7226.0,exact,"Guangxi, China",Guangxi Guigang Iron and Steel Group Co Ltd,E100000123225,广西贵港钢铁集团有限公司,Guangxi Guigang Iron and Steel Group Co Ltd,E100000123261 [44.0%]; E100000123900 [41.8%]; E100000123901 [12.5%]; E100000132388 [1.7%],natural person(s) [44.0%]; Guigang Helong Investment Partnership LP [41.8%]; Guigang Herun Investment Partnership LP [12.5%]; unknown [1.7%],operating,GIST,GIST,Iron & Steel,ttpa
steel,P100000120310,Yancheng Lianxin Iron and Steel Co Ltd,江苏盐城联鑫钢铁公司,Yancheng Lianxin Steel Co Ltd,Huachuang Jiangsu Investment Co Ltd [80.4%]; natural person(s) [19.6%],Jiangsu,China,operating,1958,7160,7160.0,"[{'status': 'operating', 'method': 'BOF', 'capacity': '2410'}, {'status': 'announced', 'method': 'EAF', 'capacity': '750'}, {'status': 'operating pre-retirement', 'method': 'EAF', 'capacity': '790'}, {'status': 'operating', 'method': 'BF', 'capacity': '3210'}]",BF; BOF; EAF,Integrated (BF),33.211332,120.774892,33.211332,120.774892,https://www.gem.wiki/Yancheng_Lianxin_Iron_and_Steel_Co_Ltd,China,7160,7160.0,exact,"Jiangsu, China",Yancheng Lianxin Iron and Steel Co Ltd,E100000126645,盐城市联鑫钢铁有限公司,Yancheng Lianxin Steel Co Ltd,E100000128098 [80.4%]; E100000123261 [19.6%],Huachuang Jiangsu Investment Co Ltd [80.4%]; natural person(s) [19.6%],operating,GIST,GIST,Iron & Steel,ttpa
steel,P100000120070,Anhui Changjiang Steel Co Ltd,龙山桥钢铁总厂,Anhui Changjiang Steel Co Ltd,Maanshan Iron & Steel Co Ltd [55.0%]; natural person(s) [37.2%]; unknown [7.8%],Anhui,China,operating,2003,7140,7140.0,"[{'status': 'operating', 'method': 'BOF', 'capacity': '2700'}, {'status': 'operating', 'method': 'EAF', 'capacity': '1100'}, {'status': 'operating', 'method': 'BF', 'capacity': '3340'}]",BF; BOF; EAF,Integrated (BF),31.502272,118.465162,31.502272,118.465162,https://www.gem.wiki/Anhui_Changjiang_Steel_Co_Ltd,China,7140,7140.0,exact,"Anhui, China",Anhui Changjiang Steel Co Ltd,E100000123155,安徽长江钢铁股份有限公司,Anhui Changjiang Steel Co Ltd,E100000123737 [55.0%]; E100000123261 [37.2%]; E100000132388 [7.8%],Maanshan Iron & Steel Co Ltd [55.0%]; natural person(s) [37.2%]; unknown [7.8%],operating,GIST,GIST,Iron & Steel,ttpa
steel,P100000120168,Henan Yaxin Iron and Steel Group Co Ltd,河南亚新钢铁集团有限公司,Henan YAXIN Steel Industry Co Ltd,Henan YAXIN Steel Industry Co Ltd [100.0%],Henan,China,operating,2003,7070,7070.0,"[{'status': 'operating', 'method': 'BOF', 'capacity': '1000'}, {'status': 'construction', 'method': 'BOF', 'capacity': '1600'}, {'status': 'operating pre-retirement', 'method': 'BOF', 'capacity': '1000'}, {'status': 'operating', 'method': 'BF', 'capacity': '700'}, {'status': 'announced', 'method': 'BF', 'capacity': '1370'}, {'status': 'operating pre-retirement', 'method': 'BF', 'capacity': '1400'}]",BF; BOF,Integrated (BF),35.879956,114.334825,35.879956,114.334825,https://www.gem.wiki/Henan_Yaxin_Iron_and_Steel_Group_Co_Ltd,China,7070,7070.0,exact,"Henan, China",Henan Yaxin Iron and Steel Group Co Ltd,E100000127122,河南亚新钢铁集团有限公司,Henan YAXIN Steel Industry Co Ltd,E100000127122 [100.0%],Henan YAXIN Steel Industry Co Ltd [100.0%],operating,GIST,GIST,Iron & Steel,ttpa
steel,P100000120255,Shandong Laigang Yongfeng Steel Co Ltd,山东莱钢永锋钢铁有限公司,Shandong Laigang Yongfeng Steel Corp,Qihe Zhongxin Investment Co Ltd [55.5%]; Shandong Iron and Steel Group Co Ltd [24.1%]; Yongfeng Group Co Ltd [10.1%]; Shandong Guohui Investment Co Ltd [6.9%]; Shandong Caixin Asset Operation Co Ltd [3.4%],Shandong,China,retired,2002-06-13,7060,7060.0,"[{'status': 'retired', 'method': 'BOF', 'capacity': '2700'}, {'status': 'retired', 'method': 'BF', 'capacity': '4360'}]",BF; BOF,Integrated (BF),36.7993,116.8026,36.7993,116.8026,https://www.gem.wiki/Shandong_Laigang_Yongfeng_Steel_Co_Ltd,China,7060,7060.0,exact,"Shandong, China",Shandong Laigang Yongfeng Steel Co Ltd,E100000123803,山东莱钢永锋钢铁有限公司,Shandong Laigang Yongfeng Steel Corp,E100000124596 [55.5%]; E100000124598 [24.1%]; E100000124595 [10.1%]; E100000124585 [6.9%]; E100000124453 [3.4%],Qihe Zhongxin Investment Co Ltd [55.5%]; Shandong Iron and Steel Group Co Ltd [24.1%]; Yongfeng Group Co Ltd [10.1%]; Shandong Guohui Investment Co Ltd [6.9%]; Shandong Caixin Asset Operation Co Ltd [3.4%],retired,GIST,GIST,Iron & Steel,ttpa
steel,P100000120235,Shaanxi Steel Group Hanzhong Iron and Steel Co Ltd,陕西汉中汉江钢铁(集团)股份有限公司,Shangang Group Hanzhong Iron & Steel Co Ltd,Shaanxi Coal and Chemical Industry Co Ltd [85.8%]; Hanzhong Investment Holding Group Co Ltd [8.9%]; unknown [5.3%],Shaanxi,China,operating,2009-06-25,7040,7040.0,"[{'status': 'operating', 'method': 'BOF', 'capacity': '3000'}, {'status': 'operating', 'method': 'BF', 'capacity': '4040'}]",BF; BOF,Integrated (BF),33.133192,106.671859,33.133192,106.671859,https://www.gem.wiki/Shaanxi_Steel_Group_Hanzhong_Iron_and_Steel_Co_Ltd,China,7040,7040.0,exact,"Shaanxi, China",Shaanxi Steel Group Hanzhong Iron and Steel Co Ltd,E100000123197,陕钢集团汉中钢铁有限责任公司,Shangang Group Hanzhong Iron & Steel Co Ltd,E100001000403 [85.8%]; E100000124716 [8.9%]; E100000132388 [5.3%],Shaanxi Coal and Chemical Industry Co Ltd [85.8%]; Hanzhong Investment Holding Group Co Ltd [8.9%]; unknown [5.3%],operating,GIST,GIST,Iron & Steel,ttpa
steel,P100000121052,Ningxia Jianlong Special Steel Co Ltd,宁夏建龙特钢有限公司,Ningxia Jianlong Special Steel Co Ltd,Beijing Jianlong Investment Co Ltd [90.2%]; unknown [9.8%],Ningxia,China,operating,2012-04-18,7001,7001.0,"[{'status': 'operating', 'method': 'BOF', 'capacity': '3500'}, {'status': 'operating', 'method': 'BF', 'capacity': '3501'}]",BF; BOF,Integrated (BF),39.215452,106.688294,39.215452,106.688294,https://www.gem.wiki/Ningxia_Jianlong_Special_Steel_Co_Ltd,China,7001,7001.0,exact,"Ningxia, China",Ningxia Jianlong Special Steel Co Ltd,E100000126270,宁夏建龙特钢有限公司,Ningxia Jianlong Special Steel Co Ltd,E100000000155 [90.2%]; E100000132388 [9.8%],Beijing Jianlong Investment Co Ltd [90.2%]; unknown [9.8%],operating,GIST,GIST,Iron & Steel,ttpa
steel,P100000120302,Yunnan Qujing Iron and Steel Group Chenggang Iron and Steel Co Ltd,云南曲靖钢铁集团呈钢钢铁有限公司,Yunnan Qujing Iron and Steel Group Chenggang Iron and Steel Co Ltd,Yunan Qujing Shuangyou Steel Co Ltd [25.0%]; Yunnan Qujing Chenggang Iron and Steel (Group) Co Ltd [25.0%]; Fujian XINPENG Investment Co Ltd [16.6%]; Xuanwei Laibin Fenghuang Steel Co Ltd [16.0%]; Qujing Julida Steel Co Ltd [8.0%]; Qujing Wuyue New Energy Technology Co Ltd [5.5%]; Yunnan Tongyanbao Trading Co Ltd [1.7%]; unknown [1.0%]; Yunnan Qujing Yaochang Trade Co Ltd [0.9%]; Qujing Botong Trading Co Ltd [0.4%],Yunnan,China,operating,2013-08-19,7000,7000.0,"[{'status': 'operating', 'method': 'BOF', 'capacity': '2600'}, {'status': 'operating', 'method': 'BF', 'capacity': '2260'}, {'status': 'retired', 'method': 'BF', 'capacity': '2140'}]",BF; BOF,Integrated (BF),25.45543,103.547242,25.45543,103.547242,https://www.gem.wiki/Yunnan_Qujing_Iron_and_Steel_Group_Chenggang_Iron_and_Steel_Co_Ltd,China,7000,7000.0,exact,"Yunnan, China",Yunnan Qujing Iron and Steel Group Chenggang Iron and Steel Co Ltd,E100000126929,云南曲靖钢铁集团呈钢钢铁有限公司,Yunnan Qujing Iron and Steel Group Chenggang Iron and Steel Co Ltd,E100000128309 [25.0%]; E100001000471 [25.0%]; E100000128963 [16.6%]; E100000128311 [16.0%]; E100000128312 [8.0%]; E100000128964 [5.5%]; E100000128965 [1.7%]; E100000132388 [1.0%]; E100000128938 [0.9%]; E100000128939 [0.4%],Yunan Qujing Shuangyou Steel Co Ltd [25.0%]; Yunnan Qujing Chenggang Iron and Steel (Group) Co Ltd [25.0%]; Fujian XINPENG Investment Co Ltd [16.6%]; Xuanwei Laibin Fenghuang Steel Co Ltd [16.0%]; Qujing Julida Steel Co Ltd [8.0%]; Qujing Wuyue New Energy Technology Co Ltd [5.5%]; Yunnan Tongyanbao Trading Co Ltd [1.7%]; unknown [1.0%]; Yunnan Qujing Yaochang Trade Co Ltd [0.9%]; Qujing Botong Trading Co Ltd [0.4%],operating,GIST,GIST,Iron & Steel,ttpa
steel,P100000120187,Inner Mongolia Yaxin Longshun Special Steel Co Ltd,内蒙古亚新隆顺特钢有限公司,Inner Mongolia Yaxinlongshun Special Steel Co Ltd,Inner Mongolia Yaxinlongshun Special Steel Co Ltd [100.0%],Inner Mongolia,China,operating,2005-11-03,6950,6950.0,"[{'status': 'operating', 'method': 'BOF', 'capacity': '2000'}, {'status': 'operating', 'method': 'BF', 'capacity': '540'}, {'status': 'announced', 'method': 'BF', 'capacity': '1520'}, {'status': 'construction', 'method': 'BF', 'capacity': '1430'}, {'status': 'retired', 'method': 'BF', 'capacity': '1460'}]",BF; BOF,Integrated (BF),40.689778,110.214707,40.689778,110.214707,https://www.gem.wiki/Inner_Mongolia_Yaxin_Longshun_Special_Steel_Co_Ltd,China,6950,6950.0,exact,"Inner Mongolia, China",Inner Mongolia Yaxin Longshun Special Steel Co Ltd,E100000123178,内蒙古亚新隆顺特钢有限公司,Inner Mongolia Yaxinlongshun Special Steel Co Ltd,E100000123178 [100.0%],Inner Mongolia Yaxinlongshun Special Steel Co Ltd [100.0%],operating,GIST,GIST,Iron & Steel,ttpa
steel,P100000120096,Shougang Shuicheng Iron and Steel Group Co Ltd,首钢水城钢铁(集团)有限公司,Shougang Shuicheng Iron & Steel (Group) Co Ltd,Beijing State-owned Capital Management Center [61.1%]; China Huarong Asset Management Co Ltd [16.2%]; China Cinda Asset Management Co Ltd [13.2%]; unknown [9.6%],Guizhou,China,operating,1966,6801,6801.0,"[{'status': 'operating', 'method': 'BOF', 'capacity': '3501'}, {'status': 'operating', 'method': 'BF', 'capacity': '3300'}]",BF; BOF,Integrated (BF),26.595229,104.877413,26.595229,104.877413,https://www.gem.wiki/Shougang_Shuicheng_Iron_and_Steel_Group_Co_Ltd,China,6801,6801.0,exact,"Guizhou, China",Shougang Shuicheng Iron and Steel Group Co Ltd,E100000128137,首钢水城钢铁（集团）有限责任公司,Shougang Shuicheng Iron & Steel (Group) Co Ltd,E100000000158 [61.1%]; E100000123273 [16.2%]; E100000123329 [13.2%]; E100000132388 [9.6%],Beijing State-owned Capital Management Center [61.1%]; China Huarong Asset Management Co Ltd [16.2%]; China Cinda Asset Management Co Ltd [13.2%]; unknown [9.6%],operating,GIST,GIST,Iron & Steel,ttpa
steel,P100000121048,Yangzhou Hengrun Ocean Heavy Industry Co Ltd,扬州恒润海洋重工有限公司,Yangzhou Hengrun Ocean Heavy Industry Co Ltd,Yangzhou Hengrun Ocean Heavy Industry Co Ltd [100.0%],Jiangsu,China,operating,2012-10-10,6800,6800.0,"[{'status': 'operating', 'method': 'BOF', 'capacity': '3300'}, {'status': 'operating', 'method': 'BF', 'capacity': '3500'}]",BF; BOF,Integrated (BF),32.249602,119.620438,32.249602,119.620438,https://www.gem.wiki/Yangzhou_Hengrun_Ocean_Heavy_Industry_Co_Ltd,China,6800,6800.0,exact,"Jiangsu, China",Yangzhou Hengrun Ocean Heavy Industry Co Ltd,E100000123216,扬州恒润海洋重工有限公司,Yangzhou Hengrun Ocean Heavy Industry Co Ltd,E100000123216 [100.0%],Yangzhou Hengrun Ocean Heavy Industry Co Ltd [100.0%],operating,GIST,GIST,Iron & Steel,ttpa
steel,P100000120115,Hebei Wenfeng Iron and Steel Co Ltd,河北文丰钢铁有限公司,Hebei Wenfeng STEEL&IRON Co Ltd,Hebei Wenfeng STEEL&IRON Co Ltd [100.0%],Hebei,China,retired,2001,6726,6726.0,"[{'status': 'retired', 'method': 'BOF', 'capacity': '3499'}, {'status': 'retired', 'method': 'BF', 'capacity': '3227'}]",BF; BOF,Integrated (BF),36.64577,114.124258,36.64577,114.124258,https://www.gem.wiki/Hebei_Wenfeng_Iron_and_Steel_Co_Ltd,China,6726,6726.0,exact,"Hebei, China",Hebei Wenfeng Iron and Steel Co Ltd,E100000127214,河北文丰钢铁有限公司,Hebei Wenfeng STEEL&IRON Co Ltd,E100000127214 [100.0%],Hebei Wenfeng STEEL&IRON Co Ltd [100.0%],retired,GIST,GIST,Iron & Steel,ttpa
steel,P100000120136,Hebei Xin Wuan Steel Group Hongrong Iron and Steel Co Ltd,河北新武安钢铁集团烘熔钢铁有限公司,Hebei New Wuan Lron and Steel Group Hong Rong Lron and Steel Co Ltd,Hebei Puyang Industrial Group Co Ltd [45.5%]; Xianghe Hongcheng New Energy Technology Co Ltd [27.6%]; Longxiang Group (Hong Kong) [24.5%]; unknown [2.4%],Hebei,China,operating,1984,6700,6700.0,"[{'status': 'operating', 'method': 'BOF', 'capacity': '1350'}, {'status': 'retired', 'method': 'BOF', 'capacity': '2250'}, {'status': 'operating', 'method': 'BF', 'capacity': '1060'}, {'status': 'mothballed', 'method': 'BF', 'capacity': '1370'}, {'status': 'retired', 'method': 'BF', 'capacity': '670'}]",BF; BOF,Integrated (BF),36.640411,113.981172,36.640411,113.981172,https://www.gem.wiki/Hebei_Xin_Wuan_Steel_Group_Hongrong_Iron_and_Steel_Co_Ltd,China,6700,6700.0,exact,"Hebei, China",Hebei Xin Wuan Steel Group Hongrong Iron and Steel Co Ltd,E100000126533,河北新武安钢铁集团烘熔钢铁有限公司,Hebei New Wuan Lron and Steel Group Hong Rong Lron and Steel Co Ltd,E100000124068 [45.5%]; E100000128348 [27.6%]; E100000126000 [24.5%]; E100000132388 [2.4%],Hebei Puyang Industrial Group Co Ltd [45.5%]; Xianghe Hongcheng New Energy Technology Co Ltd [27.6%]; Longxiang Group (Hong Kong) [24.5%]; unknown [2.4%],operating,GIST,GIST,Iron & Steel,ttpa
steel,P100000121151,Shanxi Meijin Iron and Steel Co Ltd Yuanping City,美锦钢铁公司,Shanxi Meijin Iron and Steel Co Ltd,Meijin Energy Group Co Ltd [50.0%]; China New Energy Group Ltd [48.0%]; unknown [2.0%],Shanxi,China,announced,unknown,6608,6608.0,"[{'status': 'announced', 'method': 'BOF', 'capacity': '3090'}, {'status': 'announced', 'method': 'BF', 'capacity': '3518'}]",BF; BOF,Integrated (BF),38.7393,112.689086,38.7393,112.689086,https://www.gem.wiki/Shanxi_Meijin_Iron_and_Steel_Co_Ltd_Yuanping_City,China,6608,6608.0,approximate,"Shanxi, China",Shanxi Meijin Iron and Steel Co Ltd Yuanping City,E100000126886,山西美锦钢铁有限公司,Shanxi Meijin Iron and Steel Co Ltd,E100000123821 [50.0%]; E100001010236 [48.0%]; E100000132388 [2.0%],Meijin Energy Group Co Ltd [50.0%]; China New Energy Group Ltd [48.0%]; unknown [2.0%],announced,GIST,GIST,Iron & Steel,ttpa
steel,P100000120123,Chengde Jianlong Special Steel Co Ltd,承德建龙特殊钢有限公司,Chengde Jianlong SPECIAL Steel Co Ltd,Beijing Jianlong Investment Co Ltd [90.2%]; unknown [9.8%],Hebei,China,operating,2001,6591,6591.0,"[{'status': 'operating', 'method': 'BOF', 'capacity': '4400'}, {'status': 'operating', 'method': 'BF', 'capacity': '2191'}]",BF; BOF,Integrated (BF),40.515035,117.596071,40.515035,117.596071,https://www.gem.wiki/Chengde_Jianlong_Special_Steel_Co_Ltd,China,6591,6591.0,exact,"Hebei, China",Chengde Jianlong Special Steel Co Ltd,E100000126323,承德建龙特殊钢有限公司,Chengde Jianlong SPECIAL Steel Co Ltd,E100000000155 [90.2%]; E100000132388 [9.8%],Beijing Jianlong Investment Co Ltd [90.2%]; unknown [9.8%],operating,GIST,GIST,Iron & Steel,ttpa
steel,P100001061536,Yunnan Qujing Shuangyou Iron and Steel Co Ltd,云南曲靖钢铁集团双友钢铁有限公司,Yunnan Qujing Shuangyou Iron and Steel Co Ltd,Yunnan Qujing Shuangyou Iron and Steel Co Ltd [100.0%],Yunnan,China,operating pre-retirement,2012,6560,6560.0,"[{'status': 'construction', 'method': 'BOF', 'capacity': '130'}, {'status': 'retired', 'method': 'BOF', 'capacity': '1900'}, {'status': 'construction', 'method': 'BF', 'capacity': '2260'}, {'status': 'retired', 'method': 'BF', 'capacity': '1280'}, {'status': 'operating pre-retirement', 'method': 'BF', 'capacity': '990'}]",BF; BOF,Integrated (BF),25.54218,103.781041,25.54218,103.781041,https://www.gem.wiki/Yunnan_Qujing_Shuangyou_Iron_and_Steel_Co_Ltd,China,6560,6560.0,exact,"Yunnan, China",Yunnan Qujing Shuangyou Iron and Steel Co Ltd,E100002019324,云南曲靖钢铁集团双友钢铁有限公司,Yunnan Qujing Shuangyou Iron and Steel Co Ltd,E100002019324 [100.0%],Yunnan Qujing Shuangyou Iron and Steel Co Ltd [100.0%],operating pre-retirement,GIST,GIST,Iron & Steel,ttpa
steel,P100000120129,Zhongpu Handan Iron and Steel Co Ltd,中普(邯郸)钢铁有限公司,Zhongpu (Handan) Iron and Steel Co Ltd,Longxiang Group (Hong Kong) [66.8%]; Hebei Puyang Industrial Group Co Ltd [33.2%],Hebei,China,operating,2003,6400,6400.0,"[{'status': 'operating', 'method': 'BOF', 'capacity': '1500'}, {'status': 'retired', 'method': 'BOF', 'capacity': '1150'}, {'status': 'operating', 'method': 'EAF', 'capacity': '750'}, {'status': 'operating', 'method': 'BF', 'capacity': '2300'}, {'status': 'retired', 'method': 'BF', 'capacity': '700'}]",BF; BOF; EAF,Integrated (BF),36.721376,113.910271,36.721376,113.910271,https://www.gem.wiki/Zhongpu_Handan_Iron_and_Steel_Co_Ltd,China,6400,6400.0,exact,"Hebei, China",Zhongpu Handan Iron and Steel Co Ltd,E100000126142,中普（邯郸）钢铁有限公司,Zhongpu (Handan) Iron and Steel Co Ltd,E100000126000 [66.8%]; E100000124068 [33.2%],Longxiang Group (Hong Kong) [66.8%]; Hebei Puyang Industrial Group Co Ltd [33.2%],operating,GIST,GIST,Iron & Steel,ttpa
steel,P100000120331,Henan Angang Zhoukou Iron and Steel Co Ltd,河南安钢周口钢铁有限责任公司,Henan Angang Zhoukou Iron and Steel Co Ltd,Anyang Iron & Steel Co Ltd [76.9%]; Zhoukou Investment Group Co Ltd [9.1%]; Henan Agric. Synthesis Exploitation Co Ltd [4.6%]; unknown [4.4%]; Sanmenxia Investment Group Co Ltd [2.4%]; Kaifeng Construction Lnvestment Co Ltd [1.2%]; Xinxiang Muye Development Management Co Ltd [0.9%]; Hoyer GmbH [0.2%]; China Logistics Group Co Ltd [0.1%]; Beijing Guanglong Enterprise Management Consulting Center LP [0.1%]; Guangxi Yingtongtong Investment Co Ltd [0.1%]; Huludao Hongyun Group Co Ltd [0.0%]; Sichuan Development Holding Co Ltd [0.0%]; Wuhan Industrial Investment Holding Group Co Ltd [0.0%]; Shihezi Shangde Equity Investment Partnership LP [0.0%],Henan,China,operating,2021,6330,6330.0,"[{'status': 'operating', 'method': 'BOF', 'capacity': '1750'}, {'status': 'announced', 'method': 'EAF', 'capacity': '1300'}, {'status': 'operating', 'method': 'BF', 'capacity': '1580'}, {'status': 'announced', 'method': 'BF', 'capacity': '1700'}]",BF; BOF; EAF,Integrated (BF),33.364534,115.099661,33.364534,115.099661,https://www.gem.wiki/Henan_Angang_Zhoukou_Iron_and_Steel_Co_Ltd,China,6330,6330.0,exact,"Henan, China",Henan Angang Zhoukou Iron and Steel Co Ltd,E100000126343,河南安钢周口钢铁有限责任公司,Henan Angang Zhoukou Iron and Steel Co Ltd,E100001000432 [76.9%]; E100000128071 [9.1%]; E100000125002 [4.6%]; E100000132388 [4.4%]; E100000124395 [2.4%]; E100000128928 [1.2%]; E100000128834 [0.9%]; E100001010241 [0.2%]; E100000129013 [0.1%]; E100000129052 [0.1%]; E100000128899 [0.1%]; E100000129014 [0.0%]; E100000000270 [0.0%]; E100000130359 [0.0%]; E100000129017 [0.0%],Anyang Iron & Steel Co Ltd [76.9%]; Zhoukou Investment Group Co Ltd [9.1%]; Henan Agric. Synthesis Exploitation Co Ltd [4.6%]; unknown [4.4%]; Sanmenxia Investment Group Co Ltd [2.4%]; Kaifeng Construction Lnvestment Co Ltd [1.2%]; Xinxiang Muye Development Management Co Ltd [0.9%]; Hoyer GmbH [0.2%]; China Logistics Group Co Ltd [0.1%]; Beijing Guanglong Enterprise Management Consulting Center LP [0.1%]; Guangxi Yingtongtong Investment Co Ltd [0.1%]; Huludao Hongyun Group Co Ltd [0.0%]; Sichuan Development Holding Co Ltd [0.0%]; Wuhan Industrial Investment Holding Group Co Ltd [0.0%]; Shihezi Shangde Equity Investment Partnership LP [0.0%],operating,GIST,GIST,Iron & Steel,ttpa
steel,P100000120075,Sichuan Desheng Group Vanadium and Titanium Co Ltd,四川德胜集团钒钛有限公司,"Sichuan De Sheng Group, Vanadium and Titanium Co Ltd",Haojun Development Group Co Ltd [49.0%]; natural person(s) [26.8%]; Yunnan Desheng Steel Co Ltd [14.0%]; Yunnan Desheng Logistics Co Ltd [10.2%],Chongqing,China,operating,1997,6250,6250.0,"[{'status': 'operating', 'method': 'BOF', 'capacity': '3000'}, {'status': 'operating', 'method': 'BF', 'capacity': '2250'}, {'status': 'retired', 'method': 'BF', 'capacity': '1000'}]",BF; BOF,Integrated (BF),29.39798,103.542532,29.39798,103.542532,https://www.gem.wiki/Sichuan_Desheng_Group_Vanadium_and_Titanium_Co_Ltd,China,6250,6250.0,exact,"Chongqing, China",Sichuan Desheng Group Vanadium and Titanium Co Ltd,E100000126458,四川德胜集团钒钛有限公司,"Sichuan De Sheng Group, Vanadium and Titanium Co Ltd",E100000128691 [49.0%]; E100000123261 [26.8%]; E100000126976 [14.0%]; E100000127448 [10.2%],Haojun Development Group Co Ltd [49.0%]; natural person(s) [26.8%]; Yunnan Desheng Steel Co Ltd [14.0%]; Yunnan Desheng Logistics Co Ltd [10.2%],operating,GIST,GIST,Iron & Steel,ttpa
steel,P100000120161,Wuyang Iron and Steel Co Ltd,舞阳钢铁有限责任公司,Wuyang Iron and Steel Co Ltd,HBIS Group Co Ltd [53.1%]; China Baowu Steel Group Co Ltd [27.7%]; China Huarong Asset Management Co Ltd [8.3%]; HBIS Co Ltd [8.1%]; unknown [2.8%],Henan,China,operating,1970,6240,6240.0,"[{'status': 'operating', 'method': 'BOF', 'capacity': '1200'}, {'status': 'operating', 'method': 'EAF', 'capacity': '3840'}, {'status': 'operating', 'method': 'BF', 'capacity': '1200'}]",BF; BOF; EAF,Integrated (BF),33.287536,113.474328,33.287536,113.474328,https://www.gem.wiki/Wuyang_Iron_and_Steel_Co_Ltd,China,6240,6240.0,exact,"Henan, China",Wuyang Iron and Steel Co Ltd,E100000126121,舞阳钢铁有限责任公司,Wuyang Iron and Steel Co Ltd,E100000124529 [53.1%]; E100001000472 [27.7%]; E100000123273 [8.3%]; E100000123542 [8.1%]; E100000132388 [2.8%],HBIS Group Co Ltd [53.1%]; China Baowu Steel Group Co Ltd [27.7%]; China Huarong Asset Management Co Ltd [8.3%]; HBIS Co Ltd [8.1%]; unknown [2.8%],operating,GIST,GIST,Iron & Steel,ttpa
steel,P100000120324,Hebei Tianzhu Iron and Steel Group Co Ltd,河北天柱钢铁集团有限公司,Hebei Tianzhu Iron and Steel Group Special Steel Co Ltd,Hebei Tianzhu IRON&STEEL (GROUP) Co Ltd [100.0%],Hebei,China,operating,2022,6074,6074.0,"[{'status': 'operating', 'method': 'BOF', 'capacity': '3034'}, {'status': 'operating', 'method': 'BF', 'capacity': '3040'}]",BF; BOF,Integrated (BF),39.270032,119.01376,39.270032,119.01376,https://www.gem.wiki/Hebei_Tianzhu_Iron_and_Steel_Group_Co_Ltd,China,6074,6074.0,exact,"Hebei, China",Hebei Tianzhu Iron and Steel Group Co Ltd,E100000126131,河北天柱钢铁集团特钢有限公司,Hebei Tianzhu Iron and Steel Group Special Steel Co Ltd,E100000123221 [100.0%],Hebei Tianzhu IRON&STEEL (GROUP) Co Ltd [100.0%],operating,GIST,GIST,Iron & Steel,ttpa
steel,P100000120081,Fujian Tsingtuo Nickel Industry Co Ltd,福建鼎信镍业有限公司,Fujian Tsingtuo Nickel Industry Co Ltd,Shanghai Decent Investment (Group) Co Ltd [34.7%]; TSINGSHAN Holding Group Co Ltd [30.5%]; unknown [26.1%]; Zhejiang Qingshan Business Management Co Ltd [8.7%],Fujian,China,operating,2011,6006,6006.0,"[{'status': 'operating', 'method': 'EAF', 'capacity': '3000'}, {'status': 'operating', 'method': 'BF', 'capacity': '3006'}]",BF; EAF,Integrated (BF),26.768925,119.765203,26.768925,119.765203,https://www.gem.wiki/Fujian_Tsingtuo_Nickel_Industry_Co_Ltd,China,6006,6006.0,exact,"Fujian, China",Fujian Tsingtuo Nickel Industry Co Ltd,E100000126778,福建青拓镍业有限公司,Fujian Tsingtuo Nickel Industry Co Ltd,E100000128090 [34.7%]; E100000128088 [30.5%]; E100000132388 [26.1%]; E100000128539 [8.7%],Shanghai Decent Investment (Group) Co Ltd [34.7%]; TSINGSHAN Holding Group Co Ltd [30.5%]; unknown [26.1%]; Zhejiang Qingshan Business Management Co Ltd [8.7%],operating,GIST,GIST,Iron & Steel,ttpa
steel,P100000120121,Delong Steel Co Ltd,德龙钢铁有限公司,DELONG Steel Ltd,British Asia Pan Ruogen International Co Ltd [100.0%],Hebei,China,operating,2000,6000,6000.0,"[{'status': 'operating', 'method': 'BOF', 'capacity': '3000'}, {'status': 'operating', 'method': 'BF', 'capacity': '3000'}]",BF; BOF,Integrated (BF),37.086116,114.384832,37.086116,114.384832,https://www.gem.wiki/Delong_Steel_Co_Ltd,China,6000,6000.0,exact,"Hebei, China",Delong Steel Co Ltd,E100000126785,德龙钢铁有限公司,DELONG Steel Ltd,E100000130417 [100.0%],British Asia Pan Ruogen International Co Ltd [100.0%],operating,GIST,GIST,Iron & Steel,ttpa
steel,P100000120197,Jiangsu Jingye Iron and Steel Co Ltd,灌南兴鑫钢铁有限公司,Jiangsu Jingye Iron and Steel Co Ltd,Jiangsu Jingye Iron and Steel Co Ltd [100.0%],Jiangsu,China,operating,2003-10-28,6000,6000.0,"[{'status': 'operating', 'method': 'BOF', 'capacity': '3000'}, {'status': 'operating', 'method': 'BF', 'capacity': '3000'}]",BF; BOF,Integrated (BF),34.38381,119.786878,34.38381,119.786878,https://www.gem.wiki/Jiangsu_Jingye_Iron_and_Steel_Co_Ltd,China,6000,6000.0,exact,"Jiangsu, China",Jiangsu Jingye Iron and Steel Co Ltd,E100002020303,江苏敬业钢铁有限责任公司,Jiangsu Jingye Iron and Steel Co Ltd,E100002020303 [100.0%],Jiangsu Jingye Iron and Steel Co Ltd [100.0%],operating,GIST,GIST,Iron & Steel,ttpa
steel,P100000120132,Jinding Heavy Industry Co Ltd,金鼎重工股份有限公司,Jinding Heavy Industries Co Ltd,CSCEC Rongdong Investment Holding Co Ltd [90.0%]; Fang TongZhou Holding Co Ltd [8.0%]; unknown [2.0%],Hebei,China,operating,1995,6000,6000.0,"[{'status': 'operating', 'method': 'BOF', 'capacity': '3000'}, {'status': 'operating', 'method': 'BF', 'capacity': '3000'}]",BF; BOF,Integrated (BF),36.718952,114.111677,36.718952,114.111677,https://www.gem.wiki/Jinding_Heavy_Industry_Co_Ltd,China,6000,6000.0,exact,"Hebei, China",Jinding Heavy Industry Co Ltd,E100000126942,金鼎重工有限公司,Jinding Heavy Industries Co Ltd,E100000128793 [90.0%]; E100000128301 [8.0%]; E100000132388 [2.0%],CSCEC Rongdong Investment Holding Co Ltd [90.0%]; Fang TongZhou Holding Co Ltd [8.0%]; unknown [2.0%],operating,GIST,GIST,Iron & Steel,ttpa
steel,P100000120181,Lengshuijiang Steel Co Ltd,冷水江博大钢铁有限公司,Lengshuijiang Iron and Steel Co Ltd,Lengshuijiang Xingbo Enterprise Management Co Ltd [49.6%]; unknown [28.6%]; Shanghai Baoke Enterprise Development Co Ltd [15.0%]; Shanghai Zhenchang Metal Resources Group Co Ltd [5.4%]; Shanghai Zhenchang Waste and Scrap Metal Recycling Co Ltd [1.4%],Hunan,China,operating,1958,5999,5999.0,"[{'status': 'operating', 'method': 'BOF', 'capacity': '3000'}, {'status': 'operating', 'method': 'BF', 'capacity': '2999'}]",BF; BOF,Integrated (BF),27.690401,111.437288,27.690401,111.437288,https://www.gem.wiki/Lengshuijiang_Steel_Co_Ltd,China,5999,5999.0,exact,"Hunan, China",Lengshuijiang Steel Co Ltd,E100000126341,冷水江钢铁有限责任公司,Lengshuijiang Iron and Steel Co Ltd,E100000128565 [49.6%]; E100000132388 [28.6%]; E100000127514 [15.0%]; E100000128282 [5.4%]; E100000127515 [1.4%],Lengshuijiang Xingbo Enterprise Management Co Ltd [49.6%]; unknown [28.6%]; Shanghai Baoke Enterprise Development Co Ltd [15.0%]; Shanghai Zhenchang Metal Resources Group Co Ltd [5.4%]; Shanghai Zhenchang Waste and Scrap Metal Recycling Co Ltd [1.4%],operating,GIST,GIST,Iron & Steel,ttpa
steel,P100000120211,Fangda Special Steel Technology Co Ltd,南昌钢铁有限责任公司,Fangda Special Steel Technology Co Ltd,Fangda Special Steel Technology Co Ltd [100.0%],Jiangxi,China,operating,1958-08-01,5950,5950.0,"[{'status': 'operating', 'method': 'BOF', 'capacity': '2800'}, {'status': 'operating', 'method': 'BF', 'capacity': '3150'}]",BF; BOF,Integrated (BF),28.645441,115.99204,28.645441,115.99204,https://www.gem.wiki/Fangda_Special_Steel_Technology_Co_Ltd,China,5950,5950.0,exact,"Jiangxi, China",Fangda Special Steel Technology Co Ltd,E100000126116,方大特钢科技股份有限公司,Fangda Special Steel Technology Co Ltd,E100000126116 [100.0%],Fangda Special Steel Technology Co Ltd [100.0%],operating,GIST,GIST,Iron & Steel,ttpa
steel,P100000120348,Lianyungang Yaxin Iron and Steel Co Ltd,连云港亚新钢铁有限公司,Lianyungang Yaxin Iron and Steel Co Ltd,Lianyungang Yaxin Iron and Steel Co Ltd [100.0%],Jiangsu,China,operating,2009-08-18,5800,5800.0,"[{'status': 'operating', 'method': 'BOF', 'capacity': '3000'}, {'status': 'operating', 'method': 'BF', 'capacity': '2800'}]",BF; BOF,Integrated (BF),34.423786,119.778311,34.423786,119.778311,https://www.gem.wiki/Lianyungang_Yaxin_Iron_and_Steel_Co_Ltd,China,5800,5800.0,exact,"Jiangsu, China",Lianyungang Yaxin Iron and Steel Co Ltd,E100000126647,连云港亚新钢铁有限公司,Lianyungang Yaxin Iron and Steel Co Ltd,E100000126647 [100.0%],Lianyungang Yaxin Iron and Steel Co Ltd [100.0%],operating,GIST,GIST,Iron & Steel,ttpa
steel,P100000120232,Ningxia Iron and Steel Group Co Ltd,宁夏钢铁(集团)有限责任公司,Ningxia Iron and Steel (Group) Co Ltd,Ningxia Haofeng Weiye Steel Co Ltd [79.0%]; natural person(s) [21.0%],Ningxia,China,operating,1958,5790,5790.0,"[{'status': 'operating', 'method': 'BOF', 'capacity': '1800'}, {'status': 'operating', 'method': 'BF', 'capacity': '2590'}, {'status': 'retired', 'method': 'BF', 'capacity': '1400'}]",BF; BOF,Integrated (BF),37.503054,105.078348,37.503054,105.078348,https://www.gem.wiki/Ningxia_Iron_and_Steel_Group_Co_Ltd,China,5790,5790.0,exact,"Ningxia, China",Ningxia Iron and Steel Group Co Ltd,E100000127269,宁夏钢铁（集团）有限责任公司,Ningxia Iron and Steel (Group) Co Ltd,E100000127604 [79.0%]; E100000123261 [21.0%],Ningxia Haofeng Weiye Steel Co Ltd [79.0%]; natural person(s) [21.0%],operating,GIST,GIST,Iron & Steel,ttpa
steel,P100000120215,Jilin Jianlong Steel Co Ltd,通钢集团吉林钢铁有限责任公司,Jilin Jianlong Steel Co Ltd,Beijing Jianlong Investment Co Ltd [90.2%]; unknown [9.8%],Jilin,China,operating,2001-05-01,5780,5780.0,"[{'status': 'operating', 'method': 'BOF', 'capacity': '2700'}, {'status': 'operating', 'method': 'BF', 'capacity': '3080'}]",BF; BOF,Integrated (BF),44.011951,126.537086,44.011951,126.537086,https://www.gem.wiki/Jilin_Jianlong_Steel_Co_Ltd,China,5780,5780.0,exact,"Jilin, China",Jilin Jianlong Steel Co Ltd,E100000125308,吉林建龙钢铁有限责任公司,Jilin Jianlong Steel Co Ltd,E100000000155 [90.2%]; E100000132388 [9.8%],Beijing Jianlong Investment Co Ltd [90.2%]; unknown [9.8%],operating,GIST,GIST,Iron & Steel,ttpa
steel,P100000120150,Hebei Tangyin Iron and Steel Co Ltd,河北唐银钢铁有限公司,Hebei Tangyin IRON&STEEL Co Ltd,HBIS Group Co Ltd [51.0%]; Hebei Yinshui Industrial Group Co Ltd [49.0%],Hebei,China,retired,2006,5740,5740.0,"[{'status': 'retired', 'method': 'BOF', 'capacity': '2700'}, {'status': 'retired', 'method': 'BF', 'capacity': '3040'}]",BF; BOF,Integrated (BF),39.699354,118.213188,39.699354,118.213188,https://www.gem.wiki/Hebei_Tangyin_Iron_and_Steel_Co_Ltd,China,5740,5740.0,exact,"Hebei, China",Hebei Tangyin Iron and Steel Co Ltd,E100000123222,河北唐银钢铁有限公司,Hebei Tangyin IRON&STEEL Co Ltd,E100000124529 [51.0%]; E100000124065 [49.0%],HBIS Group Co Ltd [51.0%]; Hebei Yinshui Industrial Group Co Ltd [49.0%],retired,GIST,GIST,Iron & Steel,ttpa
steel,P100000120167,Henan Fengbao Special Steel Co Ltd,林州凤宝钢铁有限公司,Henan Fengbao SPECIAL Steel Co Ltd,Henan Fengbao SPECIAL Steel Co Ltd [100.0%],Henan,China,operating,2001,5710,5710.0,"[{'status': 'construction', 'method': 'BOF', 'capacity': '1150'}, {'status': 'operating pre-retirement', 'method': 'BOF', 'capacity': '1500'}, {'status': 'operating', 'method': 'BF', 'capacity': '2560'}, {'status': 'retired', 'method': 'BF', 'capacity': '500'}]",BF; BOF,Integrated (BF),36.131666,113.872158,36.131666,113.872158,https://www.gem.wiki/Henan_Fengbao_Special_Steel_Co_Ltd,China,5710,5710.0,exact,"Henan, China",Henan Fengbao Special Steel Co Ltd,E100000127405,河南凤宝特钢有限公司,Henan Fengbao SPECIAL Steel Co Ltd,E100000127405 [100.0%],Henan Fengbao SPECIAL Steel Co Ltd [100.0%],operating,GIST,GIST,Iron & Steel,ttpa
steel,P100000120242,Xiwang Metal Science Technology Co Ltd,山东西王特钢有限公司,Xiwang METAL Science Technology Co Ltd,Xiwang Special Steel Co Ltd [99.6%]; unknown [0.4%],Shandong,China,retired,2007-12-29,5680,5680.0,"[{'status': 'retired', 'method': 'BOF', 'capacity': '2300'}, {'status': 'retired', 'method': 'EAF', 'capacity': '1300'}, {'status': 'retired', 'method': 'BF', 'capacity': '2080'}]",BF; BOF; EAF,Integrated (BF),36.928208,117.694654,36.928208,117.694654,https://www.gem.wiki/Xiwang_Metal_Science_Technology_Co_Ltd,China,5680,5680.0,exact,"Shandong, China",Xiwang Metal Science Technology Co Ltd,E100000126646,西王金属科技有限公司,Xiwang METAL Science Technology Co Ltd,E100000130659 [99.6%]; E100000132388 [0.4%],Xiwang Special Steel Co Ltd [99.6%]; unknown [0.4%],retired,GIST,GIST,Iron & Steel,ttpa
steel,P100000120275,Shougang Changzhi Iron and Steel Co Ltd,首钢长治钢铁有限公司,Shougang Changzhi IRON& Steel Co Ltd,Beijing State-owned Capital Management Center [90.0%]; Changzhi State-owned Industry Asset Operation Co Ltd [10.0%],Shanxi,China,operating,1996-03-13,5680,5680.0,"[{'status': 'operating', 'method': 'BOF', 'capacity': '3600'}, {'status': 'operating', 'method': 'BF', 'capacity': '2080'}]",BF; BOF,Integrated (BF),36.356404,113.060809,36.356404,113.060809,https://www.gem.wiki/Shougang_Changzhi_Iron_and_Steel_Co_Ltd,China,5680,5680.0,exact,"Shanxi, China",Shougang Changzhi Iron and Steel Co Ltd,E100000127139,首钢长治钢铁有限公司,Shougang Changzhi IRON& Steel Co Ltd,E100000000158 [90.0%]; E100000128277 [10.0%],Beijing State-owned Capital Management Center [90.0%]; Changzhi State-owned Industry Asset Operation Co Ltd [10.0%],operating,GIST,GIST,Iron & Steel,ttpa
steel,P100000120379,Tangshan Guotang Steel Co Ltd,唐山国堂钢铁有限公司,Tangshan Guotang Steel Co Ltd,Guotao Co Ltd (Hong Kong) [61.0%]; Tangshan GUOYI SPECIAL Steel Co Ltd [20.0%]; Yushan (Beijing) Metallurgical Investment Co Ltd [19.0%],Hebei,China,operating,2022,5660,5660.0,"[{'status': 'operating', 'method': 'BOF', 'capacity': '3000'}, {'status': 'operating', 'method': 'BF', 'capacity': '2660'}]",BF; BOF,Integrated (BF),39.293147,119.046972,39.293147,119.046972,https://www.gem.wiki/Tangshan_Guotang_Steel_Co_Ltd,China,5660,5660.0,exact,"Hebei, China",Tangshan Guotang Steel Co Ltd,E100000126511,唐山国堂钢铁有限公司,Tangshan Guotang Steel Co Ltd,E100000125875 [61.0%]; E100000126403 [20.0%]; E100000123550 [19.0%],Guotao Co Ltd (Hong Kong) [61.0%]; Tangshan GUOYI SPECIAL Steel Co Ltd [20.0%]; Yushan (Beijing) Metallurgical Investment Co Ltd [19.0%],operating,GIST,GIST,Iron & Steel,ttpa
steel,P100000120134,Wu an Mingfang Iron and Steel Co Ltd,河北新武安钢铁集团明芳钢铁有限公司,Wuan Mingfang Iron & Steel Co Ltd,Hebei Taihang Iron and Steel Group Co Ltd [100.0%],Hebei,China,retired,1984,5639,5639.0,"[{'status': 'retired', 'method': 'BOF', 'capacity': '2999'}, {'status': 'retired', 'method': 'BF', 'capacity': '2640'}]",BF; BOF,Integrated (BF),36.710754,114.207855,36.710754,114.207855,https://www.gem.wiki/Wu_an_Mingfang_Iron_and_Steel_Co_Ltd,China,5639,5639.0,exact,"Hebei, China",Wu an Mingfang Iron and Steel Co Ltd,E100000127023,武安市明芳钢铁有限公司,Wuan Mingfang Iron & Steel Co Ltd,E100000123223 [100.0%],Hebei Taihang Iron and Steel Group Co Ltd [100.0%],retired,GIST,GIST,Iron & Steel,ttpa
steel,P100000120116,Xingtai Iron and Steel Co Ltd,邢台钢铁有限责任公司,Xingtai Iron and Steel Co Ltd,Hebei Jianen Trading Co Ltd [48.1%]; Xing Steel Fine Wire Holdings Co Ltd [26.0%]; Xingtai Jinglin Trading Co Ltd [25.9%],Hebei,China,operating pre-retirement,1958,5470,5470.0,"[{'status': 'operating pre-retirement', 'method': 'BOF', 'capacity': '3060'}, {'status': 'retired', 'method': 'BF', 'capacity': '1520'}, {'status': 'operating pre-retirement', 'method': 'BF', 'capacity': '890'}]",BF; BOF,Integrated (BF),37.041601,114.452352,37.041601,114.452352,https://www.gem.wiki/Xingtai_Iron_and_Steel_Co_Ltd,China,5470,5470.0,exact,"Hebei, China",Xingtai Iron and Steel Co Ltd,E100000127007,邢台钢铁有限责任公司,Xingtai Iron and Steel Co Ltd,E100000128173 [48.1%]; E100000130666 [26.0%]; E100000128174 [25.9%],Hebei Jianen Trading Co Ltd [48.1%]; Xing Steel Fine Wire Holdings Co Ltd [26.0%]; Xingtai Jinglin Trading Co Ltd [25.9%],operating pre-retirement,GIST,GIST,Iron & Steel,ttpa
steel,P100000120270,Shanxi Changxin Industrial Co Ltd,山西长信工业有限公司,Shanxi Changxin Industry Co Ltd,Shanxi Changxin Industry Co Ltd [100.0%],Shanxi,China,operating pre-retirement,1989,5455,5455.0,"[{'status': 'announced', 'method': 'BOF', 'capacity': '1475'}, {'status': 'operating pre-retirement', 'method': 'BOF', 'capacity': '1520'}, {'status': 'announced', 'method': 'BF', 'capacity': '1220'}, {'status': 'operating pre-retirement', 'method': 'BF', 'capacity': '1240'}]",BF; BOF,Integrated (BF),36.326589,113.117181,36.326589,113.117181,https://www.gem.wiki/Shanxi_Changxin_Industrial_Co_Ltd,China,5455,5455.0,exact,"Shanxi, China",Shanxi Changxin Industrial Co Ltd,E100000126829,山西长信工业有限公司,Shanxi Changxin Industry Co Ltd,E100000126829 [100.0%],Shanxi Changxin Industry Co Ltd [100.0%],operating pre-retirement,GIST,GIST,Iron & Steel,ttpa
steel,P100000120327,Chifeng Zhongtang Special Steel Co Ltd,赤峰中唐特钢有限公司,Chifeng Zhongtang Special Steel Co Ltd,Tangshan Jinma Iron & Steel Group Co Ltd [83.7%]; Hainan Mingbo Investment Co Ltd [16.0%]; unknown [0.3%],Inner Mongolia,China,operating,2022,5440,5440.0,"[{'status': 'operating', 'method': 'BOF', 'capacity': '2700'}, {'status': 'operating', 'method': 'BF', 'capacity': '2740'}]",BF; BOF,Integrated (BF),41.834064,119.281883,41.834064,119.281883,https://www.gem.wiki/Chifeng_Zhongtang_Special_Steel_Co_Ltd,China,5440,5440.0,exact,"Inner Mongolia, China",Chifeng Zhongtang Special Steel Co Ltd,E100000126095,赤峰中唐特钢有限公司,Chifeng Zhongtang Special Steel Co Ltd,E100000126512 [83.7%]; E100000128365 [16.0%]; E100000132388 [0.3%],Tangshan Jinma Iron & Steel Group Co Ltd [83.7%]; Hainan Mingbo Investment Co Ltd [16.0%]; unknown [0.3%],operating,GIST,GIST,Iron & Steel,ttpa
steel,P100000120244,Weifang Special Steel Group Co Ltd,"潍坊钢铁集团公司, 山东齐鲁钢铁集团总公司, 潍坊钢铁集团有限公司",Weifang SPECIAL Steel Group Co Ltd,Weiao (Shandong) Investment Co Ltd [100.0%],Shandong,China,operating pre-retirement,1993-11-09,5350,5350.0,"[{'status': 'operating pre-retirement', 'method': 'BOF', 'capacity': '3000'}, {'status': 'operating pre-retirement', 'method': 'BF', 'capacity': '2350'}]",BF; BOF,Integrated (BF),36.644469,119.238427,36.644469,119.238427,https://www.gem.wiki/Weifang_Special_Steel_Group_Co_Ltd,China,5350,5350.0,exact,"Shandong, China",Weifang Special Steel Group Co Ltd,E100000127319,潍坊特钢集团有限公司,Weifang SPECIAL Steel Group Co Ltd,E100000128568 [100.0%],Weiao (Shandong) Investment Co Ltd [100.0%],operating pre-retirement,GIST,GIST,Iron & Steel,ttpa
steel,P100000120287,Tianjin Metallurgy Group Zhasan Steel Co Ltd,天津冶金集团轧三钢铁有限公司,Tianjin Metallurgy Group Zhasan Steel Co Ltd,British Asia Pan Ruogen International Co Ltd [59.2%]; unknown [40.8%],Tianjin,China,retired,2009-05-31,5320,5320.0,"[{'status': 'retired', 'method': 'BOF', 'capacity': '3000'}, {'status': 'retired', 'method': 'BF', 'capacity': '2320'}]",BF; BOF,Integrated (BF),38.825269,117.08849,38.825269,117.08849,https://www.gem.wiki/Tianjin_Metallurgy_Group_Zhasan_Steel_Co_Ltd,China,5320,5320.0,approximate,"Tianjin, China",Tianjin Metallurgy Group Zhasan Steel Co Ltd,E100000127340,天津冶金集团轧三钢铁有限公司,Tianjin Metallurgy Group Zhasan Steel Co Ltd,E100000130417 [59.2%]; E100000132388 [40.8%],British Asia Pan Ruogen International Co Ltd [59.2%]; unknown [40.8%],retired,GIST,GIST,Iron & Steel,ttpa
steel,P100000120149,Hebei Tianzhu Iron and Steel Group Co Ltd Fengrun Plant,唐山天柱钢铁集团有限公司丰润厂区,Hebei Tianzhu IRON&STEEL (GROUP) Co Ltd,Hebei Tianzhu IRON&STEEL (GROUP) Co Ltd [100.0%],Hebei,China,retired,2003,5308,5308.0,"[{'status': 'retired', 'method': 'BOF', 'capacity': '3418'}, {'status': 'retired', 'method': 'BF', 'capacity': '1890'}]",BF; BOF,Integrated (BF),39.803524,118.205663,39.803524,118.205663,https://www.gem.wiki/Hebei_Tianzhu_Iron_and_Steel_Group_Co_Ltd_Fengrun_Plant,China,5308,5308.0,exact,"Hebei, China",Hebei Tianzhu Iron and Steel Group Co Ltd Fengrun Plant,E100000123221,河北天柱钢铁集团有限公司,Hebei Tianzhu IRON&STEEL (GROUP) Co Ltd,E100000123221 [100.0%],Hebei Tianzhu IRON&STEEL (GROUP) Co Ltd [100.0%],retired,GIST,GIST,Iron & Steel,ttpa
steel,P100000120086,Zhuhai Yueyufeng Iron and Steel Co Ltd,珠海粤裕丰钢铁有限公司,Zhuhai Yueyufeng IRON&STEEL Co Ltd,Golden Bell Enterprises Ltd [41.5%]; Xuan Gang International Trading (HK) Co Ltd [41.5%]; Yinglong Industrial Co Ltd [16.9%],Guangdong,China,operating,2002,5251,5251.0,"[{'status': 'operating', 'method': 'BOF', 'capacity': '3051'}, {'status': 'operating', 'method': 'BF', 'capacity': '2200'}]",BF; BOF,Integrated (BF),21.96092,113.198718,21.96092,113.198718,https://www.gem.wiki/Zhuhai_Yueyufeng_Iron_and_Steel_Co_Ltd,China,5251,5251.0,exact,"Guangdong, China",Zhuhai Yueyufeng Iron and Steel Co Ltd,E100000126731,珠海粤裕丰钢铁有限公司,Zhuhai Yueyufeng IRON&STEEL Co Ltd,E100001010239 [41.5%]; E100001010246 [41.5%]; E100000130634 [16.9%],Golden Bell Enterprises Ltd [41.5%]; Xuan Gang International Trading (HK) Co Ltd [41.5%]; Yinglong Industrial Co Ltd [16.9%],operating,GIST,GIST,Iron & Steel,ttpa
steel,P100000120093,Guangxi Beigang New Material Co Ltd,北海诚德镍业有限公司,Guangxi BG New Materials Co Ltd,Guangxi Beibu Gulf International Port Group Co Ltd [100.0%],Guangxi,China,operating,2009,5250,5250.0,"[{'status': 'operating', 'method': 'EAF', 'capacity': '3400'}, {'status': 'operating', 'method': 'BF', 'capacity': '1850'}]",BF; EAF,Integrated (BF),21.519924,109.506427,21.519924,109.506427,https://www.gem.wiki/Guangxi_Beigang_New_Material_Co_Ltd,China,5250,5250.0,exact,"Guangxi, China",Guangxi Beigang New Material Co Ltd,E100000126649,广西北港新材料有限公司,Guangxi BG New Materials Co Ltd,E100000127970 [100.0%],Guangxi Beibu Gulf International Port Group Co Ltd [100.0%],operating,GIST,GIST,Iron & Steel,ttpa
steel,P100000120165,Nanyang Hanye Special Steel Co Ltd,南阳汉冶特钢有限公司,Nanyang Hanye SPECIAL STREET Co Ltd,Henan Longcheng Group Co Ltd [100.0%],Henan,China,operating,2003,5244,5244.0,"[{'status': 'operating', 'method': 'BOF', 'capacity': '3000'}, {'status': 'operating', 'method': 'BF', 'capacity': '2244'}]",BF; BOF,Integrated (BF),33.269324,111.534635,33.269324,111.534635,https://www.gem.wiki/Nanyang_Hanye_Special_Steel_Co_Ltd,China,5244,5244.0,exact,"Henan, China",Nanyang Hanye Special Steel Co Ltd,E100000126908,南阳汉冶特钢有限公司,Nanyang Hanye SPECIAL STREET Co Ltd,E100000127544 [100.0%],Henan Longcheng Group Co Ltd [100.0%],operating,GIST,GIST,Iron & Steel,ttpa
steel,P100000120230,Yingkou Iron and Steel Co Ltd,营口钢铁有限公司,Yingkou Iron & Steel Co Ltd,Liaoning Jiachen Holding Group Co Ltd [84.6%]; The China Orient Asset Management Co Ltd [14.3%]; unknown [1.2%],Liaoning,China,operating,2010-11-27,5200,5200.0,"[{'status': 'operating', 'method': 'BOF', 'capacity': '2800'}, {'status': 'operating', 'method': 'BF', 'capacity': '2400'}]",BF; BOF,Integrated (BF),40.664651,122.415057,40.664651,122.415057,https://www.gem.wiki/Yingkou_Iron_and_Steel_Co_Ltd,China,5200,5200.0,exact,"Liaoning, China",Yingkou Iron and Steel Co Ltd,E100000126664,营口钢铁有限公司,Yingkou Iron & Steel Co Ltd,E100000128131 [84.6%]; E100000123243 [14.3%]; E100000132388 [1.2%],Liaoning Jiachen Holding Group Co Ltd [84.6%]; The China Orient Asset Management Co Ltd [14.3%]; unknown [1.2%],operating,GIST,GIST,Iron & Steel,ttpa
steel,P100000121057,Jishan Mingfu Steel Products Co Ltd,稷山县铭福钢铁制品有限公司,Jishan Mingfu Steel Products Co Ltd,Jishan Mingfu Steel Products Co Ltd [100.0%],Shanxi,China,operating,2013-09-12,5195,5195.0,"[{'status': 'operating', 'method': 'BOF', 'capacity': '1433'}, {'status': 'retired', 'method': 'BOF', 'capacity': '1520'}, {'status': 'operating', 'method': 'BF', 'capacity': '1142'}, {'status': 'retired', 'method': 'BF', 'capacity': '1100'}]",BF; BOF,Integrated (BF),35.665945,111.025976,35.665945,111.025976,https://www.gem.wiki/Jishan_Mingfu_Steel_Products_Co_Ltd,China,5195,5195.0,exact,"Shanxi, China",Jishan Mingfu Steel Products Co Ltd,E100000127266,稷山县铭福钢铁制品有限公司,Jishan Mingfu Steel Products Co Ltd,E100000127266 [100.0%],Jishan Mingfu Steel Products Co Ltd [100.0%],operating,GIST,GIST,Iron & Steel,ttpa
steel,P100000120212,Pingxiang Pinggang Anyuan Iron and Steel Co Ltd,萍乡萍钢安源钢铁有限公司,Anyuan Iron & Steel Co Ltd,Beijing Fangda International Industrial Investment Group Co Ltd [60.9%]; unknown [21.5%]; Jiangxi Pxsteel Industrial Co Ltd [10.3%]; Gongqingcheng Huaershun Investment Center LP [7.3%],Jiangxi,China,operating,1954,5150,5150.0,"[{'status': 'operating', 'method': 'BOF', 'capacity': '2650'}, {'status': 'operating', 'method': 'BF', 'capacity': '2500'}]",BF; BOF,Integrated (BF),27.64555,113.902126,27.64555,113.902126,https://www.gem.wiki/Pingxiang_Pinggang_Anyuan_Iron_and_Steel_Co_Ltd,China,5150,5150.0,exact,"Jiangxi, China",Pingxiang Pinggang Anyuan Iron and Steel Co Ltd,E100000127352,萍乡萍钢安源钢铁有限公司,Anyuan Iron & Steel Co Ltd,E100000128862 [60.9%]; E100000132388 [21.5%]; E100000123335 [10.3%]; E100000124737 [7.3%],Beijing Fangda International Industrial Investment Group Co Ltd [60.9%]; unknown [21.5%]; Jiangxi Pxsteel Industrial Co Ltd [10.3%]; Gongqingcheng Huaershun Investment Center LP [7.3%],operating,GIST,GIST,Iron & Steel,ttpa
steel,P100000121146,Shandong Xinhua Special Steel Group Co Ltd,山东鑫华特钢集团有限公司,Shandong Xinhua Special Steel Group Co Ltd,Shandong Xinhua Special Steel Group Co Ltd [100.0%],Shandong,China,retired,2003-03-05,5140,5140.0,"[{'status': 'retired', 'method': 'BOF', 'capacity': '2700'}, {'status': 'retired', 'method': 'BF', 'capacity': '2440'}]",BF; BOF,Integrated (BF),36.256175,116.179833,36.256175,116.179833,https://www.gem.wiki/Shandong_Xinhua_Special_Steel_Group_Co_Ltd,China,5140,5140.0,exact,"Shandong, China",Shandong Xinhua Special Steel Group Co Ltd,E100001012231,,Shandong Xinhua Special Steel Group Co Ltd,E100001012231 [100.0%],Shandong Xinhua Special Steel Group Co Ltd [100.0%],retired,GIST,GIST,Iron & Steel,ttpa
steel,P100000120126,Tangshan Stainless Steel Co Ltd Guye District,唐山不锈钢有限责任公司,Tangshan Stainless Steel Co Ltd,HBIS Group Co Ltd [68.9%]; Metallurgical Corporation of China Ltd [23.9%]; unknown [7.2%],Hebei,China,retired,2003,5100,5100.0,"[{'status': 'retired', 'method': 'BOF', 'capacity': '2700'}, {'status': 'retired', 'method': 'BF', 'capacity': '2400'}]",BF; BOF,Integrated (BF),39.730795,118.467608,39.730795,118.467608,https://www.gem.wiki/Tangshan_Stainless_Steel_Co_Ltd_Guye_District,China,5100,5100.0,exact,"Hebei, China",Tangshan Stainless Steel Co Ltd Guye District,E100000126554,唐山不锈钢有限责任公司,Tangshan Stainless Steel Co Ltd,E100000124529 [68.9%]; E100000125333 [23.9%]; E100000132388 [7.2%],HBIS Group Co Ltd [68.9%]; Metallurgical Corporation of China Ltd [23.9%]; unknown [7.2%],retired,GIST,GIST,Iron & Steel,ttpa
steel,P100000120250,Linyi Jiangxin Iron and Steel Co Ltd,临沂江鑫钢铁有限公司,Linyi Jiangxin Steel Co Ltd,Huasheng Jiangquan Group Co Ltd [100.0%],Shandong,China,retired,2003-09-02,5020,5020.0,"[{'status': 'retired', 'method': 'BOF', 'capacity': '2700'}, {'status': 'retired', 'method': 'BF', 'capacity': '2320'}]",BF; BOF,Integrated (BF),34.951117,118.305389,34.951117,118.305389,https://www.gem.wiki/Linyi_Jiangxin_Iron_and_Steel_Co_Ltd,China,5020,5020.0,exact,"Shandong, China",Linyi Jiangxin Iron and Steel Co Ltd,E100000126519,临沂江鑫钢铁有限公司,Linyi Jiangxin Steel Co Ltd,E100000123768 [100.0%],Huasheng Jiangquan Group Co Ltd [100.0%],retired,GIST,GIST,Iron & Steel,ttpa
steel,P100000120330,Linyi Iron and Steel Investment Group Special Steel Co Ltd,临沂钢铁投资集团特钢有限公司,Linyi Iron and Steel Investment Group Co Ltd,Linyi Investment Development Co Ltd [74.4%]; Gangfa International [16.7%]; Shandong Caixin Asset Operation Co Ltd [8.3%]; unknown [0.7%],Shandong,China,operating,2019-03-20,5010,5010.0,"[{'status': 'operating', 'method': 'BOF', 'capacity': '2700'}, {'status': 'operating', 'method': 'BF', 'capacity': '2310'}]",BF; BOF,Integrated (BF),35.15735,119.133999,35.15735,119.133999,https://www.gem.wiki/Linyi_Iron_and_Steel_Investment_Group_Special_Steel_Co_Ltd,China,5010,5010.0,exact,"Shandong, China",Linyi Iron and Steel Investment Group Special Steel Co Ltd,E100000123322,临沂钢铁投资集团有限公司,Linyi Iron and Steel Investment Group Co Ltd,E100000000234 [74.4%]; E100000125831 [16.7%]; E100000124453 [8.3%]; E100000132388 [0.7%],Linyi Investment Development Co Ltd [74.4%]; Gangfa International [16.7%]; Shandong Caixin Asset Operation Co Ltd [8.3%]; unknown [0.7%],operating,GIST,GIST,Iron & Steel,ttpa
steel,P100000120141,Tangshan Jinma Steel Group Co Ltd,唐山金马钢铁集团有限公司,Tangshan Jinma Iron & Steel Group Co Ltd,Tangshan Jinma Iron & Steel Group Co Ltd [100.0%],Hebei,China,retired,2009,4990,4990.0,"[{'status': 'retired', 'method': 'BOF', 'capacity': '2400'}, {'status': 'retired', 'method': 'BF', 'capacity': '2590'}]",BF; BOF,Integrated (BF),39.700499,118.456775,39.700499,118.456775,https://www.gem.wiki/Tangshan_Jinma_Steel_Group_Co_Ltd,China,4990,4990.0,exact,"Hebei, China",Tangshan Jinma Steel Group Co Ltd,E100000126512,唐山金马钢铁集团有限公司,Tangshan Jinma Iron & Steel Group Co Ltd,E100000126512 [100.0%],Tangshan Jinma Iron & Steel Group Co Ltd [100.0%],retired,GIST,GIST,Iron & Steel,ttpa
steel,P100000120376,Daye Huaxin Industrial Co Ltd,大冶华鑫实业有限公司,Daye Huaxin Industrial Co Ltd,natural person(s) [56.3%]; Hubei Xinxin Steel Group Co Ltd [21.1%]; Jin Jun'an Investment Group Co Ltd [18.9%]; unknown [3.7%],Hubei,China,operating pre-retirement,2003,4963,4963.0,"[{'status': 'construction', 'method': 'BOF', 'capacity': '1433'}, {'status': 'operating pre-retirement', 'method': 'BOF', 'capacity': '1150'}, {'status': 'construction', 'method': 'BF', 'capacity': '1180'}, {'status': 'operating pre-retirement', 'method': 'BF', 'capacity': '1200'}]",BF; BOF,Integrated (BF),30.070219,114.926251,30.070219,114.926251,https://www.gem.wiki/Daye_Huaxin_Industrial_Co_Ltd,China,4963,4963.0,exact,"Hubei, China",Daye Huaxin Industrial Co Ltd,E100000126198,大冶华鑫实业有限公司,Daye Huaxin Industrial Co Ltd,E100000123261 [56.3%]; E100000127570 [21.1%]; E100000127571 [18.9%]; E100000132388 [3.7%],natural person(s) [56.3%]; Hubei Xinxin Steel Group Co Ltd [21.1%]; Jin Jun'an Investment Group Co Ltd [18.9%]; unknown [3.7%],operating pre-retirement,GIST,GIST,Iron & Steel,ttpa
steel,P100000120328,Hebei Tangyin Iron and Steel Co Ltd Caofeidian base,河北唐银钢铁有限公司(曹妃甸),Hebei Tangyin IRON&STEEL Co Ltd,HBIS Group Co Ltd [51.0%]; Hebei Yinshui Industrial Group Co Ltd [49.0%],Hebei,China,operating,2006,4960,4960.0,"[{'status': 'operating', 'method': 'BOF', 'capacity': '2300'}, {'status': 'operating', 'method': 'BF', 'capacity': '2660'}]",BF; BOF,Integrated (BF),39.160401,118.429806,39.160401,118.429806,https://www.gem.wiki/Hebei_Tangyin_Iron_and_Steel_Co_Ltd_Caofeidian_base,China,4960,4960.0,exact,"Hebei, China",Hebei Tangyin Iron and Steel Co Ltd Caofeidian base,E100000123222,河北唐银钢铁有限公司,Hebei Tangyin IRON&STEEL Co Ltd,E100000124529 [51.0%]; E100000124065 [49.0%],HBIS Group Co Ltd [51.0%]; Hebei Yinshui Industrial Group Co Ltd [49.0%],operating,GIST,GIST,Iron & Steel,ttpa
steel,P100000120314,Fujian Dingsheng Iron and Steel Co Ltd,福建鼎盛钢铁有限公司,Fujian Dingsheng Steel Co Ltd,Fujian Dingsheng Steel Co Ltd [100.0%],Fujian,China,operating,2018,4912,4912.0,"[{'status': 'cancelled', 'method': 'BOF', 'capacity': '1726'}, {'status': 'operating', 'method': 'EAF', 'capacity': '1726'}, {'status': 'cancelled', 'method': 'BF', 'capacity': '1460'}]",EAF; BF; BOF,Integrated (BF),27.224477,120.328828,27.224477,120.328828,https://www.gem.wiki/Fujian_Dingsheng_Iron_and_Steel_Co_Ltd,China,4912,4912.0,exact,"Fujian, China",Fujian Dingsheng Iron and Steel Co Ltd,E100000126260,福建鼎盛钢铁有限公司,Fujian Dingsheng Steel Co Ltd,E100000126260 [100.0%],Fujian Dingsheng Steel Co Ltd [100.0%],operating,GIST,GIST,Iron & Steel,ttpa
steel,P100000120243,Shandong Chuanyang Group Co Ltd,山东传洋集团有限公司,Shandong Chuanyang Group Co Ltd,Shandong Chuanyang Group Co Ltd [100.0%],Shandong,China,retired,2002-04-24,4890,4890.0,"[{'status': 'retired', 'method': 'BOF', 'capacity': '2700'}, {'status': 'retired', 'method': 'BF', 'capacity': '2190'}]",BF; BOF,Integrated (BF),36.894784,117.888366,36.894784,117.888366,https://www.gem.wiki/Shandong_Chuanyang_Group_Co_Ltd,China,4890,4890.0,exact,"Shandong, China",Shandong Chuanyang Group Co Ltd,E100000126592,山东传洋集团有限公司,Shandong Chuanyang Group Co Ltd,E100000126592 [100.0%],Shandong Chuanyang Group Co Ltd [100.0%],retired,GIST,GIST,Iron & Steel,ttpa
steel,P100000120372,Qinhuangdao Baigong Steel Co Ltd,秦皇岛佰工钢铁有限公司,Qinhuangdao Baigong Steel Co Ltd,Tangshan Universal Industrial Development Co Ltd [100.0%],Hebei,China,operating,2006,4830,4830.0,"[{'status': 'operating', 'method': 'BOF', 'capacity': '1900'}, {'status': 'retired', 'method': 'BOF', 'capacity': '750'}, {'status': 'operating', 'method': 'EAF', 'capacity': '360'}, {'status': 'operating', 'method': 'BF', 'capacity': '1820'}]",BF; BOF; EAF,Integrated (BF),39.748773,118.819472,39.748773,118.819472,https://www.gem.wiki/Qinhuangdao_Baigong_Steel_Co_Ltd,China,4830,4830.0,exact,"Hebei, China",Qinhuangdao Baigong Steel Co Ltd,E100000126741,秦皇岛佰工钢铁有限公司,Qinhuangdao Baigong Steel Co Ltd,E100000128122 [100.0%],Tangshan Universal Industrial Development Co Ltd [100.0%],operating,GIST,GIST,Iron & Steel,ttpa
steel,P100000120203,Yangzhou Qinyou Special Metal Materials Co Ltd,扬州市秦邮钢铁有限公司,Yangzhou Qinyou Special Metal Materials Co Ltd,Yangzhou Qinyou Special Metal Materials Co Ltd [100.0%],Jiangsu,China,operating,2001-06-07,4800,4800.0,"[{'status': 'operating', 'method': 'BOF', 'capacity': '2400'}, {'status': 'operating', 'method': 'BF', 'capacity': '2400'}]",BF; BOF,Integrated (BF),32.838703,119.425236,32.838703,119.425236,https://www.gem.wiki/Yangzhou_Qinyou_Special_Metal_Materials_Co_Ltd,China,4800,4800.0,exact,"Jiangsu, China",Yangzhou Qinyou Special Metal Materials Co Ltd,E100000126361,扬州市秦邮特种金属材料有限公司,Yangzhou Qinyou Special Metal Materials Co Ltd,E100000126361 [100.0%],Yangzhou Qinyou Special Metal Materials Co Ltd [100.0%],operating,GIST,GIST,Iron & Steel,ttpa
steel,P100000120356,Tongling Xuanli Special Steel Co Ltd,铜陵市旋力特殊钢有限公司,Tongling City Xuanli Special Steel Co Ltd,Ma'anshan Jiatong Enterprise Management Partnership (General Partnership) [96.0%]; unknown [4.0%],Anhui,China,operating,2009,4780,4780.0,"[{'status': 'operating', 'method': 'BOF', 'capacity': '2700'}, {'status': 'operating', 'method': 'BF', 'capacity': '2080'}]",BF; BOF,Integrated (BF),31.062807,117.956015,31.062807,117.956015,https://www.gem.wiki/Tongling_Xuanli_Special_Steel_Co_Ltd,China,4780,4780.0,exact,"Anhui, China",Tongling Xuanli Special Steel Co Ltd,E100000126276,铜陵市旋力特殊钢有限公司,Tongling City Xuanli Special Steel Co Ltd,E100000128611 [96.0%]; E100000132388 [4.0%],Ma'anshan Jiatong Enterprise Management Partnership (General Partnership) [96.0%]; unknown [4.0%],operating,GIST,GIST,Iron & Steel,ttpa
steel,P100000120071,Anhui Guihang Special Steel Co Ltd,安徽省贵航特钢有限公司,Anhui Guihang Special Steel Co Ltd,Anhui Guihang Special Steel Co Ltd [100.0%],Anhui,China,operating,2010-04,4780,4780.0,"[{'status': 'operating', 'method': 'BOF', 'capacity': '2700'}, {'status': 'operating', 'method': 'BF', 'capacity': '2080'}]",BF; BOF,Integrated (BF),30.531068,117.251147,30.531068,117.251147,https://www.gem.wiki/Anhui_Guihang_Special_Steel_Co_Ltd,China,4780,4780.0,exact,"Anhui, China",Anhui Guihang Special Steel Co Ltd,E100000126525,安徽省贵航特钢有限公司,Anhui Guihang Special Steel Co Ltd,E100000126525 [100.0%],Anhui Guihang Special Steel Co Ltd [100.0%],operating,GIST,GIST,Iron & Steel,ttpa
steel,P100000120183,Chifeng Yuanlian Steel Co Ltd,赤峰远联钢铁有限责任公司,Chifeng Yuanlian Steel Co Ltd,Tangshan Jiaqi International Trade Co Ltd [90.0%]; Chifeng Yuanjian Iron and Steel Industry Co Ltd [10.0%],Inner Mongolia,China,operating,2002-08-09,4760,4760.0,"[{'status': 'operating', 'method': 'BOF', 'capacity': '2450'}, {'status': 'operating', 'method': 'BF', 'capacity': '2310'}]",BF; BOF,Integrated (BF),42.278115,119.015289,42.278115,119.015289,https://www.gem.wiki/Chifeng_Yuanlian_Steel_Co_Ltd,China,4760,4760.0,exact,"Inner Mongolia, China",Chifeng Yuanlian Steel Co Ltd,E100000123157,赤峰远联钢铁有限责任公司,Chifeng Yuanlian Steel Co Ltd,E100000124246 [90.0%]; E100001000468 [10.0%],Tangshan Jiaqi International Trade Co Ltd [90.0%]; Chifeng Yuanjian Iron and Steel Industry Co Ltd [10.0%],operating,GIST,GIST,Iron & Steel,ttpa
steel,P100000120079,Fujian Yixin Steel Co Ltd,福建亿鑫钢铁有限公司,Fujian Yixin Steel & Iron Co Ltd,"natural person(s) [38.4%]; unknown [23.2%]; Thailand Huihua Industrial Co Ltd [20.7%]; Labor Union Committee of Xiaojiao Rolling Mill of Sanming Iron and Steel Works, Fujian Province [17.7%]",Fujian,China,operating pre-retirement,2006,4740,4740.0,"[{'status': 'construction', 'method': 'BOF', 'capacity': '1150'}, {'status': 'operating pre-retirement', 'method': 'BOF', 'capacity': '1360'}, {'status': 'construction', 'method': 'BF', 'capacity': '1130'}, {'status': 'operating pre-retirement', 'method': 'BF', 'capacity': '1100'}]",BF; BOF,Integrated (BF),26.491308,119.63624,26.491308,119.63624,https://www.gem.wiki/Fujian_Yixin_Steel_Co_Ltd,China,4740,4740.0,exact,"Fujian, China",Fujian Yixin Steel Co Ltd,E100000126444,福建亿鑫钢铁有限公司,Fujian Yixin Steel & Iron Co Ltd,E100000123261 [38.4%]; E100000132388 [23.2%]; E100000130639 [20.7%]; E100000130294 [17.7%],"natural person(s) [38.4%]; unknown [23.2%]; Thailand Huihua Industrial Co Ltd [20.7%]; Labor Union Committee of Xiaojiao Rolling Mill of Sanming Iron and Steel Works, Fujian Province [17.7%]",operating pre-retirement,GIST,GIST,Iron & Steel,ttpa
steel,P100000120140,Tangshan Xinglong Iron and Steel Co Ltd,滦县兴隆钢铁有限公司,Tangshan Xinglong Steel Co Ltd,Tangshan Xinglong Steel Co Ltd [100.0%],Hebei,China,operating,2001,4735,4735.0,"[{'status': 'mothballed', 'method': 'BOF', 'capacity': '850'}, {'status': 'retired', 'method': 'BOF', 'capacity': '1400'}, {'status': 'operating', 'method': 'EAF', 'capacity': '825'}, {'status': 'retired', 'method': 'BF', 'capacity': '1660'}]",EAF; BOF; BF,Integrated (BF),39.847612,118.348448,39.847612,118.348448,https://www.gem.wiki/Tangshan_Xinglong_Iron_and_Steel_Co_Ltd,China,4735,4735.0,exact,"Hebei, China",Tangshan Xinglong Iron and Steel Co Ltd,E100000126949,唐山兴隆钢铁有限公司,Tangshan Xinglong Steel Co Ltd,E100000126949 [100.0%],Tangshan Xinglong Steel Co Ltd [100.0%],operating,GIST,GIST,Iron & Steel,ttpa
steel,P100000120297,WISCO Group Kunming Steel Co Ltd Honghe Iron and Steel Company,红河钢铁有限公司,Honghe Iron and Steel Co Ltd,China Baowu Steel Group Co Ltd [48.4%]; Kunming Iron & Steel Holding Co Ltd [40.3%]; unknown [4.2%],Yunnan,China,retired,2004-01-30,4722,4722.0,"[{'status': 'retired', 'method': 'BOF', 'capacity': '1422'}, {'status': 'retired', 'method': 'BF', 'capacity': '3300'}]",BF; BOF,Integrated (BF),23.470733,103.272784,23.470733,103.272784,https://www.gem.wiki/WISCO_Group_Kunming_Steel_Co_Ltd_Honghe_Iron_and_Steel_Company,China,4722,4722.0,exact,"Yunnan, China",WISCO Group Kunming Steel Co Ltd Honghe Iron and Steel Company,E100000126665,红河钢铁有限公司,Honghe Iron and Steel Co Ltd,E100001000472 [48.4%]; E100000128516 [40.3%]; E100000132388 [4.2%],China Baowu Steel Group Co Ltd [48.4%]; Kunming Iron & Steel Holding Co Ltd [40.3%]; unknown [4.2%],retired,GIST,GIST,Iron & Steel,ttpa
steel,P100000120272,Xiangfen County Xinjinshan Special Steel Co Ltd,襄汾县新金山特钢有限公司,Xiangfen County XinJinShan Special Steel Co Ltd,Fujian Huaya Group Co Ltd [64.1%]; natural person(s) [32.8%]; unknown [3.2%],Shanxi,China,cancelled,2003-01-27,4720,4720.0,"[{'status': 'mothballed', 'method': 'BOF', 'capacity': '2200'}, {'status': 'cancelled', 'method': 'BF', 'capacity': '1220'}, {'status': 'mothballed', 'method': 'BF', 'capacity': '1300'}]",BF; BOF,Integrated (BF),35.934831,111.49707,35.934831,111.49707,https://www.gem.wiki/Xiangfen_County_Xinjinshan_Special_Steel_Co_Ltd,China,4720,4720.0,exact,"Shanxi, China",Xiangfen County Xinjinshan Special Steel Co Ltd,E100000126666,襄汾县新金山特钢有限公司,Xiangfen County XinJinShan Special Steel Co Ltd,E100000128135 [64.1%]; E100000123261 [32.8%]; E100000132388 [3.2%],Fujian Huaya Group Co Ltd [64.1%]; natural person(s) [32.8%]; unknown [3.2%],cancelled,GIST,GIST,Iron & Steel,ttpa
steel,P100001062833,"Guangdong Guoxin Industrial Co., Ltd.",广东国鑫实业股份有限公司,Guangdong Guoxin Industrial Co Ltd,Guangdong Guoxin Industrial Co Ltd [100.0%],Guangdong,China,operating,2002,4700,4700.0,"[{'status': 'operating', 'method': 'BOF', 'capacity': '2500'}, {'status': 'operating', 'method': 'BF', 'capacity': '2200'}]",BF; BOF,Integrated (BF),23.407415,116.570818,23.407415,116.570818,"https://www.gem.wiki/Guangdong_Guoxin_Industrial_Co.,_Ltd.",China,4700,4700.0,exact,"Guangdong, China","Guangdong Guoxin Industrial Co., Ltd.",E100002020448,,Guangdong Guoxin Industrial Co Ltd,E100002020448 [100.0%],Guangdong Guoxin Industrial Co Ltd [100.0%],operating,GIST,GIST,Iron & Steel,ttpa
steel,P100000120221,Ansteel Group Chaoyang Steel and Iron Co Ltd,鞍钢集团朝阳鞍凌钢铁有限公司,Angang Steel Co Ltd,Angang Steel Co Ltd [100.0%],Liaoning,China,operating,2007-07-19,4700,4700.0,"[{'status': 'operating', 'method': 'BOF', 'capacity': '2100'}, {'status': 'operating', 'method': 'BF', 'capacity': '2600'}]",BF; BOF,Integrated (BF),41.528945,120.369983,41.528945,120.369983,https://www.gem.wiki/Ansteel_Group_Chaoyang_Steel_and_Iron_Co_Ltd,China,4700,4700.0,exact,"Liaoning, China",Ansteel Group Chaoyang Steel and Iron Co Ltd,E100000126769,鞍钢股份有限公司,Angang Steel Co Ltd,E100000126769 [100.0%],Angang Steel Co Ltd [100.0%],operating,GIST,GIST,Iron & Steel,ttpa
steel,P100000120267,Shanxi Huaxinyuan Steel and Iron Group Co Ltd,山西华鑫源钢铁集团有限公司,Hejin Huaxinyuan Steel & Iron Co Ltd,Hejin Huaxinyuan Steel & Iron Co Ltd [100.0%],Shanxi,China,operating,2003-01-08,4640,4640.0,"[{'status': 'operating', 'method': 'BOF', 'capacity': '1150'}, {'status': 'retired', 'method': 'BOF', 'capacity': '1200'}, {'status': 'operating', 'method': 'BF', 'capacity': '1190'}, {'status': 'retired', 'method': 'BF', 'capacity': '1100'}]",BF; BOF,Integrated (BF),35.605506,110.652056,35.605506,110.652056,https://www.gem.wiki/Shanxi_Huaxinyuan_Steel_and_Iron_Group_Co_Ltd,China,4640,4640.0,exact,"Shanxi, China",Shanxi Huaxinyuan Steel and Iron Group Co Ltd,E100000126638,山西华鑫源钢铁集团有限公司,Hejin Huaxinyuan Steel & Iron Co Ltd,E100000126638 [100.0%],Hejin Huaxinyuan Steel & Iron Co Ltd [100.0%],operating,GIST,GIST,Iron & Steel,ttpa
steel,P100000120291,Xinjiang Tianshan Iron and Steel Bazhou Co Ltd,新疆天山钢铁巴州有限公司,Xinxing Ductile Iron Pipes Xinjiang Co Ltd,China Baowu Steel Group Co Ltd [79.3%]; Xinjiang Investment Development (Group) Co Ltd [5.2%]; Industrial and Commercial Bank of China Ltd [5.0%]; Bank of China Ltd [3.8%]; Agricultural Bank of China Ltd [3.6%]; unknown [3.0%],Xinjiang,China,operating,2010-09-06,4630,4630.0,"[{'status': 'operating', 'method': 'BOF', 'capacity': '2000'}, {'status': 'construction', 'method': 'EAF', 'capacity': '750'}, {'status': 'operating', 'method': 'BF', 'capacity': '1200'}, {'status': 'retired', 'method': 'BF', 'capacity': '680'}]",BF; BOF; EAF,Integrated (BF),42.333321,86.302481,42.333321,86.302481,https://www.gem.wiki/Xinjiang_Tianshan_Iron_and_Steel_Bazhou_Co_Ltd,China,4630,4630.0,exact,"Xinjiang, China",Xinjiang Tianshan Iron and Steel Bazhou Co Ltd,E100000127246,新疆天山钢铁巴州有限公司,Xinxing Ductile Iron Pipes Xinjiang Co Ltd,E100001000472 [79.3%]; E100000123578 [5.2%]; E100000000220 [5.0%]; E100000124428 [3.8%]; E100000000151 [3.6%]; E100000132388 [3.0%],China Baowu Steel Group Co Ltd [79.3%]; Xinjiang Investment Development (Group) Co Ltd [5.2%]; Industrial and Commercial Bank of China Ltd [5.0%]; Bank of China Ltd [3.8%]; Agricultural Bank of China Ltd [3.6%]; unknown [3.0%],operating,GIST,GIST,Iron & Steel,ttpa
steel,P100000120130,Hebei Xinwuan Iron and Steel Group Xinhui Metallurgy Co Ltd,武安市鑫汇冶金工业有限公司,Hebei New Wuan Iron and Steel Group Xin Hui Metallurgy Co Ltd,Hebei New Wuan Iron and Steel Group Xin Hui Metallurgy Co Ltd [100.0%],Hebei,China,operating,2000,4625,4625.0,"[{'status': 'retired', 'method': 'BOF', 'capacity': '1610'}, {'status': 'operating', 'method': 'EAF', 'capacity': '1575'}, {'status': 'retired', 'method': 'BF', 'capacity': '1440'}]",EAF; BF; BOF,Integrated (BF),36.664097,114.115263,36.664097,114.115263,https://www.gem.wiki/Hebei_Xinwuan_Iron_and_Steel_Group_Xinhui_Metallurgy_Co_Ltd,China,4625,4625.0,exact,"Hebei, China",Hebei Xinwuan Iron and Steel Group Xinhui Metallurgy Co Ltd,E100000127317,河北新武安钢铁集团鑫汇冶金有限公司,Hebei New Wuan Iron and Steel Group Xin Hui Metallurgy Co Ltd,E100000127317 [100.0%],Hebei New Wuan Iron and Steel Group Xin Hui Metallurgy Co Ltd [100.0%],operating,GIST,GIST,Iron & Steel,ttpa
steel,P100000120088,Yangchun New Steel Co Ltd,阳春新钢铁有限责任公司,Yangchun New Iron & Steel Co Ltd,Hunan Valin Steel Co Ltd [51.0%]; Hunan Valin Iron & Steel Group Co Ltd [24.7%]; unknown [14.1%]; Hunan Development Investment Group Co Ltd [3.6%]; Hunan Caixin Financial Holding Group Co Ltd [3.5%]; Hunan Xingxiang Investment Holding Group Co Ltd [3.1%],Guangdong,China,operating,2007,4600,4600.0,"[{'status': 'operating', 'method': 'BOF', 'capacity': '2400'}, {'status': 'operating', 'method': 'BF', 'capacity': '2200'}]",BF; BOF,Integrated (BF),22.084904,111.642187,22.084904,111.642187,https://www.gem.wiki/Yangchun_New_Steel_Co_Ltd,China,4600,4600.0,exact,"Guangdong, China",Yangchun New Steel Co Ltd,E100000126210,阳春新钢铁有限责任公司,Yangchun New Iron & Steel Co Ltd,E100000124129 [51.0%]; E100000128133 [24.7%]; E100000132388 [14.1%]; E100000128566 [3.6%]; E100000125175 [3.5%]; E100000124815 [3.1%],Hunan Valin Steel Co Ltd [51.0%]; Hunan Valin Iron & Steel Group Co Ltd [24.7%]; unknown [14.1%]; Hunan Development Investment Group Co Ltd [3.6%]; Hunan Caixin Financial Holding Group Co Ltd [3.5%]; Hunan Xingxiang Investment Holding Group Co Ltd [3.1%],operating,GIST,GIST,Iron & Steel,ttpa
steel,P100000120365,Wuzhou Yongda Iron and Steel Co Ltd,梧州市永达钢铁有限公司,Wuzhou Yongda Steel Works Co Ltd,Wuzhou Yongda Steel Works Co Ltd [100.0%],Guangxi,China,operating pre-retirement,2009,4525,4525.0,"[{'status': 'construction', 'method': 'EAF', 'capacity': '1645'}, {'status': 'cancelled', 'method': 'EAF', 'capacity': '1029'}, {'status': 'operating pre-retirement', 'method': 'EAF', 'capacity': '1851'}]",EAF,Electric,23.524465,111.2402,23.524465,111.2402,https://www.gem.wiki/Wuzhou_Yongda_Iron_and_Steel_Co_Ltd,China,4525,4525.0,exact,"Guangxi, China",Wuzhou Yongda Iron and Steel Co Ltd,E100000126779,梧州市永达钢铁有限公司,Wuzhou Yongda Steel Works Co Ltd,E100000126779 [100.0%],Wuzhou Yongda Steel Works Co Ltd [100.0%],operating pre-retirement,GIST,GIST,Iron & Steel,ttpa
steel,P100000120374,Guangxi Liugang Zhongjin Stainless Steel Co Ltd,广西柳钢中金不锈钢有限公司,Guangxi Liugang Zhongjin Stainless Steel Co Ltd,Guangxi Liuzhou Iron and Steel Group Co Ltd [100.0%],Guangxi,China,operating,2013,4510,4510.0,"[{'status': 'construction', 'method': 'Other/unspecified steel', 'capacity': '1200'}, {'status': 'operating', 'method': 'BF', 'capacity': '2110'}, {'status': 'operating pre-retirement', 'method': 'Other/unspecified iron', 'capacity': '1200'}]",BF; Steel other/unspecified; Iron other/unspecified,Integrated (BF),21.67261,109.741866,21.67261,109.741866,https://www.gem.wiki/Guangxi_Liugang_Zhongjin_Stainless_Steel_Co_Ltd,China,4510,4510.0,exact,"Guangxi, China",Guangxi Liugang Zhongjin Stainless Steel Co Ltd,E100000126562,广西柳钢中金不锈钢有限公司,Guangxi Liugang Zhongjin Stainless Steel Co Ltd,E100000123903 [100.0%],Guangxi Liuzhou Iron and Steel Group Co Ltd [100.0%],operating,GIST,GIST,Iron & Steel,ttpa
steel,P100000120271,Shanxi Zhongsheng Iron and Steel Co Ltd,山西中升钢铁有限公司,Shanxi Zhongsheng Iron and Steel Co Ltd,Shanxi Zhongsheng Iron and Steel Co Ltd [100.0%],Shanxi,China,operating,2006-10-27,4480,4480.0,"[{'status': 'construction', 'method': 'BOF', 'capacity': '1650'}, {'status': 'retired', 'method': 'BOF', 'capacity': '1700'}, {'status': 'operating', 'method': 'BF', 'capacity': '1130'}]",BF; BOF,Integrated (BF),35.727776,111.330122,35.727776,111.330122,https://www.gem.wiki/Shanxi_Zhongsheng_Iron_and_Steel_Co_Ltd,China,4480,4480.0,exact,"Shanxi, China",Shanxi Zhongsheng Iron and Steel Co Ltd,E100000127019,山西中升钢铁有限公司,Shanxi Zhongsheng Iron and Steel Co Ltd,E100000127019 [100.0%],Shanxi Zhongsheng Iron and Steel Co Ltd [100.0%],operating,GIST,GIST,Iron & Steel,ttpa
steel,P100000120103,Shijiazhuang Iron and Steel Co Ltd,石家庄钢铁有限责任公司(主厂区),Shijiazhuang Iron and Steel Co Ltd,HBIS Group Co Ltd [74.7%]; HBIS International Holdings Ltd [24.9%]; unknown [0.4%],Hebei,China,retired,1957,4451,4451.0,"[{'status': 'retired', 'method': 'BOF', 'capacity': '1700'}, {'status': 'retired', 'method': 'EAF', 'capacity': '460'}, {'status': 'retired', 'method': 'BF', 'capacity': '2291'}]",BF; BOF; EAF,Integrated (BF),38.060735,114.560358,38.060735,114.560358,https://www.gem.wiki/Shijiazhuang_Iron_and_Steel_Co_Ltd,China,4451,4451.0,exact,"Hebei, China",Shijiazhuang Iron and Steel Co Ltd,E100001000929,石家庄钢铁有限责任公司,Shijiazhuang Iron and Steel Co Ltd,E100000124529 [74.7%]; E100000130636 [24.9%]; E100000132388 [0.4%],HBIS Group Co Ltd [74.7%]; HBIS International Holdings Ltd [24.9%]; unknown [0.4%],retired,GIST,GIST,Iron & Steel,ttpa
steel,P100000120195,Jiangsu Shente Steel Co Ltd,溧阳新港制钢有限公司,Jiangsu Shente Steel Corp,Jiangsu Delong Nickel Industry Co Ltd [100.0%],Jiangsu,China,retired,2002-07-30,4400,4400.0,"[{'status': 'retired', 'method': 'BOF', 'capacity': '2700'}, {'status': 'retired', 'method': 'BF', 'capacity': '1700'}]",BF; BOF,Integrated (BF),31.471123,119.485941,31.471123,119.485941,https://www.gem.wiki/Jiangsu_Shente_Steel_Co_Ltd,China,4400,4400.0,exact,"Jiangsu, China",Jiangsu Shente Steel Co Ltd,E100000127108,江苏申特钢铁有限公司,Jiangsu Shente Steel Corp,E100000126498 [100.0%],Jiangsu Delong Nickel Industry Co Ltd [100.0%],retired,GIST,GIST,Iron & Steel,ttpa
steel,P100000120139,Tangshan Xinbaotai Iron and Steel Co Ltd,唐山新宝泰钢铁有限公司,Tangshan Xinbaotai Iron & Steel Co Ltd,Beijing Jianlong Investment Co Ltd [43.3%]; Guotao Co Ltd (Hong Kong) [38.9%]; Yushan (Beijing) Metallurgical Investment Co Ltd [12.1%]; unknown [5.7%],Hebei,China,retired,2002,4381,4381.0,"[{'status': 'retired', 'method': 'BOF', 'capacity': '3000'}, {'status': 'retired', 'method': 'BF', 'capacity': '1381'}]",BF; BOF,Integrated (BF),39.861425,118.03667,39.861425,118.03667,https://www.gem.wiki/Tangshan_Xinbaotai_Iron_and_Steel_Co_Ltd,China,4381,4381.0,exact,"Hebei, China",Tangshan Xinbaotai Iron and Steel Co Ltd,E100000126838,唐山新宝泰钢铁有限公司,Tangshan Xinbaotai Iron & Steel Co Ltd,E100000000155 [43.3%]; E100000125875 [38.9%]; E100000123550 [12.1%]; E100000132388 [5.7%],Beijing Jianlong Investment Co Ltd [43.3%]; Guotao Co Ltd (Hong Kong) [38.9%]; Yushan (Beijing) Metallurgical Investment Co Ltd [12.1%]; unknown [5.7%],retired,GIST,GIST,Iron & Steel,ttpa
steel,P100000120122,Tangshan Delong Iron and Steel Co Ltd,唐山市德龙钢铁有限公司,Tangshan DELONG Steel Co Ltd,Qian'an City Jiujiang Wire Co Ltd [51.0%]; British Asia Pan Ruogen International Co Ltd [49.0%],Hebei,China,retired,2000,4320,4320.0,"[{'status': 'retired', 'method': 'BOF', 'capacity': '1920'}, {'status': 'retired', 'method': 'BF', 'capacity': '2400'}]",BF; BOF,Integrated (BF),39.19256,118.899533,39.19256,118.899533,https://www.gem.wiki/Tangshan_Delong_Iron_and_Steel_Co_Ltd,China,4320,4320.0,exact,"Hebei, China",Tangshan Delong Iron and Steel Co Ltd,E100000126172,唐山市德龙钢铁有限公司,Tangshan DELONG Steel Co Ltd,E100000123190 [51.0%]; E100000130417 [49.0%],Qian'an City Jiujiang Wire Co Ltd [51.0%]; British Asia Pan Ruogen International Co Ltd [49.0%],retired,GIST,GIST,Iron & Steel,ttpa
steel,P100000120282,Tianjin Pipe Corporation,天津钢管制造有限公司,Tianjin Pipe Corp,Citic Pacific Special Steel Group Co Ltd [51.0%]; Tianjin Ngs Hongda General Co [12.0%]; The China Orient Asset Management Co Ltd [9.6%]; Far East Horizon [8.9%]; Tianjin Jincheng State-Owned Capital Investment and Operations Co Ltd [8.6%]; Tianjin Guoxing Capital Operation Co Ltd [3.2%]; unknown [2.4%]; Tianjin Dongjiang Free Trade Port Area Management Committee [2.4%]; Tianjin Teda Investment Holdings Co Ltd [1.6%]; Tianjin Jinzhi State-owned Capital Investment and Operation Co Ltd [0.0%]; Tianjin STATE-OWNED CAPITAL Investment and Management Co Ltd [0.0%]; Tianjin Guoheng Investment Holding Co Ltd [0.0%]; Tianjin Port (Group) Co Ltd [0.0%],Tianjin,China,operating,2010-12-10,4300,4300.0,"[{'status': 'operating', 'method': 'EAF', 'capacity': '3000'}, {'status': 'operating', 'method': 'BF', 'capacity': '1000'}, {'status': 'operating', 'method': 'DRI', 'capacity': '300'}]",BF; DRI; EAF,Integrated (BF & DRI),39.034002,117.486798,39.034002,117.486798,https://www.gem.wiki/Tianjin_Pipe_Corporation,China,4300,4300.0,exact,"Tianjin, China",Tianjin Pipe Corporation,E100000127231,天津钢管制造有限公司,Tianjin Pipe Corp,E100000128047 [51.0%]; E100000129042 [12.0%]; E100000123243 [9.6%]; E100000126073 [8.9%]; E100000129043 [8.6%]; E100000129105 [3.2%]; E100000132388 [2.4%]; E100000130351 [2.4%]; E100000129106 [1.6%]; E100000129189 [0.0%]; E100000000282 [0.0%]; E100000129190 [0.0%]; E100000129188 [0.0%],Citic Pacific Special Steel Group Co Ltd [51.0%]; Tianjin Ngs Hongda General Co [12.0%]; The China Orient Asset Management Co Ltd [9.6%]; Far East Horizon [8.9%]; Tianjin Jincheng State-Owned Capital Investment and Operations Co Ltd [8.6%]; Tianjin Guoxing Capital Operation Co Ltd [3.2%]; unknown [2.4%]; Tianjin Dongjiang Free Trade Port Area Management Committee [2.4%]; Tianjin Teda Investment Holdings Co Ltd [1.6%]; Tianjin Jinzhi State-owned Capital Investment and Operation Co Ltd [0.0%]; Tianjin STATE-OWNED CAPITAL Investment and Management Co Ltd [0.0%]; Tianjin Guoheng Investment Holding Co Ltd [0.0%]; Tianjin Port (Group) Co Ltd [0.0%],operating,GIST,GIST,Iron & Steel,ttpa
steel,P100000121086,Henan Jinhui Industrial Group,河南鑫金汇不锈钢产业有限公司,Henan Xinjinhui Stainless Steel Industry Co Ltd,Henan JINHUI Stainless Indutrial Group Co Ltd [83.0%]; Changge Huida Trading Co Ltd [17.0%],Henan,China,operating,2005,4300,4300.0,"[{'status': 'operating', 'method': 'EAF', 'capacity': '1400'}, {'status': 'construction', 'method': 'EAF', 'capacity': '2000'}, {'status': 'operating', 'method': 'BF', 'capacity': '900'}]",BF; EAF,Integrated (BF),34.263509,113.853979,34.263509,113.853979,https://www.gem.wiki/Henan_Jinhui_Industrial_Group,China,4300,4300.0,exact,"Henan, China",Henan Jinhui Industrial Group,E100000126106,河南鑫金汇不锈钢产业有限公司,Henan Xinjinhui Stainless Steel Industry Co Ltd,E100000128078 [83.0%]; E100000128079 [17.0%],Henan JINHUI Stainless Indutrial Group Co Ltd [83.0%]; Changge Huida Trading Co Ltd [17.0%],operating,GIST,GIST,Iron & Steel,ttpa
steel,P100000120296,WISCO Group Kunming Steel Co Ltd Anning Branch,武钢集团昆明钢铁股份有限公司安宁分公司,WISCO Group Kunming Steel Co Ltd,WISCO Group Kunming Steel Co Ltd [100.0%],Yunnan,China,retired,2012-04-23,4250,4250.0,"[{'status': 'retired', 'method': 'BOF', 'capacity': '2550'}, {'status': 'retired', 'method': 'BF', 'capacity': '1700'}]",BF; BOF,Integrated (BF),24.947687,102.367394,24.947687,102.367394,https://www.gem.wiki/WISCO_Group_Kunming_Steel_Co_Ltd_Anning_Branch,China,4250,4250.0,exact,"Yunnan, China",WISCO Group Kunming Steel Co Ltd Anning Branch,E100001012225,武钢集团昆明钢铁股份有限公司安宁分公司,WISCO Group Kunming Steel Co Ltd,E100001012225 [100.0%],WISCO Group Kunming Steel Co Ltd [100.0%],retired,GIST,GIST,Iron & Steel,ttpa
steel,P100000120100,Qian an Zhayi Steel Group Co Ltd,迁安轧—钢铁集团有限公司,Qian'an Zhayi Steel Group Co Ltd,Qian'an Zhayi Steel Group Co Ltd [100.0%],Hebei,China,operating,2004,4240,4240.0,"[{'status': 'retired', 'method': 'BOF', 'capacity': '1500'}, {'status': 'operating', 'method': 'EAF', 'capacity': '1500'}, {'status': 'retired', 'method': 'BF', 'capacity': '1240'}]",EAF; BF; BOF,Integrated (BF),40.044026,118.552001,40.044026,118.552001,https://www.gem.wiki/Qian_an_Zhayi_Steel_Group_Co_Ltd,China,4240,4240.0,exact,"Hebei, China",Qian an Zhayi Steel Group Co Ltd,E100001010697,迁安轧—钢铁集团有限公司,Qian'an Zhayi Steel Group Co Ltd,E100001010697 [100.0%],Qian'an Zhayi Steel Group Co Ltd [100.0%],operating,GIST,GIST,Iron & Steel,ttpa
steel,P100000120147,Tangshan Chunxing Special Steel Co Ltd,唐山市春兴炼钢有限公司,Tangshan Chunxing Special Steel Co Ltd,Tangshan Donghua Iron & Steel Enterprise Group Co Ltd [84.2%]; natural person(s) [15.8%],Hebei,China,operating pre-retirement,2003,4220,4220.0,"[{'status': 'operating pre-retirement', 'method': 'BOF', 'capacity': '2400'}, {'status': 'operating pre-retirement', 'method': 'BF', 'capacity': '1820'}]",BF; BOF,Integrated (BF),39.676326,118.427914,39.676326,118.427914,https://www.gem.wiki/Tangshan_Chunxing_Special_Steel_Co_Ltd,China,4220,4220.0,exact,"Hebei, China",Tangshan Chunxing Special Steel Co Ltd,E100000126150,唐山市春兴特种钢有限公司,Tangshan Chunxing Special Steel Co Ltd,E100000123205 [84.2%]; E100000123261 [15.8%],Tangshan Donghua Iron & Steel Enterprise Group Co Ltd [84.2%]; natural person(s) [15.8%],operating pre-retirement,GIST,GIST,Iron & Steel,ttpa
steel,P100000120143,Tangshan Fengnan Kaiheng Iron and Steel Co Ltd,唐山市丰南区凯恒钢铁有限公司,Tangshan Fengnan Kaiheng Iron & Steel Co Ltd,Tangshan Fengnan Kaiheng Iron & Steel Co Ltd [100.0%],Hebei,China,retired,2002,4210,4210.0,"[{'status': 'retired', 'method': 'BOF', 'capacity': '1800'}, {'status': 'retired', 'method': 'BF', 'capacity': '2410'}]",BF; BOF,Integrated (BF),39.4632,118.247191,39.4632,118.247191,https://www.gem.wiki/Tangshan_Fengnan_Kaiheng_Iron_and_Steel_Co_Ltd,China,4210,4210.0,exact,"Hebei, China",Tangshan Fengnan Kaiheng Iron and Steel Co Ltd,E100000126840,唐山市丰南区凯恒钢铁有限公司,Tangshan Fengnan Kaiheng Iron & Steel Co Ltd,E100000126840 [100.0%],Tangshan Fengnan Kaiheng Iron & Steel Co Ltd [100.0%],retired,GIST,GIST,Iron & Steel,ttpa
steel,P100000120159,Jianlong Beiman Special Steel Co Ltd,建龙北满特殊钢有限责任公司,Jianlong Beiman SPECIAL Steel Co Ltd,Beijing Jianlong Investment Co Ltd [81.3%]; unknown [12.9%]; Shengjing Bank Co Ltd [2.6%]; China Bohai Bank Co Ltd [1.3%]; Liaoshen Bank Co Ltd [0.4%]; Hua Xia Bank Co Ltd [0.4%]; China Merchants Bank Co Ltd [0.4%]; SDIC Capital Co Ltd [0.3%]; Everbright Financial Investment Co Ltd [0.2%]; Everbright Securities Co Ltd [0.1%]; Jingmen City Construction Investment Holding Group Co Ltd [0.0%]; Beijing Jiatai Hengye Investment Co Ltd [0.0%]; Jiangsu Yueda Group Co Ltd [0.0%]; Xinzheng TEDA Investment Co Ltd [0.0%]; Credit Suisse AG [0.0%]; Beijing Hongliheng Consulting Co Ltd [0.0%]; China Development Bank Corp [0.0%]; Hongtai Hengye Investment Co Ltd [0.0%]; Beijing Dongrunjuxiangshuwu Co Ltd [0.0%]; Guardian Investment HOLDINGS Co Ltd [0.0%]; Jiangsu Xinhong Investment Partnership LP [0.0%]; Yongjin Industry (Group) Co Ltd [0.0%]; Jiangsu Century New Town Investment Holding Group Co Ltd [0.0%]; Beijing Wudou Trading Co Ltd [0.0%]; Yunnan State Owned Financial Capital Holding Group Co Ltd [0.0%]; Shanghai Nanometer Venture Investment Co Ltd [0.0%]; Wuhan Huabing Real Estate Co Ltd [0.0%]; Beijing Zhijin Technology Investment Co Ltd [0.0%]; Beijing Tiandi Runda Advertising Co Ltd [0.0%]; Boao Investment Co Ltd [0.0%]; Wuhan Jiaxinghe Real Estate Co Ltd [0.0%]; Wuhan Xindi Chuangjia Decoration Engineering Co Ltd [0.0%]; Shenzhen Hehao Investment Co Ltd [0.0%],Heilongjiang,China,operating,1957,4170,4170.0,"[{'status': 'operating', 'method': 'BOF', 'capacity': '1350'}, {'status': 'operating', 'method': 'EAF', 'capacity': '1220'}, {'status': 'operating', 'method': 'BF', 'capacity': '1600'}]",BF; BOF; EAF,Integrated (BF),47.191285,123.616512,47.191285,123.616512,https://www.gem.wiki/Jianlong_Beiman_Special_Steel_Co_Ltd,China,4170,4170.0,exact,"Heilongjiang, China",Jianlong Beiman Special Steel Co Ltd,E100000126721,建龙北满特殊钢有限责任公司,Jianlong Beiman SPECIAL Steel Co Ltd,E100000000155 [81.3%]; E100000132388 [12.9%]; E100000128856 [2.6%]; E100000128854 [1.3%]; E100000128865 [0.4%]; E100000124791 [0.4%]; E100000125400 [0.4%]; E100000128914 [0.3%]; E100000130450 [0.2%]; E100000128906 [0.1%]; E100000128975 [0.0%]; E100000129039 [0.0%]; E100000124399 [0.0%]; E100000130613 [0.0%]; E100001010237 [0.0%]; E100000129026 [0.0%]; E100001001051 [0.0%]; E100000130527 [0.0%]; E100000129097 [0.0%]; E100000128949 [0.0%]; E100000129076 [0.0%]; E100000129020 [0.0%]; E100000129077 [0.0%]; E100000129040 [0.0%]; E100000129019 [0.0%]; E100000129021 [0.0%]; E100000129162 [0.0%]; E100000129022 [0.0%]; E100000129027 [0.0%]; E100000130617 [0.0%]; E100000129164 [0.0%]; E100000129163 [0.0%]; E100000129125 [0.0%],Beijing Jianlong Investment Co Ltd [81.3%]; unknown [12.9%]; Shengjing Bank Co Ltd [2.6%]; China Bohai Bank Co Ltd [1.3%]; Liaoshen Bank Co Ltd [0.4%]; Hua Xia Bank Co Ltd [0.4%]; China Merchants Bank Co Ltd [0.4%]; SDIC Capital Co Ltd [0.3%]; Everbright Financial Investment Co Ltd [0.2%]; Everbright Securities Co Ltd [0.1%]; Jingmen City Construction Investment Holding Group Co Ltd [0.0%]; Beijing Jiatai Hengye Investment Co Ltd [0.0%]; Jiangsu Yueda Group Co Ltd [0.0%]; Xinzheng TEDA Investment Co Ltd [0.0%]; Credit Suisse AG [0.0%]; Beijing Hongliheng Consulting Co Ltd [0.0%]; China Development Bank Corp [0.0%]; Hongtai Hengye Investment Co Ltd [0.0%]; Beijing Dongrunjuxiangshuwu Co Ltd [0.0%]; Guardian Investment HOLDINGS Co Ltd [0.0%]; Jiangsu Xinhong Investment Partnership LP [0.0%]; Yongjin Industry (Group) Co Ltd [0.0%]; Jiangsu Century New Town Investment Holding Group Co Ltd [0.0%]; Beijing Wudou Trading Co Ltd [0.0%]; Yunnan State Owned Financial Capital Holding Group Co Ltd [0.0%]; Shanghai Nanometer Venture Investment Co Ltd [0.0%]; Wuhan Huabing Real Estate Co Ltd [0.0%]; Beijing Zhijin Technology Investment Co Ltd [0.0%]; Beijing Tiandi Runda Advertising Co Ltd [0.0%]; Boao Investment Co Ltd [0.0%]; Wuhan Jiaxinghe Real Estate Co Ltd [0.0%]; Wuhan Xindi Chuangjia Decoration Engineering Co Ltd [0.0%]; Shenzhen Hehao Investment Co Ltd [0.0%],operating,GIST,GIST,Iron & Steel,ttpa
steel,P100000120194,Changshu Longteng Special Steel Co Ltd,常熟市龙腾特种钢有限公司,Changshu Longteng Special Steel Co Ltd,Changshu Longteng Special Steel Co Ltd [100.0%],Jiangsu,China,operating,1994-05-23,4125,4125.0,"[{'status': 'operating', 'method': 'BOF', 'capacity': '1350'}, {'status': 'operating', 'method': 'EAF', 'capacity': '863'}, {'status': 'retired', 'method': 'EAF', 'capacity': '872'}, {'status': 'operating', 'method': 'BF', 'capacity': '1040'}]",BF; BOF; EAF,Integrated (BF),31.723833,120.835685,31.723833,120.835685,https://www.gem.wiki/Changshu_Longteng_Special_Steel_Co_Ltd,China,4125,4125.0,exact,"Jiangsu, China",Changshu Longteng Special Steel Co Ltd,E100000126408,常熟市龙腾特种钢有限公司,Changshu Longteng Special Steel Co Ltd,E100000126408 [100.0%],Changshu Longteng Special Steel Co Ltd [100.0%],operating,GIST,GIST,Iron & Steel,ttpa
steel,P100000120233,Xining Special Steel Co Ltd,西宁特殊钢股份有限公司,Xining Special Steel Co Ltd,Xining Special Steel Co Ltd [100.0%],Qinghai,China,operating,1997-10-08,4080,4080.0,"[{'status': 'operating', 'method': 'BOF', 'capacity': '900'}, {'status': 'retired', 'method': 'EAF', 'capacity': '1140'}, {'status': 'operating', 'method': 'BF', 'capacity': '2040'}]",BF; BOF; EAF,Integrated (BF),36.66856,101.671414,36.66856,101.671414,https://www.gem.wiki/Xining_Special_Steel_Co_Ltd,China,4080,4080.0,exact,"Qinghai, China",Xining Special Steel Co Ltd,E100000126834,西宁特殊钢股份有限公司,Xining Special Steel Co Ltd,E100000126834 [100.0%],Xining Special Steel Co Ltd [100.0%],operating,GIST,GIST,Iron & Steel,ttpa
steel,P100000120298,WISCO Group Kunming Steel Co Ltd Yuxi Xinxing Steel Company,武钢集团昆钢玉钢公司,Yuxi Xinxing Iron & Steel Co Ltd,China Baowu Steel Group Co Ltd [48.4%]; Kunming Iron & Steel Holding Co Ltd [40.3%]; unknown [4.2%],Yunnan,China,mothballed,2004-01-27,4068,4068.0,"[{'status': 'mothballed', 'method': 'BOF', 'capacity': '948'}, {'status': 'mothballed', 'method': 'BF', 'capacity': '3120'}]",BF; BOF,Integrated (BF),24.249024,102.521747,24.249024,102.521747,https://www.gem.wiki/WISCO_Group_Kunming_Steel_Co_Ltd_Yuxi_Xinxing_Steel_Company,China,4068,4068.0,exact,"Yunnan, China",WISCO Group Kunming Steel Co Ltd Yuxi Xinxing Steel Company,E100000126324,玉溪新兴钢铁有限公司,Yuxi Xinxing Iron & Steel Co Ltd,E100001000472 [48.4%]; E100000128516 [40.3%]; E100000132388 [4.2%],China Baowu Steel Group Co Ltd [48.4%]; Kunming Iron & Steel Holding Co Ltd [40.3%]; unknown [4.2%],mothballed,GIST,GIST,Iron & Steel,ttpa
steel,P100000120236,Shaanxi Lueyang Iron and Steel Co Ltd,陕西略阳钢铁有限责任公司,Shaanxi Lueyang Iron and Steel Co Ltd,Shanghai Lingtuo Enterprise Management Center LP [52.1%]; Hanzhong Investment Holding Group Co Ltd [18.6%]; DongLing Group Incorporated Co [17.6%]; Lueyang County Economic and Trade Bureau [11.1%]; unknown [0.5%],Shaanxi,China,operating,2003-11-06,4050,4050.0,"[{'status': 'announced', 'method': 'BOF', 'capacity': '1150'}, {'status': 'operating pre-retirement', 'method': 'BOF', 'capacity': '1900'}, {'status': 'operating', 'method': 'BF', 'capacity': '1000'}]",BF; BOF,Integrated (BF),33.323678,106.167206,33.323678,106.167206,https://www.gem.wiki/Shaanxi_Lueyang_Iron_and_Steel_Co_Ltd,China,4050,4050.0,exact,"Shaanxi, China",Shaanxi Lueyang Iron and Steel Co Ltd,E100000126391,陕西略阳钢铁有限责任公司,Shaanxi Lueyang Iron and Steel Co Ltd,E100000128286 [52.1%]; E100000124716 [18.6%]; E100000128251 [17.6%]; E100000130261 [11.1%]; E100000132388 [0.5%],Shanghai Lingtuo Enterprise Management Center LP [52.1%]; Hanzhong Investment Holding Group Co Ltd [18.6%]; DongLing Group Incorporated Co [17.6%]; Lueyang County Economic and Trade Bureau [11.1%]; unknown [0.5%],operating,GIST,GIST,Iron & Steel,ttpa
steel,P100000120157,Heilongjiang Jianlong Iron and Steel Co Ltd,黑龙江建龙钢铁有限公司,Heilongjiang Jianlong Iron and Steel Co Ltd,Beijing Jianlong Investment Co Ltd [90.2%]; unknown [9.8%],Heilongjiang,China,operating,2003,4002,4002.0,"[{'status': 'operating', 'method': 'BOF', 'capacity': '2001'}, {'status': 'operating', 'method': 'BF', 'capacity': '2001'}]",BF; BOF,Integrated (BF),46.602297,131.071877,46.602297,131.071877,https://www.gem.wiki/Heilongjiang_Jianlong_Iron_and_Steel_Co_Ltd,China,4002,4002.0,exact,"Heilongjiang, China",Heilongjiang Jianlong Iron and Steel Co Ltd,E100000127072,黑龙江建龙钢铁有限公司,Heilongjiang Jianlong Iron and Steel Co Ltd,E100000000155 [90.2%]; E100000132388 [9.8%],Beijing Jianlong Investment Co Ltd [90.2%]; unknown [9.8%],operating,GIST,GIST,Iron & Steel,ttpa
steel,P100000120247,Shandong Shouguang Juneng Special Steel Co Ltd,山东墨龙特钢有限公司,Shandong Shouguang Juneng SPECIAL Steel Co Ltd,natural person(s) [44.4%]; unknown [15.3%]; Shouguang Zhirun Investment Co Ltd [13.4%]; Shouguang Shengda Investment Co Ltd [10.4%]; Shouguang Shanyue Qingfeng Economic and Trade Co Ltd [8.3%]; Shouguang Zhitao Trading Co Ltd [3.2%]; Shouguang Xingchen Dahai Trading Co Ltd [2.5%]; Shouguang Yunxin Economic and Trade Co Ltd [2.5%],Shandong,China,operating,2002-12-05,4000,4000.0,"[{'status': 'operating', 'method': 'BOF', 'capacity': '2350'}, {'status': 'operating', 'method': 'EAF', 'capacity': '500'}, {'status': 'operating', 'method': 'BF', 'capacity': '1150'}]",BF; BOF; EAF,Integrated (BF),36.939125,118.785598,36.939125,118.785598,https://www.gem.wiki/Shandong_Shouguang_Juneng_Special_Steel_Co_Ltd,China,4000,4000.0,exact,"Shandong, China",Shandong Shouguang Juneng Special Steel Co Ltd,E100000127078,山东寿光巨能特钢有限公司,Shandong Shouguang Juneng SPECIAL Steel Co Ltd,E100000123261 [44.4%]; E100000132388 [15.3%]; E100000127633 [13.4%]; E100000127634 [10.4%]; E100000128411 [8.3%]; E100000128412 [3.2%]; E100000128414 [2.5%]; E100000128413 [2.5%],natural person(s) [44.4%]; unknown [15.3%]; Shouguang Zhirun Investment Co Ltd [13.4%]; Shouguang Shengda Investment Co Ltd [10.4%]; Shouguang Shanyue Qingfeng Economic and Trade Co Ltd [8.3%]; Shouguang Zhitao Trading Co Ltd [3.2%]; Shouguang Xingchen Dahai Trading Co Ltd [2.5%]; Shouguang Yunxin Economic and Trade Co Ltd [2.5%],operating,GIST,GIST,Iron & Steel,ttpa
steel,P100000120340,Wuhai Baogang Wanteng Iron and Steel Co Ltd,内蒙古黄河工贸集团万腾钢铁有限责任公司,Wuhai Baogang Wanteng Iron and Steel Co Ltd,Beijing Jianlong Investment Co Ltd [59.2%]; Inner Mongolia Yellow River Energy Technology Group Co Ltd [32.8%]; unknown [8.1%],Inner Mongolia,China,operating,2011,4000,4000.0,"[{'status': 'operating', 'method': 'BOF', 'capacity': '2000'}, {'status': 'operating', 'method': 'BF', 'capacity': '2000'}]",BF; BOF,Integrated (BF),39.855971,106.886647,39.855971,106.886647,https://www.gem.wiki/Wuhai_Baogang_Wanteng_Iron_and_Steel_Co_Ltd,China,4000,4000.0,exact,"Inner Mongolia, China",Wuhai Baogang Wanteng Iron and Steel Co Ltd,E100000127162,乌海市包钢万腾钢铁有限责任公司,Wuhai Baogang Wanteng Iron and Steel Co Ltd,E100000000155 [59.2%]; E100000127439 [32.8%]; E100000132388 [8.1%],Beijing Jianlong Investment Co Ltd [59.2%]; Inner Mongolia Yellow River Energy Technology Group Co Ltd [32.8%]; unknown [8.1%],operating,GIST,GIST,Iron & Steel,ttpa
steel,P100000121136,Jiangsu Xingda Steel Group,江苏兴达钢铁集团有限公司,Jiangsu Xingda Steel Group Co Ltd,Jiangsu Xingda Steel Group Co Ltd [100.0%],Jiangsu,China,retired,2000-03-14,4000,4000.0,"[{'status': 'retired', 'method': 'BOF', 'capacity': '1600'}, {'status': 'retired', 'method': 'BF', 'capacity': '2400'}]",BF; BOF,Integrated (BF),34.501981,117.316278,34.501981,117.316278,https://www.gem.wiki/Jiangsu_Xingda_Steel_Group,China,4000,4000.0,exact,"Jiangsu, China",Jiangsu Xingda Steel Group,E100001012229,,Jiangsu Xingda Steel Group Co Ltd,E100001012229 [100.0%],Jiangsu Xingda Steel Group Co Ltd [100.0%],retired,GIST,GIST,Iron & Steel,ttpa
steel,P100000120362,Guangdong Jingye Iron and Steel Co Ltd,广东敬业钢铁实业股份有限公司,Guangdong Jingye Iron and Steel Co Ltd,Jingye Group Co Ltd [100.0%],Guangdong,China,operating,2020,4000,4000.0,"[{'status': 'operating', 'method': 'BOF', 'capacity': '2000'}, {'status': 'operating', 'method': 'BF', 'capacity': '2000'}]",BF; BOF,Integrated (BF),23.454666,116.498483,23.454666,116.498483,https://www.gem.wiki/Guangdong_Jingye_Iron_and_Steel_Co_Ltd,China,4000,4000.0,exact,"Guangdong, China",Guangdong Jingye Iron and Steel Co Ltd,E100000126698,广东敬业钢铁有限责任公司,Guangdong Jingye Iron and Steel Co Ltd,E100000124668 [100.0%],Jingye Group Co Ltd [100.0%],operating,GIST,GIST,Iron & Steel,ttpa
steel,P100000120148,Tangshan Wenfeng Special Steel Co Ltd,唐山文丰特钢有限公司,Tangshan Wenfeng Special Steel Co Ltd,Cambodia Rongfeng Investment Co Ltd [62.5%]; Hebei Wenfeng Industrial Group Co Ltd [36.4%]; unknown [1.2%],Hebei,China,operating,2007-09,4000,4000.0,"[{'status': 'operating', 'method': 'BOF', 'capacity': '1350'}, {'status': 'operating', 'method': 'EAF', 'capacity': '650'}, {'status': 'operating', 'method': 'BF', 'capacity': '2000'}]",BF; BOF; EAF,Integrated (BF),39.146541,118.432261,39.146541,118.432261,https://www.gem.wiki/Tangshan_Wenfeng_Special_Steel_Co_Ltd,China,4000,4000.0,exact,"Hebei, China",Tangshan Wenfeng Special Steel Co Ltd,E100000123208,唐山文丰特钢有限公司,Tangshan Wenfeng Special Steel Co Ltd,E100000125872 [62.5%]; E100000123543 [36.4%]; E100000132388 [1.2%],Cambodia Rongfeng Investment Co Ltd [62.5%]; Hebei Wenfeng Industrial Group Co Ltd [36.4%]; unknown [1.2%],operating,GIST,GIST,Iron & Steel,ttpa
steel,P100000120068,Wuhu Xinxing Ductile Iron Pipes Co Ltd,芜湖新兴铸管有限责任公司,Wuhu Xinxing Ductile Iron Pipes Co Ltd,Xinxing Ductile Iron Pipes Co Ltd [100.0%],Anhui,China,operating,2003,3980,3980.0,"[{'status': 'operating', 'method': 'BOF', 'capacity': '1500'}, {'status': 'operating', 'method': 'EAF', 'capacity': '500'}, {'status': 'operating', 'method': 'BF', 'capacity': '1980'}]",BF; BOF; EAF,Integrated (BF),31.229893,118.150867,31.229893,118.150867,https://www.gem.wiki/Wuhu_Xinxing_Ductile_Iron_Pipes_Co_Ltd,China,3980,3980.0,exact,"Anhui, China",Wuhu Xinxing Ductile Iron Pipes Co Ltd,E100000126890,芜湖新兴铸管有限责任公司,Wuhu Xinxing Ductile Iron Pipes Co Ltd,E100000127965 [100.0%],Xinxing Ductile Iron Pipes Co Ltd [100.0%],operating,GIST,GIST,Iron & Steel,ttpa
steel,P100000120133,Hebei Xin Wuan Steel Group Wenan Iron and Steel Co Ltd,河北文安钢铁集团有限公司,Hebei New Wuan Steel Group Wenan IRON&STEEL Co Ltd,natural person(s) [49.0%]; Hebei Puyang Industrial Group Co Ltd [33.2%]; Longxiang Group (Hong Kong) [17.8%],Hebei,China,operating pre-retirement,2003,3950,3950.0,"[{'status': 'operating pre-retirement', 'method': 'BOF', 'capacity': '1400'}, {'status': 'retired', 'method': 'BF', 'capacity': '1640'}, {'status': 'operating pre-retirement', 'method': 'BF', 'capacity': '910'}]",BF; BOF,Integrated (BF),36.679431,114.169024,36.679431,114.169024,https://www.gem.wiki/Hebei_Xin_Wuan_Steel_Group_Wenan_Iron_and_Steel_Co_Ltd,China,3950,3950.0,exact,"Hebei, China",Hebei Xin Wuan Steel Group Wenan Iron and Steel Co Ltd,E100000127093,河北新武安钢铁集团文安钢铁有限公司,Hebei New Wuan Steel Group Wenan IRON&STEEL Co Ltd,E100000123261 [49.0%]; E100000124068 [33.2%]; E100000126000 [17.8%],natural person(s) [49.0%]; Hebei Puyang Industrial Group Co Ltd [33.2%]; Longxiang Group (Hong Kong) [17.8%],operating pre-retirement,GIST,GIST,Iron & Steel,ttpa
steel,P100000120131,Hebei Yongyang Special Steel Group Co Ltd,河北永洋特钢集团有限公司,Hebei YongYang Special Steel Group Co Ltd,Handan Yongnian Shengda Steel Co Ltd [49.0%]; WEALTH GROUP INVESTMENT LIMITED [39.8%]; Wu'an Hongji Investment Co Ltd [6.5%]; unknown [2.1%],Hebei,China,operating,1993,3930,3930.0,"[{'status': 'operating', 'method': 'BOF', 'capacity': '1200'}, {'status': 'operating', 'method': 'EAF', 'capacity': '410'}, {'status': 'operating', 'method': 'BF', 'capacity': '2320'}]",BF; BOF; EAF,Integrated (BF),36.786851,114.376132,36.786851,114.376132,https://www.gem.wiki/Hebei_Yongyang_Special_Steel_Group_Co_Ltd,China,3930,3930.0,exact,"Hebei, China",Hebei Yongyang Special Steel Group Co Ltd,E100000126303,河北永洋特钢集团有限公司,Hebei YongYang Special Steel Group Co Ltd,E100000128059 [49.0%]; E100000126029 [39.8%]; E100000124067 [6.5%]; E100000132388 [2.1%],Handan Yongnian Shengda Steel Co Ltd [49.0%]; WEALTH GROUP INVESTMENT LIMITED [39.8%]; Wu'an Hongji Investment Co Ltd [6.5%]; unknown [2.1%],operating,GIST,GIST,Iron & Steel,ttpa
steel,P100000121070,Hubei Lijin Steel Group Co Ltd,湖北立晋钢铁集团有限公司,Hubei Lijin Steel Group Co Ltd,Hubei Lijin Steel Group Co Ltd [100.0%],Hubei,China,operating,2002,3920,3920.0,"[{'status': 'operating', 'method': 'EAF', 'capacity': '2000'}, {'status': 'retired', 'method': 'EAF', 'capacity': '1920'}]",EAF,Electric,32.127263,112.715688,32.127263,112.715688,https://www.gem.wiki/Hubei_Lijin_Steel_Group_Co_Ltd,China,3920,3920.0,exact,"Hubei, China",Hubei Lijin Steel Group Co Ltd,E100000126786,湖北立晋钢铁集团有限公司,Hubei Lijin Steel Group Co Ltd,E100000126786 [100.0%],Hubei Lijin Steel Group Co Ltd [100.0%],operating,GIST,GIST,Iron & Steel,ttpa
steel,P100000120238,Shandong Iron and Steel Group Yongfeng Zibo Co Ltd,山东钢铁集团永锋淄博有限公司,Shandong Iron Steel Group Yongfeng Zibo Co Ltd,Shandong Iron and Steel Group Co Ltd [35.0%]; Qihe Zhongxin Investment Co Ltd [34.7%]; Yongfeng Group Co Ltd [15.3%]; Shandong Guohui Investment Co Ltd [10.0%]; Shandong Caixin Asset Operation Co Ltd [5.0%],Shandong,China,retired,2016-08-03,3920,3920.0,"[{'status': 'retired', 'method': 'BOF', 'capacity': '2700'}, {'status': 'retired', 'method': 'BF', 'capacity': '1220'}]",BF; BOF,Integrated (BF),36.906036,118.111833,36.906036,118.111833,https://www.gem.wiki/Shandong_Iron_and_Steel_Group_Yongfeng_Zibo_Co_Ltd,China,3920,3920.0,exact,"Shandong, China",Shandong Iron and Steel Group Yongfeng Zibo Co Ltd,E100000123804,山东钢铁集团永锋淄博有限公司,Shandong Iron Steel Group Yongfeng Zibo Co Ltd,E100000124598 [35.0%]; E100000124596 [34.7%]; E100000124595 [15.3%]; E100000124585 [10.0%]; E100000124453 [5.0%],Shandong Iron and Steel Group Co Ltd [35.0%]; Qihe Zhongxin Investment Co Ltd [34.7%]; Yongfeng Group Co Ltd [15.3%]; Shandong Guohui Investment Co Ltd [10.0%]; Shandong Caixin Asset Operation Co Ltd [5.0%],retired,GIST,GIST,Iron & Steel,ttpa
steel,P100000121135,Xingtai Iron and Steel Co Ltd Weixian,邢台钢铁有限责任公司(威县),Xingtai Iron and Steel Co Ltd,Hebei Jianen Trading Co Ltd [48.1%]; Xing Steel Fine Wire Holdings Co Ltd [26.0%]; Xingtai Jinglin Trading Co Ltd [25.9%],Hebei,China,construction,unknown,3900,3900.0,"[{'status': 'construction', 'method': 'EAF', 'capacity': '2250'}, {'status': 'construction', 'method': 'Other/unspecified iron', 'capacity': '1650'}]",EAF; Iron other/unspecified,Integrated (unknown),37.032089,115.366112,37.032089,115.366112,https://www.gem.wiki/Xingtai_Iron_and_Steel_Co_Ltd_Weixian,China,3900,3900.0,approximate,"Hebei, China",Xingtai Iron and Steel Co Ltd Weixian,E100000127007,邢台钢铁有限责任公司,Xingtai Iron and Steel Co Ltd,E100000128173 [48.1%]; E100000130666 [26.0%]; E100000128174 [25.9%],Hebei Jianen Trading Co Ltd [48.1%]; Xing Steel Fine Wire Holdings Co Ltd [26.0%]; Xingtai Jinglin Trading Co Ltd [25.9%],construction,GIST,GIST,Iron & Steel,ttpa
steel,P100000120308,Shanxi Meijin Iron and Steel Co Ltd Dongyu Town,美锦钢铁公司,Shanxi Meijin Iron and Steel Co Ltd,Meijin Energy Group Co Ltd [50.0%]; China New Energy Group Ltd [48.0%]; unknown [2.0%],Shanxi,China,operating,2003-10-24,3900,3900.0,"[{'status': 'operating', 'method': 'BOF', 'capacity': '1700'}, {'status': 'operating pre-retirement', 'method': 'BF', 'capacity': '2200'}]",BOF; BF,Integrated (BF),37.571354,112.229791,37.571354,112.229791,https://www.gem.wiki/Shanxi_Meijin_Iron_and_Steel_Co_Ltd_Dongyu_Town,China,3900,3900.0,exact,"Shanxi, China",Shanxi Meijin Iron and Steel Co Ltd Dongyu Town,E100000126886,山西美锦钢铁有限公司,Shanxi Meijin Iron and Steel Co Ltd,E100000123821 [50.0%]; E100001010236 [48.0%]; E100000132388 [2.0%],Meijin Energy Group Co Ltd [50.0%]; China New Energy Group Ltd [48.0%]; unknown [2.0%],operating,GIST,GIST,Iron & Steel,ttpa
steel,P100000120407,Yunnan Qujing Iron and Steel Group Yanggang Iron and Steel Co Ltd,云南曲靖钢铁集团扬钢钢铁有限责任公司,Yunnan Qujing Iron and Steel Group Yanggang Iron and Steel Co Ltd,Yunan Qujing Shuangyou Steel Co Ltd [25.0%]; Yunnan Qujing Chenggang Iron and Steel (Group) Co Ltd [25.0%]; Fujian XINPENG Investment Co Ltd [16.6%]; Xuanwei Laibin Fenghuang Steel Co Ltd [16.0%]; Qujing Julida Steel Co Ltd [8.0%]; Qujing Wuyue New Energy Technology Co Ltd [5.5%]; Yunnan Tongyanbao Trading Co Ltd [1.7%]; unknown [1.0%]; Yunnan Qujing Yaochang Trade Co Ltd [0.9%]; Qujing Botong Trading Co Ltd [0.4%],Yunnan,China,construction,2021-04,3900,3900.0,"[{'status': 'construction', 'method': 'BOF', 'capacity': '1400'}, {'status': 'construction', 'method': 'BF', 'capacity': '2500'}]",BF; BOF,Integrated (BF),25.308777,103.876391,25.308777,103.876391,https://www.gem.wiki/Yunnan_Qujing_Iron_and_Steel_Group_Yanggang_Iron_and_Steel_Co_Ltd,China,3900,3900.0,exact,"Yunnan, China",Yunnan Qujing Iron and Steel Group Yanggang Iron and Steel Co Ltd,E100000126775,云南曲靖钢铁集团扬钢钢铁有限责任公司,Yunnan Qujing Iron and Steel Group Yanggang Iron and Steel Co Ltd,E100000128309 [25.0%]; E100001000471 [25.0%]; E100000128963 [16.6%]; E100000128311 [16.0%]; E100000128312 [8.0%]; E100000128964 [5.5%]; E100000128965 [1.7%]; E100000132388 [1.0%]; E100000128938 [0.9%]; E100000128939 [0.4%],Yunan Qujing Shuangyou Steel Co Ltd [25.0%]; Yunnan Qujing Chenggang Iron and Steel (Group) Co Ltd [25.0%]; Fujian XINPENG Investment Co Ltd [16.6%]; Xuanwei Laibin Fenghuang Steel Co Ltd [16.0%]; Qujing Julida Steel Co Ltd [8.0%]; Qujing Wuyue New Energy Technology Co Ltd [5.5%]; Yunnan Tongyanbao Trading Co Ltd [1.7%]; unknown [1.0%]; Yunnan Qujing Yaochang Trade Co Ltd [0.9%]; Qujing Botong Trading Co Ltd [0.4%],construction,GIST,GIST,Iron & Steel,ttpa
steel,P100000120227,Dongbei Special Steel Group Dalian Special Steel Co Ltd,东北特钢集团大连特殊钢有限责任公司,Dongbei Special Steel Group Dalian Special Steel Co Ltd,Ningbo Meishan Free Trade Port Jincheng Shazhou Equity Investment Co Ltd [42.8%]; Wuhu Yinsheng Special Steel Investment Management Partnership LP [31.4%]; unknown [15.9%]; Bengang Steel Plates Co Ltd [9.9%],Liaoning,China,operating,1969,3855,3855.0,"[{'status': 'operating', 'method': 'BOF', 'capacity': '1250'}, {'status': 'operating', 'method': 'EAF', 'capacity': '1445'}, {'status': 'operating', 'method': 'BF', 'capacity': '1160'}]",BF; BOF; EAF,Integrated (BF),39.193697,122.057788,39.193697,122.057788,https://www.gem.wiki/Dongbei_Special_Steel_Group_Dalian_Special_Steel_Co_Ltd,China,3855,3855.0,exact,"Liaoning, China",Dongbei Special Steel Group Dalian Special Steel Co Ltd,E100000126532,东北特钢集团大连特殊钢有限责任公司,Dongbei Special Steel Group Dalian Special Steel Co Ltd,E100000124038 [42.8%]; E100000128285 [31.4%]; E100000132388 [15.9%]; E100000122467 [9.9%],Ningbo Meishan Free Trade Port Jincheng Shazhou Equity Investment Co Ltd [42.8%]; Wuhu Yinsheng Special Steel Investment Management Partnership LP [31.4%]; unknown [15.9%]; Bengang Steel Plates Co Ltd [9.9%],operating,GIST,GIST,Iron & Steel,ttpa
steel,P100000120263,Xiangfen County Xingyuan Steel Group Co Ltd,襄汾县星原钢铁集团有限公司,Xiangfen County Xingyuan Steel Group Co Ltd,Xiangfen County Xingyuan Steel Group Co Ltd [100.0%],Shanxi,China,retired,2002-10-21,3850,3850.0,"[{'status': 'retired', 'method': 'BOF', 'capacity': '2000'}, {'status': 'retired', 'method': 'BF', 'capacity': '1850'}]",BF; BOF,Integrated (BF),35.880324,111.387956,35.880324,111.387956,https://www.gem.wiki/Xiangfen_County_Xingyuan_Steel_Group_Co_Ltd,China,3850,3850.0,exact,"Shanxi, China",Xiangfen County Xingyuan Steel Group Co Ltd,E100000127121,襄汾县星原钢铁集团有限公司,Xiangfen County Xingyuan Steel Group Co Ltd,E100000127121 [100.0%],Xiangfen County Xingyuan Steel Group Co Ltd [100.0%],retired,GIST,GIST,Iron & Steel,ttpa
steel,P100000120354,Wulanhot Steel Co Ltd,乌兰浩特钢铁有限责任公司,Wulanhot Iron & Steel Co Ltd,Jingye Group Co Ltd [100.0%],Inner Mongolia,China,operating,1999-07-02,3800,3800.0,"[{'status': 'operating', 'method': 'BOF', 'capacity': '1350'}, {'status': 'operating', 'method': 'BF', 'capacity': '1130'}, {'status': 'retired', 'method': 'BF', 'capacity': '1320'}]",BF; BOF,Integrated (BF),46.055685,122.063282,46.055685,122.063282,https://www.gem.wiki/Wulanhot_Steel_Co_Ltd,China,3800,3800.0,exact,"Inner Mongolia, China",Wulanhot Steel Co Ltd,E100000126441,乌兰浩特钢铁有限责任公司,Wulanhot Iron & Steel Co Ltd,E100000124668 [100.0%],Jingye Group Co Ltd [100.0%],operating,GIST,GIST,Iron & Steel,ttpa
steel,P100000120323,Hebei Huaxi Special Steel Co Ltd,河北华西特种钢铁有限公司,Hebei Huaxi Special Steel Co Ltd,Wuxi Zhongbang Equity Investment Partnership LP [77.8%]; Jiangsu Huaxi Group Co Ltd [22.2%],Hebei,China,operating,2021,3792,3792.0,"[{'status': 'operating', 'method': 'BOF', 'capacity': '1824'}, {'status': 'operating', 'method': 'BF', 'capacity': '1968'}]",BF; BOF,Integrated (BF),39.260784,119.005925,39.260784,119.005925,https://www.gem.wiki/Hebei_Huaxi_Special_Steel_Co_Ltd,China,3792,3792.0,exact,"Hebei, China",Hebei Huaxi Special Steel Co Ltd,E100000126892,河北华西特种钢铁有限公司,Hebei Huaxi Special Steel Co Ltd,E100000128531 [77.8%]; E100000128532 [22.2%],Wuxi Zhongbang Equity Investment Partnership LP [77.8%]; Jiangsu Huaxi Group Co Ltd [22.2%],operating,GIST,GIST,Iron & Steel,ttpa
steel,P100000120073,Wuhu Fuxin Iron and Steel Co Ltd,芜湖市富鑫钢铁有限公司,Wuhu Fuxin Iron & Steel Co Ltd,Wuhu Fuxin Iron & Steel Co Ltd [100.0%],Anhui,China,operating,2003,3770,3770.0,"[{'status': 'operating', 'method': 'BOF', 'capacity': '2000'}, {'status': 'operating', 'method': 'BF', 'capacity': '1770'}]",BF; BOF,Integrated (BF),31.194505,118.067833,31.194505,118.067833,https://www.gem.wiki/Wuhu_Fuxin_Iron_and_Steel_Co_Ltd,China,3770,3770.0,exact,"Anhui, China",Wuhu Fuxin Iron and Steel Co Ltd,E100000126149,芜湖市富鑫钢铁有限公司,Wuhu Fuxin Iron & Steel Co Ltd,E100000126149 [100.0%],Wuhu Fuxin Iron & Steel Co Ltd [100.0%],operating,GIST,GIST,Iron & Steel,ttpa
steel,P100000120124,Tangshan Jianlong Special Steel Co Ltd,唐山建龙特殊钢有限公司,Tangshan Jianlong Steel SPECIAL Steel Co Ltd,Beijing Jianlong Investment Co Ltd [90.2%]; unknown [9.8%],Hebei,China,retired,2000,3701,3701.0,"[{'status': 'retired', 'method': 'BOF', 'capacity': '1700'}, {'status': 'retired', 'method': 'BF', 'capacity': '2001'}]",BF; BOF,Integrated (BF),40.167686,117.964004,40.167686,117.964004,https://www.gem.wiki/Tangshan_Jianlong_Special_Steel_Co_Ltd,China,3701,3701.0,exact,"Hebei, China",Tangshan Jianlong Special Steel Co Ltd,E100000125134,唐山建龙特殊钢有限公司,Tangshan Jianlong Steel SPECIAL Steel Co Ltd,E100000000155 [90.2%]; E100000132388 [9.8%],Beijing Jianlong Investment Co Ltd [90.2%]; unknown [9.8%],retired,GIST,GIST,Iron & Steel,ttpa
steel,P100000120199,Jiangsu Changqiang Iron and Steel Co Ltd,江阴长强钢铁有限公司,Jiangsu Changqiang Iron & Steel Co Ltd,Jiangyin Changqi Investment Partnership LP [65.0%]; Changhong International Investment Co Ltd [25.0%]; Jiangyin Changjiang Village Federation of Trade Unions [9.5%]; Jiangsu New Yangtze Industrial Group Co Ltd [0.5%],Jiangsu,China,operating,2003-09-18,3700,3700.0,"[{'status': 'operating', 'method': 'BOF', 'capacity': '2000'}, {'status': 'operating', 'method': 'BF', 'capacity': '1700'}]",BF; BOF,Integrated (BF),31.952064,120.189749,31.952064,120.189749,https://www.gem.wiki/Jiangsu_Changqiang_Iron_and_Steel_Co_Ltd,China,3700,3700.0,exact,"Jiangsu, China",Jiangsu Changqiang Iron and Steel Co Ltd,E100000126228,江苏长强钢铁有限公司,Jiangsu Changqiang Iron & Steel Co Ltd,E100000128045 [65.0%]; E100000130605 [25.0%]; E100000130289 [9.5%]; E100000128046 [0.5%],Jiangyin Changqi Investment Partnership LP [65.0%]; Changhong International Investment Co Ltd [25.0%]; Jiangyin Changjiang Village Federation of Trade Unions [9.5%]; Jiangsu New Yangtze Industrial Group Co Ltd [0.5%],operating,GIST,GIST,Iron & Steel,ttpa
steel,P100000120099,Hebei Xinxing Ductile Iron Pipes Co Ltd,河北新兴铸管有限公司,Hebei Xinxing Ductile Iron Pipes Co Ltd,Xinxing Ductile Iron Pipes Co Ltd [100.0%],Hebei,China,operating,1993,3680,3680.0,"[{'status': 'operating', 'method': 'BOF', 'capacity': '2500'}, {'status': 'operating', 'method': 'BF', 'capacity': '1180'}]",BF; BOF,Integrated (BF),36.621504,114.128189,36.621504,114.128189,https://www.gem.wiki/Hebei_Xinxing_Ductile_Iron_Pipes_Co_Ltd,China,3680,3680.0,exact,"Hebei, China",Hebei Xinxing Ductile Iron Pipes Co Ltd,E100000126724,河北新兴铸管有限公司,Hebei Xinxing Ductile Iron Pipes Co Ltd,E100000127965 [100.0%],Xinxing Ductile Iron Pipes Co Ltd [100.0%],operating,GIST,GIST,Iron & Steel,ttpa
steel,P100000120290,Xinjiang Kingtec Steel Co Ltd,新疆金特钢铁股份有限公司,Xinjiang KingTec Steel Co Ltd,Shanghai Xuantong Technology Development Co Ltd [66.0%]; Shanghai Juhang Industrial Co Ltd [32.8%]; unknown [1.2%],Xinjiang,China,operating,2003-11-10,3651,3651.0,"[{'status': 'operating', 'method': 'BOF', 'capacity': '1334'}, {'status': 'retired', 'method': 'BOF', 'capacity': '667'}, {'status': 'operating', 'method': 'BF', 'capacity': '1040'}, {'status': 'retired', 'method': 'BF', 'capacity': '610'}]",BF; BOF,Integrated (BF),42.674192,86.280156,42.674192,86.280156,https://www.gem.wiki/Xinjiang_Kingtec_Steel_Co_Ltd,China,3651,3651.0,exact,"Xinjiang, China",Xinjiang Kingtec Steel Co Ltd,E100000126623,新疆和钢钢铁股份有限公司,Xinjiang KingTec Steel Co Ltd,E100000128679 [66.0%]; E100000128360 [32.8%]; E100000132388 [1.2%],Shanghai Xuantong Technology Development Co Ltd [66.0%]; Shanghai Juhang Industrial Co Ltd [32.8%]; unknown [1.2%],operating,GIST,GIST,Iron & Steel,ttpa
steel,P100000120352,Yunnan Tiangao Nickel Alloy Co Ltd,云南天高镍业有限公司,YunNan Province Tiangao Nickel Alloy Co Ltd,Sichuan Jinguang Industry (Group) Co Ltd [63.9%]; unknown [29.8%]; Sichuan Shiting Ecology Agriculture Technology Co Ltd [6.2%],Yunnan,China,operating,2009-12-23,3600,3600.0,"[{'status': 'retired', 'method': 'BOF', 'capacity': '1100'}, {'status': 'operating', 'method': 'EAF', 'capacity': '500'}, {'status': 'construction', 'method': 'EAF', 'capacity': '500'}, {'status': 'cancelled', 'method': 'EAF', 'capacity': '400'}, {'status': 'retired', 'method': 'BF', 'capacity': '1100'}]",EAF; BF; BOF,Integrated (BF),24.80128,104.063455,24.80128,104.063455,https://www.gem.wiki/Yunnan_Tiangao_Nickel_Alloy_Co_Ltd,China,3600,3600.0,exact,"Yunnan, China",Yunnan Tiangao Nickel Alloy Co Ltd,E100000126347,云南天高镍业有限公司,YunNan Province Tiangao Nickel Alloy Co Ltd,E100000127446 [63.9%]; E100000132388 [29.8%]; E100000127447 [6.2%],Sichuan Jinguang Industry (Group) Co Ltd [63.9%]; unknown [29.8%]; Sichuan Shiting Ecology Agriculture Technology Co Ltd [6.2%],operating,GIST,GIST,Iron & Steel,ttpa
steel,P100000120319,Guangdong Jinshenglan Metallurgical Technology Co Ltd,广东金晟兰冶金科技有限公司,Guangdong Jinshenglan Metallurgical Technology Co Ltd,Fujian Lanming Investment Partnership LP [25.2%]; unknown [14.9%]; natural person(s) [13.9%]; Fujian Lanrui Investment Partnership LP [12.5%]; Fujian Qikun Investment Co Ltd [5.8%]; Fujian Zhongyi Investment Co Ltd [5.0%]; Fujian Taisong Investment Co Ltd [3.3%]; Fujian Qinghe Investment Co Ltd [1.9%]; Fujian Jinkun Investment Co Ltd [1.8%]; Fuzhou Deyu Investment Co Ltd [1.8%]; Fujian Shunle Investment Co Ltd [1.8%]; Fujian Yuheng Investment Co Ltd [1.8%]; Fuzhou Minqiu Trading Co Ltd [1.7%]; Fenghe Investment (Fujian) Co Ltd [1.4%]; Fujian Jingyuan Investment Co Ltd [1.4%]; Fujian Junao Investment Co Ltd [1.4%]; Fujian Yongxinqi Investment Co Ltd [1.4%]; Yuncheng Investment (Fujian) Co Ltd [1.4%]; Pingtan Shengxin Investment Partnership LP [1.4%],Guangdong,China,operating,2021,3600,3600.0,"[{'status': 'operating', 'method': 'EAF', 'capacity': '3600'}]",EAF,Electric,22.888729,112.263081,22.888729,112.263081,https://www.gem.wiki/Guangdong_Jinshenglan_Metallurgical_Technology_Co_Ltd,China,3600,3600.0,exact,"Guangdong, China",Guangdong Jinshenglan Metallurgical Technology Co Ltd,E100000126881,广东金晟兰冶金科技有限公司,Guangdong Jinshenglan Metallurgical Technology Co Ltd,E100000128591 [25.2%]; E100000132388 [14.9%]; E100000123261 [13.9%]; E100000128858 [12.5%]; E100000124854 [5.8%]; E100000128594 [5.0%]; E100000124851 [3.3%]; E100000128595 [1.9%]; E100000124852 [1.8%]; E100000124853 [1.8%]; E100000124856 [1.8%]; E100000128596 [1.8%]; E100000128597 [1.7%]; E100000128967 [1.4%]; E100000128969 [1.4%]; E100000128968 [1.4%]; E100000124850 [1.4%]; E100000124849 [1.4%]; E100000128966 [1.4%],Fujian Lanming Investment Partnership LP [25.2%]; unknown [14.9%]; natural person(s) [13.9%]; Fujian Lanrui Investment Partnership LP [12.5%]; Fujian Qikun Investment Co Ltd [5.8%]; Fujian Zhongyi Investment Co Ltd [5.0%]; Fujian Taisong Investment Co Ltd [3.3%]; Fujian Qinghe Investment Co Ltd [1.9%]; Fujian Jinkun Investment Co Ltd [1.8%]; Fuzhou Deyu Investment Co Ltd [1.8%]; Fujian Shunle Investment Co Ltd [1.8%]; Fujian Yuheng Investment Co Ltd [1.8%]; Fuzhou Minqiu Trading Co Ltd [1.7%]; Fenghe Investment (Fujian) Co Ltd [1.4%]; Fujian Jingyuan Investment Co Ltd [1.4%]; Fujian Junao Investment Co Ltd [1.4%]; Fujian Yongxinqi Investment Co Ltd [1.4%]; Yuncheng Investment (Fujian) Co Ltd [1.4%]; Pingtan Shengxin Investment Partnership LP [1.4%],operating,GIST,GIST,Iron & Steel,ttpa
steel,P100000121087,Shanxi Tongde Xinghua Special Steel Co Ltd,山西同德兴华特钢有限公司,Shanxi Tongde Xinghua Special Steel Co Ltd,Shanxi State-Owned Capital Investment and Operation Co Ltd [28.7%]; Datong Qijun Trading Co Ltd [26.0%]; Tianjin Bohai Runde Steel Group Co Ltd [25.0%]; China Cinda Asset Management Co Ltd [14.8%]; Jinneng Holding Group Co Ltd [3.2%]; unknown [2.3%],Shanxi,China,operating,2005-12-06,3600,3600.0,"[{'status': 'operating', 'method': 'BOF', 'capacity': '2500'}, {'status': 'operating', 'method': 'BF', 'capacity': '1100'}]",BF; BOF,Integrated (BF),40.183517,113.305462,40.183517,113.305462,https://www.gem.wiki/Shanxi_Tongde_Xinghua_Special_Steel_Co_Ltd,China,3600,3600.0,exact,"Shanxi, China",Shanxi Tongde Xinghua Special Steel Co Ltd,E100000127073,山西同德兴华特钢有限公司,Shanxi Tongde Xinghua Special Steel Co Ltd,E100000001663 [28.7%]; E100000128383 [26.0%]; E100000128384 [25.0%]; E100000123329 [14.8%]; E100000001543 [3.2%]; E100000132388 [2.3%],Shanxi State-Owned Capital Investment and Operation Co Ltd [28.7%]; Datong Qijun Trading Co Ltd [26.0%]; Tianjin Bohai Runde Steel Group Co Ltd [25.0%]; China Cinda Asset Management Co Ltd [14.8%]; Jinneng Holding Group Co Ltd [3.2%]; unknown [2.3%],operating,GIST,GIST,Iron & Steel,ttpa
steel,P100000120169,Henan Changtai Stainless Steel Plate Co Ltd,河南昌泰不锈钢股份有限公司,Henan Changtai Stainless Steel Plate Co Ltd,Ma'anshan Jiatong Enterprise Management Partnership (General Partnership) [65.0%]; natural person(s) [32.3%]; unknown [2.7%],Henan,China,retired,2008,3596,3596.0,"[{'status': 'retired', 'method': 'BOF', 'capacity': '1936'}, {'status': 'retired', 'method': 'BF', 'capacity': '1660'}]",BF; BOF,Integrated (BF),34.702951,112.955911,34.702951,112.955911,https://www.gem.wiki/Henan_Changtai_Stainless_Steel_Plate_Co_Ltd,China,3596,3596.0,exact,"Henan, China",Henan Changtai Stainless Steel Plate Co Ltd,E100000127189,河南昌泰不锈钢板有限公司,Henan Changtai Stainless Steel Plate Co Ltd,E100000128611 [65.0%]; E100000123261 [32.3%]; E100000132388 [2.7%],Ma'anshan Jiatong Enterprise Management Partnership (General Partnership) [65.0%]; natural person(s) [32.3%]; unknown [2.7%],retired,GIST,GIST,Iron & Steel,ttpa
steel,P100000120151,Hebei Huaxi Iron and Steel Co Ltd,"河北钢铁集团华西钢铁有限公司, 滦南华瑞钢铁有限公司, 唐山钢铁集团华西钢铁有限公司",Luannan Huarui Steel Co Ltd,Wuxi Zhongbang Equity Investment Partnership LP [77.8%]; Jiangsu Huaxi Group Co Ltd [22.2%],Hebei,China,retired,2002,3590,3590.0,"[{'status': 'retired', 'method': 'BOF', 'capacity': '2550'}, {'status': 'retired', 'method': 'BF', 'capacity': '1040'}]",BF; BOF,Integrated (BF),39.51833,118.715766,39.51833,118.715766,https://www.gem.wiki/Hebei_Huaxi_Iron_and_Steel_Co_Ltd,China,3590,3590.0,exact,"Hebei, China",Hebei Huaxi Iron and Steel Co Ltd,E100000127272,河北华西钢铁有限公司,Luannan Huarui Steel Co Ltd,E100000128531 [77.8%]; E100000128532 [22.2%],Wuxi Zhongbang Equity Investment Partnership LP [77.8%]; Jiangsu Huaxi Group Co Ltd [22.2%],retired,GIST,GIST,Iron & Steel,ttpa
steel,P100000120251,Shandong Longsheng Iron and Steel Co Ltd,山东隆盛钢铁有限公司,Shandong Longsheng Iron and Steel Co Ltd,Jinghua Rigang Holding Group Co Ltd [50.0%]; natural person(s) [30.4%]; unknown [19.7%],Shandong,China,retired,2003-08-08,3560,3560.0,"[{'status': 'retired', 'method': 'BOF', 'capacity': '2000'}, {'status': 'retired', 'method': 'BF', 'capacity': '1560'}]",BF; BOF,Integrated (BF),36.891189,118.187041,36.891189,118.187041,https://www.gem.wiki/Shandong_Longsheng_Iron_and_Steel_Co_Ltd,China,3560,3560.0,exact,"Shandong, China",Shandong Longsheng Iron and Steel Co Ltd,E100000127017,山东隆盛钢铁有限公司,Shandong Longsheng Iron and Steel Co Ltd,E100000124688 [50.0%]; E100000123261 [30.4%]; E100000132388 [19.7%],Jinghua Rigang Holding Group Co Ltd [50.0%]; natural person(s) [30.4%]; unknown [19.7%],retired,GIST,GIST,Iron & Steel,ttpa
steel,P100000120248,Shandong Luli Steel Co Ltd,山东鲁丽钢铁有限公司,Shandong Luli Steel Co Ltd,Luli Group Co Ltd [49.0%]; unknown [39.6%]; natural person(s) [11.4%],Shandong,China,operating,1993,3480,3480.0,"[{'status': 'operating', 'method': 'BOF', 'capacity': '1400'}, {'status': 'operating', 'method': 'BF', 'capacity': '2080'}]",BF; BOF,Integrated (BF),36.970875,118.955444,36.970875,118.955444,https://www.gem.wiki/Shandong_Luli_Steel_Co_Ltd,China,3480,3480.0,exact,"Shandong, China",Shandong Luli Steel Co Ltd,E100000126856,山东鲁丽钢铁有限公司,Shandong Luli Steel Co Ltd,E100000127670 [49.0%]; E100000132388 [39.6%]; E100000123261 [11.4%],Luli Group Co Ltd [49.0%]; unknown [39.6%]; natural person(s) [11.4%],operating,GIST,GIST,Iron & Steel,ttpa
steel,P100000121141,Tangshan Stainless Steel Co Ltd,唐山不锈钢有限责任公司(曹妃甸),Tangshan Stainless Steel Co Ltd,HBIS Group Co Ltd [68.9%]; Metallurgical Corporation of China Ltd [23.9%]; unknown [7.2%],Hebei,China,cancelled,unknown,3400,3400.0,"[{'status': 'cancelled', 'method': 'BOF', 'capacity': '1350'}, {'status': 'cancelled', 'method': 'BF', 'capacity': '2050'}]",BF; BOF,Integrated (BF),39.160401,118.429806,39.160401,118.429806,https://www.gem.wiki/Tangshan_Stainless_Steel_Co_Ltd,China,3400,3400.0,approximate,"Hebei, China",Tangshan Stainless Steel Co Ltd,E100000126554,唐山不锈钢有限责任公司,Tangshan Stainless Steel Co Ltd,E100000124529 [68.9%]; E100000125333 [23.9%]; E100000132388 [7.2%],HBIS Group Co Ltd [68.9%]; Metallurgical Corporation of China Ltd [23.9%]; unknown [7.2%],cancelled,GIST,GIST,Iron & Steel,ttpa
steel,P100000120166,Anyang Xinpu Steel Co Ltd,安阳市新普钢铁有限公司,Anyang Xinpu Steel Co Ltd,natural person(s) [49.0%]; Minyuan Iron and Steel Group Co Ltd [34.0%]; Fujian Mingfa Investment Co Ltd [17.0%],Henan,China,retired,2005,3400,3400.0,"[{'status': 'retired', 'method': 'BOF', 'capacity': '2000'}, {'status': 'retired', 'method': 'BF', 'capacity': '1400'}]",BF; BOF,Integrated (BF),36.163203,114.296223,36.163203,114.296223,https://www.gem.wiki/Anyang_Xinpu_Steel_Co_Ltd,China,3400,3400.0,exact,"Henan, China",Anyang Xinpu Steel Co Ltd,E100000126159,安阳市新普钢铁有限公司,Anyang Xinpu Steel Co Ltd,E100000123261 [49.0%]; E100000123185 [34.0%]; E100000124295 [17.0%],natural person(s) [49.0%]; Minyuan Iron and Steel Group Co Ltd [34.0%]; Fujian Mingfa Investment Co Ltd [17.0%],retired,GIST,GIST,Iron & Steel,ttpa
steel,P100000120135,Hebei Baoxin Iron and Steel Group Co Ltd,河北宝信钢铁集团有限公司,Hebei Baoxin Iron and Steel Group Co Ltd,Hebei Baoxin Iron and Steel Group Co Ltd [100.0%],Hebei,China,retired,2002,3380,3380.0,"[{'status': 'retired', 'method': 'BOF', 'capacity': '1600'}, {'status': 'retired', 'method': 'BF', 'capacity': '1780'}]",BF; BOF,Integrated (BF),36.555205,114.108273,36.555205,114.108273,https://www.gem.wiki/Hebei_Baoxin_Iron_and_Steel_Group_Co_Ltd,China,3380,3380.0,exact,"Hebei, China",Hebei Baoxin Iron and Steel Group Co Ltd,E100000126822,河北宝信钢铁集团有限公司,Hebei Baoxin Iron and Steel Group Co Ltd,E100000126822 [100.0%],Hebei Baoxin Iron and Steel Group Co Ltd [100.0%],retired,GIST,GIST,Iron & Steel,ttpa
steel,P100000121142,Baotou Deshun Special Steel Co Ltd,包头市德顺特钢有限责任公司,Baotou Deshun Spec. Steel Co Ltd,Baotou Deshun Spec. Steel Co Ltd [100.0%],Inner Mongolia,China,construction,2007-03-27,3380,3380.0,"[{'status': 'construction', 'method': 'BOF', 'capacity': '1250'}, {'status': 'retired', 'method': 'BOF', 'capacity': '500'}, {'status': 'construction', 'method': 'BF', 'capacity': '1130'}, {'status': 'retired', 'method': 'BF', 'capacity': '500'}]",BF; BOF,Integrated (BF),40.9019,110.336253,40.9019,110.336253,https://www.gem.wiki/Baotou_Deshun_Special_Steel_Co_Ltd,China,3380,3380.0,exact,"Inner Mongolia, China",Baotou Deshun Special Steel Co Ltd,E100001012095,包头市德顺特钢有限责任公司,Baotou Deshun Spec. Steel Co Ltd,E100001012095 [100.0%],Baotou Deshun Spec. Steel Co Ltd [100.0%],construction,GIST,GIST,Iron & Steel,ttpa
steel,P100000120265,Changzhi Xingbao Steel Co Ltd,潞城市兴宝钢铁有限责任公司,Lucheng Xingbao Iron & Steel Co Ltd,Lucheng Xingbao Iron & Steel Co Ltd [100.0%],Shanxi,China,operating,2003-04-14,3270,3270.0,"[{'status': 'operating', 'method': 'BOF', 'capacity': '1900'}, {'status': 'operating', 'method': 'BF', 'capacity': '1370'}]",BF; BOF,Integrated (BF),36.332449,113.15509,36.332449,113.15509,https://www.gem.wiki/Changzhi_Xingbao_Steel_Co_Ltd,China,3270,3270.0,exact,"Shanxi, China",Changzhi Xingbao Steel Co Ltd,E100000127287,长治市兴宝钢铁有限责任公司,Lucheng Xingbao Iron & Steel Co Ltd,E100000127287 [100.0%],Lucheng Xingbao Iron & Steel Co Ltd [100.0%],operating,GIST,GIST,Iron & Steel,ttpa
steel,P100001063796,Haicheng Hengsheng Casting Co Ltd,海城市恒盛铸业有限公司,Haicheng Hengsheng Casting Co Ltd,Haicheng Hengsheng Casting Co Ltd [100.0%],Liaoning,China,operating,2000,3259,3259.0,"[{'status': 'operating', 'method': 'BOF', 'capacity': '760'}, {'status': 'operating', 'method': 'BF', 'capacity': '1220'}, {'status': 'retired', 'method': 'BF', 'capacity': '1279'}]",BF; BOF,Integrated (BF),41.057478,122.8328,41.057478,122.8328,https://www.gem.wiki/Haicheng_Hengsheng_Casting_Co_Ltd,China,3259,3259.0,exact,"Liaoning, China",Haicheng Hengsheng Casting Co Ltd,E100002020776,,Haicheng Hengsheng Casting Co Ltd,E100002020776 [100.0%],Haicheng Hengsheng Casting Co Ltd [100.0%],operating,GIST,GIST,Iron & Steel,ttpa
steel,P100000120329,Chengdu Changfeng Iron and Steel Group Co Ltd,成都市长峰钢铁集团有限公司,Chengdu Changfeng Steel Group Co Ltd,Chengdu Changfeng Steel Group Co Ltd [100.0%],Sichuan,China,construction,1970,3240,3240.0,"[{'status': 'construction', 'method': 'EAF', 'capacity': '1000'}, {'status': 'retired', 'method': 'EAF', 'capacity': '2240'}]",EAF,Electric,31.031921,103.672956,31.031921,103.672956,https://www.gem.wiki/Chengdu_Changfeng_Iron_and_Steel_Group_Co_Ltd,China,3240,3240.0,exact,"Sichuan, China",Chengdu Changfeng Iron and Steel Group Co Ltd,E100000126710,成都市长峰钢铁集团有限公司,Chengdu Changfeng Steel Group Co Ltd,E100000126710 [100.0%],Chengdu Changfeng Steel Group Co Ltd [100.0%],construction,GIST,GIST,Iron & Steel,ttpa
steel,P100000121082,Zhenshi Group Eastern Special Steel Co Ltd,浙江嘉兴钢铁集团有限责任公司,Zhenshi Group EASTERN SPECIAL Steel Co Ltd,Zhenshi Holding Group Co Ltd [70.3%]; Tongxiang Wushi Trading Co Ltd [23.9%]; unknown [4.5%]; Huakai Investment Co Ltd [1.3%],Zhejiang,China,operating pre-retirement,1972,3212,3212.0,"[{'status': 'construction', 'method': 'EAF', 'capacity': '2512'}, {'status': 'operating pre-retirement', 'method': 'EAF', 'capacity': '700'}]",EAF,Electric,30.720411,120.898518,30.720411,120.898518,https://www.gem.wiki/Zhenshi_Group_Eastern_Special_Steel_Co_Ltd,China,3212,3212.0,exact,"Zhejiang, China",Zhenshi Group Eastern Special Steel Co Ltd,E100000127059,振石集团东方特钢有限公司,Zhenshi Group EASTERN SPECIAL Steel Co Ltd,E100000127998 [70.3%]; E100000128497 [23.9%]; E100000132388 [4.5%]; E100000130601 [1.3%],Zhenshi Holding Group Co Ltd [70.3%]; Tongxiang Wushi Trading Co Ltd [23.9%]; unknown [4.5%]; Huakai Investment Co Ltd [1.3%],operating pre-retirement,GIST,GIST,Iron & Steel,ttpa
steel,P100000120285,Tianjin Tianfeng Steel Co Ltd,天津天丰钢铁股份有限公司,Tianjin Tianfeng Steel Co Ltd,Tianjin Tianfeng Steel Co Ltd [100.0%],Tianjin,China,retired,2001-07-31,3210,3210.0,"[{'status': 'retired', 'method': 'BOF', 'capacity': '1800'}, {'status': 'retired', 'method': 'BF', 'capacity': '1410'}]",BF; BOF,Integrated (BF),38.832642,117.102765,38.832642,117.102765,https://www.gem.wiki/Tianjin_Tianfeng_Steel_Co_Ltd,China,3210,3210.0,exact,"Tianjin, China",Tianjin Tianfeng Steel Co Ltd,E100000126387,天津天丰钢铁股份有限公司,Tianjin Tianfeng Steel Co Ltd,E100000126387 [100.0%],Tianjin Tianfeng Steel Co Ltd [100.0%],retired,GIST,GIST,Iron & Steel,ttpa
steel,P100000120208,Xuzhou Taifa Special Steel Group Co Ltd,徐州泰发特钢集团有限公司,Xuzhou TaiFa Special Steel Technology Co Ltd,Xuzhou TaiFa Special Steel Technology Co Ltd [100.0%],Jiangsu,China,retired,2004,3190,3190.0,"[{'status': 'retired', 'method': 'BOF', 'capacity': '1700'}, {'status': 'retired', 'method': 'BF', 'capacity': '1490'}]",BF; BOF,Integrated (BF),34.448514,117.271876,34.448514,117.271876,https://www.gem.wiki/Xuzhou_Taifa_Special_Steel_Group_Co_Ltd,China,3190,3190.0,exact,"Jiangsu, China",Xuzhou Taifa Special Steel Group Co Ltd,E100000126916,徐州泰发特钢集团有限公司,Xuzhou TaiFa Special Steel Technology Co Ltd,E100000126916 [100.0%],Xuzhou TaiFa Special Steel Technology Co Ltd [100.0%],retired,GIST,GIST,Iron & Steel,ttpa
steel,P100000120153,Chengde Zhaofeng Steel Group Co Ltd,承德兆丰钢铁集团有限公司,Chengde Zhaofeng Steel Group Co Ltd,Chengde Zhaofeng Steel Group Co Ltd [100.0%],Hebei,China,retired,2001,3180,3180.0,"[{'status': 'retired', 'method': 'BOF', 'capacity': '1700'}, {'status': 'retired', 'method': 'BF', 'capacity': '1480'}]",BF; BOF,Integrated (BF),40.593875,118.633334,40.593875,118.633334,https://www.gem.wiki/Chengde_Zhaofeng_Steel_Group_Co_Ltd,China,3180,3180.0,exact,"Hebei, China",Chengde Zhaofeng Steel Group Co Ltd,E100000126962,承德兆丰钢铁集团有限公司,Chengde Zhaofeng Steel Group Co Ltd,E100000126962 [100.0%],Chengde Zhaofeng Steel Group Co Ltd [100.0%],retired,GIST,GIST,Iron & Steel,ttpa
steel,P100000120200,Xuzhou Baofeng Special Steel Co Ltd,徐州宝丰特钢有限公司,Xuzhou Baofeng Special Steel Co Ltd,natural person(s) [89.6%]; Xuzhou Haijin Trading Co Ltd [10.0%]; unknown [0.5%],Jiangsu,China,retired,2008-01-23,3140,3140.0,"[{'status': 'retired', 'method': 'BOF', 'capacity': '1700'}, {'status': 'retired', 'method': 'BF', 'capacity': '1440'}]",BF; BOF,Integrated (BF),34.364872,117.322633,34.364872,117.322633,https://www.gem.wiki/Xuzhou_Baofeng_Special_Steel_Co_Ltd,China,3140,3140.0,exact,"Jiangsu, China",Xuzhou Baofeng Special Steel Co Ltd,E100000126676,徐州宝丰特钢有限公司,Xuzhou Baofeng Special Steel Co Ltd,E100000123261 [89.6%]; E100000127988 [10.0%]; E100000132388 [0.5%],natural person(s) [89.6%]; Xuzhou Haijin Trading Co Ltd [10.0%]; unknown [0.5%],retired,GIST,GIST,Iron & Steel,ttpa
steel,P100000120252,Shandong Minyuan Iron and Steel Co Ltd,山东闽源钢铁有限公司,Shandong Minyuan Steel & Iron Co Ltd,Shandong Minyuan Steel & Iron Co Ltd [100.0%],Shandong,China,retired,2003-01-18,3100,3100.0,"[{'status': 'retired', 'method': 'BOF', 'capacity': '1900'}, {'status': 'retired', 'method': 'BF', 'capacity': '1200'}]",BF; BOF,Integrated (BF),36.728409,117.426582,36.728409,117.426582,https://www.gem.wiki/Shandong_Minyuan_Iron_and_Steel_Co_Ltd,China,3100,3100.0,exact,"Shandong, China",Shandong Minyuan Iron and Steel Co Ltd,E100000126462,山东闽源钢铁有限公司,Shandong Minyuan Steel & Iron Co Ltd,E100000126462 [100.0%],Shandong Minyuan Steel & Iron Co Ltd [100.0%],retired,GIST,GIST,Iron & Steel,ttpa
steel,P100000120202,Danyang Longjiang Steel Co Ltd,丹阳龙江钢铁有限公司,Danyang Longjiang Steel Co Ltd,Hong Kong Qianlong Co Ltd [67.2%]; natural person(s) [32.8%],Jiangsu,China,operating,2003-07-18,3000,3000.0,"[{'status': 'operating', 'method': 'BOF', 'capacity': '1500'}, {'status': 'operating', 'method': 'BF', 'capacity': '1500'}]",BF; BOF,Integrated (BF),32.027791,119.57706,32.027791,119.57706,https://www.gem.wiki/Danyang_Longjiang_Steel_Co_Ltd,China,3000,3000.0,exact,"Jiangsu, China",Danyang Longjiang Steel Co Ltd,E100000127247,丹阳龙江钢铁有限公司,Danyang Longjiang Steel Co Ltd,E100000130432 [67.2%]; E100000123261 [32.8%],Hong Kong Qianlong Co Ltd [67.2%]; natural person(s) [32.8%],operating,GIST,GIST,Iron & Steel,ttpa
steel,P100000121249,Hebei Bishi Inner Mongolia iron and steel plant,河北毕氏实业集团有限公司,Inner Mongolia (Naiman) Jingan Non-ferrous Metal Materials Co Ltd,Inner Mongolia (Naiman) Jingan Non-ferrous Metal Materials Co Ltd [100.0%],Inner Mongolia,China,announced,unknown,3000,3000.0,"[{'status': 'announced', 'method': 'EAF', 'capacity': '2000'}, {'status': 'announced', 'method': 'DRI', 'capacity': '1000'}]",DRI; EAF,Integrated (DRI),43.696186,122.219433,43.696186,122.219433,https://www.gem.wiki/Hebei_Bishi_Inner_Mongolia_iron_and_steel_plant,China,3000,3000.0,approximate,"Inner Mongolia, China",Hebei Bishi Inner Mongolia iron and steel plant,E100000160981,内蒙古（奈曼）经安有色金属材料有限公司,Inner Mongolia (Naiman) Jingan Non-ferrous Metal Materials Co Ltd,E100000160981 [100.0%],Inner Mongolia (Naiman) Jingan Non-ferrous Metal Materials Co Ltd [100.0%],announced,GIST,GIST,Iron & Steel,ttpa
steel,P100000120418,Jianglong Acheng Iron and Steel Co Ltd,建龙阿城钢铁有限公司,Jianglong Acheng Iron & Steel Co Ltd,Beijing Jianlong Investment Co Ltd [87.6%]; unknown [12.4%],Heilongjiang,China,operating,2001,3000,3000.0,"[{'status': 'operating', 'method': 'BOF', 'capacity': '1600'}, {'status': 'operating', 'method': 'BF', 'capacity': '1400'}]",BF; BOF,Integrated (BF),45.562002,126.968128,45.562002,126.968128,https://www.gem.wiki/Jianglong_Acheng_Iron_and_Steel_Co_Ltd,China,3000,3000.0,exact,"Heilongjiang, China",Jianglong Acheng Iron and Steel Co Ltd,E100000126895,建龙阿城钢铁有限公司,Jianglong Acheng Iron & Steel Co Ltd,E100000000155 [87.6%]; E100000132388 [12.4%],Beijing Jianlong Investment Co Ltd [87.6%]; unknown [12.4%],operating,GIST,GIST,Iron & Steel,ttpa
steel,P100000120344,Lanxin Steel Group Co Ltd plant,兰鑫钢铁集团有限公司,Gaolan County Lanxin Steel Co Ltd,Gaolan County Lanxin Steel Co Ltd [100.0%],Gansu,China,operating,2001,2960,2960.0,"[{'status': 'operating', 'method': 'BOF', 'capacity': '700'}, {'status': 'operating', 'method': 'EAF', 'capacity': '400'}, {'status': 'operating', 'method': 'BF', 'capacity': '1150'}, {'status': 'retired', 'method': 'BF', 'capacity': '710'}]",BF; BOF; EAF,Integrated (BF),36.488866,103.922,36.488866,103.922,https://www.gem.wiki/Lanxin_Steel_Group_Co_Ltd_plant,China,2960,2960.0,exact,"Gansu, China",Lanxin Steel Group Co Ltd plant,E100000126506,兰鑫钢铁集团有限公司,Gaolan County Lanxin Steel Co Ltd,E100000126506 [100.0%],Gaolan County Lanxin Steel Co Ltd [100.0%],operating,GIST,GIST,Iron & Steel,ttpa
steel,P100000120231,Anshan Baode Iron and Steel Co Ltd,鞍山宝得钢铁有限公司,Anshan Baode Iron & Steel Co Ltd,Anshan Baode Iron & Steel Co Ltd [100.0%],Liaoning,China,operating,1999-05-28,2950,2950.0,"[{'status': 'operating', 'method': 'BOF', 'capacity': '1800'}, {'status': 'operating', 'method': 'BF', 'capacity': '1150'}]",BF; BOF,Integrated (BF),41.173613,122.945501,41.173613,122.945501,https://www.gem.wiki/Anshan_Baode_Iron_and_Steel_Co_Ltd,China,2950,2950.0,exact,"Liaoning, China",Anshan Baode Iron and Steel Co Ltd,E100000126417,鞍山宝得钢铁有限公司,Anshan Baode Iron & Steel Co Ltd,E100000126417 [100.0%],Anshan Baode Iron & Steel Co Ltd [100.0%],operating,GIST,GIST,Iron & Steel,ttpa
steel,P100000121047,Huangshi Xingang Heavy Industry Technology Co Ltd,黄石新港重工科技有限公司,Huangshi Xingang Heavy Industry Technology Co Ltd,WEALTH GROUP INVESTMENT LIMITED [100.0%],Hubei,China,construction,2024,2930,2930.0,"[{'status': 'construction', 'method': 'EAF', 'capacity': '2250'}, {'status': 'announced', 'method': 'Other/unspecified iron', 'capacity': '680'}]",Iron other/unspecified; EAF,Integrated (unknown),30.097108,115.284652,30.097108,115.284652,https://www.gem.wiki/Huangshi_Xingang_Heavy_Industry_Technology_Co_Ltd,China,2930,2930.0,approximate,"Hubei, China",Huangshi Xingang Heavy Industry Technology Co Ltd,E100000126571,黄石新港重工科技有限公司,Huangshi Xingang Heavy Industry Technology Co Ltd,E100000126029 [100.0%],WEALTH GROUP INVESTMENT LIMITED [100.0%],construction,GIST,GIST,Iron & Steel,ttpa
steel,P100000121148,Ningxia Boyu Hongxing Special Steel Group Co,宁夏博宇红星特钢集团有限公司,Ningxia Boyu Hongxing Special Steel Group Co Ltd,Ningxia Boyu Hongxing Special Steel Group Co Ltd [100.0%],Ningxia,China,retired,2000-04-10,2920,2920.0,"[{'status': 'retired', 'method': 'BOF', 'capacity': '1520'}, {'status': 'retired', 'method': 'BF', 'capacity': '1400'}]",BF; BOF,Integrated (BF),39.273832,106.75146,39.273832,106.75146,https://www.gem.wiki/Ningxia_Boyu_Hongxing_Special_Steel_Group_Co,China,2920,2920.0,exact,"Ningxia, China",Ningxia Boyu Hongxing Special Steel Group Co,E100001012201,,Ningxia Boyu Hongxing Special Steel Group Co Ltd,E100001012201 [100.0%],Ningxia Boyu Hongxing Special Steel Group Co Ltd [100.0%],retired,GIST,GIST,Iron & Steel,ttpa
steel,P100000120401,Hebei Zhangxuan High Tech Co Ltd,河北张宣高科科技有限公司,Hbzx HIGH Tech Co Ltd,HBIS Group Co Ltd [100.0%],Hebei,China,operating,2023,2910,2910.0,"[{'status': 'operating', 'method': 'EAF', 'capacity': '1800'}, {'status': 'operating', 'method': 'DRI', 'capacity': '1110'}]",DRI; EAF,Integrated (DRI),40.607977,115.067516,40.607977,115.067516,https://www.gem.wiki/Hebei_Zhangxuan_High_Tech_Co_Ltd,China,2910,2910.0,approximate,"Hebei, China",Hebei Zhangxuan High Tech Co Ltd,E100000126320,河北张宣高科科技有限公司,Hbzx HIGH Tech Co Ltd,E100000124529 [100.0%],HBIS Group Co Ltd [100.0%],operating,GIST,GIST,Iron & Steel,ttpa
steel,P100000120205,Jiangyin Huaxi Iron and Steel Co Ltd,江阴华西钢铁有限公司,Jiangyin Huaxi Steel Co Ltd,Wuxi Zhongbang Equity Investment Partnership LP [77.8%]; Jiangsu Huaxi Group Co Ltd [22.2%],Jiangsu,China,operating,2002-09-29,2900,2900.0,"[{'status': 'operating', 'method': 'BOF', 'capacity': '1500'}, {'status': 'operating', 'method': 'BF', 'capacity': '1400'}]",BF; BOF,Integrated (BF),31.816482,120.424347,31.816482,120.424347,https://www.gem.wiki/Jiangyin_Huaxi_Iron_and_Steel_Co_Ltd,China,2900,2900.0,exact,"Jiangsu, China",Jiangyin Huaxi Iron and Steel Co Ltd,E100000126810,江阴华西钢铁有限公司,Jiangyin Huaxi Steel Co Ltd,E100000128531 [77.8%]; E100000128532 [22.2%],Wuxi Zhongbang Equity Investment Partnership LP [77.8%]; Jiangsu Huaxi Group Co Ltd [22.2%],operating,GIST,GIST,Iron & Steel,ttpa
steel,P100000121137,Tongshan Liguo Iron and Steel Co Ltd,铜山县利国钢铁有限公司,Tongshan Liguo Iron and Steel Co Ltd,Tongshan Liguo Iron and Steel Co Ltd [100.0%],Jiangsu,China,retired,2000,2900,2900.0,"[{'status': 'retired', 'method': 'BOF', 'capacity': '1700'}, {'status': 'retired', 'method': 'BF', 'capacity': '1200'}]",BF; BOF,Integrated (BF),34.55486,117.327039,34.55486,117.327039,https://www.gem.wiki/Tongshan_Liguo_Iron_and_Steel_Co_Ltd,China,2900,2900.0,exact,"Jiangsu, China",Tongshan Liguo Iron and Steel Co Ltd,E100001012068,,Tongshan Liguo Iron and Steel Co Ltd,E100001012068 [100.0%],Tongshan Liguo Iron and Steel Co Ltd [100.0%],retired,GIST,GIST,Iron & Steel,ttpa
steel,P100000120186,Baotou Daan Iron and Steel Co Ltd Hondlon District,包头市大安钢铁有限责任公司,Baotou DA AN IRON&STEEL Co Ltd,Baotou DA AN IRON&STEEL Co Ltd [100.0%],Inner Mongolia,China,retired,2002,2890,2890.0,"[{'status': 'retired', 'method': 'BOF', 'capacity': '1100'}, {'status': 'retired', 'method': 'BF', 'capacity': '1790'}]",BF; BOF,Integrated (BF),40.662343,109.698333,40.662343,109.698333,https://www.gem.wiki/Baotou_Daan_Iron_and_Steel_Co_Ltd_Hondlon_District,China,2890,2890.0,exact,"Inner Mongolia, China",Baotou Daan Iron and Steel Co Ltd Hondlon District,E100000126606,包头市大安钢铁有限责任公司,Baotou DA AN IRON&STEEL Co Ltd,E100000126606 [100.0%],Baotou DA AN IRON&STEEL Co Ltd [100.0%],retired,GIST,GIST,Iron & Steel,ttpa
steel,P100000120269,Licheng Taihang Iron and Steel Co Ltd,黎城太行钢铁有限公司,Licheng Taihang Iron & Steel Co Ltd,Licheng Taihang Iron & Steel Co Ltd [100.0%],Shanxi,China,operating,2000-06-15,2878,2878.0,"[{'status': 'operating', 'method': 'BOF', 'capacity': '1700'}, {'status': 'operating', 'method': 'BF', 'capacity': '618'}, {'status': 'retired', 'method': 'BF', 'capacity': '560'}]",BF; BOF,Integrated (BF),36.472303,113.344155,36.472303,113.344155,https://www.gem.wiki/Licheng_Taihang_Iron_and_Steel_Co_Ltd,China,2878,2878.0,exact,"Shanxi, China",Licheng Taihang Iron and Steel Co Ltd,E100000126125,黎城太行钢铁有限公司,Licheng Taihang Iron & Steel Co Ltd,E100000126125 [100.0%],Licheng Taihang Iron & Steel Co Ltd [100.0%],operating,GIST,GIST,Iron & Steel,ttpa
steel,P100000120411,Ningxia Xinghua Iron and Steel Co Ltd,宁夏兴华钢铁有限公司,Ningxia Xinghua Iron and Steel Co Ltd,Fujian Longgang New Materials Co Ltd [100.0%],Ningxia,China,operating,2021-12,2870,2870.0,"[{'status': 'operating', 'method': 'BOF', 'capacity': '1500'}, {'status': 'operating', 'method': 'BF', 'capacity': '1370'}]",BF; BOF,Integrated (BF),39.309571,106.79093,39.309571,106.79093,https://www.gem.wiki/Ningxia_Xinghua_Iron_and_Steel_Co_Ltd,China,2870,2870.0,exact,"Ningxia, China",Ningxia Xinghua Iron and Steel Co Ltd,E100000126524,宁夏兴华钢铁有限公司,Ningxia Xinghua Iron and Steel Co Ltd,E100000126717 [100.0%],Fujian Longgang New Materials Co Ltd [100.0%],operating,GIST,GIST,Iron & Steel,ttpa
steel,P100000121044,Guangdong Yuebei United Steel Co Ltd,广东粤北联合钢铁有限公司,Guangdong Yuebei United Steel Co Ltd,Jingye Group Co Ltd [100.0%],Guangdong,China,operating,2010,2855,2855.0,"[{'status': 'operating', 'method': 'BOF', 'capacity': '975'}, {'status': 'operating', 'method': 'EAF', 'capacity': '1080'}, {'status': 'operating', 'method': 'BF', 'capacity': '800'}]",BF; BOF; EAF,Integrated (BF),24.262452,113.728198,24.262452,113.728198,https://www.gem.wiki/Guangdong_Yuebei_United_Steel_Co_Ltd,China,2855,2855.0,exact,"Guangdong, China",Guangdong Yuebei United Steel Co Ltd,E100000126242,广东粤北联合钢铁有限公司,Guangdong Yuebei United Steel Co Ltd,E100000124668 [100.0%],Jingye Group Co Ltd [100.0%],operating,GIST,GIST,Iron & Steel,ttpa
steel,P100001063692,Shandong Jinguan Metallurgical Technology Co Ltd,山东省锦冠冶金科技有限公司,Shandong Jinguan Metallurgical Technology Co Ltd,Shandong Jinguan Metallurgical Technology Co Ltd [100.0%],Shandong,China,operating,2003-05-06,2810,2810.0,"[{'status': 'operating', 'method': 'EAF', 'capacity': '2450'}, {'status': 'operating pre-retirement', 'method': 'EAF', 'capacity': '360'}]",EAF,Electric,37.449126,116.396787,37.449126,116.396787,https://www.gem.wiki/Shandong_Jinguan_Metallurgical_Technology_Co_Ltd,China,2810,2810.0,approximate,"Shandong, China",Shandong Jinguan Metallurgical Technology Co Ltd,E100002020731,,Shandong Jinguan Metallurgical Technology Co Ltd,E100002020731 [100.0%],Shandong Jinguan Metallurgical Technology Co Ltd [100.0%],operating,GIST,GIST,Iron & Steel,ttpa
steel,P100000120218,Jilin Jingang Iron and Steel Co Ltd,吉林金钢钢铁股份有限公司,Jilin Jingang Lron and Steel Co Ltd,Jilin Jingang Lron and Steel Co Ltd [100.0%],Jilin,China,operating,1979,2800,2800.0,"[{'status': 'operating', 'method': 'BOF', 'capacity': '1500'}, {'status': 'operating', 'method': 'BF', 'capacity': '1300'}]",BF; BOF,Integrated (BF),43.20023,124.335697,43.20023,124.335697,https://www.gem.wiki/Jilin_Jingang_Iron_and_Steel_Co_Ltd,China,2800,2800.0,exact,"Jilin, China",Jilin Jingang Iron and Steel Co Ltd,E100000127125,吉林金钢钢铁股份有限公司,Jilin Jingang Lron and Steel Co Ltd,E100000127125 [100.0%],Jilin Jingang Lron and Steel Co Ltd [100.0%],operating,GIST,GIST,Iron & Steel,ttpa
steel,P100000120353,Yunnan Jingye Steel Co Ltd,云南永昌钢铁公司,Yunnan Jingye Steel Co,Jingye Group Co Ltd [100.0%],Yunnan,China,retired,2020-04-09,2800,2800.0,"[{'status': 'retired', 'method': 'BOF', 'capacity': '1700'}, {'status': 'retired', 'method': 'BF', 'capacity': '1100'}]",BF; BOF,Integrated (BF),25.023852,102.312086,25.023852,102.312086,https://www.gem.wiki/Yunnan_Jingye_Steel_Co_Ltd,China,2800,2800.0,exact,"Yunnan, China",Yunnan Jingye Steel Co Ltd,E100000126603,云南敬业钢铁有限公司,Yunnan Jingye Steel Co,E100000124668 [100.0%],Jingye Group Co Ltd [100.0%],retired,GIST,GIST,Iron & Steel,ttpa
steel,P100001061571,Yuxi Huixi Metal Casting Products Co Ltd,玉溪汇溪金属铸造制品有限公司,Yuxi Huixi Metal Casting Products Co Ltd,Yuxi Huixi Metal Casting Products Co Ltd [100.0%],Yunnan,China,operating,2006-06-05,2800,2800.0,"[{'status': 'operating', 'method': 'BOF', 'capacity': '850'}, {'status': 'retired', 'method': 'BOF', 'capacity': '850'}, {'status': 'operating', 'method': 'BF', 'capacity': '550'}, {'status': 'retired', 'method': 'BF', 'capacity': '550'}]",BF; BOF,Integrated (BF),24.360481,102.481118,24.360481,102.481118,https://www.gem.wiki/Yuxi_Huixi_Metal_Casting_Products_Co_Ltd,China,2800,2800.0,exact,"Yunnan, China",Yuxi Huixi Metal Casting Products Co Ltd,E100002019338,玉溪汇溪金属铸造制品有限公司,Yuxi Huixi Metal Casting Products Co Ltd,E100002019338 [100.0%],Yuxi Huixi Metal Casting Products Co Ltd [100.0%],operating,GIST,GIST,Iron & Steel,ttpa
steel,P100000120382,Liyang Baorun Steel Co Ltd,溧阳宝润钢铁有限公司,Liyang Baorun Steel Co Ltd,Jiangsu Delong Nickel Industry Co Ltd [100.0%],Jiangsu,China,operating,2023-07-22,2760,2760.0,"[{'status': 'operating', 'method': 'EAF', 'capacity': '2760'}]",EAF,Electric,31.471123,119.485941,31.471123,119.485941,https://www.gem.wiki/Liyang_Baorun_Steel_Co_Ltd,China,2760,2760.0,exact,"Jiangsu, China",Liyang Baorun Steel Co Ltd,E100000126811,溧阳宝润钢铁有限公司,Liyang Baorun Steel Co Ltd,E100000126498 [100.0%],Jiangsu Delong Nickel Industry Co Ltd [100.0%],operating,GIST,GIST,Iron & Steel,ttpa
steel,P100000120307,Hebei Mingbin Iron and Steel Co Ltd,河北铭镔钢铁有限公司,Hebei New Wuan Steel Group Wenan IRON&STEEL Co Ltd,natural person(s) [49.0%]; Hebei Puyang Industrial Group Co Ltd [33.2%]; Longxiang Group (Hong Kong) [17.8%],Hebei,China,construction,unknown,2629,2629.0,"[{'status': 'construction', 'method': 'BOF', 'capacity': '1350'}, {'status': 'construction', 'method': 'BF', 'capacity': '1279'}]",BF; BOF,Integrated (BF),36.631491,113.968635,36.631491,113.968635,https://www.gem.wiki/Hebei_Mingbin_Iron_and_Steel_Co_Ltd,China,2629,2629.0,exact,"Hebei, China",Hebei Mingbin Iron and Steel Co Ltd,E100000127093,河北新武安钢铁集团文安钢铁有限公司,Hebei New Wuan Steel Group Wenan IRON&STEEL Co Ltd,E100000123261 [49.0%]; E100000124068 [33.2%]; E100000126000 [17.8%],natural person(s) [49.0%]; Hebei Puyang Industrial Group Co Ltd [33.2%]; Longxiang Group (Hong Kong) [17.8%],construction,GIST,GIST,Iron & Steel,ttpa
steel,P100000120154,Chengde Shengfeng Iron and Steel Co Ltd,承德盛丰钢铁有限公司,Chengde Shengfeng Iron & Steel Co Ltd,Chengde Shengfeng Iron & Steel Co Ltd [100.0%],Hebei,China,retired,2003,2601,2601.0,"[{'status': 'retired', 'method': 'BOF', 'capacity': '1301'}, {'status': 'retired', 'method': 'BF', 'capacity': '1300'}]",BF; BOF,Integrated (BF),40.622466,118.490845,40.622466,118.490845,https://www.gem.wiki/Chengde_Shengfeng_Iron_and_Steel_Co_Ltd,China,2601,2601.0,exact,"Hebei, China",Chengde Shengfeng Iron and Steel Co Ltd,E100000126686,承德盛丰钢铁有限公司,Chengde Shengfeng Iron & Steel Co Ltd,E100000126686 [100.0%],Chengde Shengfeng Iron & Steel Co Ltd [100.0%],retired,GIST,GIST,Iron & Steel,ttpa
steel,P100000120138,Hebei Xinghua Iron and Steel Co Ltd,河北兴华钢铁有限公司,Hebei Xinghua Iron and Steel Co Ltd,Jinan Iron & Steel Group Co Ltd [51.0%]; natural person(s) [49.0%],Hebei,China,retired,2002,2600,2600.0,"[{'status': 'retired', 'method': 'BOF', 'capacity': '1400'}, {'status': 'retired', 'method': 'BF', 'capacity': '1200'}]",BF; BOF,Integrated (BF),36.744936,114.111602,36.744936,114.111602,https://www.gem.wiki/Hebei_Xinghua_Iron_and_Steel_Co_Ltd,China,2600,2600.0,exact,"Hebei, China",Hebei Xinghua Iron and Steel Co Ltd,E100000127161,河北兴华钢铁有限公司,Hebei Xinghua Iron and Steel Co Ltd,E100000126505 [51.0%]; E100000123261 [49.0%],Jinan Iron & Steel Group Co Ltd [51.0%]; natural person(s) [49.0%],retired,GIST,GIST,Iron & Steel,ttpa
steel,P100000120072,Tongling Fuxin Iron and Steel Co Ltd,铜陵市富鑫钢铁有限公司,Tongling Fuxin Iron & Steel Co Ltd,Tongling Fuxin Iron & Steel Co Ltd [100.0%],Anhui,China,operating,1970,2530,2530.0,"[{'status': 'operating', 'method': 'BOF', 'capacity': '1350'}, {'status': 'operating', 'method': 'BF', 'capacity': '1180'}]",BF; BOF,Integrated (BF),30.907561,117.772866,30.907561,117.772866,https://www.gem.wiki/Tongling_Fuxin_Iron_and_Steel_Co_Ltd,China,2530,2530.0,exact,"Anhui, China",Tongling Fuxin Iron and Steel Co Ltd,E100000127154,铜陵市富鑫钢铁有限公司,Tongling Fuxin Iron & Steel Co Ltd,E100000127154 [100.0%],Tongling Fuxin Iron & Steel Co Ltd [100.0%],operating,GIST,GIST,Iron & Steel,ttpa
steel,P100001064261,Qinyang Hongda Iron & Steel Co Ltd,沁阳市宏达钢铁有限公司,Qinyang Hongda Iron & Steel Co Ltd,Qinyang Hongda Iron & Steel Co Ltd [100.0%],Henan,China,operating,2003,2500,2500.0,"[{'status': 'operating', 'method': 'EAF', 'capacity': '500'}, {'status': 'construction', 'method': 'EAF', 'capacity': '2000'}]",EAF,Electric,35.184849,112.902248,35.184849,112.902248,https://www.gem.wiki/Qinyang_Hongda_Iron_&_Steel_Co_Ltd,China,2500,2500.0,exact,"Henan, China",Qinyang Hongda Iron & Steel Co Ltd,E100002021050,,Qinyang Hongda Iron & Steel Co Ltd,E100002021050 [100.0%],Qinyang Hongda Iron & Steel Co Ltd [100.0%],operating,GIST,GIST,Iron & Steel,ttpa
steel,P100000120412,Longnan Fuxin Iron and Steel Co Ltd,龙南市福鑫钢铁有限公司,Longnan Fuxin Steel Co Ltd,Longnan Fuxin Steel Co Ltd [100.0%],Jiangxi,China,operating pre-retirement,2005-03-23,2500,2500.0,"[{'status': 'construction', 'method': 'EAF', 'capacity': '1500'}, {'status': 'operating pre-retirement', 'method': 'EAF', 'capacity': '1000'}]",EAF,Electric,24.912904,114.844503,24.912904,114.844503,https://www.gem.wiki/Longnan_Fuxin_Iron_and_Steel_Co_Ltd,China,2500,2500.0,exact,"Jiangxi, China",Longnan Fuxin Iron and Steel Co Ltd,E100000126284,龙南市福鑫钢铁有限公司,Longnan Fuxin Steel Co Ltd,E100000126284 [100.0%],Longnan Fuxin Steel Co Ltd [100.0%],operating pre-retirement,GIST,GIST,Iron & Steel,ttpa
steel,P100000121143,Baotou Da'an Iron and Steel Co Ltd Kundulun District,包头市大安钢铁有限责任公司,Baotou DA AN IRON&STEEL Co Ltd,Baotou DA AN IRON&STEEL Co Ltd [100.0%],Inner Mongolia,China,cancelled,unknown,2500,2500.0,"[{'status': 'cancelled', 'method': 'BOF', 'capacity': '1350'}, {'status': 'cancelled', 'method': 'BF', 'capacity': '1150'}]",BF; BOF,Integrated (BF),40.715119,109.821653,40.715119,109.821653,https://www.gem.wiki/Baotou_Da'an_Iron_and_Steel_Co_Ltd_Kundulun_District,China,2500,2500.0,approximate,"Inner Mongolia, China",Baotou Da'an Iron and Steel Co Ltd Kundulun District,E100000126606,包头市大安钢铁有限责任公司,Baotou DA AN IRON&STEEL Co Ltd,E100000126606 [100.0%],Baotou DA AN IRON&STEEL Co Ltd [100.0%],cancelled,GIST,GIST,Iron & Steel,ttpa
steel,P100000120378,Hebei Huaxin Special Steel Co Ltd,河北华信特种钢铁有限公司,Hebei Huaxin Special Steel Co Ltd,Jinan Iron & Steel Group Co Ltd [85.1%]; Wuan Yuhua Steel Co Ltd [11.5%]; unknown [3.5%],Hebei,China,operating,2021,2490,2490.0,"[{'status': 'operating', 'method': 'BOF', 'capacity': '1350'}, {'status': 'operating', 'method': 'BF', 'capacity': '1140'}]",BF; BOF,Integrated (BF),36.53048,114.245262,36.53048,114.245262,https://www.gem.wiki/Hebei_Huaxin_Special_Steel_Co_Ltd,China,2490,2490.0,exact,"Hebei, China",Hebei Huaxin Special Steel Co Ltd,E100000126550,河北华信特种钢铁有限公司,Hebei Huaxin Special Steel Co Ltd,E100000126505 [85.1%]; E100000126416 [11.5%]; E100000132388 [3.5%],Jinan Iron & Steel Group Co Ltd [85.1%]; Wuan Yuhua Steel Co Ltd [11.5%]; unknown [3.5%],operating,GIST,GIST,Iron & Steel,ttpa
steel,P100001063508,Yunnan Qujing Iron & Steel Group Yue Steel Iron & Steel Co Ltd,云南曲靖钢铁集团越钢钢铁有限公司,Yunnan Qujing Iron & Steel Group Yue Steel Iron & Steel Co Ltd,Yunnan Qujing Iron & Steel Group Yue Steel Iron & Steel Co Ltd [100.0%],Yunnan,China,retired,1969-11,2445,2445.0,"[{'status': 'retired', 'method': 'BOF', 'capacity': '1200'}, {'status': 'retired', 'method': 'BF', 'capacity': '1245'}]",BF; BOF,Integrated (BF),25.304544,103.889418,25.304544,103.889418,https://www.gem.wiki/Yunnan_Qujing_Iron_&_Steel_Group_Yue_Steel_Iron_&_Steel_Co_Ltd,China,2445,2445.0,exact,"Yunnan, China",Yunnan Qujing Iron & Steel Group Yue Steel Iron & Steel Co Ltd,E100002020649,云南曲靖钢铁集团越钢钢铁有限公司,Yunnan Qujing Iron & Steel Group Yue Steel Iron & Steel Co Ltd,E100002020649 [100.0%],Yunnan Qujing Iron & Steel Group Yue Steel Iron & Steel Co Ltd [100.0%],retired,GIST,GIST,Iron & Steel,ttpa
steel,P100000120342,Tangshan Zhengfeng Steel Co Ltd,唐山正丰钢铁有限公司,Tangshan Zhengfeng Steel Co Ltd,Tangshan Zhengfeng Steel Co Ltd [100.0%],Hebei,China,operating,2004,2439,2439.0,"[{'status': 'operating', 'method': 'EAF', 'capacity': '2439'}]",EAF,Electric,39.85271,118.181279,39.85271,118.181279,https://www.gem.wiki/Tangshan_Zhengfeng_Steel_Co_Ltd,China,2439,2439.0,exact,"Hebei, China",Tangshan Zhengfeng Steel Co Ltd,E100000127360,唐山正丰钢铁有限公司,Tangshan Zhengfeng Steel Co Ltd,E100000127360 [100.0%],Tangshan Zhengfeng Steel Co Ltd [100.0%],operating,GIST,GIST,Iron & Steel,ttpa
steel,P100000120185,Inner Mongolia Desheng Metal Products Co Ltd,内蒙古德晟金属制品有限公司,Inner Mongolia Desheng Metal Products Co Ltd,Inner Mongolia Desheng Industrial Group Co Ltd [57.2%]; natural person(s) [42.8%],Inner Mongolia,China,operating,2011-11-03,2430,2430.0,"[{'status': 'operating', 'method': 'BOF', 'capacity': '1350'}, {'status': 'operating', 'method': 'BF', 'capacity': '1080'}]",BF; BOF,Integrated (BF),39.867015,106.890377,39.867015,106.890377,https://www.gem.wiki/Inner_Mongolia_Desheng_Metal_Products_Co_Ltd,China,2430,2430.0,exact,"Inner Mongolia, China",Inner Mongolia Desheng Metal Products Co Ltd,E100000126297,内蒙古德晟金属制品有限公司,Inner Mongolia Desheng Metal Products Co Ltd,E100000126736 [57.2%]; E100000123261 [42.8%],Inner Mongolia Desheng Industrial Group Co Ltd [57.2%]; natural person(s) [42.8%],operating,GIST,GIST,Iron & Steel,ttpa
steel,P100000120413,Fujian Longgang New Materials Co Ltd,福建龙钢新型材料有限公司,Fujian Longgang New Materials Co Ltd,Fujian Longgang New Materials Co Ltd [100.0%],Fujian,China,operating,unknown,2413,2413.0,"[{'status': 'operating', 'method': 'BOF', 'capacity': '1210'}, {'status': 'operating', 'method': 'BF', 'capacity': '1203'}]",BF; BOF,Integrated (BF),25.357408,117.362096,25.357408,117.362096,https://www.gem.wiki/Fujian_Longgang_New_Materials_Co_Ltd,China,2413,2413.0,exact,"Fujian, China",Fujian Longgang New Materials Co Ltd,E100000126717,福建龙钢新型材料有限公司,Fujian Longgang New Materials Co Ltd,E100000126717 [100.0%],Fujian Longgang New Materials Co Ltd [100.0%],operating,GIST,GIST,Iron & Steel,ttpa
steel,P100000120204,Wuxi Xinsanzhou Steel Co Ltd,无锡新三洲特钢有限公司,Wuxi Xinsanzhou Special Steel Co Ltd,Wuxi Xinsanzhou Special Steel Co Ltd [100.0%],Jiangsu,China,retired,1986,2400,2400.0,"[{'status': 'retired', 'method': 'BOF', 'capacity': '1100'}, {'status': 'retired', 'method': 'BF', 'capacity': '1300'}]",BF; BOF,Integrated (BF),31.681005,120.251785,31.681005,120.251785,https://www.gem.wiki/Wuxi_Xinsanzhou_Steel_Co_Ltd,China,2400,2400.0,exact,"Jiangsu, China",Wuxi Xinsanzhou Steel Co Ltd,E100000126287,无锡新三洲特钢有限公司,Wuxi Xinsanzhou Special Steel Co Ltd,E100000126287 [100.0%],Wuxi Xinsanzhou Special Steel Co Ltd [100.0%],retired,GIST,GIST,Iron & Steel,ttpa
steel,P100000120380,Guangdong Nanfang Donghai Iron and Steel Co Ltd,广东南方东海钢铁有限公司,Guangdong Nanfang Donghai Iron and Steel Co Ltd,Tangshan Donghai Iron and Steel Group Co Ltd [70.0%]; natural person(s) [30.0%],Guangdong,China,operating,2023,2400,2400.0,"[{'status': 'operating', 'method': 'EAF', 'capacity': '2400'}]",EAF,Electric,22.907614,112.224952,22.907614,112.224952,https://www.gem.wiki/Guangdong_Nanfang_Donghai_Iron_and_Steel_Co_Ltd,China,2400,2400.0,approximate,"Guangdong, China",Guangdong Nanfang Donghai Iron and Steel Co Ltd,E100000127165,广东南方东海钢铁有限公司,Guangdong Nanfang Donghai Iron and Steel Co Ltd,E100000123219 [70.0%]; E100000123261 [30.0%],Tangshan Donghai Iron and Steel Group Co Ltd [70.0%]; natural person(s) [30.0%],operating,GIST,GIST,Iron & Steel,ttpa
steel,P100001063756,Qinglong Manchu Autonomous County Delong Foundry Development Co Ltd,青龙满族自治县德龙铸业开发有限公司,Qinglong Manzhu Autonomous County Delong Casting Industry Development Co Ltd,Qinglong Manzhu Autonomous County Delong Casting Industry Development Co Ltd [100.0%],Hebei,China,operating,2010-04-09,2390,2390.0,"[{'status': 'operating', 'method': 'BOF', 'capacity': '1350'}, {'status': 'operating', 'method': 'BF', 'capacity': '1040'}]",BF; BOF,Integrated (BF),40.427008,119.219855,40.427008,119.219855,https://www.gem.wiki/Qinglong_Manchu_Autonomous_County_Delong_Foundry_Development_Co_Ltd,China,2390,2390.0,exact,"Hebei, China",Qinglong Manchu Autonomous County Delong Foundry Development Co Ltd,E100002020762,,Qinglong Manzhu Autonomous County Delong Casting Industry Development Co Ltd,E100002020762 [100.0%],Qinglong Manzhu Autonomous County Delong Casting Industry Development Co Ltd [100.0%],operating,GIST,GIST,Iron & Steel,ttpa
steel,P100000120286,Chongli Steel Manufacturing Co Ltd,崇利制钢有限公司,Chongli Steel Manufacturing Co Ltd,British Asia Pan Ruogen International Co Ltd [59.2%]; unknown [40.8%],Hebei,China,retired,2003,2350,2350.0,"[{'status': 'retired', 'method': 'BOF', 'capacity': '1800'}, {'status': 'retired', 'method': 'BF', 'capacity': '550'}]",BF; BOF,Integrated (BF),36.602468,113.755744,36.602468,113.755744,https://www.gem.wiki/Chongli_Steel_Manufacturing_Co_Ltd,China,2350,2350.0,exact,"Hebei, China",Chongli Steel Manufacturing Co Ltd,E100000126996,崇利制钢有限公司,Chongli Steel Manufacturing Co Ltd,E100000130417 [59.2%]; E100000132388 [40.8%],British Asia Pan Ruogen International Co Ltd [59.2%]; unknown [40.8%],retired,GIST,GIST,Iron & Steel,ttpa
steel,P100001063638,Shandong Taigang Xinhai Stainless Steel Co Ltd,山东太钢鑫海不锈钢有限公司,Shandong Taigang Xinhai Stainless Steel Co Ltd,Shandong Taigang Xinhai Stainless Steel Co Ltd [100.0%],Shandong,China,operating,2016-01-26,2260,2260.0,"[{'status': 'operating', 'method': 'BOF', 'capacity': '1860'}, {'status': 'operating', 'method': 'BF', 'capacity': '400'}]",BF; BOF,Integrated (BF),35.228556,119.084178,35.228556,119.084178,https://www.gem.wiki/Shandong_Taigang_Xinhai_Stainless_Steel_Co_Ltd,China,2260,2260.0,approximate,"Shandong, China",Shandong Taigang Xinhai Stainless Steel Co Ltd,E100002020710,,Shandong Taigang Xinhai Stainless Steel Co Ltd,E100002020710 [100.0%],Shandong Taigang Xinhai Stainless Steel Co Ltd [100.0%],operating,GIST,GIST,Iron & Steel,ttpa
steel,P100000120359,Zunyi Fuxin Special Steel Equipment Manufacturing Co Ltd,遵义福鑫特殊钢装备制造有限公司,Zunyi County Fuxin Iron & Steel Product Co Ltd,Zunyi County Fuxin Iron & Steel Product Co Ltd [100.0%],Guizhou,China,operating pre-retirement,1993,2260,2260.0,"[{'status': 'construction', 'method': 'EAF', 'capacity': '1110'}, {'status': 'operating pre-retirement', 'method': 'EAF', 'capacity': '1150'}]",EAF,Electric,27.591697,106.815453,27.591697,106.815453,https://www.gem.wiki/Zunyi_Fuxin_Special_Steel_Equipment_Manufacturing_Co_Ltd,China,2260,2260.0,exact,"Guizhou, China",Zunyi Fuxin Special Steel Equipment Manufacturing Co Ltd,E100000126901,遵义福鑫特殊钢装备制造有限公司,Zunyi County Fuxin Iron & Steel Product Co Ltd,E100000126901 [100.0%],Zunyi County Fuxin Iron & Steel Product Co Ltd [100.0%],operating pre-retirement,GIST,GIST,Iron & Steel,ttpa
steel,P100000120292,Xinjiang Kunyu Iron and Steel Co Ltd,奎屯西姆莱斯特钢有限公司,Xinjiang Kunyu Lron & Steel Co Ltd,Shiheng Special Steel Holding Group Co Ltd [54.7%]; Hong Kong Wing Tai Holdings [22.0%]; unknown [15.9%]; Trade Union Committee of Shiheng Special Steel Group [7.4%],Xinjiang,China,retired,2010-04-15,2250,2250.0,"[{'status': 'retired', 'method': 'BOF', 'capacity': '750'}, {'status': 'retired', 'method': 'BF', 'capacity': '1500'}]",BF; BOF,Integrated (BF),44.404189,84.966753,44.404189,84.966753,https://www.gem.wiki/Xinjiang_Kunyu_Iron_and_Steel_Co_Ltd,China,2250,2250.0,exact,"Xinjiang, China",Xinjiang Kunyu Iron and Steel Co Ltd,E100000126477,新疆昆玉钢铁有限公司,Xinjiang Kunyu Lron & Steel Co Ltd,E100000124166 [54.7%]; E100000126043 [22.0%]; E100000132388 [15.9%]; E100000126042 [7.4%],Shiheng Special Steel Holding Group Co Ltd [54.7%]; Hong Kong Wing Tai Holdings [22.0%]; unknown [15.9%]; Trade Union Committee of Shiheng Special Steel Group [7.4%],retired,GIST,GIST,Iron & Steel,ttpa
steel,P100000120288,Tianjin Tianzhong Giant Heavy Industry Co Ltd,天津市天重江天特钢有限公司,Tianjin Tianzhong Giant Heavy Industry Co Ltd,Tianjin Jiangtian Industrial Development Co Ltd [100.0%],Tianjin,China,retired,2000-03-20,2220,2220.0,"[{'status': 'retired', 'method': 'BOF', 'capacity': '1350'}, {'status': 'retired', 'method': 'BF', 'capacity': '870'}]",BF; BOF,Integrated (BF),39.501442,118.719554,39.501442,118.719554,https://www.gem.wiki/Tianjin_Tianzhong_Giant_Heavy_Industry_Co_Ltd,China,2220,2220.0,exact,"Tianjin, China",Tianjin Tianzhong Giant Heavy Industry Co Ltd,E100000127338,天津市天重江天重工有限公司,Tianjin Tianzhong Giant Heavy Industry Co Ltd,E100000127588 [100.0%],Tianjin Jiangtian Industrial Development Co Ltd [100.0%],retired,GIST,GIST,Iron & Steel,ttpa
steel,P100000120404,Zhejiang Yuxin Industrial Co Ltd,浙江冠富实业有限公司,Zhejiang Yuxin Industrial Co Ltd,Zhejiang Yuxin Industrial Co Ltd [100.0%],Zhejiang,China,operating,2000-11-24,2200,2200.0,"[{'status': 'operating', 'method': 'EAF', 'capacity': '1100'}, {'status': 'retired', 'method': 'EAF', 'capacity': '1100'}]",EAF,Electric,28.787202,120.248592,28.787202,120.248592,https://www.gem.wiki/Zhejiang_Yuxin_Industrial_Co_Ltd,China,2200,2200.0,exact,"Zhejiang, China",Zhejiang Yuxin Industrial Co Ltd,E100000127054,浙江誉鑫实业有限公司,Zhejiang Yuxin Industrial Co Ltd,E100000127054 [100.0%],Zhejiang Yuxin Industrial Co Ltd [100.0%],operating,GIST,GIST,Iron & Steel,ttpa
steel,P100000120387,Panshi Jianlong Iron and Steel Co Ltd,磐石建龙钢铁有限公司,Jilinheng Precision Casting Technology Co Ltd,Beijing Jianlong Investment Co Ltd [90.2%]; unknown [9.8%],Jilin,China,operating,2010-03-05,2200,2200.0,"[{'status': 'operating', 'method': 'BOF', 'capacity': '1100'}, {'status': 'operating', 'method': 'BF', 'capacity': '1100'}]",BF; BOF,Integrated (BF),43.196537,126.00063,43.196537,126.00063,https://www.gem.wiki/Panshi_Jianlong_Iron_and_Steel_Co_Ltd,China,2200,2200.0,exact,"Jilin, China",Panshi Jianlong Iron and Steel Co Ltd,E100000125133,磐石建龙钢铁有限公司,Jilinheng Precision Casting Technology Co Ltd,E100000000155 [90.2%]; E100000132388 [9.8%],Beijing Jianlong Investment Co Ltd [90.2%]; unknown [9.8%],operating,GIST,GIST,Iron & Steel,ttpa
steel,P100000121081,Tianjin Rongcheng Group Tangshan Special Steel Co Ltd,天津荣程集团唐山特种钢有限公司,Tianjin Rongcheng Group Tangshan Special Steel Co Ltd,Tianjin Rongcheng Group Tangshan Special Steel Co Ltd [100.0%],Hebei,China,retired,1999,2190,2190.0,"[{'status': 'retired', 'method': 'BOF', 'capacity': '1150'}, {'status': 'retired', 'method': 'BF', 'capacity': '1040'}]",BF; BOF,Integrated (BF),39.551552,118.137993,39.551552,118.137993,https://www.gem.wiki/Tianjin_Rongcheng_Group_Tangshan_Special_Steel_Co_Ltd,China,2190,2190.0,exact,"Hebei, China",Tianjin Rongcheng Group Tangshan Special Steel Co Ltd,E100001012092,,Tianjin Rongcheng Group Tangshan Special Steel Co Ltd,E100001012092 [100.0%],Tianjin Rongcheng Group Tangshan Special Steel Co Ltd [100.0%],retired,GIST,GIST,Iron & Steel,ttpa
steel,P100000120180,Hengyang Valin Steel Tube Co Ltd,衡阳华菱钢管有限公司,Hengyang Valin Steel Tube Co Ltd,Hunan Valin Steel Co Ltd [85.9%]; Hunan Valin Iron & Steel Group Co Ltd [10.0%]; Hunan Development Investment Group Co Ltd [1.4%]; Hunan Caixin Financial Holding Group Co Ltd [1.4%]; Hunan Xingxiang Investment Holding Group Co Ltd [1.3%]; unknown [0.0%],Hunan,China,operating,1958,2130,2130.0,"[{'status': 'operating', 'method': 'EAF', 'capacity': '1300'}, {'status': 'operating', 'method': 'BF', 'capacity': '830'}]",BF; EAF,Integrated (BF),26.865484,112.576853,26.865484,112.576853,https://www.gem.wiki/Hengyang_Valin_Steel_Tube_Co_Ltd,China,2130,2130.0,exact,"Hunan, China",Hengyang Valin Steel Tube Co Ltd,E100000127153,衡阳华菱钢管有限公司,Hengyang Valin Steel Tube Co Ltd,E100000124129 [85.9%]; E100000128133 [10.0%]; E100000128566 [1.4%]; E100000125175 [1.4%]; E100000124815 [1.3%]; E100000132388 [0.0%],Hunan Valin Steel Co Ltd [85.9%]; Hunan Valin Iron & Steel Group Co Ltd [10.0%]; Hunan Development Investment Group Co Ltd [1.4%]; Hunan Caixin Financial Holding Group Co Ltd [1.4%]; Hunan Xingxiang Investment Holding Group Co Ltd [1.3%]; unknown [0.0%],operating,GIST,GIST,Iron & Steel,ttpa
steel,P100000120402,Anhui Langxi Hongtai Iron and Steel Co Ltd,安徽省郎溪县鸿泰钢铁有限公司,Anhui Langxi County Fuhang Steel Co Ltd,Anhui Langxi County Fuhang Steel Co Ltd [100.0%],Anhui,China,operating,2002,2100,2100.0,"[{'status': 'operating', 'method': 'EAF', 'capacity': '1000'}, {'status': 'retired', 'method': 'EAF', 'capacity': '1100'}]",EAF,Electric,31.246635,119.120443,31.246635,119.120443,https://www.gem.wiki/Anhui_Langxi_Hongtai_Iron_and_Steel_Co_Ltd,China,2100,2100.0,exact,"Anhui, China",Anhui Langxi Hongtai Iron and Steel Co Ltd,E100000126133,安徽省郎溪县鸿泰钢铁有限公司,Anhui Langxi County Fuhang Steel Co Ltd,E100000126133 [100.0%],Anhui Langxi County Fuhang Steel Co Ltd [100.0%],operating,GIST,GIST,Iron & Steel,ttpa
steel,P100000120276,Jinye Iron and Steel Group Co Ltd,壶关县常平炼钢有限公司,Jinye Steel Group Co Ltd,Jinye Steel Group Co Ltd [100.0%],Shanxi,China,operating,2003-05-08,2050,2050.0,"[{'status': 'operating', 'method': 'BOF', 'capacity': '950'}, {'status': 'operating', 'method': 'BF', 'capacity': '1100'}]",BF; BOF,Integrated (BF),36.148131,113.209523,36.148131,113.209523,https://www.gem.wiki/Jinye_Iron_and_Steel_Group_Co_Ltd,China,2050,2050.0,exact,"Shanxi, China",Jinye Iron and Steel Group Co Ltd,E100000126800,金烨钢铁集团有限公司,Jinye Steel Group Co Ltd,E100000126800 [100.0%],Jinye Steel Group Co Ltd [100.0%],operating,GIST,GIST,Iron & Steel,ttpa
steel,P100000120170,Anyang Huixin Special Steel Co Ltd,安阳汇鑫华诚特钢有限公司,Anyang Huixin Special Steel Co Ltd,"Henan Jingchang Coal Chemical Co Ltd [90.0%]; Henan Xinlei Group HOLDINGS Co Ltd [6.2%]; Henan LIYUAN Coking Group Co Ltd [1.3%]; Henan Shuncheng Group,coal Co Ltd [1.3%]; Henan Yulong Coking Co Ltd [1.3%]",Henan,China,retired,2004,2050,2050.0,"[{'status': 'retired', 'method': 'BOF', 'capacity': '1200'}, {'status': 'retired', 'method': 'BF', 'capacity': '850'}]",BF; BOF,Integrated (BF),36.152418,114.15839,36.152418,114.15839,https://www.gem.wiki/Anyang_Huixin_Special_Steel_Co_Ltd,China,2050,2050.0,exact,"Henan, China",Anyang Huixin Special Steel Co Ltd,E100000126643,安阳汇鑫特钢有限公司,Anyang Huixin Special Steel Co Ltd,E100000127613 [90.0%]; E100000128836 [6.2%]; E100000128827 [1.3%]; E100000128828 [1.3%]; E100000128829 [1.3%],"Henan Jingchang Coal Chemical Co Ltd [90.0%]; Henan Xinlei Group HOLDINGS Co Ltd [6.2%]; Henan LIYUAN Coking Group Co Ltd [1.3%]; Henan Shuncheng Group,coal Co Ltd [1.3%]; Henan Yulong Coking Co Ltd [1.3%]",retired,GIST,GIST,Iron & Steel,ttpa
steel,P100001023534,Xinjiang Ka Steel Group Co,新疆喀钢集团有限公司,Xinjiang Ka Steel Group Co,Xinjiang Ka Steel Group Co [100.0%],Xinjiang,China,operating,2021-11-18,2040,2040.0,"[{'status': 'operating', 'method': 'BOF', 'capacity': '1000'}, {'status': 'operating', 'method': 'BF', 'capacity': '1040'}]",BF; BOF,Integrated (BF),39.142997,76.161589,39.142997,76.161589,https://www.gem.wiki/Xinjiang_Ka_Steel_Group_Co,China,2040,2040.0,approximate,"Xinjiang, China",Xinjiang Ka Steel Group Co,E100002004335,,Xinjiang Ka Steel Group Co,E100002004335 [100.0%],Xinjiang Ka Steel Group Co [100.0%],operating,GIST,GIST,Iron & Steel,ttpa
steel,P100000120295,Xinjiang Daan Special Steel Co Ltd,新疆大安特种钢有限责任公司,Xinjiang Da'an Special Steel Co Ltd,Xinjiang Da'an Special Steel Co Ltd [100.0%],Xinjiang,China,operating,2011-04-11,2040,2040.0,"[{'status': 'operating', 'method': 'BOF', 'capacity': '1000'}, {'status': 'operating', 'method': 'BF', 'capacity': '1040'}]",BF; BOF,Integrated (BF),42.700465,93.542466,42.700465,93.542466,https://www.gem.wiki/Xinjiang_Daan_Special_Steel_Co_Ltd,China,2040,2040.0,exact,"Xinjiang, China",Xinjiang Daan Special Steel Co Ltd,E100001010586,新疆大安特种钢有限公司,Xinjiang Da'an Special Steel Co Ltd,E100001010586 [100.0%],Xinjiang Da'an Special Steel Co Ltd [100.0%],operating,GIST,GIST,Iron & Steel,ttpa
steel,P100000120087,Guangdong Guangqing Metal Technology Co Ltd,广东广青金属科技有限公司,Guangdong Guangqing METAL Technology Co Ltd,Guangdong Guangxin Holdings Group Ltd [48.9%]; Shanghai Decent Investment (Group) Co Ltd [17.0%]; unknown [16.9%]; TSINGSHAN Holding Group Co Ltd [13.4%]; Zhejiang Qingshan Business Management Co Ltd [3.8%],Guangdong,China,operating,2010,2040,2040.0,"[{'status': 'operating', 'method': 'EAF', 'capacity': '2040'}]",EAF,Electric,21.697069,111.848841,21.697069,111.848841,https://www.gem.wiki/Guangdong_Guangqing_Metal_Technology_Co_Ltd,China,2040,2040.0,exact,"Guangdong, China",Guangdong Guangqing Metal Technology Co Ltd,E100000126182,广东广青金属科技有限公司,Guangdong Guangqing METAL Technology Co Ltd,E100000127962 [48.9%]; E100000128090 [17.0%]; E100000132388 [16.9%]; E100000128088 [13.4%]; E100000128539 [3.8%],Guangdong Guangxin Holdings Group Ltd [48.9%]; Shanghai Decent Investment (Group) Co Ltd [17.0%]; unknown [16.9%]; TSINGSHAN Holding Group Co Ltd [13.4%]; Zhejiang Qingshan Business Management Co Ltd [3.8%],operating,GIST,GIST,Iron & Steel,ttpa
steel,P100000120317,Chongqing Zuhang Iron and Steel Co Ltd,重庆足航钢铁有限公司,Chongqing Zuhang Steel Co Ltd,Chongqing Zuhang Steel Co Ltd [100.0%],Chongqing,China,operating pre-retirement,2008,2020,2020.0,"[{'status': 'construction', 'method': 'EAF', 'capacity': '1010'}, {'status': 'operating pre-retirement', 'method': 'EAF', 'capacity': '1010'}]",EAF,Electric,29.440056,105.741929,29.440056,105.741929,https://www.gem.wiki/Chongqing_Zuhang_Iron_and_Steel_Co_Ltd,China,2020,2020.0,exact,"Chongqing, China",Chongqing Zuhang Iron and Steel Co Ltd,E100000126259,重庆足航钢铁有限公司,Chongqing Zuhang Steel Co Ltd,E100000126259 [100.0%],Chongqing Zuhang Steel Co Ltd [100.0%],operating pre-retirement,GIST,GIST,Iron & Steel,ttpa
steel,P100000121041,Chizhou Guichi Guihang Metal Products Co Ltd,池州市贵池区贵航金属制品有限公司,Chizhou Guichi Guihang Metal Products Co Ltd,Chizhou Guichi Guihang Metal Products Co Ltd [100.0%],Anhui,China,operating,2000,2000,2000.0,"[{'status': 'operating', 'method': 'EAF', 'capacity': '1000'}, {'status': 'retired', 'method': 'EAF', 'capacity': '1000'}]",EAF,Electric,30.532786,117.25166,30.532786,117.25166,https://www.gem.wiki/Chizhou_Guichi_Guihang_Metal_Products_Co_Ltd,China,2000,2000.0,exact,"Anhui, China",Chizhou Guichi Guihang Metal Products Co Ltd,E100000127077,池州市贵池区贵航金属制品有限公司,Chizhou Guichi Guihang Metal Products Co Ltd,E100000127077 [100.0%],Chizhou Guichi Guihang Metal Products Co Ltd [100.0%],operating,GIST,GIST,Iron & Steel,ttpa
steel,P100000120346,Zhongye Dongfang Jiangsu Heavy Industry Co Ltd,中冶东方江苏重工有限公司,BERIS Jiangsu Heavy Industry Co Ltd,Jiangsu Feida Co Ltd [65.0%]; Metallurgical Corporation of China Ltd [18.0%]; natural person(s) [15.0%]; unknown [2.0%],Jiangsu,China,operating,2009-10-22,2000,2000.0,"[{'status': 'operating', 'method': 'EAF', 'capacity': '2000'}]",EAF,Electric,32.104319,119.792126,32.104319,119.792126,https://www.gem.wiki/Zhongye_Dongfang_Jiangsu_Heavy_Industry_Co_Ltd,China,2000,2000.0,exact,"Jiangsu, China",Zhongye Dongfang Jiangsu Heavy Industry Co Ltd,E100000127120,中冶东方江苏重工有限公司,BERIS Jiangsu Heavy Industry Co Ltd,E100000127415 [65.0%]; E100000125333 [18.0%]; E100000123261 [15.0%]; E100000132388 [2.0%],Jiangsu Feida Co Ltd [65.0%]; Metallurgical Corporation of China Ltd [18.0%]; natural person(s) [15.0%]; unknown [2.0%],operating,GIST,GIST,Iron & Steel,ttpa
steel,P100000120335,Luzhou Xinyang Vanadium Titanium Steel Co Ltd,泸州鑫阳钒钛钢铁有限公司,Luzhou Xinyang Vanadium Titanium Steel Co Ltd,Luzhou Chengkun Industry Co Ltd [70.0%]; Sichuan Luzhou Jiangyang Iron and Steel Co Ltd [30.0%],Sichuan,China,operating,2020-01-08,2000,2000.0,"[{'status': 'operating', 'method': 'EAF', 'capacity': '2000'}]",EAF,Electric,28.851779,105.70509,28.851779,105.70509,https://www.gem.wiki/Luzhou_Xinyang_Vanadium_Titanium_Steel_Co_Ltd,China,2000,2000.0,exact,"Sichuan, China",Luzhou Xinyang Vanadium Titanium Steel Co Ltd,E100000126425,泸州鑫阳钒钛钢铁有限公司,Luzhou Xinyang Vanadium Titanium Steel Co Ltd,E100000128540 [70.0%]; E100000128084 [30.0%],Luzhou Chengkun Industry Co Ltd [70.0%]; Sichuan Luzhou Jiangyang Iron and Steel Co Ltd [30.0%],operating,GIST,GIST,Iron & Steel,ttpa
steel,P100000120381,Xuzhou Jinhong Iron and Steel Group Co Ltd,徐州金虹钢铁集团有限公司,Xuzhou Jinhong Iron and Steel Group Co Ltd,Xuzhou Jinhong Iron and Steel Group Co Ltd [100.0%],Jiangsu,China,operating,2000-07-21,2000,2000.0,"[{'status': 'operating', 'method': 'EAF', 'capacity': '1000'}, {'status': 'retired', 'method': 'EAF', 'capacity': '1000'}]",EAF,Electric,34.500122,116.908897,34.500122,116.908897,https://www.gem.wiki/Xuzhou_Jinhong_Iron_and_Steel_Group_Co_Ltd,China,2000,2000.0,exact,"Jiangsu, China",Xuzhou Jinhong Iron and Steel Group Co Ltd,E100000126452,徐州金虹钢铁集团有限公司,Xuzhou Jinhong Iron and Steel Group Co Ltd,E100000126452 [100.0%],Xuzhou Jinhong Iron and Steel Group Co Ltd [100.0%],operating,GIST,GIST,Iron & Steel,ttpa
steel,P100000120322,Shijiazhuang Iron and Steel Co Ltd Special Steel Branch,石家庄钢铁有限责任公司特殊钢分公司,Shijiazhuang Iron and Steel Co Ltd,HBIS Group Co Ltd [74.7%]; HBIS International Holdings Ltd [24.9%]; unknown [0.4%],Hebei,China,operating,2020,2000,2000.0,"[{'status': 'operating', 'method': 'EAF', 'capacity': '2000'}]",EAF,Electric,38.075008,114.033043,38.075008,114.033043,https://www.gem.wiki/Shijiazhuang_Iron_and_Steel_Co_Ltd_Special_Steel_Branch,China,2000,2000.0,exact,"Hebei, China",Shijiazhuang Iron and Steel Co Ltd Special Steel Branch,E100001000929,石家庄钢铁有限责任公司,Shijiazhuang Iron and Steel Co Ltd,E100000124529 [74.7%]; E100000130636 [24.9%]; E100000132388 [0.4%],HBIS Group Co Ltd [74.7%]; HBIS International Holdings Ltd [24.9%]; unknown [0.4%],operating,GIST,GIST,Iron & Steel,ttpa
steel,P100000120293,Xinjiang Yili Iron and Steel Co Ltd,新疆伊犁钢铁有限责任公司,Xinjiang Yili Iron and Steel Co Ltd,Xinjiang Yili Iron and Steel Co Ltd [100.0%],Xinjiang,China,operating,1958,2000,2000.0,"[{'status': 'operating', 'method': 'BOF', 'capacity': '1000'}, {'status': 'operating', 'method': 'BF', 'capacity': '1000'}]",BF; BOF,Integrated (BF),43.526808,83.294323,43.526808,83.294323,https://www.gem.wiki/Xinjiang_Yili_Iron_and_Steel_Co_Ltd,China,2000,2000.0,exact,"Xinjiang, China",Xinjiang Yili Iron and Steel Co Ltd,E100001010587,新疆伊犁钢铁有限公司,Xinjiang Yili Iron and Steel Co Ltd,E100001010587 [100.0%],Xinjiang Yili Iron and Steel Co Ltd [100.0%],operating,GIST,GIST,Iron & Steel,ttpa
steel,P100000120358,Fuzhou Wuhang Steel Products Co Ltd,福州吴航钢铁制品有限公司,Fuzhou Wuhang Steel Products Co Ltd,natural person(s) [66.2%]; Fujian Wugang Group Co Ltd [33.8%],Fujian,China,operating,2021,2000,2000.0,"[{'status': 'operating', 'method': 'EAF', 'capacity': '2000'}]",EAF,Electric,25.995101,119.495725,25.995101,119.495725,https://www.gem.wiki/Fuzhou_Wuhang_Steel_Products_Co_Ltd,China,2000,2000.0,exact,"Fujian, China",Fuzhou Wuhang Steel Products Co Ltd,E100000126169,福州吴航钢铁制品有限公司,Fuzhou Wuhang Steel Products Co Ltd,E100000123261 [66.2%]; E100000127616 [33.8%],natural person(s) [66.2%]; Fujian Wugang Group Co Ltd [33.8%],operating,GIST,GIST,Iron & Steel,ttpa
steel,P100000121064,Fujian Wuhang Stainless Steel Products Co Ltd,福建吴航不锈钢制品有限公司,Fujian Wuhang Stainless Steel Products Co Ltd,Fujian Wugang Group Co Ltd [38.2%]; Fujian Kaihang Stainless Steel Products Co Ltd [36.8%]; Tianwei Co Ltd [25.0%],Fujian,China,operating,1993,2000,2000.0,"[{'status': 'operating', 'method': 'EAF', 'capacity': '2000'}]",EAF,Electric,25.95923,119.452018,25.95923,119.452018,https://www.gem.wiki/Fujian_Wuhang_Stainless_Steel_Products_Co_Ltd,China,2000,2000.0,exact,"Fujian, China",Fujian Wuhang Stainless Steel Products Co Ltd,E100000127366,福建吴航不锈钢制品有限公司,Fujian Wuhang Stainless Steel Products Co Ltd,E100000127616 [38.2%]; E100000128115 [36.8%]; E100000130640 [25.0%],Fujian Wugang Group Co Ltd [38.2%]; Fujian Kaihang Stainless Steel Products Co Ltd [36.8%]; Tianwei Co Ltd [25.0%],operating,GIST,GIST,Iron & Steel,ttpa
steel,P100000120350,Hebei Longfengshan Casting Co Ltd,河北龙凤山铸业有限公司,Hebei PROVINCE Longfengshan Casting Industry Co Ltd,natural person(s) [90.1%]; China Development Bank Corp [9.9%],Hebei,China,operating,1999,2000,2000.0,"[{'status': 'operating', 'method': 'BF', 'capacity': '2000'}]",BF,Ironmaking (BF),36.705105,114.105387,36.705105,114.105387,https://www.gem.wiki/Hebei_Longfengshan_Casting_Co_Ltd,China,2000,2000.0,exact,"Hebei, China",Hebei Longfengshan Casting Co Ltd,E100000126568,河北龙凤山铸业有限公司,Hebei PROVINCE Longfengshan Casting Industry Co Ltd,E100000123261 [90.1%]; E100001001051 [9.9%],natural person(s) [90.1%]; China Development Bank Corp [9.9%],operating,GIST,GIST,Iron & Steel,ttpa
steel,P100000120385,Cangzhou Lingang Sanling Metal Co Ltd,沧州临港三菱金属制品有限公司,Cangzhou Lingang Sanling Metal Co Ltd,Cangzhou Lingang Sanling Metal Co Ltd [100.0%],Hebei,China,operating,1995,2000,2000.0,"[{'status': 'operating', 'method': 'EAF', 'capacity': '1000'}, {'status': 'retired', 'method': 'EAF', 'capacity': '1000'}]",EAF,Electric,38.311738,117.457779,38.311738,117.457779,https://www.gem.wiki/Cangzhou_Lingang_Sanling_Metal_Co_Ltd,China,2000,2000.0,exact,"Hebei, China",Cangzhou Lingang Sanling Metal Co Ltd,E100000126397,沧州临港三菱金属制品有限公司,Cangzhou Lingang Sanling Metal Co Ltd,E100000126397 [100.0%],Cangzhou Lingang Sanling Metal Co Ltd [100.0%],operating,GIST,GIST,Iron & Steel,ttpa
steel,P100000120343,Hubei Shunle Steel Co Ltd plant,湖北顺乐钢铁有限公司,Hubei Shunle Iron and Steel Co Ltd,Hubei Jinshenglan Metallurgical Technology Co Ltd [62.6%]; Yuncheng Investment (Fujian) Co Ltd [9.1%]; Fujian Yongxinqi Investment Co Ltd [6.8%]; Fujian Taisong Investment Co Ltd [4.9%]; Fujian Jinkun Investment Co Ltd [4.2%]; Fuzhou Deyu Investment Co Ltd [3.6%]; Fujian Qikun Investment Co Ltd [2.5%]; Fujian Hongyao Investment Co Ltd [2.4%]; Fujian Shunle Investment Co Ltd [1.9%]; unknown [1.9%],Hubei,China,operating,2021,2000,2000.0,"[{'status': 'operating', 'method': 'EAF', 'capacity': '2000'}]",EAF,Electric,29.925026,113.826118,29.925026,113.826118,https://www.gem.wiki/Hubei_Shunle_Steel_Co_Ltd_plant,China,2000,2000.0,exact,"Hubei, China",Hubei Shunle Steel Co Ltd plant,E100000127111,湖北顺乐钢铁有限公司,Hubei Shunle Iron and Steel Co Ltd,E100000123176 [62.6%]; E100000124849 [9.1%]; E100000124850 [6.8%]; E100000124851 [4.9%]; E100000124852 [4.2%]; E100000124853 [3.6%]; E100000124854 [2.5%]; E100000124855 [2.4%]; E100000124856 [1.9%]; E100000132388 [1.9%],Hubei Jinshenglan Metallurgical Technology Co Ltd [62.6%]; Yuncheng Investment (Fujian) Co Ltd [9.1%]; Fujian Yongxinqi Investment Co Ltd [6.8%]; Fujian Taisong Investment Co Ltd [4.9%]; Fujian Jinkun Investment Co Ltd [4.2%]; Fuzhou Deyu Investment Co Ltd [3.6%]; Fujian Qikun Investment Co Ltd [2.5%]; Fujian Hongyao Investment Co Ltd [2.4%]; Fujian Shunle Investment Co Ltd [1.9%]; unknown [1.9%],operating,GIST,GIST,Iron & Steel,ttpa
steel,P100000120097,Guizhou United Iron and Steel Group Co Ltd,贵州联合钢铁(集团)有限公司,Guizhou United Steel (Group) Co Ltd,Guiyang Changle Iron and Steel Co Ltd [33.3%]; Qianxinan Prefecture Juxin Industry & Trade General Co [33.3%]; Zunyi County Fuxin Iron & Steel Product Co Ltd [33.3%],Guizhou,China,operating,2014,1990,1990.0,"[{'status': 'operating', 'method': 'EAF', 'capacity': '1990'}]",EAF,Electric,27.591691,106.814024,27.591691,106.814024,https://www.gem.wiki/Guizhou_United_Iron_and_Steel_Group_Co_Ltd,China,1990,1990.0,exact,"Guizhou, China",Guizhou United Iron and Steel Group Co Ltd,E100000126286,贵州联合钢铁（集团）有限公司,Guizhou United Steel (Group) Co Ltd,E100000128163 [33.3%]; E100000126448 [33.3%]; E100000126901 [33.3%],Guiyang Changle Iron and Steel Co Ltd [33.3%]; Qianxinan Prefecture Juxin Industry & Trade General Co [33.3%]; Zunyi County Fuxin Iron & Steel Product Co Ltd [33.3%],operating,GIST,GIST,Iron & Steel,ttpa
steel,P100000120177,Ezhou Hongtai Steel Co Ltd,鄂州鸿泰钢铁有限公司,Ezhou Hongtai Steel Co Ltd,Hubei Jinshenglan Metallurgical Technology Co Ltd [62.6%]; Yuncheng Investment (Fujian) Co Ltd [9.1%]; Fujian Yongxinqi Investment Co Ltd [6.8%]; Fujian Taisong Investment Co Ltd [4.9%]; Fujian Jinkun Investment Co Ltd [4.2%]; Fuzhou Deyu Investment Co Ltd [3.6%]; Fujian Qikun Investment Co Ltd [2.5%]; Fujian Hongyao Investment Co Ltd [2.4%]; Fujian Shunle Investment Co Ltd [1.9%]; unknown [1.9%],Hubei,China,retired,2003,1950,1950.0,"[{'status': 'cancelled', 'method': 'EAF', 'capacity': '750'}, {'status': 'retired', 'method': 'EAF', 'capacity': '1200'}]",EAF,Electric,30.532352,114.747597,30.532352,114.747597,https://www.gem.wiki/Ezhou_Hongtai_Steel_Co_Ltd,China,1950,1950.0,exact,"Hubei, China",Ezhou Hongtai Steel Co Ltd,E100000126669,鄂州鸿泰钢铁有限公司,Ezhou Hongtai Steel Co Ltd,E100000123176 [62.6%]; E100000124849 [9.1%]; E100000124850 [6.8%]; E100000124851 [4.9%]; E100000124852 [4.2%]; E100000124853 [3.6%]; E100000124854 [2.5%]; E100000124855 [2.4%]; E100000124856 [1.9%]; E100000132388 [1.9%],Hubei Jinshenglan Metallurgical Technology Co Ltd [62.6%]; Yuncheng Investment (Fujian) Co Ltd [9.1%]; Fujian Yongxinqi Investment Co Ltd [6.8%]; Fujian Taisong Investment Co Ltd [4.9%]; Fujian Jinkun Investment Co Ltd [4.2%]; Fuzhou Deyu Investment Co Ltd [3.6%]; Fujian Qikun Investment Co Ltd [2.5%]; Fujian Hongyao Investment Co Ltd [2.4%]; Fujian Shunle Investment Co Ltd [1.9%]; unknown [1.9%],retired,GIST,GIST,Iron & Steel,ttpa
steel,P100000120403,Zunyi Changling Special Steel Co Ltd,遵义长岭特殊钢有限公司,Zunyi Changling Special Steel Co Ltd,natural person(s) [45.0%]; Guizhou Jinshengan Investment Group Co Ltd [41.9%]; unknown [6.7%]; Jin Jun'an Investment Group Co Ltd [6.4%],Guizhou,China,operating pre-retirement,2004,1925,1925.0,"[{'status': 'construction', 'method': 'EAF', 'capacity': '825'}, {'status': 'operating pre-retirement', 'method': 'EAF', 'capacity': '1100'}]",EAF,Electric,27.614947,106.949752,27.614947,106.949752,https://www.gem.wiki/Zunyi_Changling_Special_Steel_Co_Ltd,China,1925,1925.0,exact,"Guizhou, China",Zunyi Changling Special Steel Co Ltd,E100000127332,遵义长岭特殊钢有限公司,Zunyi Changling Special Steel Co Ltd,E100000123261 [45.0%]; E100000128172 [41.9%]; E100000132388 [6.7%]; E100000127571 [6.4%],natural person(s) [45.0%]; Guizhou Jinshengan Investment Group Co Ltd [41.9%]; unknown [6.7%]; Jin Jun'an Investment Group Co Ltd [6.4%],operating pre-retirement,GIST,GIST,Iron & Steel,ttpa
steel,P100000120355,Inner Mongolia Mingtuo Ferrite New Material Co Ltd,明拓铁素体不锈钢有限公司,Inner Mongolia Mingtuo Ferrite New Material Co Ltd,Beijing Dow Investment Holding Co Ltd [81.3%]; Minmetals Development Co Ltd [15.7%]; unknown [3.0%],Inner Mongolia,China,announced,2023,1900,1900.0,"[{'status': 'announced', 'method': 'EAF', 'capacity': '800'}, {'status': 'announced', 'method': 'BF', 'capacity': '1100'}]",BF; EAF,Integrated (BF),40.597557,109.683202,40.597557,109.683202,https://www.gem.wiki/Inner_Mongolia_Mingtuo_Ferrite_New_Material_Co_Ltd,China,1900,1900.0,exact,"Inner Mongolia, China",Inner Mongolia Mingtuo Ferrite New Material Co Ltd,E100000127334,内蒙古明拓铁素体新材料有限公司,Inner Mongolia Mingtuo Ferrite New Material Co Ltd,E100000128803 [81.3%]; E100000128895 [15.7%]; E100000132388 [3.0%],Beijing Dow Investment Holding Co Ltd [81.3%]; Minmetals Development Co Ltd [15.7%]; unknown [3.0%],announced,GIST,GIST,Iron & Steel,ttpa
steel,P100000120089,Angang Lianzhong Stainless Steel Co Ltd,联众(广州)不锈钢有限公司,Angang Lianzhong Stainless Steel Corp,Ansteel Group Co Ltd [60.0%]; Lianzhong Co Ltd [18.2%]; power rich Co Ltd [17.4%]; unknown [4.4%],Guangdong,China,operating,2001,1900,1900.0,"[{'status': 'operating', 'method': 'EAF', 'capacity': '1900'}]",EAF,Electric,23.126822,113.505817,23.126822,113.505817,https://www.gem.wiki/Angang_Lianzhong_Stainless_Steel_Co_Ltd,China,1900,1900.0,exact,"Guangdong, China",Angang Lianzhong Stainless Steel Co Ltd,E100000127397,鞍钢联众（广州）不锈钢有限公司,Angang Lianzhong Stainless Steel Corp,E100000124667 [60.0%]; E100000130687 [18.2%]; E100000130686 [17.4%]; E100000132388 [4.4%],Ansteel Group Co Ltd [60.0%]; Lianzhong Co Ltd [18.2%]; power rich Co Ltd [17.4%]; unknown [4.4%],operating,GIST,GIST,Iron & Steel,ttpa
steel,P100001063815,ShiGangJingCheng Equipment Development and Manufacturing Co Ltd,石钢京诚装备技术有限公司,ShiGangJingCheng Equipment Development and Manufacturing Co Ltd,ShiGangJingCheng Equipment Development and Manufacturing Co Ltd [100.0%],Liaoning,China,operating,2006,1900,1900.0,"[{'status': 'operating', 'method': 'BOF', 'capacity': '1150'}, {'status': 'operating', 'method': 'EAF', 'capacity': '750'}]",BOF; EAF,"Electric, oxygen",40.626396,122.38884,40.626396,122.38884,https://www.gem.wiki/ShiGangJingCheng_Equipment_Development_and_Manufacturing_Co_Ltd,China,1900,1900.0,exact,"Liaoning, China",ShiGangJingCheng Equipment Development and Manufacturing Co Ltd,E100002020787,石钢京诚装备技术有限公司,ShiGangJingCheng Equipment Development and Manufacturing Co Ltd,E100002020787 [100.0%],ShiGangJingCheng Equipment Development and Manufacturing Co Ltd [100.0%],operating,GIST,GIST,Iron & Steel,ttpa
steel,P100001063585,Shougang Yili Iron & Steel Co Ltd,首钢伊犁钢铁有限公司,Shougang Yili Iron & Steel Co Ltd,Shougang Yili Iron & Steel Co Ltd [100.0%],Xinjiang,China,operating,1958,1895,1895.0,"[{'status': 'operating', 'method': 'BF', 'capacity': '1645'}, {'status': 'retired', 'method': 'BF', 'capacity': '250'}]",BF,Ironmaking (BF),43.528516,83.276706,43.528516,83.276706,https://www.gem.wiki/Shougang_Yili_Iron_&_Steel_Co_Ltd,China,1895,1895.0,exact,"Xinjiang, China",Shougang Yili Iron & Steel Co Ltd,E100002020679,首钢伊犁钢铁有限公司,Shougang Yili Iron & Steel Co Ltd,E100002020679 [100.0%],Shougang Yili Iron & Steel Co Ltd [100.0%],operating,GIST,GIST,Iron & Steel,ttpa
steel,P100000120389,Jilin Steel Group Fugang Metal Manufacturing Co Ltd,吉林吉钢钢铁集团福钢金属制造有限公司,"Fugang METAL Manufacturing Co.ltd.,jilinjigang Steel Group",Jilinjigang Steel Group Co Ltd [51.0%]; natural person(s) [49.0%],Jilin,China,announced,2008-07-16,1860,1860.0,"[{'status': 'announced', 'method': 'EAF', 'capacity': '360'}, {'status': 'retired', 'method': 'EAF', 'capacity': '1500'}]",EAF,Electric,44.022802,125.505627,44.022802,125.505627,https://www.gem.wiki/Jilin_Steel_Group_Fugang_Metal_Manufacturing_Co_Ltd,China,1860,1860.0,exact,"Jilin, China",Jilin Steel Group Fugang Metal Manufacturing Co Ltd,E100000126497,吉林吉钢钢铁集团福钢金属制造有限公司,"Fugang METAL Manufacturing Co.ltd.,jilinjigang Steel Group",E100000127545 [51.0%]; E100000123261 [49.0%],Jilinjigang Steel Group Co Ltd [51.0%]; natural person(s) [49.0%],announced,GIST,GIST,Iron & Steel,ttpa
steel,P100000120320,Sichuan Shengquan Iron and Steel Group Co Ltd,四川盛泉钢铁集团有限公司,Sichuan Shengquan Iron and Steel Group Co Ltd,Sichuan Shengquan Iron and Steel Group Co Ltd [100.0%],Sichuan,China,operating,2018-09-06,1800,1800.0,"[{'status': 'operating', 'method': 'EAF', 'capacity': '1000'}, {'status': 'retired', 'method': 'EAF', 'capacity': '800'}]",EAF,Electric,31.255961,104.190612,31.255961,104.190612,https://www.gem.wiki/Sichuan_Shengquan_Iron_and_Steel_Group_Co_Ltd,China,1800,1800.0,exact,"Sichuan, China",Sichuan Shengquan Iron and Steel Group Co Ltd,E100000126639,四川盛泉钢铁集团有限公司,Sichuan Shengquan Iron and Steel Group Co Ltd,E100000126639 [100.0%],Sichuan Shengquan Iron and Steel Group Co Ltd [100.0%],operating,GIST,GIST,Iron & Steel,ttpa
steel,P100000121152,Shanxi Dongfang Hengliu Precision Casting Co,山西东方恒略精密铸造有限公司,Shanxi Dongfang Hengliu Precision Casting Co,Shanxi Dongfang Hengliu Precision Casting Co [100.0%],Shanxi,China,retired,2002-12-18,1790,1790.0,"[{'status': 'retired', 'method': 'BOF', 'capacity': '1200'}, {'status': 'retired', 'method': 'BF', 'capacity': '590'}]",BF; BOF,Integrated (BF),36.080051,111.647754,36.080051,111.647754,https://www.gem.wiki/Shanxi_Dongfang_Hengliu_Precision_Casting_Co,China,1790,1790.0,exact,"Shanxi, China",Shanxi Dongfang Hengliu Precision Casting Co,E100001012232,山西东方恒略精密铸造有限公司,Shanxi Dongfang Hengliu Precision Casting Co,E100001012232 [100.0%],Shanxi Dongfang Hengliu Precision Casting Co [100.0%],retired,GIST,GIST,Iron & Steel,ttpa
steel,P100000120394,Guangxi Guixin Iron and Steel Intelligent Manufacturing Co Ltd,广西桂鑫钢铁智造有限公司,Hezhou Zhaoxin Hardware Products Co Ltd,Hezhou Zhaoxin Hardware Products Co Ltd [100.0%],Guangxi,China,operating,2000,1750,1750.0,"[{'status': 'operating', 'method': 'EAF', 'capacity': '750'}, {'status': 'retired', 'method': 'EAF', 'capacity': '1000'}]",EAF,Electric,23.978567,111.735529,23.978567,111.735529,https://www.gem.wiki/Guangxi_Guixin_Iron_and_Steel_Intelligent_Manufacturing_Co_Ltd,China,1750,1750.0,exact,"Guangxi, China",Guangxi Guixin Iron and Steel Intelligent Manufacturing Co Ltd,E100001010584,贺州市兆鑫五金制品有限公司,Hezhou Zhaoxin Hardware Products Co Ltd,E100001010584 [100.0%],Hezhou Zhaoxin Hardware Products Co Ltd [100.0%],operating,GIST,GIST,Iron & Steel,ttpa
steel,P100000120395,Guangxi Guifeng Special Steel Co Ltd,广西贵丰特钢有限公司,Guangxi Longzhou Zhongheng Wanhua Industrial Co Ltd,Guangxi Longzhou Yishuo Investment Management Co Ltd [100.0%],Guangxi,China,operating,2002,1725,1725.0,"[{'status': 'operating', 'method': 'EAF', 'capacity': '1725'}]",EAF,Electric,23.987136,111.914197,23.987136,111.914197,https://www.gem.wiki/Guangxi_Guifeng_Special_Steel_Co_Ltd,China,1725,1725.0,exact,"Guangxi, China",Guangxi Guifeng Special Steel Co Ltd,E100000126255,广西龙州中恒万华实业有限公司,Guangxi Longzhou Zhongheng Wanhua Industrial Co Ltd,E100000127974 [100.0%],Guangxi Longzhou Yishuo Investment Management Co Ltd [100.0%],operating,GIST,GIST,Iron & Steel,ttpa
steel,P100000121072,Daye Xinye Special Steel Co Ltd,湖北新鑫钢铁集团有限公司,natural person(s); Hubei Xinxin Steel Group Co Ltd,Hubei Xinxin Steel Group Co Ltd [100.0%]; natural person(s) [100.0%],Hubei,China,operating,2000,1700,1700.0,"[{'status': 'operating', 'method': 'BOF', 'capacity': '1200'}, {'status': 'operating', 'method': 'BF', 'capacity': '500'}]",BF; BOF,Integrated (BF),30.067469,114.934091,30.067469,114.934091,https://www.gem.wiki/Daye_Xinye_Special_Steel_Co_Ltd,China,1700,1700.0,exact,"Hubei, China",Daye Xinye Special Steel Co Ltd,E100000123261; E100000127570,湖北新鑫钢铁集团有限公司; persons,natural person(s); Hubei Xinxin Steel Group Co Ltd,E100000127570 [100.0%]; E100000123261 [100.0%],Hubei Xinxin Steel Group Co Ltd [100.0%]; natural person(s) [100.0%],operating,GIST,GIST,Iron & Steel,ttpa
steel,P100001063721,Linyi Meide Gengchen Metal Materials Co Ltd,临沂玫德庚辰金属材料有限公司,Linyi Meide Gengchen Metal Materials Co Ltd,Linyi Meide Gengchen Metal Materials Co Ltd [100.0%],Shandong,China,operating,2017-08-02,1660,1660.0,"[{'status': 'operating', 'method': 'EAF', 'capacity': '500'}, {'status': 'operating', 'method': 'BF', 'capacity': '1160'}]",BF; EAF,Integrated (BF),35.188667,119.087048,35.188667,119.087048,https://www.gem.wiki/Linyi_Meide_Gengchen_Metal_Materials_Co_Ltd,China,1660,1660.0,approximate,"Shandong, China",Linyi Meide Gengchen Metal Materials Co Ltd,E100002020746,临沂玫德庚辰金属材料有限公司,Linyi Meide Gengchen Metal Materials Co Ltd,E100002020746 [100.0%],Linyi Meide Gengchen Metal Materials Co Ltd [100.0%],operating,GIST,GIST,Iron & Steel,ttpa
steel,P100000121139,Heyuan Derun Steel Co Ltd LanTang Industrial Park,河源德润钢铁有限公司(蓝塘),Heyuan Derun Steel Co Ltd,Fujian Lanyue Investment Partnership LP [25.5%]; Fujian Lantian Investment Partnership LP [16.7%]; Fujian Lanze Investment Partnership LP [14.0%]; unknown [10.5%]; Fujian Jinkun Investment Co Ltd [4.3%]; Fuzhou Deyu Investment Co Ltd [4.3%]; Fujian Taisong Investment Co Ltd [3.8%]; Fujian Honghang Investment Co Ltd [2.0%]; Fujian Xinghan Investment Co Ltd [2.0%]; Fujian Qinghe Investment Co Ltd [1.9%]; Fujian Yinchen Investment Co Ltd [1.9%]; Fenghe Investment (Fujian) Co Ltd [1.7%]; Fujian Jingyuan Investment Co Ltd [1.7%]; Fujian Junao Investment Co Ltd [1.7%]; Fujian Yongxinqi Investment Co Ltd [1.7%]; Yuncheng Investment (Fujian) Co Ltd [1.7%]; Fujian Quanlong Investment Co Ltd [1.6%]; Fujian Shengwei Investment Co Ltd [1.6%]; Fujian Shunle Investment Co Ltd [1.5%],Guangdong,China,operating,2023,1650,1650.0,"[{'status': 'operating', 'method': 'EAF', 'capacity': '1650'}]",EAF,Electric,23.39775,114.898646,23.39775,114.898646,https://www.gem.wiki/Heyuan_Derun_Steel_Co_Ltd_LanTang_Industrial_Park,China,1650,1650.0,exact,"Guangdong, China",Heyuan Derun Steel Co Ltd LanTang Industrial Park,E100000126251,河源德润钢铁有限公司,Heyuan Derun Steel Co Ltd,E100000128593 [25.5%]; E100000128082 [16.7%]; E100000128859 [14.0%]; E100000132388 [10.5%]; E100000124852 [4.3%]; E100000124853 [4.3%]; E100000124851 [3.8%]; E100000128598 [2.0%]; E100000128599 [2.0%]; E100000128595 [1.9%]; E100000128600 [1.9%]; E100000128967 [1.7%]; E100000128969 [1.7%]; E100000128968 [1.7%]; E100000124850 [1.7%]; E100000124849 [1.7%]; E100000128601 [1.6%]; E100000128602 [1.6%]; E100000124856 [1.5%],Fujian Lanyue Investment Partnership LP [25.5%]; Fujian Lantian Investment Partnership LP [16.7%]; Fujian Lanze Investment Partnership LP [14.0%]; unknown [10.5%]; Fujian Jinkun Investment Co Ltd [4.3%]; Fuzhou Deyu Investment Co Ltd [4.3%]; Fujian Taisong Investment Co Ltd [3.8%]; Fujian Honghang Investment Co Ltd [2.0%]; Fujian Xinghan Investment Co Ltd [2.0%]; Fujian Qinghe Investment Co Ltd [1.9%]; Fujian Yinchen Investment Co Ltd [1.9%]; Fenghe Investment (Fujian) Co Ltd [1.7%]; Fujian Jingyuan Investment Co Ltd [1.7%]; Fujian Junao Investment Co Ltd [1.7%]; Fujian Yongxinqi Investment Co Ltd [1.7%]; Yuncheng Investment (Fujian) Co Ltd [1.7%]; Fujian Quanlong Investment Co Ltd [1.6%]; Fujian Shengwei Investment Co Ltd [1.6%]; Fujian Shunle Investment Co Ltd [1.5%],operating,GIST,GIST,Iron & Steel,ttpa
steel,P100000120184,Inner Mongolia Baotou Jiyu Iron and Steel Co Ltd Hondlon District,包头市吉宇钢铁有限责任公司,Baotou Jiyu Steel Co Ltd,natural person(s) [51.0%]; Inner Mongolia Jiyu Holding (Group) Co Ltd [49.0%],Inner Mongolia,China,retired,2002-12-19,1650,1650.0,"[{'status': 'retired', 'method': 'BOF', 'capacity': '900'}, {'status': 'retired', 'method': 'BF', 'capacity': '750'}]",BF; BOF,Integrated (BF),40.662343,109.696243,40.662343,109.696243,https://www.gem.wiki/Inner_Mongolia_Baotou_Jiyu_Iron_and_Steel_Co_Ltd_Hondlon_District,China,1650,1650.0,exact,"Inner Mongolia, China",Inner Mongolia Baotou Jiyu Iron and Steel Co Ltd Hondlon District,E100000126293,包头市吉宇钢铁有限责任公司,Baotou Jiyu Steel Co Ltd,E100000123261 [51.0%]; E100000127542 [49.0%],natural person(s) [51.0%]; Inner Mongolia Jiyu Holding (Group) Co Ltd [49.0%],retired,GIST,GIST,Iron & Steel,ttpa
steel,P100000121140,Guangxi Deyuan Metallurgy Co Ltd (Yujiangbian),广西横县榕宁钢铁有限责任公司(榕宁钢厂),Guangxi Deyuan Metallurgy Co Ltd,Fujian Yongjianguo Investment Development Co Ltd [50.0%]; natural person(s) [35.0%]; Guangxi Changheng Investment Co Ltd [15.0%],Guangxi,China,announced,unknown,1600,1600.0,"[{'status': 'announced', 'method': 'EAF', 'capacity': '1600'}]",EAF,Electric,22.85831,108.90109,22.85831,108.90109,https://www.gem.wiki/Guangxi_Deyuan_Metallurgy_Co_Ltd_(Yujiangbian),China,1600,1600.0,approximate,"Guangxi, China",Guangxi Deyuan Metallurgy Co Ltd (Yujiangbian),E100000126407,广西德源冶金有限公司,Guangxi Deyuan Metallurgy Co Ltd,E100000127971 [50.0%]; E100000123261 [35.0%]; E100000127972 [15.0%],Fujian Yongjianguo Investment Development Co Ltd [50.0%]; natural person(s) [35.0%]; Guangxi Changheng Investment Co Ltd [15.0%],announced,GIST,GIST,Iron & Steel,ttpa
steel,P100000120398,Guangxi Deyuan Metallurgy Co Ltd (Nayangdaqiao),广西德源冶金有限公司(那阳大桥),Guangxi Deyuan Metallurgy Co Ltd,Fujian Yongjianguo Investment Development Co Ltd [50.0%]; natural person(s) [35.0%]; Guangxi Changheng Investment Co Ltd [15.0%],Guangxi,China,operating pre-retirement,1990,1600,1600.0,"[{'status': 'operating pre-retirement', 'method': 'EAF', 'capacity': '1600'}]",EAF,Electric,22.712996,109.33725,22.712996,109.33725,https://www.gem.wiki/Guangxi_Deyuan_Metallurgy_Co_Ltd_(Nayangdaqiao),China,1600,1600.0,exact,"Guangxi, China",Guangxi Deyuan Metallurgy Co Ltd (Nayangdaqiao),E100000126407,广西德源冶金有限公司,Guangxi Deyuan Metallurgy Co Ltd,E100000127971 [50.0%]; E100000123261 [35.0%]; E100000127972 [15.0%],Fujian Yongjianguo Investment Development Co Ltd [50.0%]; natural person(s) [35.0%]; Guangxi Changheng Investment Co Ltd [15.0%],operating pre-retirement,GIST,GIST,Iron & Steel,ttpa
steel,P100000121071,Guangshui Huaxin Metallurgical Industry Co Ltd,广水华鑫冶金工业有限公司,Guangshui Huaxin Smelt Industry Co Ltd,Fujian Shangkun Investment Co Ltd [62.5%]; Fujian Kangye Investment Co Ltd [37.5%],Hubei,China,operating,2008,1599,1599.0,"[{'status': 'operating', 'method': 'EAF', 'capacity': '869'}, {'status': 'operating', 'method': 'BF', 'capacity': '730'}]",BF; EAF,Integrated (BF),31.50221,114.008142,31.50221,114.008142,https://www.gem.wiki/Guangshui_Huaxin_Metallurgical_Industry_Co_Ltd,China,1599,1599.0,exact,"Hubei, China",Guangshui Huaxin Metallurgical Industry Co Ltd,E100000127295,广水华鑫冶金工业有限公司,Guangshui Huaxin Smelt Industry Co Ltd,E100000128562 [62.5%]; E100000128563 [37.5%],Fujian Shangkun Investment Co Ltd [62.5%]; Fujian Kangye Investment Co Ltd [37.5%],operating,GIST,GIST,Iron & Steel,ttpa
steel,P100000120384,Baicheng Fuda Bar Rolling Co Ltd,白城市富达棒材轧制有限公司,Baicheng Fuda Bar Rolling Co Ltd,Baicheng Fuda Bar Rolling Co Ltd [100.0%],Jilin,China,operating,2009-10-27,1588,1588.0,"[{'status': 'operating', 'method': 'EAF', 'capacity': '788'}, {'status': 'retired', 'method': 'EAF', 'capacity': '800'}]",EAF,Electric,45.593303,122.895588,45.593303,122.895588,https://www.gem.wiki/Baicheng_Fuda_Bar_Rolling_Co_Ltd,China,1588,1588.0,exact,"Jilin, China",Baicheng Fuda Bar Rolling Co Ltd,E100000127199,白城市富达棒材轧制有限公司,Baicheng Fuda Bar Rolling Co Ltd,E100000127199 [100.0%],Baicheng Fuda Bar Rolling Co Ltd [100.0%],operating,GIST,GIST,Iron & Steel,ttpa
steel,P100001063458,Yunnan Muguang Industry and Trade Co Ltd,云南穆光工贸有限公司,Yunnan Muguang Industry and Trade Co Ltd,Yunnan Muguang Industry and Trade Co Ltd [100.0%],Yunnan,China,operating,2013-11,1580,1580.0,"[{'status': 'operating', 'method': 'BOF', 'capacity': '850'}, {'status': 'operating', 'method': 'BF', 'capacity': '730'}]",BF; BOF,Integrated (BF),24.077079,102.771634,24.077079,102.771634,https://www.gem.wiki/Yunnan_Muguang_Industry_and_Trade_Co_Ltd,China,1580,1580.0,exact,"Yunnan, China",Yunnan Muguang Industry and Trade Co Ltd,E100002020628,云南穆光工贸有限公司,Yunnan Muguang Industry and Trade Co Ltd,E100002020628 [100.0%],Yunnan Muguang Industry and Trade Co Ltd [100.0%],operating,GIST,GIST,Iron & Steel,ttpa
steel,P100000120386,Jiangsu Hongtai Iron and Steel Co Ltd,江苏鸿泰钢铁有限公司,Jiangsu HONGTAI Metals Ware Co Ltd,Jiangsu HONGTAI Metals Ware Co Ltd [100.0%],Jiangsu,China,operating,2000-06-15,1576,1576.0,"[{'status': 'operating', 'method': 'EAF', 'capacity': '1576'}]",EAF,Electric,32.138393,119.554693,32.138393,119.554693,https://www.gem.wiki/Jiangsu_Hongtai_Iron_and_Steel_Co_Ltd,China,1576,1576.0,exact,"Jiangsu, China",Jiangsu Hongtai Iron and Steel Co Ltd,E100000127063,江苏鸿泰钢铁有限公司,Jiangsu HONGTAI Metals Ware Co Ltd,E100000127063 [100.0%],Jiangsu HONGTAI Metals Ware Co Ltd [100.0%],operating,GIST,GIST,Iron & Steel,ttpa
steel,P100000120294,Xinjiang Xinan Special Steel Co Ltd,新疆新安特钢有限公司,Xinjiang Xin'an Special Steel Co Ltd,Xinjiang Xin'an Special Steel Co Ltd [100.0%],Xinjiang,China,operating,2011-11-03,1550,1550.0,"[{'status': 'operating', 'method': 'EAF', 'capacity': '400'}, {'status': 'retired', 'method': 'EAF', 'capacity': '1150'}]",EAF,Electric,44.290299,86.595826,44.290299,86.595826,https://www.gem.wiki/Xinjiang_Xinan_Special_Steel_Co_Ltd,China,1550,1550.0,exact,"Xinjiang, China",Xinjiang Xinan Special Steel Co Ltd,E100000127096,新疆新安特钢有限公司,Xinjiang Xin'an Special Steel Co Ltd,E100000127096 [100.0%],Xinjiang Xin'an Special Steel Co Ltd [100.0%],operating,GIST,GIST,Iron & Steel,ttpa
steel,P100000120369,Guangxi Wuzhou Jinhai Stainless Steel Co Ltd,广西梧州市金海不锈钢有限公司,Guangxi Wuzhou Jinhai Stainless Steel Co Ltd,Guangdong Jinhai Brilliant Group Co Ltd [100.0%],Guangxi,China,operating,2010,1500,1500.0,"[{'status': 'operating', 'method': 'EAF', 'capacity': '1500'}]",EAF,Electric,23.518229,111.235509,23.518229,111.235509,https://www.gem.wiki/Guangxi_Wuzhou_Jinhai_Stainless_Steel_Co_Ltd,China,1500,1500.0,exact,"Guangxi, China",Guangxi Wuzhou Jinhai Stainless Steel Co Ltd,E100000127026,广西梧州市金海不锈钢有限公司,Guangxi Wuzhou Jinhai Stainless Steel Co Ltd,E100000127973 [100.0%],Guangdong Jinhai Brilliant Group Co Ltd [100.0%],operating,GIST,GIST,Iron & Steel,ttpa
steel,P100000121079,Zibo Qilin Fushan Iron and Steel Co Ltd,淄博齐林傅山钢铁有限公司,Zibo Qilin Fushan Steel Co Ltd,Jinghua Rigang Holding Group Co Ltd [50.4%]; Shandong Zibo Fushan Enterprise Group Co Ltd [25.0%]; natural person(s) [24.0%]; unknown [0.6%],Shandong,China,retired,2003-09-02,1440,1440.0,"[{'status': 'retired', 'method': 'BOF', 'capacity': '700'}, {'status': 'retired', 'method': 'BF', 'capacity': '740'}]",BF; BOF,Integrated (BF),36.887998,118.145416,36.887998,118.145416,https://www.gem.wiki/Zibo_Qilin_Fushan_Iron_and_Steel_Co_Ltd,China,1440,1440.0,exact,"Shandong, China",Zibo Qilin Fushan Iron and Steel Co Ltd,E100000127302,淄博齐林傅山钢铁有限公司,Zibo Qilin Fushan Steel Co Ltd,E100000124688 [50.4%]; E100000128091 [25.0%]; E100000123261 [24.0%]; E100000132388 [0.6%],Jinghua Rigang Holding Group Co Ltd [50.4%]; Shandong Zibo Fushan Enterprise Group Co Ltd [25.0%]; natural person(s) [24.0%]; unknown [0.6%],retired,GIST,GIST,Iron & Steel,ttpa
steel,P100000121252,Jinzhou Jinxing Special Steel Company,锦州锦兴钢厂,Jinzhou Jinxing Special Steel Co Ltd,Jinzhou Jinxing Special Steel Co Ltd [100.0%],Liaoning,China,construction,2001-01-15,1420,1420.0,"[{'status': 'retired', 'method': 'BOF', 'capacity': '380'}, {'status': 'construction', 'method': 'EAF', 'capacity': '360'}, {'status': 'retired', 'method': 'BF', 'capacity': '680'}]",EAF; BF; BOF,Integrated (BF),41.188888,121.225043,41.188888,121.225043,https://www.gem.wiki/Jinzhou_Jinxing_Special_Steel_Company,China,1420,1420.0,exact,"Liaoning, China",Jinzhou Jinxing Special Steel Company,E100002003149,,Jinzhou Jinxing Special Steel Co Ltd,E100002003149 [100.0%],Jinzhou Jinxing Special Steel Co Ltd [100.0%],construction,GIST,GIST,Iron & Steel,ttpa
steel,P100000121076,Baotou Baoxin Special Steel Co Ltd,包头市宝鑫特钢有限责任公司,Baotou Baoxin Special Steel Co Ltd,Baotou Baoxin Special Steel Co Ltd [100.0%],Inner Mongolia,China,retired,2007-07-11,1400,1400.0,"[{'status': 'retired', 'method': 'BOF', 'capacity': '600'}, {'status': 'retired', 'method': 'BF', 'capacity': '800'}]",BF; BOF,Integrated (BF),41.362925,110.988771,41.362925,110.988771,https://www.gem.wiki/Baotou_Baoxin_Special_Steel_Co_Ltd,China,1400,1400.0,exact,"Inner Mongolia, China",Baotou Baoxin Special Steel Co Ltd,E100000126820,包头市宝鑫特钢有限责任公司,Baotou Baoxin Special Steel Co Ltd,E100000126820 [100.0%],Baotou Baoxin Special Steel Co Ltd [100.0%],retired,GIST,GIST,Iron & Steel,ttpa
steel,P100000120091,Heping Yueshen Steel Industry Co Ltd,和平县粤深钢实业有限公司,Heping Yueshen Steel Industrial Co Ltd,Heping Yueshen Steel Industrial Co Ltd [100.0%],Guangdong,China,operating,2011,1400,1400.0,"[{'status': 'operating', 'method': 'EAF', 'capacity': '1400'}]",EAF,Electric,24.49796,114.93888,24.49796,114.93888,https://www.gem.wiki/Heping_Yueshen_Steel_Industry_Co_Ltd,China,1400,1400.0,exact,"Guangdong, China",Heping Yueshen Steel Industry Co Ltd,E100000127322,和平县粤深钢实业有限公司,Heping Yueshen Steel Industrial Co Ltd,E100000127322 [100.0%],Heping Yueshen Steel Industrial Co Ltd [100.0%],operating,GIST,GIST,Iron & Steel,ttpa
steel,P100000120303,Yunnan Qujing Iron and Steel Group Fenghuang Steel Co Ltd,云南曲靖钢铁集团凤凰钢铁有限公司,Yunnan Qujing Iron and Steel Group Co Ltd,Yunan Qujing Shuangyou Steel Co Ltd [25.0%]; Yunnan Qujing Chenggang Iron and Steel (Group) Co Ltd [25.0%]; Fujian XINPENG Investment Co Ltd [16.6%]; Xuanwei Laibin Fenghuang Steel Co Ltd [16.0%]; Qujing Julida Steel Co Ltd [8.0%]; Qujing Wuyue New Energy Technology Co Ltd [5.5%]; Yunnan Tongyanbao Trading Co Ltd [1.7%]; unknown [1.0%]; Yunnan Qujing Yaochang Trade Co Ltd [0.9%]; Qujing Botong Trading Co Ltd [0.4%],Yunnan,China,operating,2013-08,1400,1400.0,"[{'status': 'operating', 'method': 'EAF', 'capacity': '1400'}]",EAF,Electric,26.275342,104.168311,26.275342,104.168311,https://www.gem.wiki/Yunnan_Qujing_Iron_and_Steel_Group_Fenghuang_Steel_Co_Ltd,China,1400,1400.0,exact,"Yunnan, China",Yunnan Qujing Iron and Steel Group Fenghuang Steel Co Ltd,E100000127450,云南曲靖钢铁集团有限公司,Yunnan Qujing Iron and Steel Group Co Ltd,E100000128309 [25.0%]; E100001000471 [25.0%]; E100000128963 [16.6%]; E100000128311 [16.0%]; E100000128312 [8.0%]; E100000128964 [5.5%]; E100000128965 [1.7%]; E100000132388 [1.0%]; E100000128938 [0.9%]; E100000128939 [0.4%],Yunan Qujing Shuangyou Steel Co Ltd [25.0%]; Yunnan Qujing Chenggang Iron and Steel (Group) Co Ltd [25.0%]; Fujian XINPENG Investment Co Ltd [16.6%]; Xuanwei Laibin Fenghuang Steel Co Ltd [16.0%]; Qujing Julida Steel Co Ltd [8.0%]; Qujing Wuyue New Energy Technology Co Ltd [5.5%]; Yunnan Tongyanbao Trading Co Ltd [1.7%]; unknown [1.0%]; Yunnan Qujing Yaochang Trade Co Ltd [0.9%]; Qujing Botong Trading Co Ltd [0.4%],operating,GIST,GIST,Iron & Steel,ttpa
steel,P100000120253,Yantai Walsin Stainless Steel Co Ltd,烟台金澄精密线材有限公司,Yantai Walsin Stainless Steel Co Ltd,Huaxin Special Steel Holdings Co Ltd [75.0%]; Walsin Lihwa Holdings Ltd [4.6%]; Concord Industries Ltd,Shandong,China,operating,2007-03-19,1400,1400.0,"[{'status': 'operating', 'method': 'EAF', 'capacity': '1400'}]",EAF,Electric,37.548627,121.277488,37.548627,121.277488,https://www.gem.wiki/Yantai_Walsin_Stainless_Steel_Co_Ltd,China,1400,1400.0,exact,"Shandong, China",Yantai Walsin Stainless Steel Co Ltd,E100000126138,烟台华新不锈钢有限公司,Yantai Walsin Stainless Steel Co Ltd,E100000130629 [75.0%]; E100000130494 [4.6%]; E100001010247,Huaxin Special Steel Holdings Co Ltd [75.0%]; Walsin Lihwa Holdings Ltd [4.6%]; Concord Industries Ltd,operating,GIST,GIST,Iron & Steel,ttpa
steel,P100000121085,Wu'an Yongcheng Zhuye Co Ltd,武安市永诚铸业有限公司,Wu'an Yongcheng Zhuye Co Ltd,Wu'an Yongcheng Zhuye Co Ltd [100.0%],Hebei,China,retired,2003,1360,1360.0,"[{'status': 'retired', 'method': 'BOF', 'capacity': '830'}, {'status': 'retired', 'method': 'BF', 'capacity': '530'}]",BF; BOF,Integrated (BF),36.660278,113.993995,36.660278,113.993995,https://www.gem.wiki/Wu'an_Yongcheng_Zhuye_Co_Ltd,China,1360,1360.0,exact,"Hebei, China",Wu'an Yongcheng Zhuye Co Ltd,E100001012138,武安市永诚铸业有限公司,Wu'an Yongcheng Zhuye Co Ltd,E100001012138 [100.0%],Wu'an Yongcheng Zhuye Co Ltd [100.0%],retired,GIST,GIST,Iron & Steel,ttpa
steel,P100000120349,Jiangsu Delong Nickel Industry Co Ltd,江苏德龙镍业有限公司,Jiangsu Delong Nickel Industry Co Ltd,Jiangsu Delong Nickel Industry Co Ltd [100.0%],Jiangsu,China,operating,2010-08-02,1350,1350.0,"[{'status': 'operating', 'method': 'EAF', 'capacity': '1350'}]",EAF,Electric,34.443469,119.816574,34.443469,119.816574,https://www.gem.wiki/Jiangsu_Delong_Nickel_Industry_Co_Ltd,China,1350,1350.0,exact,"Jiangsu, China",Jiangsu Delong Nickel Industry Co Ltd,E100000126498,江苏德龙镍业有限公司,Jiangsu Delong Nickel Industry Co Ltd,E100000126498 [100.0%],Jiangsu Delong Nickel Industry Co Ltd [100.0%],operating,GIST,GIST,Iron & Steel,ttpa
steel,P100000120098,Guizhou Ganglian Industrial Group Co Ltd,贵州钢联实业集团有限公司,Guizhou Ganglian Industrial Group Co Ltd,Guizhou Ganglian Industrial Group Co Ltd [100.0%],Guizhou,China,operating,2014,1325,1325.0,"[{'status': 'operating', 'method': 'EAF', 'capacity': '1325'}]",EAF,Electric,27.615147,106.949926,27.615147,106.949926,https://www.gem.wiki/Guizhou_Ganglian_Industrial_Group_Co_Ltd,China,1325,1325.0,exact,"Guizhou, China",Guizhou Ganglian Industrial Group Co Ltd,E100000127293,贵州钢联实业集团有限公司,Guizhou Ganglian Industrial Group Co Ltd,E100000127293 [100.0%],Guizhou Ganglian Industrial Group Co Ltd [100.0%],operating,GIST,GIST,Iron & Steel,ttpa
steel,P100000120416,Fujian Fuhua New Materials Group Co Ltd,福建福华新材料集团有限公司,Mindong Saiqi Economic Development Zone Fuhua Steel Rolling Co Ltd,Mindong Saiqi Economic Development Zone Fuhua Steel Rolling Co Ltd [100.0%],Fujian,China,operating pre-retirement,1999,1325,1325.0,"[{'status': 'construction', 'method': 'EAF', 'capacity': '825'}, {'status': 'operating pre-retirement', 'method': 'EAF', 'capacity': '500'}]",EAF,Electric,26.961516,119.654272,26.961516,119.654272,https://www.gem.wiki/Fujian_Fuhua_New_Materials_Group_Co_Ltd,China,1325,1325.0,exact,"Fujian, China",Fujian Fuhua New Materials Group Co Ltd,E100000126680,福建福华新材料集团有限公司,Mindong Saiqi Economic Development Zone Fuhua Steel Rolling Co Ltd,E100000126680 [100.0%],Mindong Saiqi Economic Development Zone Fuhua Steel Rolling Co Ltd [100.0%],operating pre-retirement,GIST,GIST,Iron & Steel,ttpa
steel,P100000120207,Jiangsu Suxin Special Steel Group Co Ltd,江苏苏信特钢有限公司,Jiangsu Suxin Special Steel Co Ltd,Ping An Life Insurance Co Ltd [49.9%]; Suzhou Riyisheng Environment Protection Technology Co Ltd [22.8%]; Zhuhai HUAFA Real Estate Investment Holding Co Ltd [10.5%]; Zhuhai Gree Group Co Ltd [6.2%]; Zhuhai DA HENG Qin Investment Co Ltd [4.3%]; unknown [4.2%]; Suzhou Textile Stock Holding Group [2.1%],Jiangsu,China,retired,1957,1300,1300.0,"[{'status': 'retired', 'method': 'EAF', 'capacity': '750'}, {'status': 'retired', 'method': 'BF', 'capacity': '550'}]",BF; EAF,Integrated (BF),31.400644,120.475103,31.400644,120.475103,https://www.gem.wiki/Jiangsu_Suxin_Special_Steel_Group_Co_Ltd,China,1300,1300.0,exact,"Jiangsu, China",Jiangsu Suxin Special Steel Group Co Ltd,E100000126768,江苏苏信特钢有限公司,Jiangsu Suxin Special Steel Co Ltd,E100000129055 [49.9%]; E100000128614 [22.8%]; E100000129072 [10.5%]; E100000129073 [6.2%]; E100000129074 [4.3%]; E100000132388 [4.2%]; E100000128823 [2.1%],Ping An Life Insurance Co Ltd [49.9%]; Suzhou Riyisheng Environment Protection Technology Co Ltd [22.8%]; Zhuhai HUAFA Real Estate Investment Holding Co Ltd [10.5%]; Zhuhai Gree Group Co Ltd [6.2%]; Zhuhai DA HENG Qin Investment Co Ltd [4.3%]; unknown [4.2%]; Suzhou Textile Stock Holding Group [2.1%],retired,GIST,GIST,Iron & Steel,ttpa
steel,P100001064279,Chongqing Yuxi Iron & Steel (Group) Co Ltd,重庆市渝西钢铁（集团）有限公司,Chongqing Yuxi Iron & Steel (Group) Co Ltd,Chongqing Yuxi Iron & Steel (Group) Co Ltd [100.0%],Chongqing,China,operating,2000-03,1260,1260.0,"[{'status': 'operating', 'method': 'EAF', 'capacity': '260'}, {'status': 'operating', 'method': 'BF', 'capacity': '1000'}]",BF; EAF,Integrated (BF),29.488759,105.862658,29.488759,105.862658,https://www.gem.wiki/Chongqing_Yuxi_Iron_&_Steel_(Group)_Co_Ltd,China,1260,1260.0,exact,"Chongqing, China",Chongqing Yuxi Iron & Steel (Group) Co Ltd,E100002021059,,Chongqing Yuxi Iron & Steel (Group) Co Ltd,E100002021059 [100.0%],Chongqing Yuxi Iron & Steel (Group) Co Ltd [100.0%],operating,GIST,GIST,Iron & Steel,ttpa
steel,P100000121056,Shaanxi Hanzhong Iron & Steel Group Company,陕西汉中钢铁集团有限公司,Shaanxi Hanzhong Iron & Steel Group Co,Shaanxi Hanzhong Iron & Steel Group Co [100.0%],Shaanxi,China,operating,2000-10-20,1250,1250.0,"[{'status': 'operating', 'method': 'EAF', 'capacity': '700'}, {'status': 'operating', 'method': 'BF', 'capacity': '550'}]",BF; EAF,Integrated (BF),33.132446,106.657646,33.132446,106.657646,https://www.gem.wiki/Shaanxi_Hanzhong_Iron_&_Steel_Group_Company,China,1250,1250.0,exact,"Shaanxi, China",Shaanxi Hanzhong Iron & Steel Group Company,E100000127041,陕西汉中钢铁集团有限公司,Shaanxi Hanzhong Iron & Steel Group Co,E100000127041 [100.0%],Shaanxi Hanzhong Iron & Steel Group Co [100.0%],operating,GIST,GIST,Iron & Steel,ttpa
steel,P100000120357,Wugang Zhongjia Iron and Steel Co Ltd,舞钢中加钢铁有限公司,Wugang Zhongjia Iron & Steel Co Ltd,Henan Wugang Huayu Materials Co Ltd [75.0%]; Hongxing (Hong Kong) Co Ltd [25.0%],Henan,China,operating,2002,1220,1220.0,"[{'status': 'operating', 'method': 'BF', 'capacity': '1220'}]",BF,Ironmaking (BF),33.29175,113.458011,33.29175,113.458011,https://www.gem.wiki/Wugang_Zhongjia_Iron_and_Steel_Co_Ltd,China,1220,1220.0,exact,"Henan, China",Wugang Zhongjia Iron and Steel Co Ltd,E100000126733,舞钢中加钢铁有限公司,Wugang Zhongjia Iron & Steel Co Ltd,E100000128126 [75.0%]; E100000130646 [25.0%],Henan Wugang Huayu Materials Co Ltd [75.0%]; Hongxing (Hong Kong) Co Ltd [25.0%],operating,GIST,GIST,Iron & Steel,ttpa
steel,P100000120408,Zhejiang Wantai Special Steel Co Ltd,浙江万泰特钢有限公司,Zhejiang Wantai Special Steel Co Ltd,Zhejiang Wantai Special Steel Co Ltd [100.0%],Zhejiang,China,operating,2003-08-07,1200,1200.0,"[{'status': 'operating', 'method': 'EAF', 'capacity': '1200'}]",EAF,Electric,30.944342,120.971803,30.944342,120.971803,https://www.gem.wiki/Zhejiang_Wantai_Special_Steel_Co_Ltd,China,1200,1200.0,exact,"Zhejiang, China",Zhejiang Wantai Special Steel Co Ltd,E100000126443,浙江万泰特钢有限公司,Zhejiang Wantai Special Steel Co Ltd,E100000126443 [100.0%],Zhejiang Wantai Special Steel Co Ltd [100.0%],operating,GIST,GIST,Iron & Steel,ttpa
steel,P100000120237,Shaanxi Huaxin Special Steel Group Co Ltd,陕西华鑫特种钢铁有限公司,Shaanxi Huaxin Special Steel Group Co Ltd,Shaanxi Huaxin Special Steel Group Co Ltd [100.0%],Shaanxi,China,operating pre-retirement,2001-08-06,1200,1200.0,"[{'status': 'operating pre-retirement', 'method': 'EAF', 'capacity': '1200'}]",EAF,Electric,34.523278,109.986042,34.523278,109.986042,https://www.gem.wiki/Shaanxi_Huaxin_Special_Steel_Group_Co_Ltd,China,1200,1200.0,exact,"Shaanxi, China",Shaanxi Huaxin Special Steel Group Co Ltd,E100000126275,陕西华鑫特种钢铁集团有限公司,Shaanxi Huaxin Special Steel Group Co Ltd,E100000126275 [100.0%],Shaanxi Huaxin Special Steel Group Co Ltd [100.0%],operating pre-retirement,GIST,GIST,Iron & Steel,ttpa
steel,P100000120174,Wuhan Shunle Stainless Steel Co Ltd,武汉顺乐不锈钢有限公司,Wuhan Shunle Stainless Steel Co Ltd,natural person(s) [83.0%]; Hubei Jinshenglan Investment Group Co Ltd [17.0%],Hubei,China,retired,1994,1200,1200.0,"[{'status': 'retired', 'method': 'EAF', 'capacity': '1200'}]",EAF,Electric,30.394434,114.257701,30.394434,114.257701,https://www.gem.wiki/Wuhan_Shunle_Stainless_Steel_Co_Ltd,China,1200,1200.0,exact,"Hubei, China",Wuhan Shunle Stainless Steel Co Ltd,E100000126469,武汉顺乐不锈钢有限公司,Wuhan Shunle Stainless Steel Co Ltd,E100000123261 [83.0%]; E100000128040 [17.0%],natural person(s) [83.0%]; Hubei Jinshenglan Investment Group Co Ltd [17.0%],retired,GIST,GIST,Iron & Steel,ttpa
steel,P100000120399,Lishui Huahong Iron and Steel Products Co Ltd,丽水华宏钢铁制品有限公司,Huahong Iron and Steel Products Co Ltd,Huahong Iron and Steel Products Co Ltd [100.0%],Zhejiang,China,operating,2002-09-28,1200,1200.0,"[{'status': 'operating', 'method': 'EAF', 'capacity': '1200'}]",EAF,Electric,28.090098,119.519509,28.090098,119.519509,https://www.gem.wiki/Lishui_Huahong_Iron_and_Steel_Products_Co_Ltd,China,1200,1200.0,exact,"Zhejiang, China",Lishui Huahong Iron and Steel Products Co Ltd,E100000127001,丽水华宏钢铁制品有限公司,Huahong Iron and Steel Products Co Ltd,E100000127001 [100.0%],Huahong Iron and Steel Products Co Ltd [100.0%],operating,GIST,GIST,Iron & Steel,ttpa
steel,P100000120090,Heyuan Derun Steel Co Ltd Dongjiang Jinzhu Industrial Park,河源德润钢铁有限公司(东江金珠工业园),Heyuan Derun Steel Co Ltd,Fujian Lanyue Investment Partnership LP [25.5%]; Fujian Lantian Investment Partnership LP [16.7%]; Fujian Lanze Investment Partnership LP [14.0%]; unknown [10.5%]; Fujian Jinkun Investment Co Ltd [4.3%]; Fuzhou Deyu Investment Co Ltd [4.3%]; Fujian Taisong Investment Co Ltd [3.8%]; Fujian Honghang Investment Co Ltd [2.0%]; Fujian Xinghan Investment Co Ltd [2.0%]; Fujian Qinghe Investment Co Ltd [1.9%]; Fujian Yinchen Investment Co Ltd [1.9%]; Fenghe Investment (Fujian) Co Ltd [1.7%]; Fujian Jingyuan Investment Co Ltd [1.7%]; Fujian Junao Investment Co Ltd [1.7%]; Fujian Yongxinqi Investment Co Ltd [1.7%]; Yuncheng Investment (Fujian) Co Ltd [1.7%]; Fujian Quanlong Investment Co Ltd [1.6%]; Fujian Shengwei Investment Co Ltd [1.6%]; Fujian Shunle Investment Co Ltd [1.5%],Guangdong,China,retired,1974,1200,1200.0,"[{'status': 'retired', 'method': 'EAF', 'capacity': '1200'}]",EAF,Electric,23.693659,114.743048,23.693659,114.743048,https://www.gem.wiki/Heyuan_Derun_Steel_Co_Ltd_Dongjiang_Jinzhu_Industrial_Park,China,1200,1200.0,exact,"Guangdong, China",Heyuan Derun Steel Co Ltd Dongjiang Jinzhu Industrial Park,E100000126251,河源德润钢铁有限公司,Heyuan Derun Steel Co Ltd,E100000128593 [25.5%]; E100000128082 [16.7%]; E100000128859 [14.0%]; E100000132388 [10.5%]; E100000124852 [4.3%]; E100000124853 [4.3%]; E100000124851 [3.8%]; E100000128598 [2.0%]; E100000128599 [2.0%]; E100000128595 [1.9%]; E100000128600 [1.9%]; E100000128967 [1.7%]; E100000128969 [1.7%]; E100000128968 [1.7%]; E100000124850 [1.7%]; E100000124849 [1.7%]; E100000128601 [1.6%]; E100000128602 [1.6%]; E100000124856 [1.5%],Fujian Lanyue Investment Partnership LP [25.5%]; Fujian Lantian Investment Partnership LP [16.7%]; Fujian Lanze Investment Partnership LP [14.0%]; unknown [10.5%]; Fujian Jinkun Investment Co Ltd [4.3%]; Fuzhou Deyu Investment Co Ltd [4.3%]; Fujian Taisong Investment Co Ltd [3.8%]; Fujian Honghang Investment Co Ltd [2.0%]; Fujian Xinghan Investment Co Ltd [2.0%]; Fujian Qinghe Investment Co Ltd [1.9%]; Fujian Yinchen Investment Co Ltd [1.9%]; Fenghe Investment (Fujian) Co Ltd [1.7%]; Fujian Jingyuan Investment Co Ltd [1.7%]; Fujian Junao Investment Co Ltd [1.7%]; Fujian Yongxinqi Investment Co Ltd [1.7%]; Yuncheng Investment (Fujian) Co Ltd [1.7%]; Fujian Quanlong Investment Co Ltd [1.6%]; Fujian Shengwei Investment Co Ltd [1.6%]; Fujian Shunle Investment Co Ltd [1.5%],retired,GIST,GIST,Iron & Steel,ttpa
steel,P100001064248,Henan Fuhua Steel Group Co Ltd,河南福华钢铁集团有限公司,Henan Fuhua Iron & Steel Group Co Ltd,Henan Fuhua Iron & Steel Group Co Ltd [100.0%],Henan,China,operating,1999-09,1200,1200.0,"[{'status': 'operating', 'method': 'EAF', 'capacity': '1200'}]",EAF,Electric,34.462949,113.700844,34.462949,113.700844,https://www.gem.wiki/Henan_Fuhua_Steel_Group_Co_Ltd,China,1200,1200.0,exact,"Henan, China",Henan Fuhua Steel Group Co Ltd,E100002021044,,Henan Fuhua Iron & Steel Group Co Ltd,E100002021044 [100.0%],Henan Fuhua Iron & Steel Group Co Ltd [100.0%],operating,GIST,GIST,Iron & Steel,ttpa
steel,P100000120363,Guangxi Guigang Iron and Steel Group Guigang Guibao Special Steel Co Ltd,广西贵港钢铁集团贵港桂宝特钢有限公司,Guangxi Guigang Iron and Steel Group Guigang Guibao SPECIAL Steel Co Ltd,Guangxi Guigang Iron and Steel Group Co Ltd [44.0%]; Guigang Helong Investment Partnership LP [41.8%]; Guigang Herun Investment Partnership LP [12.5%]; unknown [1.7%],Guangxi,China,operating,2018,1200,1200.0,"[{'status': 'operating', 'method': 'EAF', 'capacity': '1200'}]",EAF,Electric,23.089502,109.63938,23.089502,109.63938,https://www.gem.wiki/Guangxi_Guigang_Iron_and_Steel_Group_Guigang_Guibao_Special_Steel_Co_Ltd,China,1200,1200.0,exact,"Guangxi, China",Guangxi Guigang Iron and Steel Group Guigang Guibao Special Steel Co Ltd,E100000126170,广西贵港钢铁集团贵港桂宝特钢有限公司,Guangxi Guigang Iron and Steel Group Guigang Guibao SPECIAL Steel Co Ltd,E100000123225 [44.0%]; E100000123900 [41.8%]; E100000123901 [12.5%]; E100000132388 [1.7%],Guangxi Guigang Iron and Steel Group Co Ltd [44.0%]; Guigang Helong Investment Partnership LP [41.8%]; Guigang Herun Investment Partnership LP [12.5%]; unknown [1.7%],operating,GIST,GIST,Iron & Steel,ttpa
steel,P100000120367,Guilin Pinggang Iron and Steel Co Ltd,桂林平钢钢铁有限公司,Guilin Pinggang Iron and Steel Co Ltd,Guangxi Xingui Steel Group Co Ltd [65.0%]; natural person(s) [35.0%],Guangxi,China,operating,1997,1200,1200.0,"[{'status': 'operating', 'method': 'EAF', 'capacity': '1200'}]",EAF,Electric,24.673567,110.78959,24.673567,110.78959,https://www.gem.wiki/Guilin_Pinggang_Iron_and_Steel_Co_Ltd,China,1200,1200.0,exact,"Guangxi, China",Guilin Pinggang Iron and Steel Co Ltd,E100000126688,桂林平钢钢铁有限公司,Guilin Pinggang Iron and Steel Co Ltd,E100000128020 [65.0%]; E100000123261 [35.0%],Guangxi Xingui Steel Group Co Ltd [65.0%]; natural person(s) [35.0%],operating,GIST,GIST,Iron & Steel,ttpa
steel,P100000120397,Guangxi Hezhou Kexinda Metal Products Co Ltd,广西贺州市科信达金属制品有限公司,Guangxi Hezhou Kexinda Metal Products Co Ltd,Guangxi Hezhou Kexinda Metal Products Co Ltd [100.0%],Guangxi,China,operating,2004,1150,1150.0,"[{'status': 'operating', 'method': 'EAF', 'capacity': '1150'}]",EAF,Electric,23.979937,111.745037,23.979937,111.745037,https://www.gem.wiki/Guangxi_Hezhou_Kexinda_Metal_Products_Co_Ltd,China,1150,1150.0,exact,"Guangxi, China",Guangxi Hezhou Kexinda Metal Products Co Ltd,E100000127052,广西贺州市科信达金属制品有限公司,Guangxi Hezhou Kexinda Metal Products Co Ltd,E100000127052 [100.0%],Guangxi Hezhou Kexinda Metal Products Co Ltd [100.0%],operating,GIST,GIST,Iron & Steel,ttpa
steel,P100000120410,Xinjiang Minxin Iron and Steel Group Minhang Special Steel Co Ltd,新疆闽新钢铁(集团)闽航特钢有限责任公司,Xinjiang Minxin Iron and Steel (Group) Minhang Special Steel Co Ltd,Xinjiang MINXIN Steei (GROUP) Co Ltd [100.0%],Xinjiang,China,operating,2011-05-06,1110,1110.0,"[{'status': 'operating', 'method': 'EAF', 'capacity': '1110'}]",EAF,Electric,44.080866,88.417209,44.080866,88.417209,https://www.gem.wiki/Xinjiang_Minxin_Iron_and_Steel_Group_Minhang_Special_Steel_Co_Ltd,China,1110,1110.0,exact,"Xinjiang, China",Xinjiang Minxin Iron and Steel Group Minhang Special Steel Co Ltd,E100000126368,新疆闽新钢铁（集团）闽航特钢有限责任公司,Xinjiang Minxin Iron and Steel (Group) Minhang Special Steel Co Ltd,E100000128014 [100.0%],Xinjiang MINXIN Steei (GROUP) Co Ltd [100.0%],operating,GIST,GIST,Iron & Steel,ttpa
steel,P100001063460,Yuxi Iron and Steel Group Zhenfei Iron and Steel Co Ltd,云南玉溪钢铁集团振飞钢铁有限公司,Yuxi Iron and Steel Group Zhenfei Iron and Steel Co Ltd,Yuxi Iron and Steel Group Zhenfei Iron and Steel Co Ltd [100.0%],Yunnan,China,announced,2019-09-06,1110,1110.0,"[{'status': 'announced', 'method': 'EAF', 'capacity': '1110'}]",EAF,Electric,24.074756,102.765983,24.074756,102.765983,https://www.gem.wiki/Yuxi_Iron_and_Steel_Group_Zhenfei_Iron_and_Steel_Co_Ltd,China,1110,1110.0,exact,"Yunnan, China",Yuxi Iron and Steel Group Zhenfei Iron and Steel Co Ltd,E100002020630,云南玉溪钢铁集团振飞钢铁有限公司,Yuxi Iron and Steel Group Zhenfei Iron and Steel Co Ltd,E100002020630 [100.0%],Yuxi Iron and Steel Group Zhenfei Iron and Steel Co Ltd [100.0%],announced,GIST,GIST,Iron & Steel,ttpa
steel,P100001046616,Mintal Group DRI plant,水木明拓（达茂）氢能源科技有限公司,Mintal Group Co Ltd,Beijing Dow Investment Holding Co Ltd [81.3%]; Minmetals Development Co Ltd [15.7%]; unknown [3.0%],Inner Mongolia,China,announced,unknown,1100,1100.0,"[{'status': 'announced', 'method': 'DRI', 'capacity': '1100'}]",DRI,Ironmaking (DRI),41.7915,109.865367,41.7915,109.865367,https://www.gem.wiki/Mintal_Group_DRI_plant,China,1100,1100.0,exact,"Inner Mongolia, China",Mintal Group DRI plant,E100000128517,明拓集团有限公司,Mintal Group Co Ltd,E100000128803 [81.3%]; E100000128895 [15.7%]; E100000132388 [3.0%],Beijing Dow Investment Holding Co Ltd [81.3%]; Minmetals Development Co Ltd [15.7%]; unknown [3.0%],announced,GIST,GIST,Iron & Steel,ttpa
steel,P100001064089,Changli Xingguo Precision Machinery Co Ltd,昌黎县兴国精密机件有限公司,Changli Xingguo Precision Machinery Co Ltd,Changli Xingguo Precision Machinery Co Ltd [100.0%],Hebei,China,operating,1995-09,1100,1100.0,"[{'status': 'operating', 'method': 'BF', 'capacity': '1100'}]",BF,Ironmaking (BF),39.704921,118.897417,39.704921,118.897417,https://www.gem.wiki/Changli_Xingguo_Precision_Machinery_Co_Ltd,China,1100,1100.0,exact,"Hebei, China",Changli Xingguo Precision Machinery Co Ltd,E100002021991,,Changli Xingguo Precision Machinery Co Ltd,E100002021991 [100.0%],Changli Xingguo Precision Machinery Co Ltd [100.0%],operating,GIST,GIST,Iron & Steel,ttpa
steel,P100000120206,Posco Zhangjiagang Stainless Steel Co Ltd,张家港浦项不锈钢有限公司,Guangdong Guangqing Metal Technology Co Ltd,Guangdong Guangqing Metal Technology Co Ltd [100.0%],Jiangsu,China,operating,2006-07-17,1100,1100.0,"[{'status': 'operating', 'method': 'EAF', 'capacity': '1100'}]",EAF,Electric,31.980237,120.571455,31.980237,120.571455,https://www.gem.wiki/Posco_Zhangjiagang_Stainless_Steel_Co_Ltd,China,1100,1100.0,exact,"Jiangsu, China",Posco Zhangjiagang Stainless Steel Co Ltd,E100002020966,,Guangdong Guangqing Metal Technology Co Ltd,E100002020966 [100.0%],Guangdong Guangqing Metal Technology Co Ltd [100.0%],operating,GIST,GIST,Iron & Steel,ttpa
steel,P100000120415,Hubei Wucheng Iron and Steel Group Co Ltd,湖北吴城钢铁集团有限公司,Hubei Wucheng Iron and Steel Group Co Ltd,WEALTH GROUP INVESTMENT LIMITED [95.0%]; unknown [5.0%],Hubei,China,retired,1997,1100,1100.0,"[{'status': 'retired', 'method': 'EAF', 'capacity': '1100'}]",EAF,Electric,30.341239,114.857744,30.341239,114.857744,https://www.gem.wiki/Hubei_Wucheng_Iron_and_Steel_Group_Co_Ltd,China,1100,1100.0,exact,"Hubei, China",Hubei Wucheng Iron and Steel Group Co Ltd,E100000127163,湖北吴城钢铁集团有限公司,Hubei Wucheng Iron and Steel Group Co Ltd,E100000126029 [95.0%]; E100000132388 [5.0%],WEALTH GROUP INVESTMENT LIMITED [95.0%]; unknown [5.0%],retired,GIST,GIST,Iron & Steel,ttpa
steel,P100000121138,Jiangsu Longyuan Steel Co,江苏龙远钢铁有限公司,Jiangsu Longyuan Steel Co Ltd,Jiangsu Longyuan Steel Co Ltd [100.0%],Jiangsu,China,retired,2002-11-15,1100,1100.0,"[{'status': 'retired', 'method': 'BF', 'capacity': '1100'}]",BF,Ironmaking (BF),34.538033,117.329589,34.538033,117.329589,https://www.gem.wiki/Jiangsu_Longyuan_Steel_Co,China,1100,1100.0,approximate,"Jiangsu, China",Jiangsu Longyuan Steel Co,E100001012139,江苏龙远钢铁有限公司,Jiangsu Longyuan Steel Co Ltd,E100001012139 [100.0%],Jiangsu Longyuan Steel Co Ltd [100.0%],retired,GIST,GIST,Iron & Steel,ttpa
steel,P100000121078,Lianyungang Huale Alloy Group Co Ltd,连云港华乐合金有限公司,Lianyungang Huale Alloy Group Co Ltd,Lianyungang Huale Alloy Group Co Ltd [100.0%],Jiangsu,China,operating,2010-03-12,1081,1081.0,"[{'status': 'operating', 'method': 'BOF', 'capacity': '621'}, {'status': 'operating', 'method': 'BF', 'capacity': '460'}]",BF; BOF,Integrated (BF),34.607964,119.447626,34.607964,119.447626,https://www.gem.wiki/Lianyungang_Huale_Alloy_Group_Co_Ltd,China,1081,1081.0,exact,"Jiangsu, China",Lianyungang Huale Alloy Group Co Ltd,E100000127135,连云港华乐合金集团有限公司,Lianyungang Huale Alloy Group Co Ltd,E100000127135 [100.0%],Lianyungang Huale Alloy Group Co Ltd [100.0%],operating,GIST,GIST,Iron & Steel,ttpa
steel,P100000120364,Guizhou Hexing Steel Co Ltd,贵州省和兴钢铁有限公司,Guizhou Hexing Metal Products Co Ltd,natural person(s) [65.0%]; Guizhou Mindong Economic and Trade Co Ltd [35.0%],Guizhou,China,operating,2012,1020,1020.0,"[{'status': 'operating', 'method': 'EAF', 'capacity': '500'}, {'status': 'retired', 'method': 'EAF', 'capacity': '520'}]",EAF,Electric,26.509525,107.570458,26.509525,107.570458,https://www.gem.wiki/Guizhou_Hexing_Steel_Co_Ltd,China,1020,1020.0,exact,"Guizhou, China",Guizhou Hexing Steel Co Ltd,E100000126147,贵州省和兴金属制品有限公司,Guizhou Hexing Metal Products Co Ltd,E100000123261 [65.0%]; E100000128158 [35.0%],natural person(s) [65.0%]; Guizhou Mindong Economic and Trade Co Ltd [35.0%],operating,GIST,GIST,Iron & Steel,ttpa
steel,P100001063532,Guangdong Taidu Iron & Steel Co Ltd,广东泰都钢铁有限公司,Guangdong Taidu Iron & Steel Co Ltd,Guangdong Taidu Iron & Steel Co Ltd [100.0%],Guangdong,China,operating,2004,1020,1020.0,"[{'status': 'operating', 'method': 'EAF', 'capacity': '1020'}]",EAF,Electric,23.504558,112.962693,23.504558,112.962693,https://www.gem.wiki/Guangdong_Taidu_Iron_&_Steel_Co_Ltd,China,1020,1020.0,exact,"Guangdong, China",Guangdong Taidu Iron & Steel Co Ltd,E100002020661,广东敬业钢铁有限责任公司,Guangdong Taidu Iron & Steel Co Ltd,E100002020661 [100.0%],Guangdong Taidu Iron & Steel Co Ltd [100.0%],operating,GIST,GIST,Iron & Steel,ttpa
steel,P100001063176,"Shengli (Qingyuan) Steel Products Co., Ltd.",圣力（清远）钢制品有限公司,Shengli (Qingyuan) Steel Products Co Ltd,Shengli (Qingyuan) Steel Products Co Ltd [100.0%],Guangdong,China,operating,2004,1000,1000.0,"[{'status': 'operating', 'method': 'EAF', 'capacity': '1000'}]",EAF,Electric,23.553041,113.119942,23.553041,113.119942,"https://www.gem.wiki/Shengli_(Qingyuan)_Steel_Products_Co.,_Ltd.",China,1000,1000.0,exact,"Guangdong, China","Shengli (Qingyuan) Steel Products Co., Ltd.",E100002020562,,Shengli (Qingyuan) Steel Products Co Ltd,E100002020562 [100.0%],Shengli (Qingyuan) Steel Products Co Ltd [100.0%],operating,GIST,GIST,Iron & Steel,ttpa
steel,P100001064195,Fujian Hongfeng Industrial Group Co Ltd,福建宏丰实业集团有限公司,Fujian Hongfeng Industrial Group Co Ltd,Fujian Hongfeng Industrial Group Co Ltd [100.0%],Fujian,China,operating,1999-08-20,1000,1000.0,"[{'status': 'operating', 'method': 'EAF', 'capacity': '1000'}]",EAF,Electric,26.868423,117.776369,26.868423,117.776369,https://www.gem.wiki/Fujian_Hongfeng_Industrial_Group_Co_Ltd,China,1000,1000.0,approximate,"Fujian, China",Fujian Hongfeng Industrial Group Co Ltd,E100002021022,,Fujian Hongfeng Industrial Group Co Ltd,E100002021022 [100.0%],Fujian Hongfeng Industrial Group Co Ltd [100.0%],operating,GIST,GIST,Iron & Steel,ttpa
steel,P100000120175,Jingzhou Qunli Metal Products Co Ltd,荆州市群力金属制品有限公司,Jingzhou Qunli Metal Products Co Ltd,Jingzhou Chuhang Special Steel Products Co Ltd [30.0%]; Jingzhou Daren Metal Products Co Ltd [30.0%]; Jingzhou Youyuan Metal Products Co Ltd [30.0%]; natural person(s) [5.2%]; unknown [4.8%],Hubei,China,operating,1999,1000,1000.0,"[{'status': 'operating', 'method': 'EAF', 'capacity': '1000'}]",EAF,Electric,30.3505,112.353782,30.3505,112.353782,https://www.gem.wiki/Jingzhou_Qunli_Metal_Products_Co_Ltd,China,1000,1000.0,exact,"Hubei, China",Jingzhou Qunli Metal Products Co Ltd,E100000127098,荆州市群力金属制品有限公司,Jingzhou Qunli Metal Products Co Ltd,E100000128128 [30.0%]; E100000128129 [30.0%]; E100000128130 [30.0%]; E100000123261 [5.2%]; E100000132388 [4.8%],Jingzhou Chuhang Special Steel Products Co Ltd [30.0%]; Jingzhou Daren Metal Products Co Ltd [30.0%]; Jingzhou Youyuan Metal Products Co Ltd [30.0%]; natural person(s) [5.2%]; unknown [4.8%],operating,GIST,GIST,Iron & Steel,ttpa
steel,P100000120388,Jilin Steel Group Taihua Metal Equipment Manufacture Co Ltd,吉林吉钢华营重工科技发展有限公司,Jilin Steel Group Taihua Metal Equipment Manufacture Co Ltd,Jilinjigang Steel Group Co Ltd [98.8%]; unknown [1.2%],Jilin,China,operating pre-retirement,2008-07-23,1000,1000.0,"[{'status': 'announced', 'method': 'EAF', 'capacity': '500'}, {'status': 'operating pre-retirement', 'method': 'EAF', 'capacity': '500'}]",EAF,Electric,44.138826,125.914941,44.138826,125.914941,https://www.gem.wiki/Jilin_Steel_Group_Taihua_Metal_Equipment_Manufacture_Co_Ltd,China,1000,1000.0,exact,"Jilin, China",Jilin Steel Group Taihua Metal Equipment Manufacture Co Ltd,E100000127275,吉林吉钢钢铁集团泰华冶金设备制造有限公司,Jilin Steel Group Taihua Metal Equipment Manufacture Co Ltd,E100000127545 [98.8%]; E100000132388 [1.2%],Jilinjigang Steel Group Co Ltd [98.8%]; unknown [1.2%],operating pre-retirement,GIST,GIST,Iron & Steel,ttpa
steel,P100000120417,Anhui Jingxian Longxin Iron and Steel Co Ltd,安徽省泾县隆鑫钢铁有限公司,Anhui Jingxian Longxin Iron and Steel Co Ltd,Anhui Jingxian Longxin Iron and Steel Co Ltd [100.0%],Anhui,China,operating,2008,1000,1000.0,"[{'status': 'operating', 'method': 'EAF', 'capacity': '500'}, {'status': 'retired', 'method': 'EAF', 'capacity': '500'}]",EAF,Electric,30.709058,118.436638,30.709058,118.436638,https://www.gem.wiki/Anhui_Jingxian_Longxin_Iron_and_Steel_Co_Ltd,China,1000,1000.0,exact,"Anhui, China",Anhui Jingxian Longxin Iron and Steel Co Ltd,E100000126157,安徽省泾县隆鑫钢铁有限公司,Anhui Jingxian Longxin Iron and Steel Co Ltd,E100000126157 [100.0%],Anhui Jingxian Longxin Iron and Steel Co Ltd [100.0%],operating,GIST,GIST,Iron & Steel,ttpa
steel,P100000120334,Hangda Steel Co Ltd,四川德润钢铁集团航达钢铁有限责任公司,Dazhou Hangda Steel Co Ltd,Dazhou Hangda Steel Co Ltd [100.0%],Sichuan,China,operating,2003-10-30,1000,1000.0,"[{'status': 'operating', 'method': 'EAF', 'capacity': '1000'}]",EAF,Electric,31.435149,107.685981,31.435149,107.685981,https://www.gem.wiki/Hangda_Steel_Co_Ltd,China,1000,1000.0,exact,"Sichuan, China",Hangda Steel Co Ltd,E100000126573,四川德润钢铁集团航达钢铁有限责任公司,Dazhou Hangda Steel Co Ltd,E100000126573 [100.0%],Dazhou Hangda Steel Co Ltd [100.0%],operating,GIST,GIST,Iron & Steel,ttpa
steel,P100000121050,Jiangxi Taixin Iron and Steel Co Ltd,江西台鑫钢铁有限公司,Jiangxi Taixin Iron & Steel Co Ltd,Jiangxi Taixin Iron & Steel Co Ltd [100.0%],Jiangxi,China,operating,2003-07-08,1000,1000.0,"[{'status': 'operating', 'method': 'EAF', 'capacity': '1000'}]",EAF,Electric,28.60445,118.163615,28.60445,118.163615,https://www.gem.wiki/Jiangxi_Taixin_Iron_and_Steel_Co_Ltd,China,1000,1000.0,exact,"Jiangxi, China",Jiangxi Taixin Iron and Steel Co Ltd,E100000127119,江西台鑫钢铁有限公司,Jiangxi Taixin Iron & Steel Co Ltd,E100000127119 [100.0%],Jiangxi Taixin Iron & Steel Co Ltd [100.0%],operating,GIST,GIST,Iron & Steel,ttpa
steel,P100000120366,Wuzhou Yongda Special Steel Co Ltd,梧州市永达特钢有限公司,Wuzhou Yongda Special Steel Co Ltd,Wuzhou Yongda Steel Works Co Ltd [100.0%],Guangxi,China,operating,2011,1000,1000.0,"[{'status': 'operating', 'method': 'EAF', 'capacity': '1000'}]",EAF,Electric,23.520307,111.229981,23.520307,111.229981,https://www.gem.wiki/Wuzhou_Yongda_Special_Steel_Co_Ltd,China,1000,1000.0,exact,"Guangxi, China",Wuzhou Yongda Special Steel Co Ltd,E100000127406,梧州市永达特钢有限公司,Wuzhou Yongda Special Steel Co Ltd,E100000126779 [100.0%],Wuzhou Yongda Steel Works Co Ltd [100.0%],operating,GIST,GIST,Iron & Steel,ttpa
steel,P100000120228,Fushun Special Steel Co Ltd,抚顺特殊钢股份有限公司,Fushun Special Steel Co Ltd,Fushun Special Steel Co Ltd [100.0%],Liaoning,China,operating,1937,999,999.0,"[{'status': 'operating', 'method': 'EAF', 'capacity': '999'}]",EAF,Electric,41.838774,123.806586,41.838774,123.806586,https://www.gem.wiki/Fushun_Special_Steel_Co_Ltd,China,999,999.0,exact,"Liaoning, China",Fushun Special Steel Co Ltd,E100000126378,抚顺特殊钢股份有限公司,Fushun Special Steel Co Ltd,E100000126378 [100.0%],Fushun Special Steel Co Ltd [100.0%],operating,GIST,GIST,Iron & Steel,ttpa
steel,P100000120360,Guizhou Juxin Iron and Steel Group Co Ltd,贵州聚鑫钢铁(集团)有限公司,Qianxinan Prefecture Juxin Industry & Trade General Co,Qianxinan Prefecture Juxin Industry & Trade General Co [100.0%],Guizhou,China,operating pre-retirement,1993,990,990.0,"[{'status': 'announced', 'method': 'EAF', 'capacity': '500'}, {'status': 'operating pre-retirement', 'method': 'EAF', 'capacity': '490'}]",EAF,Electric,25.150857,105.041722,25.150857,105.041722,https://www.gem.wiki/Guizhou_Juxin_Iron_and_Steel_Group_Co_Ltd,China,990,990.0,exact,"Guizhou, China",Guizhou Juxin Iron and Steel Group Co Ltd,E100000126448,贵州聚鑫钢铁（集团）有限公司,Qianxinan Prefecture Juxin Industry & Trade General Co,E100000126448 [100.0%],Qianxinan Prefecture Juxin Industry & Trade General Co [100.0%],operating pre-retirement,GIST,GIST,Iron & Steel,ttpa
steel,P100000120392,Fujian Qingtuo New Material Co Ltd,福建青拓新材料有限公司,Fujian Qingtuo New Material Co Ltd,Shanghai Decent Investment (Group) Co Ltd [51.6%]; unknown [23.1%]; TSINGSHAN Holding Group Co Ltd [19.7%]; Zhejiang Qingshan Business Management Co Ltd [5.6%],Fujian,China,operating,2023,958,958.0,"[{'status': 'operating', 'method': 'EAF', 'capacity': '958'}]",EAF,Electric,26.779301,119.767935,26.779301,119.767935,https://www.gem.wiki/Fujian_Qingtuo_New_Material_Co_Ltd,China,958,958.0,exact,"Fujian, China",Fujian Qingtuo New Material Co Ltd,E100000126389,福建青拓新材料有限公司,Fujian Qingtuo New Material Co Ltd,E100000128090 [51.6%]; E100000132388 [23.1%]; E100000128088 [19.7%]; E100000128539 [5.6%],Shanghai Decent Investment (Group) Co Ltd [51.6%]; unknown [23.1%]; TSINGSHAN Holding Group Co Ltd [19.7%]; Zhejiang Qingshan Business Management Co Ltd [5.6%],operating,GIST,GIST,Iron & Steel,ttpa
steel,P100001063619,Fengshun County Dongfang Metal Continuous Casting Co Ltd,丰顺县东方金属连铸有限公司,Fengshun County Dongfang Metal Casting Co Ltd,Fengshun County Dongfang Metal Casting Co Ltd [100.0%],Guangdong,China,operating,2003-07-16,930,930.0,"[{'status': 'operating', 'method': 'EAF', 'capacity': '930'}]",EAF,Electric,23.749104,116.138262,23.749104,116.138262,https://www.gem.wiki/Fengshun_County_Dongfang_Metal_Continuous_Casting_Co_Ltd,China,930,930.0,exact,"Guangdong, China",Fengshun County Dongfang Metal Continuous Casting Co Ltd,E100002020697,,Fengshun County Dongfang Metal Casting Co Ltd,E100002020697 [100.0%],Fengshun County Dongfang Metal Casting Co Ltd [100.0%],operating,GIST,GIST,Iron & Steel,ttpa
steel,P100001063267,Longchuan Hanghui Steel Co Ltd,龙川县航辉钢业有限公司,Longchuan Hanghui Steel Co Ltd,Longchuan Hanghui Steel Co Ltd [100.0%],Guangdong,China,operating,2003-09-30,930,930.0,"[{'status': 'operating', 'method': 'EAF', 'capacity': '930'}]",EAF,Electric,24.113189,115.215068,24.113189,115.215068,https://www.gem.wiki/Longchuan_Hanghui_Steel_Co_Ltd,China,930,930.0,exact,"Guangdong, China",Longchuan Hanghui Steel Co Ltd,E100002020558,,Longchuan Hanghui Steel Co Ltd,E100002020558 [100.0%],Longchuan Hanghui Steel Co Ltd [100.0%],operating,GIST,GIST,Iron & Steel,ttpa
steel,P100001063263,"Guangdong Taiye Hongda Steel Co., Ltd.",广东泰业鸿达钢铁有限公司,Guangdong Taiye Hongda Steel Co Ltd,Guangdong Taiye Hongda Steel Co Ltd [100.0%],Guangdong,China,operating,2012-05-08,920,920.0,"[{'status': 'operating', 'method': 'EAF', 'capacity': '920'}]",EAF,Electric,23.54332928798603,112.99082407443541,23.54332928798603,112.99082407443541,"https://www.gem.wiki/Guangdong_Taiye_Hongda_Steel_Co.,_Ltd.",China,920,920.0,approximate,"Guangdong, China","Guangdong Taiye Hongda Steel Co., Ltd.",E100002020545,,Guangdong Taiye Hongda Steel Co Ltd,E100002020545 [100.0%],Guangdong Taiye Hongda Steel Co Ltd [100.0%],operating,GIST,GIST,Iron & Steel,ttpa
steel,P100001063276,Guangdong Shengye Steel Co Ltd,广东盛业钢铁有限公司,Guangdong Shengye Steel Co Ltd,Guangdong Shengye Steel Co Ltd [100.0%],Guangdong,China,operating,2004-03-03,920,920.0,"[{'status': 'operating', 'method': 'EAF', 'capacity': '920'}]",EAF,Electric,24.008564,114.797328,24.008564,114.797328,https://www.gem.wiki/Guangdong_Shengye_Steel_Co_Ltd,China,920,920.0,approximate,"Guangdong, China",Guangdong Shengye Steel Co Ltd,E100002020550,,Guangdong Shengye Steel Co Ltd,E100002020550 [100.0%],Guangdong Shengye Steel Co Ltd [100.0%],operating,GIST,GIST,Iron & Steel,ttpa
steel,P100001063591,Guangdong Shiji Qingshan Nickel Industry Co Ltd,广东世纪青山镍业有限公司,Guangdong Shiji Qingshan Nickel Industry Co Ltd,Guangdong Shiji Qingshan Nickel Industry Co Ltd [100.0%],Guangdong,China,operating,2011-05,900,900.0,"[{'status': 'operating', 'method': 'EAF', 'capacity': '900'}]",EAF,Electric,21.687053,111.848893,21.687053,111.848893,https://www.gem.wiki/Guangdong_Shiji_Qingshan_Nickel_Industry_Co_Ltd,China,900,900.0,exact,"Guangdong, China",Guangdong Shiji Qingshan Nickel Industry Co Ltd,E100002020683,广东世纪青山镍业有限公司,Guangdong Shiji Qingshan Nickel Industry Co Ltd,E100002020683 [100.0%],Guangdong Shiji Qingshan Nickel Industry Co Ltd [100.0%],operating,GIST,GIST,Iron & Steel,ttpa
steel,P100001063916,Tangshan Shoutang Baosheng Functional Materials Co Ltd,唐山首唐宝生功能材料有限公司,Tangshan Shoutang Baosheng Functional Materials Co Ltd,Tangshan Shoutang Baosheng Functional Materials Co Ltd [100.0%],Hebei,China,operating,2006-12-13,860,860.0,"[{'status': 'operating', 'method': 'EAF', 'capacity': '860'}]",EAF,Electric,39.751793,118.490004,39.751793,118.490004,https://www.gem.wiki/Tangshan_Shoutang_Baosheng_Functional_Materials_Co_Ltd,China,860,860.0,exact,"Hebei, China",Tangshan Shoutang Baosheng Functional Materials Co Ltd,E100002020833,,Tangshan Shoutang Baosheng Functional Materials Co Ltd,E100002020833 [100.0%],Tangshan Shoutang Baosheng Functional Materials Co Ltd [100.0%],operating,GIST,GIST,Iron & Steel,ttpa
steel,P100001063522,Guangdong Hongde Steel Group Co Ltd,广东宏德钢铁集团有限公司,Guangdong Hongde Steel Group Co Ltd,Guangdong Hongde Steel Group Co Ltd [100.0%],"China, Guangdong Province",China,operating,2002,860,860.0,"[{'status': 'operating', 'method': 'EAF', 'capacity': '860'}]",EAF,Electric,24.672351,113.535574,24.672351,113.535574,https://www.gem.wiki/Guangdong_Hongde_Steel_Group_Co_Ltd,China,860,860.0,exact,"China, Guangdong Province, China",Guangdong Hongde Steel Group Co Ltd,E100002020658,,Guangdong Hongde Steel Group Co Ltd,E100002020658 [100.0%],Guangdong Hongde Steel Group Co Ltd [100.0%],operating,GIST,GIST,Iron & Steel,ttpa
steel,P100000121068,Zhengzhou Yongtong Special Steel Co Ltd,郑州永通特钢有限公司,Zhengzhou YONGTONG SPECIAL Steel Co Ltd,Wing Fung International Ltd [100.0%],Henan,China,retired,1993,850,850.0,"[{'status': 'retired', 'method': 'EAF', 'capacity': '850'}]",EAF,Electric,34.64443,112.937985,34.64443,112.937985,https://www.gem.wiki/Zhengzhou_Yongtong_Special_Steel_Co_Ltd,China,850,850.0,exact,"Henan, China",Zhengzhou Yongtong Special Steel Co Ltd,E100000126625,郑州永通特钢有限公司,Zhengzhou YONGTONG SPECIAL Steel Co Ltd,E100000130667 [100.0%],Wing Fung International Ltd [100.0%],retired,GIST,GIST,Iron & Steel,ttpa
steel,P100000120383,Luoyang Luogang Group of Steel and Iron Co Ltd,洛阳洛钢集团钢铁有限公司,Luoyang Luogang Group of Steel and Iron Co Ltd,Luoyang Luogang Group of Steel and Iron Co Ltd [100.0%],Henan,China,retired,2003,850,850.0,"[{'status': 'retired', 'method': 'EAF', 'capacity': '850'}]",EAF,Electric,34.798477,112.580505,34.798477,112.580505,https://www.gem.wiki/Luoyang_Luogang_Group_of_Steel_and_Iron_Co_Ltd,China,850,850.0,exact,"Henan, China",Luoyang Luogang Group of Steel and Iron Co Ltd,E100000126383,洛阳洛钢集团钢铁有限公司,Luoyang Luogang Group of Steel and Iron Co Ltd,E100000126383 [100.0%],Luoyang Luogang Group of Steel and Iron Co Ltd [100.0%],retired,GIST,GIST,Iron & Steel,ttpa
steel,P100000121059,Sichuan Yaan Anshan Iron and Steel Co Ltd,四川雅安安山钢铁有限公司,Sichuan Ya'an Anshan Iron and Steel Co Ltd,Sichuan Ya'an Anshan Iron and Steel Co Ltd [100.0%],Sichuan,China,operating,2021-03-24,830,830.0,"[{'status': 'operating', 'method': 'EAF', 'capacity': '830'}]",EAF,Electric,30.059133,102.625907,30.059133,102.625907,https://www.gem.wiki/Sichuan_Yaan_Anshan_Iron_and_Steel_Co_Ltd,China,830,830.0,exact,"Sichuan, China",Sichuan Yaan Anshan Iron and Steel Co Ltd,E100000126975,四川雅安安山钢铁有限公司,Sichuan Ya'an Anshan Iron and Steel Co Ltd,E100000126975 [100.0%],Sichuan Ya'an Anshan Iron and Steel Co Ltd [100.0%],operating,GIST,GIST,Iron & Steel,ttpa
steel,P100000120351,Fushun Hanking Direct Reduced Iron Co Ltd,抚顺罕王直接还原铁有限公司,Fushun HANWANG Direct Reduced Iron Co Ltd,Tuchuan Capital Co Ltd [99.0%]; unknown [1.0%],Liaoning,China,operating,2002-08-20,799,799.0,"[{'status': 'operating', 'method': 'BF', 'capacity': '799'}]",BF,Ironmaking (BF),41.670998,123.85143,41.670998,123.85143,https://www.gem.wiki/Fushun_Hanking_Direct_Reduced_Iron_Co_Ltd,China,799,799.0,exact,"Liaoning, China",Fushun Hanking Direct Reduced Iron Co Ltd,E100000126360,抚顺罕王直接还原铁有限公司,Fushun HANWANG Direct Reduced Iron Co Ltd,E100000130419 [99.0%]; E100000132388 [1.0%],Tuchuan Capital Co Ltd [99.0%]; unknown [1.0%],operating,GIST,GIST,Iron & Steel,ttpa
steel,P100001064103,Linzhou Hexin Foundry Co Ltd,林州市合鑫铸业有限公司,Linzhou Hexin Foundry Co Ltd,Linzhou Hexin Foundry Co Ltd [100.0%],Henan,China,operating,2005-09,790,790.0,"[{'status': 'operating', 'method': 'IF', 'capacity': '240'}, {'status': 'operating', 'method': 'BF', 'capacity': '550'}]",BF; IF,Integrated (BF),36.112742,113.861135,36.112742,113.861135,https://www.gem.wiki/Linzhou_Hexin_Foundry_Co_Ltd,China,790,790.0,exact,"Henan, China",Linzhou Hexin Foundry Co Ltd,E100002020986,,Linzhou Hexin Foundry Co Ltd,E100002020986 [100.0%],Linzhou Hexin Foundry Co Ltd [100.0%],operating,GIST,GIST,Iron & Steel,ttpa
steel,P100000120396,Guangxi Hezhou Pengda New Materials Co Ltd,广西贺州鹏达新材料有限公司,Hezhou Xindu Sanyuan Casting Co Ltd,Hezhou Xindu Sanyuan Casting Co Ltd [100.0%],Guangxi,China,operating,2016,780,780.0,"[{'status': 'operating', 'method': 'EAF', 'capacity': '780'}]",EAF,Electric,23.987007,111.739775,23.987007,111.739775,https://www.gem.wiki/Guangxi_Hezhou_Pengda_New_Materials_Co_Ltd,China,780,780.0,exact,"Guangxi, China",Guangxi Hezhou Pengda New Materials Co Ltd,E100000126302,贺州市信都三元铸件有限公司,Hezhou Xindu Sanyuan Casting Co Ltd,E100000126302 [100.0%],Hezhou Xindu Sanyuan Casting Co Ltd [100.0%],operating,GIST,GIST,Iron & Steel,ttpa
steel,P100001063483,Fengshun Yongshun Continuous Casting Plant,丰顺永顺连铸厂,Fengshun Yongshun Continuous Casting Plant,Fengshun Yongshun Continuous Casting Plant [100.0%],Guangdong,China,operating,2006-11-13,720,720.0,"[{'status': 'operating', 'method': 'EAF', 'capacity': '720'}]",EAF,Electric,23.747173,116.126241,23.747173,116.126241,https://www.gem.wiki/Fengshun_Yongshun_Continuous_Casting_Plant,China,720,720.0,exact,"Guangdong, China",Fengshun Yongshun Continuous Casting Plant,E100002020634,,Fengshun Yongshun Continuous Casting Plant,E100002020634 [100.0%],Fengshun Yongshun Continuous Casting Plant [100.0%],operating,GIST,GIST,Iron & Steel,ttpa
steel,P100001063490,Fengshun County Hongbao Industrial Co Ltd,丰顺县鸿宝实业有限公司,Fengshun County Hongbao Industrial Co Ltd,Fengshun County Hongbao Industrial Co Ltd [100.0%],Guangdong,China,operating,1993-03-15,720,720.0,"[{'status': 'operating', 'method': 'EAF', 'capacity': '720'}]",EAF,Electric,23.720136,115.949449,23.720136,115.949449,https://www.gem.wiki/Fengshun_County_Hongbao_Industrial_Co_Ltd,China,720,720.0,exact,"Guangdong, China",Fengshun County Hongbao Industrial Co Ltd,E100002020639,,Fengshun County Hongbao Industrial Co Ltd,E100002020639 [100.0%],Fengshun County Hongbao Industrial Co Ltd [100.0%],operating,GIST,GIST,Iron & Steel,ttpa
steel,P100001063602,Fengshun County Agricultural Machinery Continuous Casting Co,丰顺县农械连铸厂,Fengshun County Agricultural Machinery Continuous Casting Co,Fengshun County Agricultural Machinery Continuous Casting Co [100.0%],Guangdong,China,operating,2003-04-15,720,720.0,"[{'status': 'operating', 'method': 'EAF', 'capacity': '720'}]",EAF,Electric,23.748318,116.13985,23.748318,116.13985,https://www.gem.wiki/Fengshun_County_Agricultural_Machinery_Continuous_Casting_Co,China,720,720.0,exact,"Guangdong, China",Fengshun County Agricultural Machinery Continuous Casting Co,E100002020693,,Fengshun County Agricultural Machinery Continuous Casting Co,E100002020693 [100.0%],Fengshun County Agricultural Machinery Continuous Casting Co [100.0%],operating,GIST,GIST,Iron & Steel,ttpa
steel,P100001063594,Lianping Huafeng Steel Co Ltd,连平县华丰钢铁有限公司,Lianping County Huafeng Steel Co Ltd,Lianping County Huafeng Steel Co Ltd [100.0%],Guangdong,China,operating,2016-03-17,720,720.0,"[{'status': 'operating', 'method': 'EAF', 'capacity': '720'}]",EAF,Electric,24.18435,114.728202,24.18435,114.728202,https://www.gem.wiki/Lianping_Huafeng_Steel_Co_Ltd,China,720,720.0,exact,"Guangdong, China",Lianping Huafeng Steel Co Ltd,E100002020687,,Lianping County Huafeng Steel Co Ltd,E100002020687 [100.0%],Lianping County Huafeng Steel Co Ltd [100.0%],operating,GIST,GIST,Iron & Steel,ttpa
steel,P100000120347,Jiangyin Xicheng Steel Co Ltd,江阴市西城钢铁有限公司,Jiangyin Xicheng Steel Co Ltd,Jiangsu Xicheng Sanlian Holding Group Co Ltd [100.0%],Jiangsu,China,operating,1997-10-06,720,720.0,"[{'status': 'operating', 'method': 'EAF', 'capacity': '720'}]",EAF,Electric,31.892299,120.198394,31.892299,120.198394,https://www.gem.wiki/Jiangyin_Xicheng_Steel_Co_Ltd,China,720,720.0,exact,"Jiangsu, China",Jiangyin Xicheng Steel Co Ltd,E100000126191,江阴市西城钢铁有限公司,Jiangyin Xicheng Steel Co Ltd,E100000128049 [100.0%],Jiangsu Xicheng Sanlian Holding Group Co Ltd [100.0%],operating,GIST,GIST,Iron & Steel,ttpa
steel,P100001063403,Dongyuan Dongnan Industrial Co Ltd,东源县东南实业有限公司,Dongyuan Dongnan Industrial Co Ltd,Dongyuan Dongnan Industrial Co Ltd [100.0%],Guangdong,China,operating,2009-04,720,720.0,"[{'status': 'operating', 'method': 'EAF', 'capacity': '720'}]",EAF,Electric,24.038397,114.873435,24.038397,114.873435,https://www.gem.wiki/Dongyuan_Dongnan_Industrial_Co_Ltd,China,720,720.0,exact,"Guangdong, China",Dongyuan Dongnan Industrial Co Ltd,E100002020601,,Dongyuan Dongnan Industrial Co Ltd,E100002020601 [100.0%],Dongyuan Dongnan Industrial Co Ltd [100.0%],operating,GIST,GIST,Iron & Steel,ttpa
steel,P100000121066,Fujian Fuxin Special Steel Co Ltd,福建福欣特殊钢有限公司,Fujian Fuxin Special Steel Co Ltd,Tianlong Investment Co Ltd [58.3%]; Huayang Investment (Hong Kong) Ltd [41.6%],Fujian,China,operating,2007,720,720.0,"[{'status': 'operating', 'method': 'EAF', 'capacity': '720'}]",EAF,Electric,24.472439,117.94885,24.472439,117.94885,https://www.gem.wiki/Fujian_Fuxin_Special_Steel_Co_Ltd,China,720,720.0,exact,"Fujian, China",Fujian Fuxin Special Steel Co Ltd,E100000127029,福建福欣特殊钢有限公司,Fujian Fuxin Special Steel Co Ltd,E100000130641 [58.3%]; E100000125857 [41.6%],Tianlong Investment Co Ltd [58.3%]; Huayang Investment (Hong Kong) Ltd [41.6%],operating,GIST,GIST,Iron & Steel,ttpa
steel,P100001063322,Guangdong Yuedong Steel Co Ltd,广东粤东钢铁有限公司,Guangdong Yuedong Steel Co Ltd,Guangdong Yuedong Steel Co Ltd [100.0%],Guangdong,China,operating,1993-12-31,720,720.0,"[{'status': 'operating', 'method': 'EAF', 'capacity': '720'}]",EAF,Electric,23.711585,114.689761,23.711585,114.689761,https://www.gem.wiki/Guangdong_Yuedong_Steel_Co_Ltd,China,720,720.0,exact,"Guangdong, China",Guangdong Yuedong Steel Co Ltd,E100002020592,,Guangdong Yuedong Steel Co Ltd,E100002020592 [100.0%],Guangdong Yuedong Steel Co Ltd [100.0%],operating,GIST,GIST,Iron & Steel,ttpa
steel,P100001063538,Guangdong Daxing Iron & Steel Industrial Co Ltd,广东大兴钢铁实业有限公司,Guangdong Daxing Iron & Steel Industrial Co Ltd,Guangdong Daxing Iron & Steel Industrial Co Ltd [100.0%],Guangdong,China,operating,1999-08-14,720,720.0,"[{'status': 'operating', 'method': 'EAF', 'capacity': '720'}]",EAF,Electric,23.529158,116.329247,23.529158,116.329247,https://www.gem.wiki/Guangdong_Daxing_Iron_&_Steel_Industrial_Co_Ltd,China,720,720.0,exact,"Guangdong, China",Guangdong Daxing Iron & Steel Industrial Co Ltd,E100002020662,,Guangdong Daxing Iron & Steel Industrial Co Ltd,E100002020662 [100.0%],Guangdong Daxing Iron & Steel Industrial Co Ltd [100.0%],operating,GIST,GIST,Iron & Steel,ttpa
steel,P100001063593,Zijin County Dongri Casting Co Ltd,紫金县东日铸造有限公司,Zijin County Dongri Foundry Co Ltd,Zijin County Dongri Foundry Co Ltd [100.0%],Guangdong,China,operating,2010,720,720.0,"[{'status': 'operating', 'method': 'EAF', 'capacity': '720'}]",EAF,Electric,23.356612,114.769565,23.356612,114.769565,https://www.gem.wiki/Zijin_County_Dongri_Casting_Co_Ltd,China,720,720.0,exact,"Guangdong, China",Zijin County Dongri Casting Co Ltd,E100002020686,,Zijin County Dongri Foundry Co Ltd,E100002020686 [100.0%],Zijin County Dongri Foundry Co Ltd [100.0%],operating,GIST,GIST,Iron & Steel,ttpa
steel,P100000120338,Linyi Iron and Steel Investment Group Stainless Steel Co Ltd,临沂钢铁投资集团不锈钢有限公司,Linyi Iron and Steel Investment Group Stainless Steel Co Ltd,Shandong Shengyang Holding Group Co Ltd [66.0%]; Linyi Investment Development Co Ltd [25.3%]; Gangfa International [5.7%]; Shandong Caixin Asset Operation Co Ltd [2.8%]; unknown [0.2%],Shandong,China,operating,2020,700,700.0,"[{'status': 'operating', 'method': 'EAF', 'capacity': '700'}]",EAF,Electric,35.148443,119.068015,35.148443,119.068015,https://www.gem.wiki/Linyi_Iron_and_Steel_Investment_Group_Stainless_Steel_Co_Ltd,China,700,700.0,exact,"Shandong, China",Linyi Iron and Steel Investment Group Stainless Steel Co Ltd,E100000127088,临沂钢铁投资集团不锈钢有限公司,Linyi Iron and Steel Investment Group Stainless Steel Co Ltd,E100000127433 [66.0%]; E100000000234 [25.3%]; E100000125831 [5.7%]; E100000124453 [2.8%]; E100000132388 [0.2%],Shandong Shengyang Holding Group Co Ltd [66.0%]; Linyi Investment Development Co Ltd [25.3%]; Gangfa International [5.7%]; Shandong Caixin Asset Operation Co Ltd [2.8%]; unknown [0.2%],operating,GIST,GIST,Iron & Steel,ttpa
steel,P100000120409,Chongqing Yonghang Steel Group Co Ltd,重庆永航钢铁集团有限公司,Chongqing Yonghang Steel Group Co Ltd,Chongqing Yonghang Steel Group Co Ltd [100.0%],Chongqing,China,operating,2003,700,700.0,"[{'status': 'operating', 'method': 'EAF', 'capacity': '700'}]",EAF,Electric,29.836163,106.988138,29.836163,106.988138,https://www.gem.wiki/Chongqing_Yonghang_Steel_Group_Co_Ltd,China,700,700.0,exact,"Chongqing, China",Chongqing Yonghang Steel Group Co Ltd,E100000127146,重庆永航钢铁集团有限公司,Chongqing Yonghang Steel Group Co Ltd,E100000127146 [100.0%],Chongqing Yonghang Steel Group Co Ltd [100.0%],operating,GIST,GIST,Iron & Steel,ttpa
steel,P100000120341,Tangshan Yutian Jinzhou Industrial Co Ltd,唐山市玉田金州实业有限公司,Tangshan Yutian Jinzhou Industry Co Ltd,British Asia Pan Ruogen International Co Ltd [60.0%]; Tangshan Fengrun Jinruicheng Iron and Steel Co Ltd [40.0%],Hebei,China,operating,2011,700,700.0,"[{'status': 'operating', 'method': 'EAF', 'capacity': '700'}]",EAF,Electric,39.967373,117.857659,39.967373,117.857659,https://www.gem.wiki/Tangshan_Yutian_Jinzhou_Industrial_Co_Ltd,China,700,700.0,exact,"Hebei, China",Tangshan Yutian Jinzhou Industrial Co Ltd,E100000126923,唐山市玉田金州实业有限公司,Tangshan Yutian Jinzhou Industry Co Ltd,E100000130417 [60.0%]; E100000127556 [40.0%],British Asia Pan Ruogen International Co Ltd [60.0%]; Tangshan Fengrun Jinruicheng Iron and Steel Co Ltd [40.0%],operating,GIST,GIST,Iron & Steel,ttpa
steel,P100001063078,"Huangshi Xinxing Pipe Industry Co., Ltd.",黄石新兴管业有限公司,Huangshi Xinxing Pipe Industry Co Ltd,Huangshi Xinxing Pipe Industry Co Ltd [100.0%],Hubei,China,operating,2008-07,700,700.0,"[{'status': 'operating', 'method': 'BF', 'capacity': '700'}]",BF,Ironmaking (BF),30.181393,114.944879,30.181393,114.944879,"https://www.gem.wiki/Huangshi_Xinxing_Pipe_Industry_Co.,_Ltd.",China,700,700.0,exact,"Hubei, China","Huangshi Xinxing Pipe Industry Co., Ltd.",E100002020472,,Huangshi Xinxing Pipe Industry Co Ltd,E100002020472 [100.0%],Huangshi Xinxing Pipe Industry Co Ltd [100.0%],operating,GIST,GIST,Iron & Steel,ttpa
steel,P100000120361,GuangDong Xinxing Ductile Iron Pipes Co Ltd,广东新兴铸管有限公司,GuangDong Xinxing Ductile Iron Pipes Co Ltd,Xinxing Ductile Iron Pipes Co Ltd [100.0%],Guangdong,China,operating,2015,700,700.0,"[{'status': 'operating', 'method': 'BF', 'capacity': '700'}]",BF,Ironmaking (BF),22.09914,111.665479,22.09914,111.665479,https://www.gem.wiki/GuangDong_Xinxing_Ductile_Iron_Pipes_Co_Ltd,China,700,700.0,exact,"Guangdong, China",GuangDong Xinxing Ductile Iron Pipes Co Ltd,E100000127213,广东新兴铸管有限公司,GuangDong Xinxing Ductile Iron Pipes Co Ltd,E100000127965 [100.0%],Xinxing Ductile Iron Pipes Co Ltd [100.0%],operating,GIST,GIST,Iron & Steel,ttpa
steel,P100000121074,Shiyan Yunyang District Rongfeng Iron and Steel Co Ltd,十堰市郧阳区榕峰钢铁有限公司,Yun County Rongfeng Rolling Mill Factory,Yun County Rongfeng Rolling Mill Factory [100.0%],Hubei,China,operating,2011,700,700.0,"[{'status': 'operating', 'method': 'EAF', 'capacity': '700'}]",EAF,Electric,32.738598,110.793269,32.738598,110.793269,https://www.gem.wiki/Shiyan_Yunyang_District_Rongfeng_Iron_and_Steel_Co_Ltd,China,700,700.0,exact,"Hubei, China",Shiyan Yunyang District Rongfeng Iron and Steel Co Ltd,E100000127356,十堰市郧阳区榕峰钢铁有限公司,Yun County Rongfeng Rolling Mill Factory,E100000127356 [100.0%],Yun County Rongfeng Rolling Mill Factory [100.0%],operating,GIST,GIST,Iron & Steel,ttpa
steel,P100001064114,Weining Hengchang Furnace Charge & Casting Co Ltd,威宁县恒昌炉料铸造有限公司,Weining Hengchang Furnace Charge & Casting Co Ltd,Weining Hengchang Furnace Charge & Casting Co Ltd [100.0%],Guizhou,China,operating,2004-06-11,694,694.0,"[{'status': 'operating', 'method': 'BF', 'capacity': '694'}]",BF,Ironmaking (BF),26.783556,104.394517,26.783556,104.394517,https://www.gem.wiki/Weining_Hengchang_Furnace_Charge_&_Casting_Co_Ltd,China,694,694.0,approximate,"Guizhou, China",Weining Hengchang Furnace Charge & Casting Co Ltd,E100002020990,,Weining Hengchang Furnace Charge & Casting Co Ltd,E100002020990 [100.0%],Weining Hengchang Furnace Charge & Casting Co Ltd [100.0%],operating,GIST,GIST,Iron & Steel,ttpa
steel,P100001064093,Huarui (Handan) Casting & Pipe Co Ltd,华瑞(邯郸)铸管有限公司,Huarui (Handan) Casting & Pipe Co Ltd,Huarui (Handan) Casting & Pipe Co Ltd [100.0%],Hebei,China,operating,2004-03-31,683,683.0,"[{'status': 'operating', 'method': 'BF', 'capacity': '683'}]",BF,Ironmaking (BF),36.561049,114.102793,36.561049,114.102793,https://www.gem.wiki/Huarui_(Handan)_Casting_&_Pipe_Co_Ltd,China,683,683.0,exact,"Hebei, China",Huarui (Handan) Casting & Pipe Co Ltd,E100002020985,,Huarui (Handan) Casting & Pipe Co Ltd,E100002020985 [100.0%],Huarui (Handan) Casting & Pipe Co Ltd [100.0%],operating,GIST,GIST,Iron & Steel,ttpa
steel,P100000121080,Pangang Group Jiangyou Changcheng Special Steel Co Ltd,攀钢集团四川长城特殊钢股份有限公司,Pan Gang Group Sichuan Changcheng Special Steel Co Ltd,Ansteel Group Co Ltd [100.0%],Sichuan,China,operating,1989-05-18,669,669.0,"[{'status': 'operating', 'method': 'EAF', 'capacity': '669'}]",EAF,Electric,31.763517,104.761441,31.763517,104.761441,https://www.gem.wiki/Pangang_Group_Jiangyou_Changcheng_Special_Steel_Co_Ltd,China,669,669.0,exact,"Sichuan, China",Pangang Group Jiangyou Changcheng Special Steel Co Ltd,E100000126790,攀钢集团江油长城特殊钢有限公司,Pan Gang Group Sichuan Changcheng Special Steel Co Ltd,E100000124667 [100.0%],Ansteel Group Co Ltd [100.0%],operating,GIST,GIST,Iron & Steel,ttpa
steel,P100001063170,Guangdong Guixin Steel Co Ltd,广东桂鑫钢铁有限公司,Guangdong Guixin Steel Co Ltd,Guangdong Guixin Steel Co Ltd [100.0%],Guangdong,China,operating,2004,630,630.0,"[{'status': 'operating', 'method': 'EAF', 'capacity': '630'}]",EAF,Electric,23.517109,113.106865,23.517109,113.106865,https://www.gem.wiki/Guangdong_Guixin_Steel_Co_Ltd,China,630,630.0,exact,"Guangdong, China",Guangdong Guixin Steel Co Ltd,E100002020513,,Guangdong Guixin Steel Co Ltd,E100002020513 [100.0%],Guangdong Guixin Steel Co Ltd [100.0%],operating,GIST,GIST,Iron & Steel,ttpa
steel,P100001063493,Huizhou Jushun Iron and Steel Plant,惠州市桔顺钢铁厂,Huizhou Jushun Iron and Steel Plant,Huizhou Jushun Iron and Steel Plant [100.0%],Guangdong,China,operating,1992-11-16,620,620.0,"[{'status': 'operating', 'method': 'EAF', 'capacity': '620'}]",EAF,Electric,23.178652,114.279374,23.178652,114.279374,https://www.gem.wiki/Huizhou_Jushun_Iron_and_Steel_Plant,China,620,620.0,exact,"Guangdong, China",Huizhou Jushun Iron and Steel Plant,E100002020640,,Huizhou Jushun Iron and Steel Plant,E100002020640 [100.0%],Huizhou Jushun Iron and Steel Plant [100.0%],operating,GIST,GIST,Iron & Steel,ttpa
steel,P100001063289,Heyuan Yuancheng Huafa Metal Products Co Ltd,河源市源城华发金属制品有限公司,Heyuan Huacheng Metal Products Co Ltd,Heyuan Huacheng Metal Products Co Ltd [100.0%],Guangdong,China,operating,2004-03-31,620,620.0,"[{'status': 'operating', 'method': 'EAF', 'capacity': '620'}]",EAF,Electric,23.56658,114.598993,23.56658,114.598993,https://www.gem.wiki/Heyuan_Yuancheng_Huafa_Metal_Products_Co_Ltd,China,620,620.0,approximate,"Guangdong, China",Heyuan Yuancheng Huafa Metal Products Co Ltd,E100002020570,,Heyuan Huacheng Metal Products Co Ltd,E100002020570 [100.0%],Heyuan Huacheng Metal Products Co Ltd [100.0%],operating,GIST,GIST,Iron & Steel,ttpa
steel,P100001063598,Fengshun Changsheng Special Steel Casting Co Ltd Qingyuan Branch,丰顺昌盛精钢铸造有限公司清远分公司,Fengshun Changsheng Precision Steel Casting Co Ltd,Fengshun Changsheng Precision Steel Casting Co Ltd [100.0%],Guangdong,China,operating,2009,620,620.0,"[{'status': 'operating', 'method': 'EAF', 'capacity': '620'}]",EAF,Electric,23.507015,112.953822,23.507015,112.953822,https://www.gem.wiki/Fengshun_Changsheng_Special_Steel_Casting_Co_Ltd_Qingyuan_Branch,China,620,620.0,approximate,"Guangdong, China",Fengshun Changsheng Special Steel Casting Co Ltd Qingyuan Branch,E100002020690,,Fengshun Changsheng Precision Steel Casting Co Ltd,E100002020690 [100.0%],Fengshun Changsheng Precision Steel Casting Co Ltd [100.0%],operating,GIST,GIST,Iron & Steel,ttpa
steel,P100000121073,Shiyan Fuyan Iron and Steel Co Ltd,十堰福堰钢铁有限公司,Shiyan Fuyan Iron and Steel Co Ltd,Hubei Tiangang Recycling Industry Group Co Ltd [50.8%]; natural person(s) [49.2%],Hubei,China,operating pre-retirement,2003,600,600.0,"[{'status': 'operating pre-retirement', 'method': 'EAF', 'capacity': '600'}]",EAF,Electric,32.650367,110.654794,32.650367,110.654794,https://www.gem.wiki/Shiyan_Fuyan_Iron_and_Steel_Co_Ltd,China,600,600.0,exact,"Hubei, China",Shiyan Fuyan Iron and Steel Co Ltd,E100000126575,十堰福堰钢铁有限公司,Shiyan Fuyan Iron and Steel Co Ltd,E100000127543 [50.8%]; E100000123261 [49.2%],Hubei Tiangang Recycling Industry Group Co Ltd [50.8%]; natural person(s) [49.2%],operating pre-retirement,GIST,GIST,Iron & Steel,ttpa
steel,P100000121067,Shougang Guiyang Special Steel Co Ltd,首钢贵阳特殊钢有限责任公司,Shougang Guiyang SPECIAL Steel Co Ltd,Beijing State-owned Capital Management Center [70.0%]; Guizhou Qiansheng State-Owned Assets Management Co Ltd [29.7%]; unknown [0.3%],Guizhou,China,operating,1958,600,600.0,"[{'status': 'operating', 'method': 'EAF', 'capacity': '600'}]",EAF,Electric,26.873592,106.73215,26.873592,106.73215,https://www.gem.wiki/Shougang_Guiyang_Special_Steel_Co_Ltd,China,600,600.0,exact,"Guizhou, China",Shougang Guiyang Special Steel Co Ltd,E100000126164,首钢贵阳特殊钢有限责任公司,Shougang Guiyang SPECIAL Steel Co Ltd,E100000000158 [70.0%]; E100000124909 [29.7%]; E100000132388 [0.3%],Beijing State-owned Capital Management Center [70.0%]; Guizhou Qiansheng State-Owned Assets Management Co Ltd [29.7%]; unknown [0.3%],operating,GIST,GIST,Iron & Steel,ttpa
steel,P100000121075,Yichang Fulong Iron and Steel Co Ltd,宜昌市福龙钢铁有限公司,Yichang Fulong Iron & Steel Co Ltd,Hubei Rongfu Real Estate Group Co Ltd [50.0%]; natural person(s) [50.0%],Hubei,China,retired,unknown,600,600.0,"[{'status': 'retired', 'method': 'EAF', 'capacity': '600'}]",EAF,Electric,30.586332,111.398846,30.586332,111.398846,https://www.gem.wiki/Yichang_Fulong_Iron_and_Steel_Co_Ltd,China,600,600.0,exact,"Hubei, China",Yichang Fulong Iron and Steel Co Ltd,E100000126635,宜昌市福龙钢铁有限公司,Yichang Fulong Iron & Steel Co Ltd,E100000127615 [50.0%]; E100000123261 [50.0%],Hubei Rongfu Real Estate Group Co Ltd [50.0%]; natural person(s) [50.0%],retired,GIST,GIST,Iron & Steel,ttpa
steel,P100000121065,Fujian Dingxin Industrial Co Ltd,福建鼎信实业有限公司,Fujian Dingxin Industry Co Ltd,Shanghai Decent Investment (Group) Co Ltd [36.4%]; unknown [20.4%]; TSINGSHAN Holding Group Co Ltd [19.8%]; Zhejiang Qingshan Business Management Co Ltd [15.6%]; DELIXI Group Limited Co [7.8%],Fujian,China,operating,2008,600,600.0,"[{'status': 'operating', 'method': 'EAF', 'capacity': '600'}]",EAF,Electric,26.7695,119.738519,26.7695,119.738519,https://www.gem.wiki/Fujian_Dingxin_Industrial_Co_Ltd,China,600,600.0,exact,"Fujian, China",Fujian Dingxin Industrial Co Ltd,E100000126523,福建鼎信实业有限公司,Fujian Dingxin Industry Co Ltd,E100000128090 [36.4%]; E100000132388 [20.4%]; E100000128088 [19.8%]; E100000128539 [15.6%]; E100000128291 [7.8%],Shanghai Decent Investment (Group) Co Ltd [36.4%]; unknown [20.4%]; TSINGSHAN Holding Group Co Ltd [19.8%]; Zhejiang Qingshan Business Management Co Ltd [15.6%]; DELIXI Group Limited Co [7.8%],operating,GIST,GIST,Iron & Steel,ttpa
steel,P100000120375,Sichuan Gangchen Stainless Steel Co Ltd,四川西南不锈钢有限责任公司,Sichuan Gangchen Stainless Steel Co Ltd,Fujian Xinsheng Investment Co Ltd [85.0%]; Pingtan Longxin Investment Co Ltd [15.0%],Sichuan,China,operating,2019-11-29,600,600.0,"[{'status': 'operating', 'method': 'EAF', 'capacity': '600'}]",EAF,Electric,29.501044,103.607365,29.501044,103.607365,https://www.gem.wiki/Sichuan_Gangchen_Stainless_Steel_Co_Ltd,China,600,600.0,exact,"Sichuan, China",Sichuan Gangchen Stainless Steel Co Ltd,E100000127249,四川罡宸不锈钢有限责任公司,Sichuan Gangchen Stainless Steel Co Ltd,E100000127559 [85.0%]; E100000127560 [15.0%],Fujian Xinsheng Investment Co Ltd [85.0%]; Pingtan Longxin Investment Co Ltd [15.0%],operating,GIST,GIST,Iron & Steel,ttpa
steel,P100000120390,Inner Mongolia Wanzhou Special Steel Co Ltd,内蒙古万洲特钢有限责任公司,Inner Mongolia Wanzhou Special Steel Co Ltd,natural person(s) [48.8%]; Zjmc (Beijing) New Energy Technology Co Ltd [41.5%]; Beijing Global Jierui Investment Management Co Ltd [7.3%]; unknown [2.4%],Inner Mongolia,China,announced,unknown,575,575.0,"[{'status': 'announced', 'method': 'EAF', 'capacity': '575'}]",EAF,Electric,40.977329,110.022924,40.977329,110.022924,https://www.gem.wiki/Inner_Mongolia_Wanzhou_Special_Steel_Co_Ltd,China,575,575.0,approximate,"Inner Mongolia, China",Inner Mongolia Wanzhou Special Steel Co Ltd,E100000126540,内蒙古万洲特钢有限责任公司,Inner Mongolia Wanzhou Special Steel Co Ltd,E100000123261 [48.8%]; E100000128349 [41.5%]; E100000127464 [7.3%]; E100000132388 [2.4%],natural person(s) [48.8%]; Zjmc (Beijing) New Energy Technology Co Ltd [41.5%]; Beijing Global Jierui Investment Management Co Ltd [7.3%]; unknown [2.4%],announced,GIST,GIST,Iron & Steel,ttpa
steel,P100001062842,"Fogang Dawei Special Steel Co., Ltd.",佛冈达味特钢有限公司,Fogang Dawei Special Steel Co Ltd,Fogang Dawei Special Steel Co Ltd [100.0%],Guangdong,China,operating,2011-11-04,575,575.0,"[{'status': 'operating', 'method': 'EAF', 'capacity': '575'}]",EAF,Electric,23.893972,113.500829,23.893972,113.500829,"https://www.gem.wiki/Fogang_Dawei_Special_Steel_Co.,_Ltd.",China,575,575.0,exact,"Guangdong, China","Fogang Dawei Special Steel Co., Ltd.",E100002020454,,Fogang Dawei Special Steel Co Ltd,E100002020454 [100.0%],Fogang Dawei Special Steel Co Ltd [100.0%],operating,GIST,GIST,Iron & Steel,ttpa
steel,P100001064078,Hebei Jingdong Pipe Industry Co Ltd,河北京东管业有限公司,Hebei Jingdong Pipe Industry Co Ltd,Hebei Jingdong Pipe Industry Co Ltd [100.0%],Hebei,China,operating,2002-06-26,550,550.0,"[{'status': 'operating', 'method': 'EAF', 'capacity': '>0'}, {'status': 'operating', 'method': 'BF', 'capacity': '550'}]",BF; EAF,Integrated (BF),39.932656,118.836844,39.932656,118.836844,https://www.gem.wiki/Hebei_Jingdong_Pipe_Industry_Co_Ltd,China,550,550.0,exact,"Hebei, China",Hebei Jingdong Pipe Industry Co Ltd,E100002020978,,Hebei Jingdong Pipe Industry Co Ltd,E100002020978 [100.0%],Hebei Jingdong Pipe Industry Co Ltd [100.0%],operating,GIST,GIST,Iron & Steel,ttpa
steel,P100000121058,Sichuan Shehong Chuanzhong Construction Materials Co Ltd,四川省射洪川中建材有限公司,Sichuan Shehong Chuanzhong Construction Materials Co Ltd,Sichuan Shehong Chuanzhong Construction Materials Co Ltd [100.0%],Sichuan,China,operating,2000-03-29,550,550.0,"[{'status': 'operating', 'method': 'EAF', 'capacity': '550'}]",EAF,Electric,30.830726,105.367695,30.830726,105.367695,https://www.gem.wiki/Sichuan_Shehong_Chuanzhong_Construction_Materials_Co_Ltd,China,550,550.0,exact,"Sichuan, China",Sichuan Shehong Chuanzhong Construction Materials Co Ltd,E100000126282,四川省射洪川中建材有限公司,Sichuan Shehong Chuanzhong Construction Materials Co Ltd,E100000126282 [100.0%],Sichuan Shehong Chuanzhong Construction Materials Co Ltd [100.0%],operating,GIST,GIST,Iron & Steel,ttpa
steel,P100000120393,Guangxi Longzhou Zhongheng Wanhua Industrial Co Ltd,广西龙州中恒万华实业有限公司,Guangxi Longzhou Zhongheng Wanhua Industrial Co Ltd,Guangxi Longzhou Yishuo Investment Management Co Ltd [100.0%],Guangxi,China,operating,2015,550,550.0,"[{'status': 'operating', 'method': 'BF', 'capacity': '550'}]",BF,Ironmaking (BF),22.326361,106.94616,22.326361,106.94616,https://www.gem.wiki/Guangxi_Longzhou_Zhongheng_Wanhua_Industrial_Co_Ltd,China,550,550.0,exact,"Guangxi, China",Guangxi Longzhou Zhongheng Wanhua Industrial Co Ltd,E100000126255,广西龙州中恒万华实业有限公司,Guangxi Longzhou Zhongheng Wanhua Industrial Co Ltd,E100000127974 [100.0%],Guangxi Longzhou Yishuo Investment Management Co Ltd [100.0%],operating,GIST,GIST,Iron & Steel,ttpa
steel,P100001062853,Guangdong Yuehua Iron & Steel Group Co Ltd,广东粤华钢铁集团有限公司,Guangdong Yuehua Iron & Steel Group Co Ltd,Guangdong Yuehua Iron & Steel Group Co Ltd [100.0%],Guangdong,China,operating,2004-04-29,520,520.0,"[{'status': 'operating', 'method': 'EAF', 'capacity': '520'}]",EAF,Electric,24.275783,113.388896,24.275783,113.388896,https://www.gem.wiki/Guangdong_Yuehua_Iron_&_Steel_Group_Co_Ltd,China,520,520.0,exact,"Guangdong, China",Guangdong Yuehua Iron & Steel Group Co Ltd,E100002020563,,Guangdong Yuehua Iron & Steel Group Co Ltd,E100002020563 [100.0%],Guangdong Yuehua Iron & Steel Group Co Ltd [100.0%],operating,GIST,GIST,Iron & Steel,ttpa
steel,P100001064274,Chongqing Pengcheng Steel Co Ltd,重庆市鹏程钢铁有限公司,Chongqing Pengcheng Steel Co Ltd,Chongqing Pengcheng Steel Co Ltd [100.0%],Chongqing,China,operating,1998-06-21,520,520.0,"[{'status': 'operating', 'method': 'EAF', 'capacity': '520'}]",EAF,Electric,29.259699,106.214031,29.259699,106.214031,https://www.gem.wiki/Chongqing_Pengcheng_Steel_Co_Ltd,China,520,520.0,approximate,"Chongqing, China",Chongqing Pengcheng Steel Co Ltd,E100002021055,,Chongqing Pengcheng Steel Co Ltd,E100002021055 [100.0%],Chongqing Pengcheng Steel Co Ltd [100.0%],operating,GIST,GIST,Iron & Steel,ttpa
steel,P100001063500,Taishan Baofeng Iron & Steel Co Ltd,台山市宝丰钢铁有限公司,Taishan Baofeng Iron & Steel Co Ltd,Taishan Baofeng Iron & Steel Co Ltd [100.0%],Guangdong,China,operating,2003,520,520.0,"[{'status': 'operating', 'method': 'EAF', 'capacity': '520'}]",EAF,Electric,22.425677,112.788855,22.425677,112.788855,https://www.gem.wiki/Taishan_Baofeng_Iron_&_Steel_Co_Ltd,China,520,520.0,exact,"Guangdong, China",Taishan Baofeng Iron & Steel Co Ltd,E100002020645,台山市宝丰钢铁有限公司,Taishan Baofeng Iron & Steel Co Ltd,E100002020645 [100.0%],Taishan Baofeng Iron & Steel Co Ltd [100.0%],operating,GIST,GIST,Iron & Steel,ttpa
steel,P100001064067,Shijiazhuang Hongsen Melting & Casting Co Ltd,石家庄市宏森熔炼铸造有限公司,Shijiazhuang Hongsen Melting & Casting Co Ltd,Shijiazhuang Hongsen Melting & Casting Co Ltd [100.0%],Hebei,China,operating,2006-08-31,516,516.0,"[{'status': 'operating', 'method': 'EAF', 'capacity': '>0'}, {'status': 'operating', 'method': 'BF', 'capacity': '516'}]",BF; EAF,Integrated (BF),38.021527,114.916959,38.021527,114.916959,https://www.gem.wiki/Shijiazhuang_Hongsen_Melting_&_Casting_Co_Ltd,China,516,516.0,exact,"Hebei, China",Shijiazhuang Hongsen Melting & Casting Co Ltd,E100002020973,,Shijiazhuang Hongsen Melting & Casting Co Ltd,E100002020973 [100.0%],Shijiazhuang Hongsen Melting & Casting Co Ltd [100.0%],operating,GIST,GIST,Iron & Steel,ttpa
steel,P100001025923,Anhui Lixin Special Steel Co Ltd,安徽省力鑫特钢有限公司,"Guangde Xinyuanda Metal Products Co., Ltd. Co Ltd","Guangde Xinyuanda Metal Products Co., Ltd. Co Ltd [100.0%]",Anhui,China,operating,2011-11-25,500,500.0,"[{'status': 'operating', 'method': 'EAF', 'capacity': '500'}]",EAF,Electric,31.0494162,119.5296269,31.0494162,119.5296269,https://www.gem.wiki/Anhui_Lixin_Special_Steel_Co_Ltd,China,500,500.0,exact,"Anhui, China",Anhui Lixin Special Steel Co Ltd,E100002005337,,"Guangde Xinyuanda Metal Products Co., Ltd. Co Ltd",E100002005337 [100.0%],"Guangde Xinyuanda Metal Products Co., Ltd. Co Ltd [100.0%]",operating,GIST,GIST,Iron & Steel,ttpa
steel,P100000120391,Anhui Jin an Stainless Steel Casting Co Ltd,安徽金安不锈钢铸造有限公司,Anhui Jin'an Stainless Steel Foundry Co Ltd,Anhui Xinda Steel Development Co Ltd [100.0%],Anhui,China,operating,2022,500,500.0,"[{'status': 'operating', 'method': 'EAF', 'capacity': '500'}]",EAF,Electric,31.763956,115.924372,31.763956,115.924372,https://www.gem.wiki/Anhui_Jin_an_Stainless_Steel_Casting_Co_Ltd,China,500,500.0,exact,"Anhui, China",Anhui Jin an Stainless Steel Casting Co Ltd,E100000126390,安徽金安不锈钢铸造有限公司,Anhui Jin'an Stainless Steel Foundry Co Ltd,E100000127607 [100.0%],Anhui Xinda Steel Development Co Ltd [100.0%],operating,GIST,GIST,Iron & Steel,ttpa
steel,P100001063264,Guangdong Fogang Jincheng Metal Products Co Ltd,清远市佛冈县金城金属制品有限公司,Guangdong Fogang Jincheng Metal Products Co Ltd,Guangdong Fogang Jincheng Metal Products Co Ltd [100.0%],Guangdong,China,operating,2004-02-26,500,500.0,"[{'status': 'operating', 'method': 'EAF', 'capacity': '500'}]",EAF,Electric,23.741965,113.502168,23.741965,113.502168,https://www.gem.wiki/Guangdong_Fogang_Jincheng_Metal_Products_Co_Ltd,China,500,500.0,exact,"Guangdong, China",Guangdong Fogang Jincheng Metal Products Co Ltd,E100002020546,,Guangdong Fogang Jincheng Metal Products Co Ltd,E100002020546 [100.0%],Guangdong Fogang Jincheng Metal Products Co Ltd [100.0%],operating,GIST,GIST,Iron & Steel,ttpa
steel,P100001063509,Guangdong Yueshao Iron & Steel Co Ltd,广东粤韶钢铁有限公司,Guangdong Yueshao Iron & Steel Co Ltd,Guangdong Yueshao Iron & Steel Co Ltd [100.0%],Guangdong,China,operating,2013-08-27,500,500.0,"[{'status': 'operating', 'method': 'EAF', 'capacity': '500'}]",EAF,Electric,24.688355,113.657408,24.688355,113.657408,https://www.gem.wiki/Guangdong_Yueshao_Iron_&_Steel_Co_Ltd,China,500,500.0,exact,"Guangdong, China",Guangdong Yueshao Iron & Steel Co Ltd,E100002020650,,Guangdong Yueshao Iron & Steel Co Ltd,E100002020650 [100.0%],Guangdong Yueshao Iron & Steel Co Ltd [100.0%],operating,GIST,GIST,Iron & Steel,ttpa
steel,P100001063495,Guangdong Zhanhong Steel Plant,广东展宏钢铁厂,Guangdong Zhanhong Steel Plant,Guangdong Zhanhong Steel Plant [100.0%],Guangdong,China,operating,2003,500,500.0,"[{'status': 'operating', 'method': 'EAF', 'capacity': '500'}]",EAF,Electric,23.037858,114.970593,23.037858,114.970593,https://www.gem.wiki/Guangdong_Zhanhong_Steel_Plant,China,500,500.0,exact,"Guangdong, China",Guangdong Zhanhong Steel Plant,E100002020642,,Guangdong Zhanhong Steel Plant,E100002020642 [100.0%],Guangdong Zhanhong Steel Plant [100.0%],operating,GIST,GIST,Iron & Steel,ttpa
steel,P100001064139,Hebei Guanfeng Metallurgical Industry Co Ltd,河北冠丰冶金工业有限公司,Hebei Guanfeng Metallurgical Industry Co Ltd,Hebei Guanfeng Metallurgical Industry Co Ltd [100.0%],Hebei,China,operating,2007-03-15,500,500.0,"[{'status': 'operating', 'method': 'BF', 'capacity': '500'}]",BF,Ironmaking (BF),36.73422,114.111085,36.73422,114.111085,https://www.gem.wiki/Hebei_Guanfeng_Metallurgical_Industry_Co_Ltd,China,500,500.0,exact,"Hebei, China",Hebei Guanfeng Metallurgical Industry Co Ltd,E100002020996,,Hebei Guanfeng Metallurgical Industry Co Ltd,E100002020996 [100.0%],Hebei Guanfeng Metallurgical Industry Co Ltd [100.0%],operating,GIST,GIST,Iron & Steel,ttpa
steel,P100000121084,Zhejiang Tsingshan Iron and Steel Co Ltd,青田新青山特钢有限公司,Zhejiang TSINGSHAN IRON&STEEL Co Ltd,unknown [32.4%]; TSINGSHAN Holding Group Co Ltd [30.0%]; Shanghai Decent Investment (Group) Co Ltd [23.0%]; Zhejiang Qingshan Business Management Co Ltd [8.6%]; natural person(s) [6.0%],Zhejiang,China,operating,2004-05,500,500.0,"[{'status': 'operating', 'method': 'EAF', 'capacity': '500'}]",EAF,Electric,28.136096,120.380401,28.136096,120.380401,https://www.gem.wiki/Zhejiang_Tsingshan_Iron_and_Steel_Co_Ltd,China,500,500.0,exact,"Zhejiang, China",Zhejiang Tsingshan Iron and Steel Co Ltd,E100000127353,浙江青山钢铁有限公司,Zhejiang TSINGSHAN IRON&STEEL Co Ltd,E100000132388 [32.4%]; E100000128088 [30.0%]; E100000128090 [23.0%]; E100000128539 [8.6%]; E100000123261 [6.0%],unknown [32.4%]; TSINGSHAN Holding Group Co Ltd [30.0%]; Shanghai Decent Investment (Group) Co Ltd [23.0%]; Zhejiang Qingshan Business Management Co Ltd [8.6%]; natural person(s) [6.0%],operating,GIST,GIST,Iron & Steel,ttpa
steel,P100000121051,Liaoyang Xinyi Special Steel Co Ltd,辽阳新达钢铁有限公司,Liaoyang Xinyi Special Steel Co Ltd,Liaoyang Xinyi Special Steel Co Ltd [100.0%],Liaoning,China,operating,2008-12-08,500,500.0,"[{'status': 'operating', 'method': 'EAF', 'capacity': '500'}]",EAF,Electric,41.225003,122.970488,41.225003,122.970488,https://www.gem.wiki/Liaoyang_Xinyi_Special_Steel_Co_Ltd,China,500,500.0,exact,"Liaoning, China",Liaoyang Xinyi Special Steel Co Ltd,E100000126978,辽阳鑫亿特钢有限公司,Liaoyang Xinyi Special Steel Co Ltd,E100000126978 [100.0%],Liaoyang Xinyi Special Steel Co Ltd [100.0%],operating,GIST,GIST,Iron & Steel,ttpa
steel,P100000121144,Jiangxi Yuanxing Iron and Steel Co Ltd,龙南市源兴钢铁有限公司,Jiangxi Yuanxing Iron and Steel Co Ltd,Jiangxi Yuanxing Iron and Steel Co Ltd [100.0%],Jiangxi,China,operating pre-retirement,2003-10-16,500,500.0,"[{'status': 'operating pre-retirement', 'method': 'EAF', 'capacity': '500'}]",EAF,Electric,24.881098,114.802833,24.881098,114.802833,https://www.gem.wiki/Jiangxi_Yuanxing_Iron_and_Steel_Co_Ltd,China,500,500.0,exact,"Jiangxi, China",Jiangxi Yuanxing Iron and Steel Co Ltd,E100001012080,,Jiangxi Yuanxing Iron and Steel Co Ltd,E100001012080 [100.0%],Jiangxi Yuanxing Iron and Steel Co Ltd [100.0%],operating pre-retirement,GIST,GIST,Iron & Steel,ttpa
steel,P100000121069,WISCO Group Xiangyang Heavy Equipment Materials Co Ltd,武钢集团襄樊钢铁长材有限公司,WISCO Group Xiangyang Heavy Equipment MATERIALS Co Ltd,China Baowu Steel Group Co Ltd [100.0%],Hubei,China,mothballed,1999,500,500.0,"[{'status': 'mothballed', 'method': 'EAF', 'capacity': '500'}]",EAF,Electric,32.10704,112.235621,32.10704,112.235621,https://www.gem.wiki/WISCO_Group_Xiangyang_Heavy_Equipment_Materials_Co_Ltd,China,500,500.0,exact,"Hubei, China",WISCO Group Xiangyang Heavy Equipment Materials Co Ltd,E100000126651,武钢集团襄阳重型装备材料有限公司,WISCO Group Xiangyang Heavy Equipment MATERIALS Co Ltd,E100001000472 [100.0%],China Baowu Steel Group Co Ltd [100.0%],mothballed,GIST,GIST,Iron & Steel,ttpa
steel,P100000120406,Shanxi Huaqiang Iron and Steel Co Ltd,山西华强钢铁有限公司,Shanxi HUAQIANG Iron and Steel Co Ltd,Shanxi HUAQIANG Iron and Steel Co Ltd [100.0%],Shanxi,China,operating,2003-04-17,500,500.0,"[{'status': 'operating', 'method': 'BF', 'capacity': '500'}]",BF,Ironmaking (BF),35.670848,111.378887,35.670848,111.378887,https://www.gem.wiki/Shanxi_Huaqiang_Iron_and_Steel_Co_Ltd,China,500,500.0,exact,"Shanxi, China",Shanxi Huaqiang Iron and Steel Co Ltd,E100000126753,山西华强钢铁有限公司,Shanxi HUAQIANG Iron and Steel Co Ltd,E100000126753 [100.0%],Shanxi HUAQIANG Iron and Steel Co Ltd [100.0%],operating,GIST,GIST,Iron & Steel,ttpa
steel,P100000120400,Ningbo Haoyang New Materials Techonology Co Ltd,宁波昊阳新材料科技有限公司,Ningbo Haoyang New MATERIALS Techonology Co Ltd,Ningbo Haoyang New MATERIALS Techonology Co Ltd [100.0%],Zhejiang,China,operating,2019-10,500,500.0,"[{'status': 'operating', 'method': 'EAF', 'capacity': '500'}]",EAF,Electric,30.267113,121.052503,30.267113,121.052503,https://www.gem.wiki/Ningbo_Haoyang_New_Materials_Techonology_Co_Ltd,China,500,500.0,exact,"Zhejiang, China",Ningbo Haoyang New Materials Techonology Co Ltd,E100000126616,宁波昊阳新材料科技有限公司,Ningbo Haoyang New MATERIALS Techonology Co Ltd,E100000126616 [100.0%],Ningbo Haoyang New MATERIALS Techonology Co Ltd [100.0%],operating,GIST,GIST,Iron & Steel,ttpa
steel,P100000120176,Hubei Dazhan Iron and Steel Co Ltd,湖北大展钢铁有限公司,Hubei Dazhan Steel & Iron Co Ltd,Daye Huaxin Industrial Co Ltd [56.3%]; Hubei Xinxin Steel Group Co Ltd [21.1%]; Jin Jun'an Investment Group Co Ltd [18.9%]; unknown [3.7%],Hubei,China,operating pre-retirement,1993,500,500.0,"[{'status': 'operating pre-retirement', 'method': 'EAF', 'capacity': '500'}]",EAF,Electric,31.006752,113.754995,31.006752,113.754995,https://www.gem.wiki/Hubei_Dazhan_Iron_and_Steel_Co_Ltd,China,500,500.0,exact,"Hubei, China",Hubei Dazhan Iron and Steel Co Ltd,E100000127095,湖北大展钢铁有限公司,Hubei Dazhan Steel & Iron Co Ltd,E100000126198 [56.3%]; E100000127570 [21.1%]; E100000127571 [18.9%]; E100000132388 [3.7%],Daye Huaxin Industrial Co Ltd [56.3%]; Hubei Xinxin Steel Group Co Ltd [21.1%]; Jin Jun'an Investment Group Co Ltd [18.9%]; unknown [3.7%],operating pre-retirement,GIST,GIST,Iron & Steel,ttpa
steel,P100001023535,Tianjin Rongcheng Group Tangshan Fengrun Special Steel Co Ltd,天津荣程集团唐山丰润特种钢有限责任公司,Tianjin Rongcheng Group Tangshan Special Steel Co Ltd; Tangshan Zhengfeng Steel Co Ltd,Tangshan Zhengfeng Steel Co Ltd [100.0%]; Tianjin Rongcheng Group Tangshan Special Steel Co Ltd [100.0%],Hebei,China,announced,2023-12-08,500,500.0,"[{'status': 'announced', 'method': 'EAF', 'capacity': '500'}]",EAF,Electric,39.85271,118.181279,39.85271,118.181279,https://www.gem.wiki/Tianjin_Rongcheng_Group_Tangshan_Fengrun_Special_Steel_Co_Ltd,China,500,500.0,approximate,"Hebei, China",Tianjin Rongcheng Group Tangshan Fengrun Special Steel Co Ltd,E100001012092; E100000127360,唐山正丰钢铁有限公司,Tianjin Rongcheng Group Tangshan Special Steel Co Ltd; Tangshan Zhengfeng Steel Co Ltd,E100000127360 [100.0%]; E100001012092 [100.0%],Tangshan Zhengfeng Steel Co Ltd [100.0%]; Tianjin Rongcheng Group Tangshan Special Steel Co Ltd [100.0%],announced,GIST,GIST,Iron & Steel,ttpa
steel,P100000121042,Huainan Hongtai Iron and Steel Co Ltd,淮南市宏泰钢铁有限责任公司,Huainan Hongtai Steel Limited Liability Co,Huainan Hongtai Steel Limited Liability Co [100.0%],Anhui,China,operating,2001,500,500.0,"[{'status': 'operating', 'method': 'EAF', 'capacity': '500'}]",EAF,Electric,32.619248,116.905869,32.619248,116.905869,https://www.gem.wiki/Huainan_Hongtai_Iron_and_Steel_Co_Ltd,China,500,500.0,exact,"Anhui, China",Huainan Hongtai Iron and Steel Co Ltd,E100000127020,淮南市宏泰钢铁有限责任公司,Huainan Hongtai Steel Limited Liability Co,E100000127020 [100.0%],Huainan Hongtai Steel Limited Liability Co [100.0%],operating,GIST,GIST,Iron & Steel,ttpa
steel,P100000120257,Baosteel Special Steel Co Ltd,宝钢特钢有限公司,Baosteel Special Metals Co Ltd,China Baowu Steel Group Co Ltd [100.0%],Shanghai,China,retired,1958,500,500.0,"[{'status': 'retired', 'method': 'EAF', 'capacity': '500'}]",EAF,Electric,31.379422,121.484652,31.379422,121.484652,https://www.gem.wiki/Baosteel_Special_Steel_Co_Ltd,China,500,500.0,exact,"Shanghai, China",Baosteel Special Steel Co Ltd,E100000127209,宝钢特钢有限公司,Baosteel Special Metals Co Ltd,E100001000472 [100.0%],China Baowu Steel Group Co Ltd [100.0%],retired,GIST,GIST,Iron & Steel,ttpa
