source_dataset,pid,name,noneng-name,owner,areas,subnat,status,capacity,primprod,secprod,feedstock,latitude,longitude,url,areas-subnat-sat-display,capacity-details,capacity-table,coordinate-accuracy,coordinates,country-to-check,feedacc,iso3-code,municipality,name-search,other-plant-names-(english),other-plant-names-(other-language),owner-gem-id,owner-search,owners-noneng,region,scaling-capacity,sfid,status-legend,tracker-acro,tracker-custom,units-of-m
chemicals,P100000140064,Sinopec Anqing Ammonia Plant,中国石油化工股份有限公司安庆分公司 (Chinese),Sinopec Anqing Branch [100%],China;,Anhui,operating,30.0,ammonia,urea,crude oil,30.531335, 117.036287,https://gem.wiki/Sinopec_Anqing_Ammonia_Plant,"Anhui, China",30.0,30.0,exact,"30.531335, 117.036287",['China'],exact,CHN,Anqing,Sinopec Anqing Ammonia Plant,,,E100002018341 [100%],Sinopec Anqing Branch [100%],中国石油化工股份有限公司 (Chinese),Asia Pacific,30.0,,operating,GChI,GChI,n/a
chemicals,P100000140065,Anhui JinCoal Zhongneng Chemical Company Fuyang Chemical Plant,安徽晋煤中能化工股份有限公司 (Chinese),Anhui JinCoal Zhongneng Chemical Co [100%],China;,Anhui,operating,30.0,ammonia; methanol,urea,coal,33.061070, 115.288674,https://gem.wiki/Anhui_JinCoal_Zhongneng_Chemical_Company_Fuyang_Chemical_Plant,"Anhui, China",30.0,30.0,exact,"33.061070, 115.288674",['China'],exact,CHN,Fuyang,Anhui JinCoal Zhongneng Chemical Company Fuyang Chemical Plant,,,E100002017857 [100%],Anhui JinCoal Zhongneng Chemical Co [100%],安徽晋煤中能化工股份有限公司 (Chinese),Asia Pacific,30.0,,operating,GChI,GChI,n/a
chemicals,P100000140066,Anhui Haoyuan Chemical Group Fuyang Chemical Plant,昊源化工集团年产30万吨合成氨 (Chinese),Anhui Haoyuan Chemical Group Co Ltd [100%],China;,Anhui,operating,30.0,ammonia; methanol,diethanolamine; dimethyl ether; ethylene glycol; fertilizer (unknown type); hydrogen peroxide; isopropylamine; nylon 66; polyethylene terephthalate (PET); polystyrene; styrene; urea,coal,32.927186, 115.863918,https://gem.wiki/Anhui_Haoyuan_Chemical_Group_Fuyang_Chemical_Plant,"Anhui, China",30.0,30.0,exact,"32.927186, 115.863918",['China'],exact,CHN,Fuyang,Anhui Haoyuan Chemical Group Fuyang Chemical Plant,,,E100000121622 [100%],Anhui Haoyuan Chemical Group Co Ltd [100%],安徽昊源化工集团有限公司 (Chinese),Asia Pacific,30.0,,operating,GChI,GChI,n/a
chemicals,P100000140070,China Salt Anhui Hongsquare Ammonia Plant,中盐安徽红四方股份有限公司 (Chinese),China Salt Anhui Hongsquare Co [100%],China;,Anhui,operating,30.0,ammonia,urea,coal,31.812396, 117.242071,https://gem.wiki/China_Salt_Anhui_Hongsquare_Ammonia_Plant,"Anhui, China",30.0,30.0,exact,"31.812396, 117.242071",['China'],exact,CHN,Hefei,China Salt Anhui Hongsquare Ammonia Plant,,,E100002017927 [100%],China Salt Anhui Hongsquare Co [100%],中盐安徽红四方股份有限公司 (Chinese),Asia Pacific,30.0,,operating,GChI,GChI,n/a
chemicals,P100000140072,Anhui Zhuo Tai Chemical Plant,安徽卓泰化工科技有限公司 (Chinese),Anhui Zhuo Tai Chemical Technology Co [100%],China;,Anhui,operating,30.0,benzene; toluene; xylene,,coal,33.611373, 116.566904,https://gem.wiki/Anhui_Zhuo_Tai_Chemical_Plant,"Anhui, China",30.0,30.0,exact,"33.611373, 116.566904",['China'],exact,CHN,Huaibei,Anhui Zhuo Tai Chemical Plant,,,E100002017861 [100%],Anhui Zhuo Tai Chemical Technology Co [100%],安徽卓泰化工科技有限公司 (Chinese),Asia Pacific,30.0,,operating,GChI,GChI,n/a
chemicals,P100000140073,Anhui Huaihua Chemical Plant,安徽淮化集团 (Chinese),Anhui Huaihua Group [100%],China;,Anhui,operating,30.0,ammonia; methanol,ammonium nitrate; dimethylformamide (DMF); formaldehyde; nitric acid; urea,coal,32.637197, 116.959467,https://gem.wiki/Anhui_Huaihua_Chemical_Plant,"Anhui, China",30.0,30.0,exact,"32.637197, 116.959467",['China'],exact,CHN,Huai,Anhui Huaihua Chemical Plant,,,E100002017855 [100%],Anhui Huaihua Group [100%],安徽淮化集团 (Chinese),Asia Pacific,30.0,,operating,GChI,GChI,n/a
chemicals,P100000140074,Zhong'an United Coal Chemical Company Huai Methanol Plant,中安联合煤化公司煤制甲醇项目 (Chinese),Zhong An United Coal Chemical Co Ltd [100%],China;,Anhui,operating,30.0,methanol,acrylic acid; amines; aniline; caprolactam; cyclohexanone; ethylene glycol; ethylene oxide; hydrogen peroxide; hydroxylamine; methyl diphenyl diisocyanate (MDI); nitric acid; nitrobenzene; polyetherols; polyisobutylene (pib); propylene oxide; soda ash; sulfuric acid; surfactants,coal,32.702249, 116.870108,https://gem.wiki/Zhong'an_United_Coal_Chemical_Company_Huai_Methanol_Plant,"Anhui, China",30.0,30.0,approximate,"32.702249, 116.870108",['China'],exact,CHN,Huai,Zhong'an United Coal Chemical Company Huai Methanol Plant,,,E100000121657 [100%],Zhong An United Coal Chemical Co Ltd [100%],中安联合煤化有限责任公司 (Chinese),Asia Pacific,30.0,,operating,GChI,GChI,n/a
chemicals,P100000140075,Anhui Quansheng Quanjiao Ammonia Plant,安徽泉盛化工有限公司 (Chinese),Anhui Quansheng Chemical Co [100%],China;,Anhui,operating,30.0,ammonia,urea,coal,32.547821, 117.244108,https://gem.wiki/Anhui_Quansheng_Quanjiao_Ammonia_Plant,"Anhui, China",30.0,30.0,exact,"32.547821, 117.244108",['China'],exact,CHN,Quanjiao,Anhui Quansheng Quanjiao Ammonia Plant,,,E100002017859 [100%],Anhui Quansheng Chemical Co [100%],安徽泉盛化工有限公司 (Chinese),Asia Pacific,30.0,,operating,GChI,GChI,n/a
chemicals,P100000140076,Anhui Liuguo Tongling Ammonia Plant,安徽六国化工股份有限公司 (Chinese),Anhui Liuguo Chemical Co Ltd [100%],China;,Anhui,operating,30.0,ammonia,,,30.944805, 117.751078,https://gem.wiki/Anhui_Liuguo_Tongling_Ammonia_Plant,"Anhui, China",30.0,30.0,exact,"30.944805, 117.751078",['China'],,CHN,Tongling,Anhui Liuguo Tongling Ammonia Plant,,,E100002017858 [100%],Anhui Liuguo Chemical Co Ltd [100%],安徽六国化工股份有限公司 (Chinese),Asia Pacific,30.0,,operating,GChI,GChI,n/a
chemicals,P100000140077,Anhui Huayi Wuhu Methanol Plant,安徽华谊煤制烯烃 (Chinese),Anhui Huayi Chemical Co Ltd [100%],China;,Anhui,operating,30.0,methanol,acetic acid; ethyl acetate,coal,31.375962, 118.392277,https://gem.wiki/Anhui_Huayi_Wuhu_Methanol_Plant,"Anhui, China",30.0,30.0,approximate,"31.375962, 118.392277",['China'],exact,CHN,Wuhu,Anhui Huayi Wuhu Methanol Plant,,,E100002017856 [100%],Anhui Huayi Chemical Co Ltd [100%],安徽华谊化工有限公司 (Chinese),Asia Pacific,30.0,,operating,GChI,GChI,n/a
chemicals,P100000140078,Anhui Sierte Fertilizer Xuancheng Ammonia Plant,安徽省司尔特肥业股份有限公司 (Chinese),Anhui Sierte Fertilizer Industry Ltd Company [100%],China;,Anhui,operating,30.0,ammonia,urea,,30.605829, 118.968356,https://gem.wiki/Anhui_Sierte_Fertilizer_Xuancheng_Ammonia_Plant,"Anhui, China",30.0,30.0,exact,"30.605829, 118.968356",['China'],,CHN,Xuancheng,Anhui Sierte Fertilizer Xuancheng Ammonia Plant,,,E100002017860 [100%],Anhui Sierte Fertilizer Industry Ltd Company [100%],安徽省司尔特肥业股份有限公司 (Chinese),Asia Pacific,30.0,,operating,GChI,GChI,n/a
chemicals,P100000140080,China Coal Energy Beijing Ammonia Plant,中国中煤能源股份有限公司 (Chinese),China Coal Energy Co [100%],China;,Beijing,operating,30.0,ammonia,,coal,40.143386, 116.437670,https://gem.wiki/China_Coal_Energy_Beijing_Ammonia_Plant,"Beijing, China",30.0,30.0,exact,"40.143386, 116.437670",['China'],exact,CHN,Beijing,China Coal Energy Beijing Ammonia Plant,,,E100001000398 [100%],China Coal Energy Co [100%],中国中煤能源股份有限公司 (Chinese),Asia Pacific,30.0,,operating,GChI,GChI,n/a
chemicals,P100000140081,Sinopec Beijing Yanshan Petrochemical Refinery,北京燕山集联石油化工有限公司 (Chinese),Sinopec Beijing Yanshan Petrochemical Co Ltd [100%],China;,Beijing,operating,30.0,ethylene; propylene,,,39.730429, 115.966988,https://gem.wiki/Sinopec_Beijing_Yanshan_Petrochemical_Refinery,"Beijing, China",30.0,30.0,exact,"39.730429, 115.966988",['China'],,CHN,Fangshan,Sinopec Beijing Yanshan Petrochemical Refinery,,,E100002018344 [100%],Sinopec Beijing Yanshan Petrochemical Co Ltd [100%],北京燕山集联石油化工有限公司 (Chinese),Asia Pacific,30.0,GEPDCHN0001,operating,GChI,GChI,n/a
chemicals,P100000140082,Chongqing Jianfeng Industrial Group Changshou Ammonia Plant,重庆建峰工业集团有限公司 (Chinese),Chongqing Jianfeng Industrial Group Co Ltd [100%],China;,Chongqing,operating,30.0,ammonia,1;4-butanediol (BDO); melamine; polytetrahydrofuran; urea,natural gas,29.822772, 107.054383,https://gem.wiki/Chongqing_Jianfeng_Industrial_Group_Changshou_Ammonia_Plant,"Chongqing, China",30.0,30.0,exact,"29.822772, 107.054383",['China'],exact,CHN,Changshou,Chongqing Jianfeng Industrial Group Changshou Ammonia Plant,,,E100002017931 [100%],Chongqing Jianfeng Industrial Group Co Ltd [100%],重庆建峰工业集团有限公司 (Chinese),Asia Pacific,30.0,,operating,GChI,GChI,n/a
chemicals,P100000140084,Chongqing Sanling Fertilizer Changshou Ammonia Plant,重庆市三灵化肥责任有限公司 (Chinese),Chongqing Sanling Fertilizer Liability Co [100%],China;,Chongqing,operating,30.0,ammonia,fertilizer (unknown type),,29.821641, 107.056497,https://gem.wiki/Chongqing_Sanling_Fertilizer_Changshou_Ammonia_Plant,"Chongqing, China",30.0,30.0,exact,"29.821641, 107.056497",['China'],,CHN,Changshou,Chongqing Sanling Fertilizer Changshou Ammonia Plant,,,E100002017934 [100%],Chongqing Sanling Fertilizer Liability Co [100%],重庆市三灵化肥责任有限公司 (Chinese),Asia Pacific,30.0,,operating,GChI,GChI,n/a
chemicals,P100000140085,Chongqing Cabela Chemical Changshou Methanol Plant,重庆卡贝乐化工建成年产85万吨天然气制甲醇项目 (Chinese),Chongqing Cabela Chemical Co [100%],China;,Chongqing,operating,30.0,methanol,,natural gas,29.824526, 107.049717,https://gem.wiki/Chongqing_Cabela_Chemical_Changshou_Methanol_Plant,"Chongqing, China",30.0,30.0,approximate,"29.824526, 107.049717",['China'],exact,CHN,Changshou,Chongqing Cabela Chemical Changshou Methanol Plant,,,E100002017930 [100%],Chongqing Cabela Chemical Co [100%],重庆卡贝乐化工有限责任公司 (Chinese),Asia Pacific,30.0,,operating,GChI,GChI,n/a
chemicals,P100000140087,Sinochem Chongqing Fuling Chongqing Ammonia Plant,中化重庆涪陵化工有限公司 (Chinese),Sinochem Chongqing Fuling Chemical Co Ltd [100%],China;,Chongqing,operating,30.0,ammonia,urea,,29.707164, 107.391811,https://gem.wiki/Sinochem_Chongqing_Fuling_Chongqing_Ammonia_Plant,"Chongqing, China",30.0,30.0,exact,"29.707164, 107.391811",['China'],,CHN,Chongqing,Sinochem Chongqing Fuling Chongqing Ammonia Plant,,,E100002018335 [100%],Sinochem Chongqing Fuling Chemical Co Ltd [100%],中化重庆涪陵化工有限公司 (Chinese),Asia Pacific,30.0,,operating,GChI,GChI,n/a
chemicals,P100000140088,Chongqing Wanlilai Hechuan Ammonia Plant,重庆市万利来有限公司 (Chinese),Chongqing Wanlilai Co [100%],China;,Chongqing,operating,30.0,ammonia,,natural gas,30.276221, 105.836259,https://gem.wiki/Chongqing_Wanlilai_Hechuan_Ammonia_Plant,"Chongqing, China",30.0,30.0,exact,"30.276221, 105.836259",['China'],exact,CHN,Hechuan,Chongqing Wanlilai Hechuan Ammonia Plant,,,E100002017935 [100%],Chongqing Wanlilai Co [100%],重庆市万利来有限公司 (Chinese),Asia Pacific,30.0,,operating,GChI,GChI,n/a
chemicals,P100000140089,Chongqing Jiangbei Fertilizer Plant,重庆江北化肥有限公司 (Chinese),Chongqing Jiangbei Fertilizer Co [100%],China;,Chongqing,operating,30.0,ammonia,fertilizer (unknown type),,29.712804, 106.628194,https://gem.wiki/Chongqing_Jiangbei_Fertilizer_Plant,"Chongqing, China",30.0,30.0,exact,"29.712804, 106.628194",['China'],,CHN,Jiangbei,Chongqing Jiangbei Fertilizer Plant,,,E100002017932 [100%],Chongqing Jiangbei Fertilizer Co [100%],重庆江北化肥有限公司 (Chinese),Asia Pacific,30.0,,operating,GChI,GChI,n/a
chemicals,P100000140090,Jiangjin Hefeng Chemical Plant,江津市禾丰化工有限公司 (Chinese),Jiangjin Hefeng Chemical Co [100%],China;,Chongqing,operating,30.0,ammonia,urea,natural gas,29.257084, 106.286708,https://gem.wiki/Jiangjin_Hefeng_Chemical_Plant,"Chongqing, China",30.0,30.0,exact,"29.257084, 106.286708",['China'],exact,CHN,Jiangjin,Jiangjin Hefeng Chemical Plant,,,E100002018081 [100%],Jiangjin Hefeng Chemical Co [100%],江津市禾丰化工有限公司 (Chinese),Asia Pacific,30.0,,operating,GChI,GChI,n/a
chemicals,P100000140091,Chongqing Kaiyuan Lianping Ammonia Plant,重庆开元化工有限公司 (Chinese),Chongqing Kaiyuan Chemical Co [100%],China;,Chongqing,operating,30.0,ammonia,urea,,30.640106, 107.563707,https://gem.wiki/Chongqing_Kaiyuan_Lianping_Ammonia_Plant,"Chongqing, China",30.0,30.0,exact,"30.640106, 107.563707",['China'],,CHN,Lianping,Chongqing Kaiyuan Lianping Ammonia Plant,,,E100002017933 [100%],Chongqing Kaiyuan Chemical Co [100%],重庆开元化工有限公司 (Chinese),Asia Pacific,30.0,,operating,GChI,GChI,n/a
chemicals,P100000140092,Fujian Shenyuan New Materials Plant,福建申远新材料有限公司 (Chinese),Fujian Shenyuan New Materials Co Ltd [100%],China;,Fujian,operating,30.0,ammonia,,coal,26.331331, 119.746572,https://gem.wiki/Fujian_Shenyuan_New_Materials_Plant,"Fujian, China",30.0,30.0,exact,"26.331331, 119.746572",['China'],exact,CHN,Fuzhou,Fujian Shenyuan New Materials Plant,,,E100002017967 [100%],Fujian Shenyuan New Materials Co Ltd [100%],福建申远新材料有限公司 (Chinese),Asia Pacific,30.0,,operating,GChI,GChI,n/a
chemicals,P100000140093,Fujian Refining and Petrochemical Quanzhou Complex,福建联合石油化工有限公司 (Chinese),Fujian Refining and Petrochemical Company Limited [100%],China;,Fujian,operating,30.0,ethylene,,,25.176412, 118.946508,https://gem.wiki/Fujian_Refining_and_Petrochemical_Quanzhou_Complex,"Fujian, China",30.0,30.0,exact,"25.176412, 118.946508",['China'],,CHN,Quanzhou,Fujian Refining and Petrochemical Quanzhou Complex,,,E100002013808 [100%],Fujian Refining and Petrochemical Company Limited [100%],福建联合石油化工有限公司 (FREP) (Chinese),Asia Pacific,30.0,GEPDCHN0002,operating,GChI,GChI,n/a
chemicals,P100000140094,Sinochem Quanzhou Petrochemical Plant,中化泉州石化有限公司 (Chinese),Sinochem Quanzhou Petrochemical Co Ltd [100%],China;,Fujian,operating,30.0,ethylene; toluene; xylene,butadiene; c5 fraction; c9 fraction; ethylene glycol; ethylene oxide; ethylene-vinyl acetate (EVA); polyethylene; polypropylene; propylene oxide; styrene,crude oil,25.052259, 118.884786,https://gem.wiki/Sinochem_Quanzhou_Petrochemical_Plant,"Fujian, China",30.0,30.0,exact,"25.052259, 118.884786",['China'],exact,CHN,Quanzhou,Sinochem Quanzhou Petrochemical Plant,,,E100000127114 [100%],Sinochem Quanzhou Petrochemical Co Ltd [100%],中化泉州石化有限公司 (Chinese),Asia Pacific,30.0,GEPDCHN0003,operating,GChI,GChI,n/a
chemicals,P100000140100,Gulei Petrochemical Zhangzhou Complex,福建福化古雷石油化工有限公司 (Chinese),Gulei Petrochemical [100%],China;,Fujian,operating,30.0,ethylene,ethylene glycol; polypropylene; styrene,naphtha,23.822046, 117.611568,https://gem.wiki/Gulei_Petrochemical_Zhangzhou_Complex,"Fujian, China",30.0,30.0,exact,"23.822046, 117.611568",['China'],exact,CHN,Zhangzhou,Gulei Petrochemical Zhangzhou Complex,,,E100002017986 [100%],Gulei Petrochemical [100%],福建福化古雷石油化工有限公司 (Chinese),Asia Pacific,30.0,GEPDCHN0007,operating,GChI,GChI,n/a
chemicals,P100000140101,Fujian Fuhaitron Petrochemical Zhangzhou Plant,福建福海创石油化工有限公司 (Chinese),Fujian Fuhaitron Petrochemical Co [100%],China;,Fujian,operating,30.0,xylene,,,23.800225, 117.630474,https://gem.wiki/Fujian_Fuhaitron_Petrochemical_Zhangzhou_Plant,"Fujian, China",30.0,30.0,exact,"23.800225, 117.630474",['China'],,CHN,Zhangzhou,Fujian Fuhaitron Petrochemical Zhangzhou Plant,,,E100002017966 [100%],Fujian Fuhaitron Petrochemical Co [100%],福建福海创石油化工有限公司 (Chinese),Asia Pacific,30.0,,operating,GChI,GChI,n/a
chemicals,P100000140102,Gansu Jingmei Energy Baiyin Coal Gasification Chemical Plant,靖远煤电清洁高效气化气综合利用（搬迁改造）项目 (Chinese),Gansu Jingmei Energy Company Ltd [100%],China;,Gansu,operating,30.0,ammonia; methanol,liquid oxygen; melamine; nitric acid; sulfur; urea,coal,36.726122, 104.857417,https://gem.wiki/Gansu_Jingmei_Energy_Baiyin_Coal_Gasification_Chemical_Plant,"Gansu, China",30.0,30.0,approximate,"36.726122, 104.857417",['China'],exact,CHN,Baiyin,Gansu Jingmei Energy Baiyin Coal Gasification Chemical Plant,,,E100002017972 [100%],Gansu Jingmei Energy Company Ltd [100%],甘肃靖煤能源有限公司 (Chinese),Asia Pacific,30.0,,operating,GChI,GChI,n/a
chemicals,P100000140103,Gansu Nenghua Jinchang Energy Chemical Plant,甘肃能化金昌能源化工开发有限公司 (Chinese),Gansu Nenghua Jinchang Energy Chemical Development Co [100%],China;,Gansu,operating,30.0,ammonia,,coal,38.425855, 102.060862,https://gem.wiki/Gansu_Nenghua_Jinchang_Energy_Chemical_Plant,"Gansu, China",30.0,30.0,exact,"38.425855, 102.060862",['China'],exact,CHN,Jinchang,Gansu Nenghua Jinchang Energy Chemical Plant,,,E100002017974 [100%],Gansu Nenghua Jinchang Energy Chemical Development Co [100%],甘肃能化金昌能源化工开发有限公司 (Chinese),Asia Pacific,30.0,,operating,GChI,GChI,n/a
chemicals,P100000140104,Gansu Meirun New Materials Technology Jiuquan Chemical Plant,甘肃美润新材料科技有限公司 (Chinese),Gansu Meirun New Materials Technology Co Ltd [100%],China;,Gansu,operating,30.0,xylene,,,39.823450, 97.593061,https://gem.wiki/Gansu_Meirun_New_Materials_Technology_Jiuquan_Chemical_Plant,"Gansu, China",30.0,30.0,exact,"39.823450, 97.593061",['China'],,CHN,Jiuquan,Gansu Meirun New Materials Technology Jiuquan Chemical Plant,,,E100002017973 [100%],Gansu Meirun New Materials Technology Co Ltd [100%],甘肃美润新材料科技有限公司 (Chinese),Asia Pacific,30.0,,operating,GChI,GChI,n/a
chemicals,P100000140105,Lanzhou Petrochemical Complex,中国石油兰州石油化工有限公司 (Chinese),China National Petroleum Corporation Lanzhou Petrochemical Company Limited [100%],China;,Gansu,operating,30.0,ethylene; ammonia,catalyst; fertilizer (unknown type); polypropylene; synthetic resin; synthetic rubber,crude oil,36.119795, 103.602442,https://gem.wiki/Lanzhou_Petrochemical_Complex,"Gansu, China",30.0,30.0,exact,"36.119795, 103.602442",['China'],exact,CHN,Lanzhou,Lanzhou Petrochemical Complex,,,E100002017926 [100%],China National Petroleum Corporation Lanzhou Petrochemical Company Limited [100%],中国石油兰州石油化工有限公司 (Chinese),Asia Pacific,30.0,GEPDCHN0008,operating,GChI,GChI,n/a
chemicals,P100000140106,Zhenyuan County Hydrogen-to-Methanol Plant,镇原县制氢制甲醇及重卡一体科技园项目 (Chinese),State Power Investment Wuling Power Beijing Branch [100%],China;,Gansu,operating,30.0,methanol,,,35.668400, 107.216074,https://gem.wiki/Zhenyuan_County_Hydrogen-to-Methanol_Plant,"Gansu, China",30.0,30.0,approximate,"35.668400, 107.216074",['China'],,CHN,Zhenyuan,Zhenyuan County Hydrogen-to-Methanol Plant,,,E100002018364 [100%],State Power Investment Wuling Power Beijing Branch [100%],国家电投五凌电力北京分公司 (Chinese),Asia Pacific,30.0,,operating,GChI,GChI,n/a
chemicals,P100000140107,Sinopec Guangzhou Petrochemical Plant,广州化工集团有限公司 (Chinese),Sinopec Guangzhou Petrochemical Company [100%],China;,Guangdong,operating,30.0,ethylene,,,23.122089, 113.471865,https://gem.wiki/Sinopec_Guangzhou_Petrochemical_Plant,"Guangdong, China",30.0,30.0,exact,"23.122089, 113.471865",['China'],,CHN,Guangzhou,Sinopec Guangzhou Petrochemical Plant,,,E100002018346 [100%],Sinopec Guangzhou Petrochemical Company [100%],广州化工集团有限公司 (Chinese),Asia Pacific,30.0,GEPDCHN0009,operating,GChI,GChI,n/a
chemicals,P100000140108,CNOOC Huizhou Petrochemical Plant,中海油惠州石化有限公司 (Chinese),CNOOC Huizhou Petrochemical Co Ltd [100%],China;,Guangdong,operating,30.0,aromatics (unknown type),,crude oil,22.743637, 114.536439,https://gem.wiki/CNOOC_Huizhou_Petrochemical_Plant,"Guangdong, China",30.0,30.0,exact,"22.743637, 114.536439",['China'],exact,CHN,Huizhou,CNOOC Huizhou Petrochemical Plant,,,E100002017910 [100%],CNOOC Huizhou Petrochemical Co Ltd [100%],中海油惠州石化有限公司 (Chinese),Asia Pacific,30.0,,operating,GChI,GChI,n/a
chemicals,P100000140109,CNOOC and Shell Petrochemicals Huizhou Complex,广东省南海化工总厂有限公司 (Chinese),CNOOC and Shell Petrochemicals Company Ltd [100%],China;,Guangdong,operating,30.0,ethylene; butadiene,ethylene oxide; polypropylene; propylene oxide; styrene monomer,naphtha,22.758958, 114.602923,https://gem.wiki/CNOOC_and_Shell_Petrochemicals_Huizhou_Complex,"Guangdong, China",30.0,30.0,exact,"22.758958, 114.602923",['China'],exact,CHN,Huizhou,CNOOC and Shell Petrochemicals Huizhou Complex,,,E100002017913 [100%],CNOOC and Shell Petrochemicals Company Ltd [100%],广东省南海化工总厂有限公司 (CSPC) (Chinese),Asia Pacific,30.0,GEPDCHN0010,operating,GChI,GChI,n/a
chemicals,P100000140110,CNOOC Huizhou Branch Refinery,中海石油炼化有限责任公司惠州炼油分公司 (Chinese),CNOOC Refinery Co Ltd Huizhou Refinery Branch [100%],China;,Guangdong,operating,30.0,ethylene; benzene,polypropylene,crude oil,22.740397, 114.470720,https://gem.wiki/CNOOC_Huizhou_Branch_Refinery,"Guangdong, China",30.0,30.0,approximate,"22.740397, 114.470720",['China'],exact,CHN,Huizhou,CNOOC Huizhou Branch Refinery,,,E100002017911 [100%],CNOOC Refinery Co Ltd Huizhou Refinery Branch [100%],中海石油炼化有限责任公司惠州炼油分公司 (Chinese),Asia Pacific,30.0,,operating,GChI,GChI,n/a
chemicals,P100000140114,Huizhou Daya Bay Petrochemical Plant,惠州大亚湾石化工业区发展集团有限公司 (Chinese),Huizhou Daya Bay Petrochemical Industrial Zone Development Group Co Ltd [100%],China;,Guangdong,operating,30.0,ethylene; propylene,,naphtha,22.737592, 114.570265,https://gem.wiki/Huizhou_Daya_Bay_Petrochemical_Plant,"Guangdong, China",30.0,30.0,exact,"22.737592, 114.570265",['China'],exact,CHN,Huizhou,Huizhou Daya Bay Petrochemical Plant,,,E100002018043 [100%],Huizhou Daya Bay Petrochemical Industrial Zone Development Group Co Ltd [100%],惠州大亚湾石化工业区发展集团有限公司 (Chinese),Asia Pacific,30.0,GEPDCHN0011,operating,GChI,GChI,n/a
chemicals,P100000140115,Boluo Xiangfeng Jingxi Huizhou Chemical Plant,博罗县湘沣精细化工有限公司 (Chinese),Boluo Xiangfeng Jingxi Chemical Industry Limited Company [100%],China;,Guangdong,operating,30.0,xylene,,,23.219179, 114.416969,https://gem.wiki/Boluo_Xiangfeng_Jingxi_Huizhou_Chemical_Plant,"Guangdong, China",30.0,30.0,exact,"23.219179, 114.416969",['China'],,CHN,Huizhou,Boluo Xiangfeng Jingxi Huizhou Chemical Plant,,,E100002017899 [100%],Boluo Xiangfeng Jingxi Chemical Industry Limited Company [100%],博罗县湘沣精细化工有限公司 (Chinese),Asia Pacific,30.0,,operating,GChI,GChI,n/a
chemicals,P100000140116,CNPC Guangdong Petrochemical Jieyang Complex,广东石化有限责任公司 (Chinese),CNPC Guangdong Petrochemical [100%],China;,Guangdong,operating,30.0,ethylene; butadiene,high-density polyethylene (HDPE); linear low-density polyethylene (LLDPE); polypropylene; styrene monomer,crude oil; naphtha,22.949659, 116.212223,https://gem.wiki/CNPC_Guangdong_Petrochemical_Jieyang_Complex,"Guangdong, China",30.0,30.0,exact,"22.949659, 116.212223",['China'],exact,CHN,Jieyang,CNPC Guangdong Petrochemical Jieyang Complex,,,E100002017914 [100%],CNPC Guangdong Petrochemical [100%],中国石化广东石油分公司 (Chinese),Asia Pacific,30.0,GEPDCHN0015,operating,GChI,GChI,n/a
chemicals,P100000140118,Sinopec Maoming Petrochemical Plant,中国石化集团茂名石油化工有限公司 (Chinese),Sinopec Maoming Petrochemical Company [100%],China;,Guangdong,operating,30.0,ethylene; propylene; butadiene; xylene,polyethylene; polypropylene; rubber; styrene,crude oil,21.675491, 110.890649,https://gem.wiki/Sinopec_Maoming_Petrochemical_Plant,"Guangdong, China",30.0,30.0,exact,"21.675491, 110.890649",['China'],exact,CHN,Maoming,Sinopec Maoming Petrochemical Plant,,,E100002004456 [100%],Sinopec Maoming Petrochemical Company [100%],中国石化集团茂名石油化工有限公司 (Chinese),Asia Pacific,30.0,GEPDCHN0016,operating,GChI,GChI,n/a
chemicals,P100000140119,Donghua Energy Maoming Chemical Plant,东华能源股份有限公司茂名基地 (Chinese),Donghua Energy [100%],China;,Guangdong,operating,30.0,propylene,polypropylene,methane,21.658807, 110.956251,https://gem.wiki/Donghua_Energy_Maoming_Chemical_Plant,"Guangdong, China",30.0,30.0,approximate,"21.658807, 110.956251",['China'],exact,CHN,Maoming,Donghua Energy Maoming Chemical Plant,,,E100002017949 [100%],Donghua Energy [100%],东华能源股份有限公司 (Chinese),Asia Pacific,30.0,,operating,GChI,GChI,n/a
chemicals,P100000140121,Sinopec Zhanjiang Dongxing Petrochemical Plant,中国石化湛江东兴石油化工有限公司 (Chinese),Sinopec Zhanjiang Dongxing Petrochemical Co Ltd [100%],China;,Guangdong,operating,30.0,benzene; xylene,polypropylene,crude oil,21.168338, 110.384642,https://gem.wiki/Sinopec_Zhanjiang_Dongxing_Petrochemical_Plant,"Guangdong, China",30.0,30.0,exact,"21.168338, 110.384642",['China'],exact,CHN,Zhanjiang,Sinopec Zhanjiang Dongxing Petrochemical Plant,,,E100002018356 [100%],Sinopec Zhanjiang Dongxing Petrochemical Co Ltd [100%],中国石化湛江东兴石油化工有限公司 (Chinese),Asia Pacific,30.0,,operating,GChI,GChI,n/a
chemicals,P100000140123,Zhongke Guangdong Refining and Chemical Plant,中科（广东）炼化有限公司 (Chinese),Zhongke Guangdong Refining and Chemical Co Ltd [100%],China;,Guangdong,operating,30.0,ethylene; butadiene; aromatics (unknown type),polypropylene,crude oil; natural gas,21.044987, 110.460462,https://gem.wiki/Zhongke_Guangdong_Refining_and_Chemical_Plant,"Guangdong, China",30.0,30.0,exact,"21.044987, 110.460462",['China'],exact,CHN,Zhanjiang,Zhongke Guangdong Refining and Chemical Plant,,,E100002018450 [100%],Zhongke Guangdong Refining and Chemical Co Ltd [100%],中科（广东）炼化有限公司 (Chinese),Asia Pacific,30.0,GEPDCHN0017,operating,GChI,GChI,n/a
chemicals,P100000140125,Zhuhai Changlian Petrochemical Plant,珠海长炼石化设备有限公司 (Chinese),Zhuhai Changlian Petrochemical Equipment Co Ltd [100%],China;,Guangdong,operating,30.0,benzene; toluene; xylene,isopentane; n-pentane; cyclopentane; isohexane; n-hexane; heptane; liquefied petroleum gas (LPG); cyclohexane; methylcyclohexane; petroleum ether,,21.972786, 113.213901,https://gem.wiki/Zhuhai_Changlian_Petrochemical_Plant,"Guangdong, China",30.0,30.0,exact,"21.972786, 113.213901",['China'],,CHN,Zhuhai,Zhuhai Changlian Petrochemical Plant,,,E100002018451 [100%],Zhuhai Changlian Petrochemical Equipment Co Ltd [100%],珠海长炼石化设备有限公司 (Chinese),Asia Pacific,30.0,,operating,GChI,GChI,n/a
chemicals,P100000140126,Sinopec Beihai Refining and Chemical Plant,中国石化北海炼化有限责任公司 (Chinese),Sinopec Beihai Refining & Chemical Co Ltd [100%],China;,Guangxi,operating,30.0,benzene; xylene,polypropylene,crude oil,21.500229, 109.526049,https://gem.wiki/Sinopec_Beihai_Refining_and_Chemical_Plant,"Guangxi, China",30.0,30.0,exact,"21.500229, 109.526049",['China'],exact,CHN,Beihai,Sinopec Beihai Refining and Chemical Plant,,,E100002018343 [100%],Sinopec Beihai Refining & Chemical Co Ltd [100%],中国石化北海炼化有限责任公司 (Chinese),Asia Pacific,30.0,,operating,GChI,GChI,n/a
chemicals,P100000140127,Guangxi Huayi New Materials Ammonia Plant,广西华谊新材料有限公司 一期 (Chinese),Guangxi Huayi New Materials Co Ltd [100%],China;,Guangxi,operating,30.0,ammonia,,coal,21.737223, 108.603131,https://gem.wiki/Guangxi_Huayi_New_Materials_Ammonia_Plant,"Guangxi, China",30.0,30.0,approximate,"21.737223, 108.603131",['China'],exact,CHN,Qinzhou,Guangxi Huayi New Materials Ammonia Plant,,,E100002017980 [100%],Guangxi Huayi New Materials Co Ltd [100%],广西华谊新材料有限公司 (Chinese),Asia Pacific,30.0,,operating,GChI,GChI,n/a
chemicals,P100000140128,Guangxi Hongkun New Materials Technology Chemical Plant,广西自贸区宏坤新材料科技有限公司 (Chinese),Guangxi Free Trade Zone Hongkun New Materials Technology Co Ltd [100%],China;,Guangxi,operating,30.0,benzene; toluene,,reformate,21.746864,108.629765,https://gem.wiki/Guangxi_Hongkun_New_Materials_Technology_Chemical_Plant,"Guangxi, China",30.0,30.0,exact,"21.746864,108.629765",['China'],exact,CHN,Qinzhou,Guangxi Hongkun New Materials Technology Chemical Plant,,,E100002017979 [100%],Guangxi Free Trade Zone Hongkun New Materials Technology Co Ltd [100%],广西自贸区宏坤新材料科技有限公司 (Chinese),Asia Pacific,30.0,,operating,GChI,GChI,n/a
chemicals,P100000140129,PetroChina Guangxi Petrochemical Plant,广西石化炼化一体化项目（中国石油天然气股份有限公司广西石化分公司） (Chinese),PetroChina Guangxi Petrochemical Company [100%],China;,Guangxi,operating,30.0,ethylene; butadiene; xylene,polypropylene,crude oil,21.728571, 108.586390,https://gem.wiki/PetroChina_Guangxi_Petrochemical_Plant,"Guangxi, China",30.0,30.0,exact,"21.728571, 108.586390",['China'],exact,CHN,Qinzhou,PetroChina Guangxi Petrochemical Plant,,,E100002018226 [100%],PetroChina Guangxi Petrochemical Company [100%],中国石油天然气股份有限公司广西石化分公司 (Chinese),Asia Pacific,30.0,GEPDCHN0019,operating,GChI,GChI,n/a
chemicals,P100000140131,Sinopec Great Wall Guizhou Methanol Plant,中国石化长城能源化工(贵州)有限公司100万吨/年甲醇项目 (Chinese),Sinopec Great Wall Energy & Chemicals (Guizhou) Co [100%],China;,Guizhou,operating,30.0,methanol,,coal,26.664339, 105.774833,https://gem.wiki/Sinopec_Great_Wall_Guizhou_Methanol_Plant,"Guizhou, China",30.0,30.0,approximate,"26.664339, 105.774833",['China'],exact,CHN,Bijie,Sinopec Great Wall Guizhou Methanol Plant,,,E100000121915 [100%],Sinopec Great Wall Energy & Chemicals (Guizhou) Co [100%],中国石化长城能源化工(贵州)有限公司 (Chinese),Asia Pacific,30.0,,operating,GChI,GChI,n/a
chemicals,P100000140134,Guizhou Phosphate Chemical Plant,贵州磷化集团 (Chinese),Guizhou Phosphate Chemical Group [100%],China;,Guizhou,operating,30.0,ammonia,,,26.567214, 106.722483,https://gem.wiki/Guizhou_Phosphate_Chemical_Plant,"Guizhou, China",30.0,30.0,exact,"26.567214, 106.722483",['China'],,CHN,Guiyang,Guizhou Phosphate Chemical Plant,,,E100002017983 [100%],Guizhou Phosphate Chemical Group [100%],贵州磷化集团 (Chinese),Asia Pacific,30.0,,operating,GChI,GChI,n/a
chemicals,P100000140137,Guizhou Chitianhua Chemical Plant,贵州赤天化股份有限公司 (Chinese),Guizhou Chitianhua Co Ltd [100%],China;,Guizhou,operating,30.0,ammonia,,coal,26.670997, 106.764184,https://gem.wiki/Guizhou_Chitianhua_Chemical_Plant,"Guizhou, China",30.0,30.0,exact,"26.670997, 106.764184",['China'],exact,CHN,Guiyang,Guizhou Chitianhua Chemical Plant,,,E100002017981 [100%],Guizhou Chitianhua Co Ltd [100%],贵州赤天化股份有限公司 (Chinese),Asia Pacific,30.0,,operating,GChI,GChI,n/a
chemicals,P100000140135,Guizhou Tixin Industrial Coke Project,贵州骐信实业焦炭项目 (Chinese),Guizhou Tixin Industrial Coke Project [100%],China;,Guizhou,operating,30.0,ammonia; benzene,,coal,27.082581, 107.440216,https://gem.wiki/Guizhou_Tixin_Industrial_Coke_Project,"Guizhou, China",30.0,30.0,exact,"27.082581, 107.440216",['China'],exact,CHN,Qian Buyei and Miao Autonomous Prefecture,Guizhou Tixin Industrial Coke Project,,,E100002017984 [100%],Guizhou Tixin Industrial Coke Project [100%],贵州骐信实业有限公司 (Chinese),Asia Pacific,30.0,,operating,GChI,GChI,n/a
chemicals,P100000140136,Guizhou Kaifeng Xifeng Synthetic Ammonia Plant,贵州开磷息烽合成氨有限责任公司 (Chinese),Guizhou Kaifeng Xifeng Synthetic Ammonia Co [100%],China;,Guizhou,operating,30.0,ammonia,,coal,27.183308,106.716897,https://gem.wiki/Guizhou_Kaifeng_Xifeng_Synthetic_Ammonia_Plant,"Guizhou, China",30.0,30.0,exact,"27.183308,106.716897",['China'],exact,CHN,Xifeng,Guizhou Kaifeng Xifeng Synthetic Ammonia Plant,,,E100002017982 [100%],Guizhou Kaifeng Xifeng Synthetic Ammonia Co [100%],贵州开磷息烽合成氨有限责任公司 (Chinese),Asia Pacific,30.0,,operating,GChI,GChI,n/a
chemicals,P100000140138,Sinopec Hai Refining and Chemical Plant,中国石化海南炼油化工有限公司 (Chinese),Sinopec Hai Refining & Chemical Co Ltd [100%],China;,Hai,operating,30.0,benzene; xylene,polypropylene; styrene,crude oil,19.772124, 109.212634,https://gem.wiki/Sinopec_Hai_Refining_and_Chemical_Plant,"Hai, China",30.0,30.0,exact,"19.772124, 109.212634",['China'],exact,CHN,Danzhou,Sinopec Hai Refining and Chemical Plant,,,E100002018348 [100%],Sinopec Hai Refining & Chemical Co Ltd [100%],中国石化海南炼油化工有限公司 (Chinese),Asia Pacific,30.0,,operating,GChI,GChI,n/a
chemicals,P100000140139,Sinopec Hai Refinery,中国石化海南炼油化工有限公司 (Chinese),Sinopec Hai Petrochemical Co Ltd [100%],China;,Hai,operating,30.0,ethylene; benzene; xylene,polypropylene; styrene,,19.762221, 109.179608,https://gem.wiki/Sinopec_Hai_Refinery,"Hai, China",30.0,30.0,exact,"19.762221, 109.179608",['China'],,CHN,Danzhou,Sinopec Hai Refinery,,,E100002018347 [100%],Sinopec Hai Petrochemical Co Ltd [100%],中国石化海南炼油化工有限公司 (Chinese),Asia Pacific,30.0,GEPDCHN0020,operating,GChI,GChI,n/a
chemicals,P100000140140,Hai Fudao Dongfang Ammonia Plant,东方1—1天然气田及海洋天然气化肥项目 (Chinese),Hai Fudao Chemical Industry Co [100%],China;,Hai,operating,30.0,ammonia,urea,natural gas,19.062352, 108.641399,https://gem.wiki/Hai_Fudao_Dongfang_Ammonia_Plant,"Hai, China",30.0,30.0,approximate,"19.062352, 108.641399",['China'],exact,CHN,Dongfang,Hai Fudao Dongfang Ammonia Plant,,,E100002017992 [100%],Hai Fudao Chemical Industry Co [100%],东方市海南富岛化学工业公司 (Chinese),Asia Pacific,30.0,,operating,GChI,GChI,n/a
chemicals,P100000140141,CNOOC Dongfang Petrochemical Hai Refinery,中海油东方石化有限责任公司 (Chinese),China National Offshore Oil Corporation [100%],China;,Hai,operating,30.0,ammonia,,crude oil,19.432349, 108.694651,https://gem.wiki/CNOOC_Dongfang_Petrochemical_Hai_Refinery,"Hai, China",30.0,30.0,exact,"19.432349, 108.694651",['China'],exact,CHN,Dongfang,CNOOC Dongfang Petrochemical Hai Refinery,,,E100000000172 [100%],China National Offshore Oil Corporation [100%],中海油东方石化有限责任公司 (Chinese),Asia Pacific,30.0,,operating,GChI,GChI,n/a
chemicals,P100000140142,CNOOC Dongfang Ammonia Plant,中海石油化学股份有限公司 (Chinese),China National Offshore Oil Corporation [100%],China;,Hai,operating,30.0,ammonia,urea,natural gas,19.063741, 108.640288,https://gem.wiki/CNOOC_Dongfang_Ammonia_Plant,"Hai, China",30.0,30.0,exact,"19.063741, 108.640288",['China'],exact,CHN,Dongfang,CNOOC Dongfang Ammonia Plant,,,E100000000172 [100%],China National Offshore Oil Corporation [100%],中国海洋石油集团 (Chinese),Asia Pacific,30.0,,operating,GChI,GChI,n/a
chemicals,P100000140143,Baoding Hongda Organic Chemical Plant,保定市宏达有机化工厂 (Chinese),Baoding Hongda Organic Chemical Factory [100%],China;,Hebei,operating,30.0,benzene; toluene,,,39.006879, 116.112380,https://gem.wiki/Baoding_Hongda_Organic_Chemical_Plant,"Hebei, China",30.0,30.0,exact,"39.006879, 116.112380",['China'],,CHN,Baoding,Baoding Hongda Organic Chemical Plant,,,E100002017892 [100%],Baoding Hongda Organic Chemical Factory [100%],保定市宏达有机化工厂 (Chinese),Asia Pacific,30.0,,operating,GChI,GChI,n/a
chemicals,P100000140145,Hebei Dongguang Cangzhou Ammonia Plant,河北省东光化工有限责任公司 (Chinese),Hebei Dongguang Chemical Co Ltd [100%],China;,Hebei,operating,30.0,ammonia,urea,,37.877088, 116.571576,https://gem.wiki/Hebei_Dongguang_Cangzhou_Ammonia_Plant,"Hebei, China",30.0,30.0,exact,"37.877088, 116.571576",['China'],,CHN,Cangzhou,Hebei Dongguang Cangzhou Ammonia Plant,,,E100002018004 [100%],Hebei Dongguang Chemical Co Ltd [100%],河北省东光化工有限责任公司 (Chinese),Asia Pacific,30.0,,operating,GChI,GChI,n/a
chemicals,P100000140146,PetroChina Huabei Renqiu Chemical Plant,中国石油天然气股份有限公司华北石化分公司 (Chinese),PetroChina Huabei Renqiu Branch [100%],China;,Hebei,operating,30.0,benzene; toluene; ammonia,,crude oil,38.763307, 116.114681,https://gem.wiki/PetroChina_Huabei_Renqiu_Chemical_Plant,"Hebei, China",30.0,30.0,exact,"38.763307, 116.114681",['China'],exact,CHN,Cangzhou,PetroChina Huabei Renqiu Chemical Plant,,,E100002018228 [100%],PetroChina Huabei Renqiu Branch [100%],中国石油天然气股份有限公司华北石化分公司 (Chinese),Asia Pacific,30.0,,operating,GChI,GChI,n/a
chemicals,P100000140147,Shengteng Technology Chemical Plant,盛腾科技有限公司 (Chinese),Shengteng Technology Co Ltd [100%],China;,Hebei,operating,30.0,benzene; toluene; xylene; ammonia,hydrogen; liquefied natural gas (LNG); maleic anhydride; polystyrene; styrene,light oil,38.772863,116.137449,https://gem.wiki/Shengteng_Technology_Chemical_Plant,"Hebei, China",30.0,30.0,exact,"38.772863,116.137449",['China'],exact,CHN,Cangzhou,Shengteng Technology Chemical Plant,,,E100002018326 [100%],Shengteng Technology Co Ltd [100%],盛腾科技有限公司 (Chinese),Asia Pacific,30.0,,operating,GChI,GChI,n/a
chemicals,P100000140149,Cangzhou Dahua Juhai Chemical Plant,沧州大化股份有限公司聚海分公司 (Chinese),Cangzhou Dahua Co [100%],China;,Hebei,operating,30.0,xylene,,,38.350097, 117.614766,https://gem.wiki/Cangzhou_Dahua_Juhai_Chemical_Plant,"Hebei, China",30.0,30.0,exact,"38.350097, 117.614766",['China'],,CHN,Cangzhou,Cangzhou Dahua Juhai Chemical Plant,,,E100002017918 [100%],Cangzhou Dahua Co [100%],沧州大化股份有限公司 (Chinese),Asia Pacific,30.0,,operating,GChI,GChI,n/a
chemicals,P100000140150,Handan Yulong Chemical Plant,邯郸市裕隆化工有限公司 (Chinese),Handan Yulong Chemical Co [100%],China;,Hebei,operating,30.0,benzene; toluene; xylene,,coal,36.304938, 114.296466,https://gem.wiki/Handan_Yulong_Chemical_Plant,"Hebei, China",30.0,30.0,approximate,"36.304938, 114.296466",['China'],exact,CHN,Handan,Handan Yulong Chemical Plant,,,E100002017995 [100%],Handan Yulong Chemical Co [100%],邯郸市裕隆化工有限公司 (Chinese),Asia Pacific,30.0,,operating,GChI,GChI,n/a
chemicals,P100000140151,Hebei Jinruite Chemical Plant,河北金瑞特化工有限公司 (Chinese),Hebei Jinruite Chemical Co [100%],China;,Hebei,operating,30.0,benzene; toluene; xylene,,,36.711123, 114.507200,https://gem.wiki/Hebei_Jinruite_Chemical_Plant,"Hebei, China",30.0,30.0,exact,"36.711123, 114.507200",['China'],,CHN,Handan,Hebei Jinruite Chemical Plant,,,E100002018005 [100%],Hebei Jinruite Chemical Co [100%],河北金瑞特化工有限公司 (Chinese),Asia Pacific,30.0,,operating,GChI,GChI,n/a
chemicals,P100000140152,Handan Dongxin Chemical Plant,邯郸市东鑫化工有限公司 (Chinese),Handan Dongxin Chemical Co [100%],China;,Hebei,operating,30.0,benzene; toluene; xylene,,coal,36.468892, 114.524965,https://gem.wiki/Handan_Dongxin_Chemical_Plant,"Hebei, China",30.0,30.0,exact,"36.468892, 114.524965",['China'],exact,CHN,Handan,Handan Dongxin Chemical Plant,,,E100002017994 [100%],Handan Dongxin Chemical Co [100%],邯郸市东鑫化工有限公司 (Chinese),Asia Pacific,30.0,,operating,GChI,GChI,n/a
chemicals,P100000140153,Hebei Rongte Chemical Plant,河北荣特化工股份有限公司 (Chinese),Hebei Rongte Chemical Co [100%],China;,Hebei,operating,30.0,benzene; toluene; xylene,,,36.572656, 115.188534,https://gem.wiki/Hebei_Rongte_Chemical_Plant,"Hebei, China",30.0,30.0,exact,"36.572656, 115.188534",['China'],,CHN,Handan,Hebei Rongte Chemical Plant,,,E100002018006 [100%],Hebei Rongte Chemical Co [100%],河北荣特化工股份有限公司 (Chinese),Asia Pacific,30.0,,operating,GChI,GChI,n/a
chemicals,P100000140154,Hebei Tianren Qinhuangdao Ammonia Plant,河北天人化工股份有限公司 (Chinese),Hebei Tianren Chemical Co Ltd [100%],China;,Hebei,operating,30.0,ammonia,,,39.939780, 119.536431,https://gem.wiki/Hebei_Tianren_Qinhuangdao_Ammonia_Plant,"Hebei, China",30.0,30.0,exact,"39.939780, 119.536431",['China'],,CHN,Qinhuangdao,Hebei Tianren Qinhuangdao Ammonia Plant,,,E100002018007 [100%],Hebei Tianren Chemical Co Ltd [100%],河北天人化工股份有限公司 (Chinese),Asia Pacific,30.0,,operating,GChI,GChI,n/a
chemicals,P100000140155,Funing Dong'ao Petroleum Refining and Chemical Plant,抚宁东奥石油炼化有限公司 (Chinese),Funing Dong'ao Petroleum Refining & Chemical Co [100%],China;,Hebei,operating,30.0,benzene,,naphtha,39.863353, 119.221724,https://gem.wiki/Funing_Dong'ao_Petroleum_Refining_and_Chemical_Plant,"Hebei, China",30.0,30.0,exact,"39.863353, 119.221724",['China'],exact,CHN,Qinhuangdao,Funing Dong'ao Petroleum Refining and Chemical Plant,,,E100002017968 [100%],Funing Dong'ao Petroleum Refining & Chemical Co [100%],抚宁东奥石油炼化有限公司 (Chinese),Asia Pacific,30.0,,operating,GChI,GChI,n/a
chemicals,P100000140156,Jinkong Jinshi Shijiazhuang Ammonia Plant,晋控金石化工集团有限公司 (Chinese),Jinkong Jinshi Chemical Group Co [100%],China;,Hebei,operating,30.0,ammonia,urea,coal,37.968172, 114.680578,https://gem.wiki/Jinkong_Jinshi_Shijiazhuang_Ammonia_Plant,"Hebei, China",30.0,30.0,exact,"37.968172, 114.680578",['China'],exact,CHN,Shijiazhuang,Jinkong Jinshi Shijiazhuang Ammonia Plant,,,E100002018091 [100%],Jinkong Jinshi Chemical Group Co [100%],晋控金石化工集团有限公司 (Chinese),Asia Pacific,30.0,,operating,GChI,GChI,n/a
chemicals,P100000140157,Kailuan Energy Chemical Plant,开滦能源化工股份有限公司 (Chinese),Kailuan Energy Chemical Co Ltd,China;,Hebei,operating,30.0,benzene; methanol,,coal,38.351876, 114.470175,https://gem.wiki/Kailuan_Energy_Chemical_Plant,"Hebei, China",30.0,30.0,exact,"38.351876, 114.470175",['China'],exact,CHN,Shijiazhuang,Kailuan Energy Chemical Plant,,,E100000126327,Kailuan Energy Chemical Co Ltd,开滦能源化工股份有限公司 (Chinese),Asia Pacific,30.0,,operating,GChI,GChI,n/a
chemicals,P100000140159,Tangshan Zhongrun Coal Chemical Plant,唐山中润煤化工有限公司 (Chinese),Tangshan Zhongrun Coal Chemical Co [100%],China;,Hebei,operating,30.0,benzene,,coal,39.323849, 119.035743,https://gem.wiki/Tangshan_Zhongrun_Coal_Chemical_Plant,"Hebei, China",30.0,30.0,exact,"39.323849, 119.035743",['China'],exact,CHN,Tangshan,Tangshan Zhongrun Coal Chemical Plant,,,E100002018376 [100%],Tangshan Zhongrun Coal Chemical Co [100%],唐山中润煤化工有限公司 (Chinese),Asia Pacific,30.0,,operating,GChI,GChI,n/a
chemicals,P100000140161,Tangshan Xuyang Chemical Plant,‌唐山旭阳化工有限公司 (Chinese),Xuyang Coal Chemical Industry Group [100%],China;,Hebei,operating,30.0,benzene,phthalic anhydride; styrene,coal,39.054698, 118.467448,https://gem.wiki/Tangshan_Xuyang_Chemical_Plant,"Hebei, China",30.0,30.0,exact,"39.054698, 118.467448",['China'],exact,CHN,Tangshan,Tangshan Xuyang Chemical Plant,,,E100002018405 [100%],Xuyang Coal Chemical Industry Group [100%],旭阳煤化工集团 (Chinese),Asia Pacific,30.0,,operating,GChI,GChI,n/a
chemicals,P100000140162,Tangshan Ruida Fine Chemical Plant,‌唐山瑞达精细化工有限公司‌/唐山瑞达实业股份有限公司 (Chinese),Tangshan Ruida Fine Chemical Co Ltd [100%],China;,Hebei,operating,30.0,benzene; toluene,,,39.748628, 118.700209,https://gem.wiki/Tangshan_Ruida_Fine_Chemical_Plant,"Hebei, China",30.0,30.0,approximate,"39.748628, 118.700209",['China'],,CHN,Tangshan,Tangshan Ruida Fine Chemical Plant,,,E100002018374 [100%],Tangshan Ruida Fine Chemical Co Ltd [100%],唐山瑞达实业股份有限公司 (Chinese),Asia Pacific,30.0,,operating,GChI,GChI,n/a
chemicals,P100000140163,Tangshan Baoshun Chemical Plant,唐山宝顺化工有限公司 (Chinese),Tangshan Baoshun Chemical Co [100%],China;,Hebei,operating,30.0,benzene; toluene; xylene,,,39.287176, 118.078667,https://gem.wiki/Tangshan_Baoshun_Chemical_Plant,"Hebei, China",30.0,30.0,exact,"39.287176, 118.078667",['China'],,CHN,Tangshan,Tangshan Baoshun Chemical Plant,,,E100002018373 [100%],Tangshan Baoshun Chemical Co [100%],唐山宝顺化工有限公司 (Chinese),Asia Pacific,30.0,,operating,GChI,GChI,n/a
chemicals,P100000140164,Tangshan Xuyang Aromatic Plant,唐山旭阳芳烃产品有限公司 (Chinese),Tangshan Xuyang Aromatic Products Co [100%],China;,Hebei,operating,30.0,benzene; xylene,,coal,39.070534, 118.468156,https://gem.wiki/Tangshan_Xuyang_Aromatic_Plant,"Hebei, China",30.0,30.0,exact,"39.070534, 118.468156",['China'],exact,CHN,Tangshan,Tangshan Xuyang Aromatic Plant,,,E100002018375 [100%],Tangshan Xuyang Aromatic Products Co [100%],唐山旭阳芳烃产品有限公司 (Chinese),Asia Pacific,30.0,,operating,GChI,GChI,n/a
chemicals,P100000140165,PetroChina Daqing Petrochemical Ammonia Plant,大庆石化公司 (Chinese),PetroChina Daqing Petrochemical Refinery [100%],China;,Heilongjiang,operating,30.0,ammonia,urea,crude oil; natural gas,46.466629, 125.212236,https://gem.wiki/PetroChina_Daqing_Petrochemical_Ammonia_Plant,"Heilongjiang, China",30.0,30.0,exact,"46.466629, 125.212236",['China'],exact,CHN,Daqing,PetroChina Daqing Petrochemical Ammonia Plant,,,E100002018223 [100%],PetroChina Daqing Petrochemical Refinery [100%],大庆石化公司 (Chinese),Asia Pacific,30.0,,operating,GChI,GChI,n/a
chemicals,P100000140166,Daqing Jinyuan Chemical Plant,大庆金源化工有限公司 (Chinese),Daqing Jinyuan Chemical Co [100%],China;,Heilongjiang,operating,30.0,benzene; xylene,,,46.578180, 124.826491,https://gem.wiki/Daqing_Jinyuan_Chemical_Plant,"Heilongjiang, China",30.0,30.0,approximate,"46.578180, 124.826491",['China'],,CHN,Daqing,Daqing Jinyuan Chemical Plant,,,E100002017942 [100%],Daqing Jinyuan Chemical Co [100%],大庆金源化工有限公司 (Chinese),Asia Pacific,30.0,,operating,GChI,GChI,n/a
chemicals,P100000140167,Haiguo Longyou Daqing Lianyi Petrochemical Plant,黑龙江省龙油石油化工股份有限公司 (Chinese),Haiguo Longyou Daqing Lianyi Petrochemical [100%],China;,Heilongjiang,operating,30.0,ethylene; toluene; xylene,c9; polyethylene; polypropylene,naphtha,46.324425, 124.760156,https://gem.wiki/Haiguo_Longyou_Daqing_Lianyi_Petrochemical_Plant,"Heilongjiang, China",30.0,30.0,exact,"46.324425, 124.760156",['China'],exact,CHN,Daqing,Haiguo Longyou Daqing Lianyi Petrochemical Plant,,,E100002017991 [100%],Haiguo Longyou Daqing Lianyi Petrochemical [100%],黑龙江省龙油石油化工股份有限公司 (Chinese),Asia Pacific,30.0,GEPDCHN0021,operating,GChI,GChI,n/a
chemicals,P100000140168,Daqing Sanju Energy Purification Chemical Plant,大庆三聚能源净化有限公司 (Chinese),Daqing Sanju Energy Purification Co [100%],China;,Heilongjiang,operating,30.0,xylene,,,46.450067, 125.198618,https://gem.wiki/Daqing_Sanju_Energy_Purification_Chemical_Plant,"Heilongjiang, China",30.0,30.0,exact,"46.450067, 125.198618",['China'],,CHN,Daqing,Daqing Sanju Energy Purification Chemical Plant,,,E100002017944 [100%],Daqing Sanju Energy Purification Co [100%],大庆三聚能源净化有限公司 (Chinese),Asia Pacific,30.0,,operating,GChI,GChI,n/a
chemicals,P100000140169,Qitaihe Bosheng Clean Energy Ammonia Plant,七台河勃盛清洁能源有限公司 (Chinese),Qitaihe Bosheng Clean Energy Co [100%],China;,Heilongjiang,operating,30.0,ammonia,,,45.777704, 130.631587,https://gem.wiki/Qitaihe_Bosheng_Clean_Energy_Ammonia_Plant,"Heilongjiang, China",30.0,30.0,approximate,"45.777704, 130.631587",['China'],,CHN,Qitaihe,Qitaihe Bosheng Clean Energy Ammonia Plant,,,E100002018243 [100%],Qitaihe Bosheng Clean Energy Co [100%],七台河勃盛清洁能源有限公司 (Chinese),Asia Pacific,30.0,,operating,GChI,GChI,n/a
chemicals,P100000140170,Heilongjiang Amazing Rising Fuel Chemical Plant,黑龙江省旭焱燃料有限公司 (Chinese),Heilongjiang Amazing Rising Fuel Co [100%],China;,Heilongjiang,operating,30.0,xylene,,,46.476515, 125.376164,https://gem.wiki/Heilongjiang_Amazing_Rising_Fuel_Chemical_Plant,"Heilongjiang, China",30.0,30.0,exact,"46.476515, 125.376164",['China'],,CHN,Suihua,Heilongjiang Amazing Rising Fuel Chemical Plant,,,E100002018008 [100%],Heilongjiang Amazing Rising Fuel Co [100%],黑龙江省旭焱燃料有限公司 (Chinese),Asia Pacific,30.0,,operating,GChI,GChI,n/a
chemicals,P100000140171,Anda Hongda Acetylene Gas Manufacturing Chemical Plant,安达市鸿达乙炔气制造有限责任公司 (Chinese),Anda Hongda Acetylene Gas Manufacturing Co [100%],China;,Heilongjiang,operating,30.0,xylene,,,46.447525, 125.390179,https://gem.wiki/Anda_Hongda_Acetylene_Gas_Manufacturing_Chemical_Plant,"Heilongjiang, China",30.0,30.0,exact,"46.447525, 125.390179",['China'],,CHN,Suihua,Anda Hongda Acetylene Gas Manufacturing Chemical Plant,,,E100002017853 [100%],Anda Hongda Acetylene Gas Manufacturing Co [100%],安达市鸿达乙炔气制造有限责任公司 (Chinese),Asia Pacific,30.0,,operating,GChI,GChI,n/a
chemicals,P100000140172,Anyang Zhongying Fertilizer Plant,安阳中盈化肥有限公司 (Chinese),Anyang Zhongying Fertilizer Co Ltd [100%],China;,He,operating,30.0,ammonia,urea,coal,35.540047, 114.578330,https://gem.wiki/Anyang_Zhongying_Fertilizer_Plant,"He, China",30.0,30.0,exact,"35.540047, 114.578330",['China'],exact,CHN,Anyang,Anyang Zhongying Fertilizer Plant,,,E100002017864 [100%],Anyang Zhongying Fertilizer Co Ltd [100%],安阳中盈化肥有限公司 (Chinese),Asia Pacific,30.0,,operating,GChI,GChI,n/a
chemicals,P100000140173,Anyang Chemical Industry Group Ammonia Plant,安阳化学工业集团有限责任公司 (Chinese),Anyang Chemical Industry Group Co [100%],China;,He,operating,30.0,ammonia,,coal,36.114200, 114.114140,https://gem.wiki/Anyang_Chemical_Industry_Group_Ammonia_Plant,"He, China",30.0,30.0,exact,"36.114200, 114.114140",['China'],exact,CHN,Anyang,Anyang Chemical Industry Group Ammonia Plant,,,E100002017863 [100%],Anyang Chemical Industry Group Co [100%],安阳化学工业集团有限责任公司 (Chinese),Asia Pacific,30.0,,operating,GChI,GChI,n/a
chemicals,P100000140174,He Yutian Chemical Plant,河南宇天化工有限公司 (Chinese),He Yutian Chemical Co [100%],China;,He,operating,30.0,benzene; toluene; xylene,,coal,36.220950, 114.055818,https://gem.wiki/He_Yutian_Chemical_Plant,"He, China",30.0,30.0,exact,"36.220950, 114.055818",['China'],exact,CHN,Anyang,He Yutian Chemical Plant,,,E100002018020 [100%],He Yutian Chemical Co [100%],河南宇天化工有限公司 (Chinese),Asia Pacific,30.0,,operating,GChI,GChI,n/a
chemicals,P100000140175,He Shuncheng Group Methanol Plant,吉利控股集团和河南顺成集团十万吨级绿色低碳甲醇项目 (Chinese),He Shuncheng Group Energy Technology Co [100%],China;,He,operating,30.0,methanol,liquefied natural gas (LNG),carbon dioxide; coke oven gas,36.218229, 114.054523,https://gem.wiki/He_Shuncheng_Group_Methanol_Plant,"He, China",30.0,30.0,exact,"36.218229, 114.054523",['China'],exact,CHN,Anyang,He Shuncheng Group Methanol Plant,,,E100002018018 [100%],He Shuncheng Group Energy Technology Co [100%],河南省顺成集团能源科技有限公司 (Chinese),Asia Pacific,30.0,,operating,GChI,GChI,n/a
chemicals,P100000140177,He Energy Group Hebi Coal-to-Methanol Plant,河南能源集团鹤壁园区甲醇项目 (Chinese),He Energy Chemical Group Hebi Coal Chemical Co [100%],China;,He,operating,30.0,methanol,,coal,35.769274, 114.303817,https://gem.wiki/He_Energy_Group_Hebi_Coal-to-Methanol_Plant,"He, China",30.0,30.0,approximate,"35.769274, 114.303817",['China'],exact,CHN,Hebi,He Energy Group Hebi Coal-to-Methanol Plant,,,E100002018010 [100%],He Energy Chemical Group Hebi Coal Chemical Co [100%],河南能源化工集团鹤壁煤化工有限公司 (Chinese),Asia Pacific,30.0,,operating,GChI,GChI,n/a
chemicals,P100000140178,He Jinshan Ammonia Plant,河南金山化工集团 (Chinese),He Jinshan Chemical Group [100%],China;,He,operating,30.0,ammonia,,coal,34.775133, 113.720399,https://gem.wiki/He_Jinshan_Ammonia_Plant,"He, China",30.0,30.0,exact,"34.775133, 113.720399",['China'],exact,CHN,Jiaozuo,He Jinshan Ammonia Plant,,,E100002018015 [100%],He Jinshan Chemical Group [100%],河南金山化工集团 (Chinese),Asia Pacific,30.0,,operating,GChI,GChI,n/a
chemicals,P100000140179,He Jinkai Chemical Investment Ammonia Plant,河南晋开化工投资控股集团有限公司 (Chinese),He Jinkai Chemical Investment Holding Group Co [100%],China;,He,operating,30.0,ammonia,urea,coal,34.764047, 114.486738,https://gem.wiki/He_Jinkai_Chemical_Investment_Ammonia_Plant,"He, China",30.0,30.0,exact,"34.764047, 114.486738",['China'],exact,CHN,Kaifeng,He Jinkai Chemical Investment Ammonia Plant,,,E100002018013 [100%],He Jinkai Chemical Investment Holding Group Co [100%],河南晋开化工投资控股集团有限公司 (Chinese),Asia Pacific,30.0,,operating,GChI,GChI,n/a
chemicals,P100000140180,He Jindadi Lianjian Ammonia Plant,河南金大地联碱绿色转型（五期）项目60万吨合成氨 (Chinese),He Jindadi Chemical Industry Co Ltd [100%],China;,He,operating,30.0,ammonia,ammonium chloride,coal,33.424123, 113.620271,https://gem.wiki/He_Jindadi_Lianjian_Ammonia_Plant,"He, China",30.0,30.0,exact,"33.424123, 113.620271",['China'],exact,CHN,Luohe,He Jindadi Lianjian Ammonia Plant,,,E100002018012 [100%],He Jindadi Chemical Industry Co Ltd [100%],河南金大地化工有限公司 (Chinese),Asia Pacific,30.0,,operating,GChI,GChI,n/a
chemicals,P100000140181,Sinopec He Refining and Chemicals Plant,洛阳石化百万吨乙烯项目 (Chinese),Sinopec (He) Refining & Chemicals Co [100%],China;,He,operating,30.0,ethylene,,,34.910591, 112.603382,https://gem.wiki/Sinopec_He_Refining_and_Chemicals_Plant,"He, China",30.0,30.0,approximate,"34.910591, 112.603382",['China'],,CHN,Luoyang,Sinopec He Refining and Chemicals Plant,,,E100002018340 [100%],Sinopec (He) Refining & Chemicals Co [100%],中石化(河南)炼油化工有限公司 (Chinese),Asia Pacific,30.0,,operating,GChI,GChI,n/a
chemicals,P100000140182,Luoyang Refining and Jiuyuan Petrochemical Plant,洛阳炼化九源石化有限公司 (Chinese),Luoyang Refining & Jiuyuan Petrochemical Co [100%],China;,He,operating,30.0,xylene,,,34.909407, 112.591966,https://gem.wiki/Luoyang_Refining_and_Jiuyuan_Petrochemical_Plant,"He, China",30.0,30.0,approximate,"34.909407, 112.591966",['China'],,CHN,Luoyang,Luoyang Refining and Jiuyuan Petrochemical Plant,,,E100002018143 [100%],Luoyang Refining & Jiuyuan Petrochemical Co [100%],洛阳炼化九源石化有限公司 (Chinese),Asia Pacific,30.0,,operating,GChI,GChI,n/a
chemicals,P100000140183,He Shenma Hydrogen Ammonia Plant,河南神马氢化学有限责任公司 (Chinese),He Shenma Hydrogen Chemical Co [100%],China;,He,operating,30.0,ammonia,,coal,33.759770, 113.356906,https://gem.wiki/He_Shenma_Hydrogen_Ammonia_Plant,"He, China",30.0,30.0,approximate,"33.759770, 113.356906",['China'],exact,CHN,Pingdingshan,He Shenma Hydrogen Ammonia Plant,,,E100002018017 [100%],He Shenma Hydrogen Chemical Co [100%],河南神马氢化学有限责任公司 (Chinese),Asia Pacific,30.0,,operating,GChI,GChI,n/a
chemicals,P100000140184,He Shenghongxiang Chemical Plant,河南盛鸿翔化工有限公司 (Chinese),He Shenghongxiang Chemical Co Ltd [100%],China;,He,operating,30.0,benzene; toluene,,,33.729183, 113.404987,https://gem.wiki/He_Shenghongxiang_Chemical_Plant,"He, China",30.0,30.0,exact,"33.729183, 113.404987",['China'],,CHN,Pingdingshan,He Shenghongxiang Chemical Plant,,,E100002018016 [100%],He Shenghongxiang Chemical Co Ltd [100%],河南盛鸿翔化工有限公司 (Chinese),Asia Pacific,30.0,,operating,GChI,GChI,n/a
chemicals,P100000140185,He Zhongyuan Dahua Chemical Plant,河南中原大化集团有限责任公司 (Chinese),He Zhongyuan Dahua Group Co Ltd [100%],China;,He,operating,30.0,ammonia; methanol,,coal,35.750940, 114.975762,https://gem.wiki/He_Zhongyuan_Dahua_Chemical_Plant,"He, China",30.0,30.0,exact,"35.750940, 114.975762",['China'],exact,CHN,Puyang,He Zhongyuan Dahua Chemical Plant,,,E100002018021 [100%],He Zhongyuan Dahua Group Co Ltd [100%],河南中原大化集团有限责任公司 (Chinese),Asia Pacific,30.0,,operating,GChI,GChI,n/a
chemicals,P100000140186,Sinopec Zhongyuan Puyang Refinery,中国石化中原石油化工有限责任公司 (Chinese),Sinopec Zhongyuan Petrochemical Corp Ltd [100%],China;,He,operating,30.0,ethylene; benzene,butene-1; hydrogen; methyl tert-butyl ether (MTBE); polyethylene; polypropylene,,35.764695, 114.979329,https://gem.wiki/Sinopec_Zhongyuan_Puyang_Refinery,"He, China",30.0,30.0,exact,"35.764695, 114.979329",['China'],,CHN,Puyang,Sinopec Zhongyuan Puyang Refinery,,,E100002018357 [100%],Sinopec Zhongyuan Petrochemical Corp Ltd [100%],中国石化中原石油化工有限责任公司 (Chinese),Asia Pacific,30.0,GEPDCHN0022,operating,GChI,GChI,n/a
chemicals,P100000140189,He Jinkai Group Yanhua Chemical Plant,延化公司年产60万吨合成氨80万吨尿素及其配套装置建设项目 (Chinese),He Jinkai Group Yanhua Chemical Co [100%],China;,He,operating,30.0,ammonia; methanol,urea,coal,35.140712, 114.186975,https://gem.wiki/He_Jinkai_Group_Yanhua_Chemical_Plant,"He, China",30.0,30.0,exact,"35.140712, 114.186975",['China'],exact,CHN,Xinxiang,He Jinkai Group Yanhua Chemical Plant,,,E100002018014 [100%],He Jinkai Group Yanhua Chemical Co [100%],河南晋开集团延化化工有限公司 (Chinese),Asia Pacific,30.0,,operating,GChI,GChI,n/a
chemicals,P100000140190,He Xinlianxin Chemical Group Methanol Plant,河南心连心化学工业集团股份有限公司 (Chinese),He Xinlianxin Chemical Industry Group Co [100%],China;,He,operating,30.0,methanol,,,35.241295, 113.901937,https://gem.wiki/He_Xinlianxin_Chemical_Group_Methanol_Plant,"He, China",30.0,30.0,exact,"35.241295, 113.901937",['China'],,CHN,Xinxiang,He Xinlianxin Chemical Group Methanol Plant,,,E100002018019 [100%],He Xinlianxin Chemical Industry Group Co [100%],河南心连心化学工业集团股份有限公司 (Chinese),Asia Pacific,30.0,,operating,GChI,GChI,n/a
chemicals,P100000140193,Xuchang Longi Bioenergy Methanol Plant,许昌隆基生物能源有限公司年产12万吨绿色甲醇项目 (Chinese),Xuchang Longi Bioenergy Co [100%],China;,He,operating,30.0,methanol,,,33.871754, 113.494693,https://gem.wiki/Xuchang_Longi_Bioenergy_Methanol_Plant,"He, China",30.0,30.0,approximate,"33.871754, 113.494693",['China'],,CHN,Xuchang,Xuchang Longi Bioenergy Methanol Plant,,,E100002018404 [100%],Xuchang Longi Bioenergy Co [100%],许昌隆基生物能源有限公司 (Chinese),Asia Pacific,30.0,,operating,GChI,GChI,n/a
chemicals,P100000140194,He Energy Group Yima Park Methanol Plant,河南能源集团义马园区甲醇项目 (Chinese),He Energy Group Co [100%],China;,He,operating,30.0,methanol,,coal,34.716858, 111.908166,https://gem.wiki/He_Energy_Group_Yima_Park_Methanol_Plant,"He, China",30.0,30.0,approximate,"34.716858, 111.908166",['China'],exact,CHN,Yima,He Energy Group Yima Park Methanol Plant,,,E100002018011 [100%],He Energy Group Co [100%],河南能源集团有限公司 (Chinese),Asia Pacific,30.0,,operating,GChI,GChI,n/a
chemicals,P100000140195,He Energy Group Yongcheng Park Methanol Plant,河南能源集团永城园区甲醇项目 (Chinese),He Energy Group Co [100%],China;,He,operating,30.0,methanol,,coal,33.900407, 116.424383,https://gem.wiki/He_Energy_Group_Yongcheng_Park_Methanol_Plant,"He, China",30.0,30.0,approximate,"33.900407, 116.424383",['China'],exact,CHN,Yongcheng,He Energy Group Yongcheng Park Methanol Plant,,,E100002018011 [100%],He Energy Group Co [100%],河南能源集团有限公司 (Chinese),Asia Pacific,30.0,,operating,GChI,GChI,n/a
chemicals,P100000140196,Gongyi Kai Shun Chemical Plant,巩义市凯舜化工有限公司 (Chinese),Gongyi Kai Shun Chemical Co Ltd [100%],China;,He,operating,30.0,benzene; toluene; xylene,,,34.686331, 112.969163,https://gem.wiki/Gongyi_Kai_Shun_Chemical_Plant,"He, China",30.0,30.0,exact,"34.686331, 112.969163",['China'],,CHN,Zhengzhou,Gongyi Kai Shun Chemical Plant,,,E100002017977 [100%],Gongyi Kai Shun Chemical Co Ltd [100%],巩义市凯舜化工有限公司 (Chinese),Asia Pacific,30.0,,operating,GChI,GChI,n/a
chemicals,P100000140197,Haohua Junhua Group Ammonia Plant,昊华骏化集团股份有限公司 (Chinese),Haohua Junhua Group Co Ltd [100%],China;,He,operating,30.0,ammonia,urea,,32.965035, 114.065094,https://gem.wiki/Haohua_Junhua_Group_Ammonia_Plant,"He, China",30.0,30.0,exact,"32.965035, 114.065094",['China'],,CHN,Zhumadian,Haohua Junhua Group Ammonia Plant,,,E100002018001 [100%],Haohua Junhua Group Co Ltd [100%],昊华骏化集团股份有限公司 (Chinese),Asia Pacific,30.0,,operating,GChI,GChI,n/a
chemicals,P100000140198,China Garments Ammonia Plant,新洋丰农业科技股份有限公司 (Chinese),China Garments Co Ltd [100%],China;,Hubei,operating,30.0,ammonia,,,31.237130, 112.223579,https://gem.wiki/China_Garments_Ammonia_Plant,"Hubei, China",30.0,30.0,exact,"31.237130, 112.223579",['China'],,CHN,Jingmen,China Garments Ammonia Plant,,,E100002017925 [100%],China Garments Co Ltd [100%],新洋丰农业科技股份有限公司 (Chinese),Asia Pacific,30.0,,operating,GChI,GChI,n/a
chemicals,P100000140201,Wuhan Yangpu Chemical Plant,武汉市洋浦化工原料有限公司 (Chinese),Wuhan Yangpu Chemical Material Co Ltd [100%],China;,Hubei,operating,30.0,benzene,,,30.597780, 114.141280,https://gem.wiki/Wuhan_Yangpu_Chemical_Plant,"Hubei, China",30.0,30.0,exact,"30.597780, 114.141280",['China'],,CHN,Wuhan,Wuhan Yangpu Chemical Plant,,,E100002018397 [100%],Wuhan Yangpu Chemical Material Co Ltd [100%],武汉市洋浦化工原料有限公司 (Chinese),Asia Pacific,30.0,,operating,GChI,GChI,n/a
chemicals,P100000140203,Sinopec-SK Wuhan Petrochemical Plant,中韩（武汉）石化 (Chinese),Sinopec-SK Petrochemical Co Ltd [100%],China;,Hubei,operating,30.0,ethylene; butadiene,polyethylene; polypropylene,,30.637143, 114.510974,https://gem.wiki/Sinopec-SK_Wuhan_Petrochemical_Plant,"Hubei, China",30.0,30.0,exact,"30.637143, 114.510974",['China'],,CHN,Wuhan,Sinopec-SK Wuhan Petrochemical Plant,,,E100002018358 [100%],Sinopec-SK Petrochemical Co Ltd [100%],中韩（武汉）石油化工有限公司 (Chinese),Asia Pacific,30.0,GEPDCHN0023,operating,GChI,GChI,n/a
chemicals,P100000140204,Wuhan Evergreen Chemical Plant,武汉市常青化工有限责任公司 (Chinese),Wuhan Evergreen Chemical Co Ltd [100%],China;,Hubei,operating,30.0,toluene,,,30.612370, 114.137859,https://gem.wiki/Wuhan_Evergreen_Chemical_Plant,"Hubei, China",30.0,30.0,exact,"30.612370, 114.137859",['China'],,CHN,Wuhan,Wuhan Evergreen Chemical Plant,,,E100002018396 [100%],Wuhan Evergreen Chemical Co Ltd [100%],武汉市常青化工有限责任公司 (Chinese),Asia Pacific,30.0,,operating,GChI,GChI,n/a
chemicals,P100000140205,Hubei Wuxue Xiangyun Ammonia Plant,湖北武穴祥云化工有限公司（简称：祥云化工） (Chinese),Hubei Wuxue Xiangyun Chemical Co [100%],China;,Hubei,operating,30.0,ammonia,ammonium phosphate; formaldehyde; phosphoric acid; resorcinol; sodium fluosilicate; sodium tripolyphosphate; sulfuric acid; triclosan; yellow phosphorus,,29.903607, 115.438224,https://gem.wiki/Hubei_Wuxue_Xiangyun_Ammonia_Plant,"Hubei, China",30.0,30.0,exact,"29.903607, 115.438224",['China'],,CHN,Wuxue,Hubei Wuxue Xiangyun Ammonia Plant,,,E100002018040 [100%],Hubei Wuxue Xiangyun Chemical Co [100%],湖北武穴祥云化工有限公司（简称：祥云化工） (Chinese),Asia Pacific,30.0,,operating,GChI,GChI,n/a
chemicals,P100000140206,Xiangyang Zedong Ammonia Plant,襄阳泽东化工集团有限公司 (Chinese),Xiangyang Zedong Chemical Group Co Ltd,China;,Hubei,operating,30.0,ammonia,,,31.892304, 112.150732,https://gem.wiki/Xiangyang_Zedong_Ammonia_Plant,"Hubei, China",30.0,30.0,exact,"31.892304, 112.150732",['China'],,CHN,Xiangyang,Xiangyang Zedong Ammonia Plant,,,E100002018399,Xiangyang Zedong Chemical Group Co Ltd,襄阳泽东化工集团有限公司 (Chinese),Asia Pacific,30.0,,operating,GChI,GChI,n/a
chemicals,P100000140207,Hubei Shuanghuan Science & Technology Ammonia Plant,湖北双环科技股份有限公司 (Chinese),Hubei Shuanghuan Science & Technology Co [100%],China;,Hubei,operating,30.0,ammonia,,,30.921494, 113.703392,https://gem.wiki/Hubei_Shuanghuan_Science_&_Technology_Ammonia_Plant,"Hubei, China",30.0,30.0,exact,"30.921494, 113.703392",['China'],,CHN,Xiaogan,Hubei Shuanghuan Science & Technology Ammonia Plant,,,E100002018039 [100%],Hubei Shuanghuan Science & Technology Co [100%],湖北双环科技股份有限公司 (Chinese),Asia Pacific,30.0,,operating,GChI,GChI,n/a
chemicals,P100000140208,Xingfa Yidu Eco-Industrial Park Ammonia Plant,兴发宜都绿色生态产业园合成氨项目 (Chinese),Hubei Xingfa Chemical Group [100%],China;,Hubei,operating,30.0,ammonia,,coal,30.273326, 111.523765,https://gem.wiki/Xingfa_Yidu_Eco-Industrial_Park_Ammonia_Plant,"Hubei, China",30.0,30.0,exact,"30.273326, 111.523765",['China'],exact,CHN,Yichang,Xingfa Yidu Eco-Industrial Park Ammonia Plant,,,E100000156895 [100%],Hubei Xingfa Chemical Group [100%],湖北兴发化工集团股份有限公司 (Chinese),Asia Pacific,30.0,,operating,GChI,GChI,n/a
chemicals,P100000140209,Hubei Yihua Ammonia Plant,湖北宜化化工股份有限公司 (Chinese),Hubei Yihua Chemical Group [100%],China;,Hubei,operating,30.0,ammonia,ammonium phosphate; caustic soda; pentaerythritol; polyvinyl chloride (PVC); urea,coal,30.495925, 111.454722,https://gem.wiki/Hubei_Yihua_Ammonia_Plant,"Hubei, China",30.0,30.0,exact,"30.495925, 111.454722",['China'],exact,CHN,Yichang,Hubei Yihua Ammonia Plant,,,E100002018041 [100%],Hubei Yihua Chemical Group [100%],湖北宜化化工股份有限公司 (Chinese),Asia Pacific,30.0,,operating,GChI,GChI,n/a
chemicals,P100000140210,Hubei Sanning Ammonia Plant,湖北三宁化工股份有限公司 (Chinese),Hubei Sanning Chemical Co [100%],China;,Hubei,operating,30.0,ammonia,urea,coal,30.371894, 111.646425,https://gem.wiki/Hubei_Sanning_Ammonia_Plant,"Hubei, China",30.0,30.0,exact,"30.371894, 111.646425",['China'],exact,CHN,Yichang,Hubei Sanning Ammonia Plant,,,E100002018037 [100%],Hubei Sanning Chemical Co [100%],湖北三宁化工股份有限公司 (Chinese),Asia Pacific,30.0,,operating,GChI,GChI,n/a
chemicals,P100000140212,Huaqiang Chemical Group Ammonia Plant,华强化工集团股份有限公司 (Chinese),Huaqiang Chemical Group Co Ltd [100%],China;,Hubei,operating,30.0,ammonia,,coal,30.824233, 111.830927,https://gem.wiki/Huaqiang_Chemical_Group_Ammonia_Plant,"Hubei, China",30.0,30.0,exact,"30.824233, 111.830927",['China'],exact,CHN,Yichang,Huaqiang Chemical Group Ammonia Plant,,,E100002018035 [100%],Huaqiang Chemical Group Co Ltd [100%],华强化工集团股份有限公司 (Chinese),Asia Pacific,30.0,,operating,GChI,GChI,n/a
chemicals,P100000140213,Yingcheng Xindu Ammonia Plant,应城市新都化工有限责任公司 (Chinese),Yingcheng Xindu Chemical Co [100%],China;,Hubei,operating,30.0,ammonia,,coal,30.940098, 113.581035,https://gem.wiki/Yingcheng_Xindu_Ammonia_Plant,"Hubei, China",30.0,30.0,exact,"30.940098, 113.581035",['China'],exact,CHN,Yingcheng,Yingcheng Xindu Ammonia Plant,,,E100002018423 [100%],Yingcheng Xindu Chemical Co [100%],应城市新都化工有限责任公司 (Chinese),Asia Pacific,30.0,,operating,GChI,GChI,n/a
chemicals,P100000140214,Sinopec Hubei Fertilizer Ammonia Plant,中石化湖北化肥 20 万吨 / 年合成气制乙二醇 (Chinese),Hubei Fertilizer Branch of China Petroleum & Chemical Corporation [100%],China;,Hubei,operating,30.0,ammonia,ethylene glycol; urea,coal,30.421739, 111.774061,https://gem.wiki/Sinopec_Hubei_Fertilizer_Ammonia_Plant,"Hubei, China",30.0,30.0,exact,"30.421739, 111.774061",['China'],exact,CHN,Zhijiang,Sinopec Hubei Fertilizer Ammonia Plant,,,E100002018036 [100%],Hubei Fertilizer Branch of China Petroleum & Chemical Corporation [100%],中国石油化工股份有限公司湖北化肥分公司 (Chinese),Asia Pacific,30.0,,operating,GChI,GChI,n/a
chemicals,P100000140215,Hanshou Xinhua Lian Petrochemical Plant,汉寿新华联石油化工有限公司 (Chinese),Hanshou Xinhua Lian Petrochemical Co [100%],China;,Hu,operating,30.0,benzene; xylene; methanol,ethanol,,28.809513, 112.213895,https://gem.wiki/Hanshou_Xinhua_Lian_Petrochemical_Plant,"Hu, China",30.0,30.0,approximate,"28.809513, 112.213895",['China'],,CHN,Changde,Hanshou Xinhua Lian Petrochemical Plant,,,E100002017999 [100%],Hanshou Xinhua Lian Petrochemical Co [100%],汉寿新华联石油化工有限公司 (Chinese),Asia Pacific,30.0,,operating,GChI,GChI,n/a
chemicals,P100000140216,Heng Xiangyang Chemical Plant,衡南县向阳化工厂 (Chinese),Heng Xiangyang Chemical Factory [100%],China;,Hu,operating,30.0,benzene,,,26.652541, 112.735242,https://gem.wiki/Heng_Xiangyang_Chemical_Plant,"Hu, China",30.0,30.0,approximate,"26.652541, 112.735242",['China'],,CHN,Hengyang,Heng Xiangyang Chemical Plant,,,E100002018023 [100%],Heng Xiangyang Chemical Factory [100%],衡南县向阳化工厂 (Chinese),Asia Pacific,30.0,,operating,GChI,GChI,n/a
chemicals,P100000140217,Sinopec Baling Ammonia Plant,中石化巴陵石油化工有限公司 (Chinese),Sinopec Baling Petrochemical Co Ltd [100%],China;,Hu,operating,30.0,ammonia,,coal,29.840139, 113.111724,https://gem.wiki/Sinopec_Baling_Ammonia_Plant,"Hu, China",30.0,30.0,exact,"29.840139, 113.111724",['China'],exact,CHN,Yueyang,Sinopec Baling Ammonia Plant,,,E100002018342 [100%],Sinopec Baling Petrochemical Co Ltd [100%],中石化巴陵石油化工有限公司 (Chinese),Asia Pacific,30.0,,operating,GChI,GChI,n/a
chemicals,P100000140218,Sinopec Changling Refining and Chemical Plant,中国石油化工股份有限公司长岭分公司 (Chinese),Sinopec Changling Branch [100%],China;,Hu,operating,30.0,benzene; toluene; xylene,,crude oil,29.542833, 113.377937,https://gem.wiki/Sinopec_Changling_Refining_and_Chemical_Plant,"Hu, China",30.0,30.0,exact,"29.542833, 113.377937",['China'],exact,CHN,Yueyang,Sinopec Changling Refining and Chemical Plant,,,E100002018345 [100%],Sinopec Changling Branch [100%],中国石油化工股份有限公司长岭分公司 (Chinese),Asia Pacific,30.0,,operating,GChI,GChI,n/a
chemicals,P100000140219,Hu Zhongling Chemical Plant,湖南中岭化工有限责任公司 (Chinese),Hu Zhongling Chemical Co [100%],China;,Hu,operating,30.0,benzene; xylene,,,29.542208, 113.375045,https://gem.wiki/Hu_Zhongling_Chemical_Plant,"Hu, China",30.0,30.0,exact,"29.542208, 113.375045",['China'],,CHN,Yueyang,Hu Zhongling Chemical Plant,,,E100002018045 [100%],Hu Zhongling Chemical Co [100%],湖南中岭化工有限责任公司 (Chinese),Asia Pacific,30.0,,operating,GChI,GChI,n/a
chemicals,P100000140220,Sinopec Yueyang Ethylene Plant,岳阳乙烯项目 (Chinese),China Petroleum and Chemical Corporation [100%],China;,Hu,operating,30.0,ethylene,ethylene-vinyl acetate (EVA); high-density polyethylene (HDPE),,29.549646, 113.368596,https://gem.wiki/Sinopec_Yueyang_Ethylene_Plant,"Hu, China",30.0,30.0,approximate,"29.549646, 113.368596",['China'],,CHN,Yueyang,Sinopec Yueyang Ethylene Plant,,,E100000188939 [100%],China Petroleum and Chemical Corporation [100%],中国石化集团公司 (Chinese),Asia Pacific,30.0,,operating,GChI,GChI,n/a
chemicals,P100000140221,Baotou Shuimu Mingtuo Green Ammonia Plant,内蒙古包头市达尔罕茂明安联合旗国际氢能冶金化工产业示范区日产1800吨绿氨项目 (Chinese),Shuimu Mingtuo Hydrogen Energy Technology Co Ltd; Topsoe International Co Ltd,China;,Inner Mongolia,operating,30.0,ammonia,,green hydrogen,41.691958,110.427195,https://gem.wiki/Baotou_Shuimu_Mingtuo_Green_Ammonia_Plant,"Inner Mongolia, China",30.0,30.0,approximate,"41.691958,110.427195",['China'],exact,CHN,Baotou,Baotou Shuimu Mingtuo Green Ammonia Plant,,,E100002018329; E100002018386,Shuimu Mingtuo Hydrogen Energy Technology Co Ltd; Topsoe International Co Ltd,水木明拓氢能源科技有限公司;(丹麦)托普索国际公司 (Chinese),Asia Pacific,30.0,,operating,GChI,GChI,n/a
chemicals,P100000140222,Baotou Xiongshi Ammonia Plant,包头市雄狮化工有 (Chinese),Baotou Xiongshi Chemical Co Ltd [100%],China;,Inner Mongolia,operating,30.0,ammonia,fertilizer (unknown type),,40.542742, 110.497652,https://gem.wiki/Baotou_Xiongshi_Ammonia_Plant,"Inner Mongolia, China",30.0,30.0,approximate,"40.542742, 110.497652",['China'],,CHN,Baotou,Baotou Xiongshi Ammonia Plant,,,E100002017893 [100%],Baotou Xiongshi Chemical Co Ltd [100%],包头市雄狮化工有 (Chinese),Asia Pacific,30.0,,operating,GChI,GChI,n/a
chemicals,P100000140223,Zhongjiao (Inner Mongolia) New Material Chemical Plant,中胶(内蒙古)新材料有限责任公司 (Chinese),Zhongjiao Inner Mongolia New Material Co Ltd [100%],China;,Inner Mongolia,operating,30.0,butadiene,,,40.648827,109.876295,https://gem.wiki/Zhongjiao_(Inner_Mongolia)_New_Material_Chemical_Plant,"Inner Mongolia, China",30.0,30.0,approximate,"40.648827,109.876295",['China'],,CHN,Baotou,Zhongjiao (Inner Mongolia) New Material Chemical Plant,,,E100002018449 [100%],Zhongjiao Inner Mongolia New Material Co Ltd [100%],中胶(内蒙古)新材料有限责任公司 (Chinese),Asia Pacific,30.0,,operating,GChI,GChI,n/a
chemicals,P100000140224,Shenhua Baotou Coal-to-Olefins Plant,神华包头煤制烯烃项目 (Chinese),Guoneng Baotou Coal Chemical Co Ltd [100%],China;,Inner Mongolia,operating,30.0,methanol; olefins (unknown type),,coal,40.608307, 109.640400,https://gem.wiki/Shenhua_Baotou_Coal-to-Olefins_Plant,"Inner Mongolia, China",30.0,30.0,exact,"40.608307, 109.640400",['China'],exact,CHN,Baotou,Shenhua Baotou Coal-to-Olefins Plant,,,E100002017988 [100%],Guoneng Baotou Coal Chemical Co Ltd [100%],国能包头煤化工有限责任公司 (Chinese),Asia Pacific,30.0,,operating,GChI,GChI,n/a
chemicals,P100000140225,Baotou Coal Chemical Coal-to-Olefins Plant,包头煤化工煤制烯烃项目 (Chinese),China Shenhua Energy Company Limited [100%],China;,Inner Mongolia,operating,30.0,olefins (unknown type),polypropylene,coal,40.608152, 109.683116,https://gem.wiki/Baotou_Coal_Chemical_Coal-to-Olefins_Plant,"Inner Mongolia, China",30.0,30.0,exact,"40.608152, 109.683116",['China'],exact,CHN,Baotou,Baotou Coal Chemical Coal-to-Olefins Plant,,,E100000000175 [100%],China Shenhua Energy Company Limited [100%],中国神华能源股份有限公司 (Chinese),Asia Pacific,30.0,,operating,GChI,GChI,n/a
chemicals,P100000140226,Sany Heavy Energy Bayannur Green Ammonia Plant,三一重能乌拉特中旗风光氢储氨一体化示范项目 (Chinese),Sany Heavy Energy Co [100%],China;,Inner Mongolia,operating,30.0,ammonia,,green hydrogen,42.411575, 107.579337,https://gem.wiki/Sany_Heavy_Energy_Bayannur_Green_Ammonia_Plant,"Inner Mongolia, China",30.0,30.0,approximate,"42.411575, 107.579337",['China'],exact,CHN,Bayannur,Sany Heavy Energy Bayannur Green Ammonia Plant,,,E100000160997 [100%],Sany Heavy Energy Co [100%],三一重能股份有限公司 (Chinese),Asia Pacific,30.0,,operating,GChI,GChI,n/a
chemicals,P100000140227,Envision Chifeng Green Ammonia Plant,远景赤峰152万吨/年零碳氢氨项目 (Chinese),Envision Zero Carbon Technology Co [100%],China;,Inner Mongolia,operating,30.0,ammonia,,green hydrogen,42.042225, 119.299511,https://gem.wiki/Envision_Chifeng_Green_Ammonia_Plant,"Inner Mongolia, China",30.0,30.0,approximate,"42.042225, 119.299511",['China'],exact,CHN,Chifeng,Envision Chifeng Green Ammonia Plant,,,E100001013981 [100%],Envision Zero Carbon Technology Co [100%],远景零碳技术（赤峰）有限公司 (Chinese),Asia Pacific,30.0,,operating,GChI,GChI,n/a
chemicals,P100000140228,Inner Mongolia Shenfeng Green Ammonia Plant,内蒙古深丰绿氨化工年产15万吨绿氢合成绿氨项目 (Chinese),Inner Mongolia Shenfeng Green Ammonia Chemical Co [100%],China;,Inner Mongolia,operating,30.0,ammonia,,green hydrogen,43.611802, 118.033553,https://gem.wiki/Inner_Mongolia_Shenfeng_Green_Ammonia_Plant,"Inner Mongolia, China",30.0,30.0,approximate,"43.611802, 118.033553",['China'],exact,CHN,Chifeng,Inner Mongolia Shenfeng Green Ammonia Plant,,,E100002018072 [100%],Inner Mongolia Shenfeng Green Ammonia Chemical Co [100%],内蒙古深丰绿氨化工有限公司 (Chinese),Asia Pacific,30.0,,operating,GChI,GChI,n/a
chemicals,P100000140229,CNOOC Tianye Ammonia Plant,中海石油天野化工有限责任公司 (Chinese),CNOOC Tianye Chemical Co [100%],China;,Inner Mongolia,operating,30.0,ammonia,urea,,40.880731, 111.713171,https://gem.wiki/CNOOC_Tianye_Ammonia_Plant,"Inner Mongolia, China",30.0,30.0,exact,"40.880731, 111.713171",['China'],,CHN,Hohhot,CNOOC Tianye Ammonia Plant,,,E100002017912 [100%],CNOOC Tianye Chemical Co [100%],中海石油天野化工有限责任公司 (Chinese),Asia Pacific,30.0,,operating,GChI,GChI,n/a
chemicals,P100000140230,Hohhot Xuyang Zhongran Energy Chemical Plant,呼和浩特旭阳中燃 (Chinese),Hohhot Xuyang Zhongran Energy Co [100%],China;,Inner Mongolia,operating,30.0,ammonia; benzene,,coal,40.169556,111.415087,https://gem.wiki/Hohhot_Xuyang_Zhongran_Energy_Chemical_Plant,"Inner Mongolia, China",30.0,30.0,exact,"40.169556,111.415087",['China'],exact,CHN,Hohhot,Hohhot Xuyang Zhongran Energy Chemical Plant,,,E100002018028 [100%],Hohhot Xuyang Zhongran Energy Co [100%],呼和浩特旭阳中燃能源有限公司 (Chinese),Asia Pacific,30.0,,operating,GChI,GChI,n/a
chemicals,P100000140231,PetroChina Hohhot Petrochemical Plant,中国石油天然气股份有限公司呼和浩特石化分公司 (Chinese),PetroChina Hohhot Petrochemical Branch [100%],China;,Inner Mongolia,operating,30.0,benzene,,crude oil,40.829238, 111.738061,https://gem.wiki/PetroChina_Hohhot_Petrochemical_Plant,"Inner Mongolia, China",30.0,30.0,exact,"40.829238, 111.738061",['China'],exact,CHN,Hohhot,PetroChina Hohhot Petrochemical Plant,,,E100002018227 [100%],PetroChina Hohhot Petrochemical Branch [100%],中国石油天然气股份有限公司呼和浩特石化分公司 (Chinese),Asia Pacific,30.0,,operating,GChI,GChI,n/a
chemicals,P100000140233,Hulunbeier Jinxin Ammonia Plant,呼伦贝尔金新化工有限公司 (Chinese),Hulunbeier Jinxin Chemical Co [100%],China;,Inner Mongolia,operating,30.0,ammonia,urea,coal,49.356232, 119.635226,https://gem.wiki/Hulunbeier_Jinxin_Ammonia_Plant,"Inner Mongolia, China",30.0,30.0,exact,"49.356232, 119.635226",['China'],exact,CHN,Hulunbuir,Hulunbeier Jinxin Ammonia Plant,,,E100002018044 [100%],Hulunbeier Jinxin Chemical Co [100%],呼伦贝尔金新化工有限公司 (Chinese),Asia Pacific,30.0,,operating,GChI,GChI,n/a
chemicals,P100000140234,Inner Mongolia Yuanxing Energy Ammonia Plant,内蒙古远兴能源股份有限公司 (Chinese),Inner Mongolia Yuanxing Energy Co [100%],China;,Inner Mongolia,operating,30.0,ammonia,urea,natural gas,39.827956, 109.978095,https://gem.wiki/Inner_Mongolia_Yuanxing_Energy_Ammonia_Plant,"Inner Mongolia, China",30.0,30.0,exact,"39.827956, 109.978095",['China'],exact,CHN,Ordos,Inner Mongolia Yuanxing Energy Ammonia Plant,,,E100000127436 [100%],Inner Mongolia Yuanxing Energy Co [100%],内蒙古远兴能源股份有限公司 (Chinese),Asia Pacific,30.0,,operating,GChI,GChI,n/a
chemicals,P100000140235,Inner Mongolia Ordos United Ammonia Plant,内蒙古鄂尔多斯联合化工有限公司 (Chinese),Inner Mongolia Ordos United Chemical Co Ltd [100%],China;,Inner Mongolia,operating,30.0,ammonia,urea,natural gas,39.359010, 106.979093,https://gem.wiki/Inner_Mongolia_Ordos_United_Ammonia_Plant,"Inner Mongolia, China",30.0,30.0,exact,"39.359010, 106.979093",['China'],exact,CHN,Ordos,Inner Mongolia Ordos United Ammonia Plant,,,E100002018069 [100%],Inner Mongolia Ordos United Chemical Co Ltd [100%],内蒙古鄂尔多斯联合化工有限公司 (Chinese),Asia Pacific,30.0,,operating,GChI,GChI,n/a
chemicals,P100000140236,Inner Mongolia Bodai Field Ammonia Plant,内蒙古博大实地化学有限公司 (Chinese),Inner Mongolia Bodai Field Chemical Co Ltd [100%],China;,Inner Mongolia,operating,30.0,ammonia,urea,coal,38.252184, 108.835770,https://gem.wiki/Inner_Mongolia_Bodai_Field_Ammonia_Plant,"Inner Mongolia, China",30.0,30.0,exact,"38.252184, 108.835770",['China'],exact,CHN,Ordos,Inner Mongolia Bodai Field Ammonia Plant,,,E100002018063 [100%],Inner Mongolia Bodai Field Chemical Co Ltd [100%],内蒙古博大实地化学有限公司 (Chinese),Asia Pacific,30.0,,operating,GChI,GChI,n/a
chemicals,P100000140237,Ordos Electric Power & Metallurgical Group Ammonia Plant,内蒙古鄂尔多斯化学工业有限公司 (Chinese),Ordos Electric Power & Metallurgical Group Co Ltd [100%],China;,Inner Mongolia,operating,30.0,ammonia,urea,natural gas,39.373621, 107.016884,https://gem.wiki/Ordos_Electric_Power_&_Metallurgical_Group_Ammonia_Plant,"Inner Mongolia, China",30.0,30.0,approximate,"39.373621, 107.016884",['China'],exact,CHN,Ordos,Ordos Electric Power & Metallurgical Group Ammonia Plant,,,E100002018191 [100%],Ordos Electric Power & Metallurgical Group Co Ltd [100%],鄂尔多斯电力冶金集团股份有限公司[100%] (Chinese),Asia Pacific,30.0,,operating,GChI,GChI,n/a
chemicals,P100000140238,Inner Mongolia Yuanxing Energy United Chemical Plant,内蒙古远兴能源股份有限公司 (Chinese),Inner Mongolia Yuanxing Energy Co [100%],China;,Inner Mongolia,operating,30.0,ammonia; methanol,caustic soda; dimethyl ether; dimethylformamide (DMF); formaldehyde; soda ash; urea,natural gas,39.827882, 109.978159,https://gem.wiki/Inner_Mongolia_Yuanxing_Energy_United_Chemical_Plant,"Inner Mongolia, China",30.0,30.0,exact,"39.827882, 109.978159",['China'],exact,CHN,Ordos,Inner Mongolia Yuanxing Energy United Chemical Plant,,,E100000127436 [100%],Inner Mongolia Yuanxing Energy Co [100%],内蒙古远兴能源股份有限公司 (Chinese),Asia Pacific,30.0,,operating,GChI,GChI,n/a
chemicals,P100000140239,Inner Mongolia Dongri New Energy Chemical Plant,内蒙古东日新能源有限公司 (Chinese),Inner Mongolia Dongri New Energy Co [100%],China;,Inner Mongolia,operating,30.0,benzene,,coal,39.470160, 107.134501,https://gem.wiki/Inner_Mongolia_Dongri_New_Energy_Chemical_Plant,"Inner Mongolia, China",30.0,30.0,exact,"39.470160, 107.134501",['China'],exact,CHN,Ordos,Inner Mongolia Dongri New Energy Chemical Plant,,,E100002018067 [100%],Inner Mongolia Dongri New Energy Co [100%],内蒙古东日新能源有限公司 (Chinese),Asia Pacific,30.0,,operating,GChI,GChI,n/a
chemicals,P100000140240,Inner Mongolia Hengkun Chemical Plant,内蒙古恒坤化工有限公司 (Chinese),Inner Mongolia Hengkun Chemical Co [100%],China;,Inner Mongolia,operating,30.0,benzene,,coal,38.322668, 106.537268,https://gem.wiki/Inner_Mongolia_Hengkun_Chemical_Plant,"Inner Mongolia, China",30.0,30.0,exact,"38.322668, 106.537268",['China'],exact,CHN,Ordos,Inner Mongolia Hengkun Chemical Plant,,,E100002018068 [100%],Inner Mongolia Hengkun Chemical Co [100%],内蒙古恒坤化工有限公司 (Chinese),Asia Pacific,30.0,,operating,GChI,GChI,n/a
chemicals,P100000140241,Jiutai Energy (Zunigeer) Methanol to Olefins Project Plant,久泰能源(准格尔)有限公司甲醇制烯烃项目 (Chinese),Jiutai Energy Zunike Co Ltd [100%],China;,Inner Mongolia,operating,30.0,butadiene,polyethylene; polypropylene,methanol,40.050211, 111.279560,https://gem.wiki/Jiutai_Energy_(Zunigeer)_Methanol_to_Olefins_Project_Plant,"Inner Mongolia, China",30.0,30.0,exact,"40.050211, 111.279560",['China'],exact,CHN,Ordos,Jiutai Energy (Zunigeer) Methanol to Olefins Project Plant,,,E100002018093 [100%],Jiutai Energy Zunike Co Ltd [100%],久泰能源（准格尔）有限公司 (Chinese),Asia Pacific,30.0,,operating,GChI,GChI,n/a
chemicals,P100000140242,Inner Mongolia Zhongmei Mengda New Energy Chemical Plant,内蒙古中煤蒙大180万吨/年甲醇制60万吨/年烯烃 (Chinese),Inner Mongolia Zhongmei Mengda New Energy Chemical Co Ltd [100%],China;,Inner Mongolia,operating,30.0,ethylene; propylene,1-butene; methyl tert-butyl ether (MTBE); polyethylene; polypropylene,methanol,39.250659, 108.970713,https://gem.wiki/Inner_Mongolia_Zhongmei_Mengda_New_Energy_Chemical_Plant,"Inner Mongolia, China",30.0,30.0,exact,"39.250659, 108.970713",['China'],exact,CHN,Ordos,Inner Mongolia Zhongmei Mengda New Energy Chemical Plant,,,E100002018074 [100%],Inner Mongolia Zhongmei Mengda New Energy Chemical Co Ltd [100%],内蒙古中煤蒙大新能源化工有限公司 (Chinese),Asia Pacific,30.0,,operating,GChI,GChI,n/a
chemicals,P100000140243,Ordos City Xinhang Energy Coal-to-Methanol Plant,鄂尔多斯市新杭能源30 万吨 / 年煤制乙二醇 (Chinese),Ordos Xinhang Energy Co Ltd [100%],China;,Inner Mongolia,operating,30.0,methanol,ethylene glycol,coal,40.502549, 108.725176,https://gem.wiki/Ordos_City_Xinhang_Energy_Coal-to-Methanol_Plant,"Inner Mongolia, China",30.0,30.0,exact,"40.502549, 108.725176",['China'],exact,CHN,Ordos,Ordos City Xinhang Energy Coal-to-Methanol Plant,,,E100002018193 [100%],Ordos Xinhang Energy Co Ltd [100%],鄂尔多斯市新杭能源有限公司 (Chinese),Asia Pacific,30.0,,operating,GChI,GChI,n/a
chemicals,P100000140244,Inner Mongolia Boyuan United Methanol Plant,内蒙古博源联合化工有限公司100万吨级天然气制甲醇 (Chinese),Inner Mongolia Boyuan United Chemical Co [100%],China;,Inner Mongolia,operating,30.0,methanol,,natural gas,39.233721, 109.023498,https://gem.wiki/Inner_Mongolia_Boyuan_United_Methanol_Plant,"Inner Mongolia, China",30.0,30.0,approximate,"39.233721, 109.023498",['China'],exact,CHN,Ordos,Inner Mongolia Boyuan United Methanol Plant,,,E100002018064 [100%],Inner Mongolia Boyuan United Chemical Co [100%],内蒙古博源联合化工有限公司 (Chinese),Asia Pacific,30.0,,operating,GChI,GChI,n/a
chemicals,P100000140245,Shandong Energy Inner Mongolia Rongxin Coal-to-Methanol Plant,山东能源内蒙古荣信化工一期90万吨/年煤制甲醇项目 (Chinese),Inner Mongolia Rongxin Chemical Co [100%],China;,Inner Mongolia,operating,30.0,methanol,,coal,39.650425, 109.724022,https://gem.wiki/Shandong_Energy_Inner_Mongolia_Rongxin_Coal-to-Methanol_Plant,"Inner Mongolia, China",30.0,30.0,approximate,"39.650425, 109.724022",['China'],exact,CHN,Ordos,Shandong Energy Inner Mongolia Rongxin Coal-to-Methanol Plant,,,E100002018070 [100%],Inner Mongolia Rongxin Chemical Co [100%],内蒙古荣信化工有限公司 (Chinese),Asia Pacific,30.0,,operating,GChI,GChI,n/a
chemicals,P100000140246,Xinao Xinneng Coal-to-Methanol Plant,新奥新能化工60万吨甲醇/年项目 (Chinese),XinAo Group Co Ltd [100%],China;,Inner Mongolia,operating,30.0,methanol,,coal,40.348182, 110.274685,https://gem.wiki/Xinao_Xinneng_Coal-to-Methanol_Plant,"Inner Mongolia, China",30.0,30.0,approximate,"40.348182, 110.274685",['China'],exact,CHN,Ordos,Xinao Xinneng Coal-to-Methanol Plant,,,E100002018401 [100%],XinAo Group Co Ltd [100%],新奥集团股份有限公司 (Chinese),Asia Pacific,30.0,,operating,GChI,GChI,n/a
chemicals,P100000140247,Inner Mongolia Donghua Coal to-Methanol Plant,内蒙古东华能源1200kt/a煤制甲醇项目 (Chinese),Inner Mongolia Donghua Energy Co [100%],China;,Inner Mongolia,operating,30.0,methanol,,coal,39.786753, 110.101049,https://gem.wiki/Inner_Mongolia_Donghua_Coal_to-Methanol_Plant,"Inner Mongolia, China",30.0,30.0,approximate,"39.786753, 110.101049",['China'],exact,CHN,Ordos,Inner Mongolia Donghua Coal to-Methanol Plant,,,E100002018066 [100%],Inner Mongolia Donghua Energy Co [100%],内蒙古东华能源有限贵任公司 (Chinese),Asia Pacific,30.0,,operating,GChI,GChI,n/a
chemicals,P100000140248,Inner Mongolia China Coal Yuanxing Methanol Plant,内蒙古中煤远兴能源化工60万吨甲醇项目 (Chinese),Inner Mongolia China Coal Yuanxing Energy & Chemical Co [100%],China;,Inner Mongolia,operating,30.0,methanol,,coal,38.601423, 108.831280,https://gem.wiki/Inner_Mongolia_China_Coal_Yuanxing_Methanol_Plant,"Inner Mongolia, China",30.0,30.0,approximate,"38.601423, 108.831280",['China'],exact,CHN,Ordos,Inner Mongolia China Coal Yuanxing Methanol Plant,,,E100002018065 [100%],Inner Mongolia China Coal Yuanxing Energy & Chemical Co [100%],内蒙古中煤远兴能源化工有限公司 (Chinese),Asia Pacific,30.0,,operating,GChI,GChI,n/a
chemicals,P100000140249,Ordos Haohua Guotai Coal-to-Methanol Plant,鄂尔多斯市昊华国泰化工有限公司40万吨甲醇 (Chinese),Ordos Haohua Guotai Chemical Co [100%],China;,Inner Mongolia,operating,30.0,methanol,,coal,40.471307, 108.969689,https://gem.wiki/Ordos_Haohua_Guotai_Coal-to-Methanol_Plant,"Inner Mongolia, China",30.0,30.0,exact,"40.471307, 108.969689",['China'],exact,CHN,Ordos,Ordos Haohua Guotai Coal-to-Methanol Plant,,,E100002018192 [100%],Ordos Haohua Guotai Chemical Co [100%],鄂尔多斯市昊华国泰化工有限公司 (Chinese),Asia Pacific,30.0,,operating,GChI,GChI,n/a
chemicals,P100000140250,Inner Mongolia Yigao Coal-to-Methanol Plant,内蒙古易高煤化科技有限公司 (Chinese),Inner Mongolia Yigao Coal Chemical Technology Co Ltd [100%],China;,Inner Mongolia,operating,30.0,methanol,light hydrocarbons,coal,40.049246, 111.293622,https://gem.wiki/Inner_Mongolia_Yigao_Coal-to-Methanol_Plant,"Inner Mongolia, China",30.0,30.0,exact,"40.049246, 111.293622",['China'],exact,CHN,Ordos,Inner Mongolia Yigao Coal-to-Methanol Plant,,,E100002018073 [100%],Inner Mongolia Yigao Coal Chemical Technology Co Ltd [100%],内蒙古易高煤化科技有限公司 (Chinese),Asia Pacific,30.0,,operating,GChI,GChI,n/a
chemicals,P100000140252,Inner Mongolia Baofeng Energy Coal-to-Olefins Plant,内蒙古宝丰能源煤基新材料项目年产300万吨聚烯烃的一期项目 (Chinese),Inner Mongolia Baofeng Coal-based New Materials Co Ltd [100%],China;,Inner Mongolia,operating,30.0,olefins (unknown type),,coal,38.598103, 108.837663,https://gem.wiki/Inner_Mongolia_Baofeng_Energy_Coal-to-Olefins_Plant,"Inner Mongolia, China",30.0,30.0,approximate,"38.598103, 108.837663",['China'],exact,CHN,Ordos,Inner Mongolia Baofeng Energy Coal-to-Olefins Plant,,,E100001011941 [100%],Inner Mongolia Baofeng Coal-based New Materials Co Ltd [100%],内蒙古宝丰煤基新材料有限公司 (Chinese),Asia Pacific,30.0,,operating,GChI,GChI,n/a
chemicals,P100000140253,Zhongtian Hechuang Coal-to-Chemicals Plant,中天合创360万吨/年甲醇项目 (Chinese),Zhongtian Hechuang Energy Co [100%],China;,Inner Mongolia,operating,30.0,propylene; methanol,,coal,38.743171, 109.099912,https://gem.wiki/Zhongtian_Hechuang_Coal-to-Chemicals_Plant,"Inner Mongolia, China",30.0,30.0,exact,"38.743171, 109.099912",['China'],exact,CHN,Ordos,Zhongtian Hechuang Coal-to-Chemicals Plant,,,E100000122184 [100%],Zhongtian Hechuang Energy Co [100%],中天合创能源有限责任公司 (Chinese),Asia Pacific,30.0,,operating,GChI,GChI,n/a
chemicals,P100000140257,Datang Duolun Coal-to-Olefins Plant,大唐多伦46万吨/年煤基烯烃项目 (Chinese),Datang Inner Mongolia Duolun Coal Chemical Co Ltd [100%},China;,Inner Mongolia,operating,30.0,propylene; methanol,polypropylene,coal,42.201830, 116.505522,https://gem.wiki/Datang_Duolun_Coal-to-Olefins_Plant,"Inner Mongolia, China",30.0,30.0,approximate,"42.201830, 116.505522",['China'],exact,CHN,Xilin Gol League,Datang Duolun Coal-to-Olefins Plant,,,E100000122276 [100%],Datang Inner Mongolia Duolun Coal Chemical Co Ltd [100%},大唐内蒙古多伦煤化工有限责任公司 (Chinese),Asia Pacific,30.0,,operating,GChI,GChI,n/a
chemicals,P100000140258,Changshu Lvshe Chemical Plant,常熟市吕舍化工厂 (Chinese),Changshu Lvshe Chemical Factory [100%],China;,Jiangsu,operating,30.0,benzene,,,31.595352, 120.678488,https://gem.wiki/Changshu_Lvshe_Chemical_Plant,"Jiangsu, China",30.0,30.0,exact,"31.595352, 120.678488",['China'],,CHN,Changshu,Changshu Lvshe Chemical Plant,,,E100002017922 [100%],Changshu Lvshe Chemical Factory [100%],常熟市吕舍化工厂 (Chinese),Asia Pacific,30.0,,operating,GChI,GChI,n/a
chemicals,P100000140260,Jiangsu Debang Xinghua Ammonia Plant,江苏德邦兴华化工科技 (Chinese),Jiangsu Debang Xinghua Chemical Co Ltd [100%],China;,Jiangsu,operating,30.0,ammonia,,coal,34.582034, 119.150899,https://gem.wiki/Jiangsu_Debang_Xinghua_Ammonia_Plant,"Jiangsu, China",30.0,30.0,exact,"34.582034, 119.150899",['China'],exact,CHN,Lianyungang,Jiangsu Debang Xinghua Ammonia Plant,,,E100002018082 [100%],Jiangsu Debang Xinghua Chemical Co Ltd [100%],江苏德邦兴华化工科技 (Chinese),Asia Pacific,30.0,,operating,GChI,GChI,n/a
chemicals,P100000140261,Lianyungang Petrochemical Plant,连云港石化有限公司 (Chinese),Lianyungang Petrochemical Co Ltd [100%],China;,Jiangsu,operating,30.0,ethylene,ethylene glycol; ethylene oxide; polyethylene,ethane,34.469637, 119.756822,https://gem.wiki/Lianyungang_Petrochemical_Plant,"Jiangsu, China",30.0,30.0,exact,"34.469637, 119.756822",['China'],exact,CHN,Lianyungang,Lianyungang Petrochemical Plant,,,E100002018124 [100%],Lianyungang Petrochemical Co Ltd [100%],连云港石化有限公司 (Chinese),Asia Pacific,30.0,GEPDCHN0024,operating,GChI,GChI,n/a
chemicals,P100000140262,Jiangsu Srbang Petrochemical Plant,斯尔邦醇基多联产项目 (Chinese),Jiangsu Srbang Petrochemical Co [100%],China;,Jiangsu,operating,30.0,ethylene; propylene,,methanol,34.615270, 119.547872,https://gem.wiki/Jiangsu_Srbang_Petrochemical_Plant,"Jiangsu, China",30.0,30.0,approximate,"34.615270, 119.547872",['China'],exact,CHN,Lianyungang,Jiangsu Srbang Petrochemical Plant,,,E100002018087 [100%],Jiangsu Srbang Petrochemical Co [100%],江苏斯尔邦石化有限公司 (Chinese),Asia Pacific,30.0,,operating,GChI,GChI,n/a
chemicals,P100000140263,Jiangsu Shenghong Petrochemical Plant,盛虹炼化一体化项目 (Chinese),Jiangsu Shenghong Petrochemical Industry Group Co Ltd [100%],China;,Jiangsu,operating,30.0,ethylene; xylene,acrylonitrile; diesel; ethylene glycol; eva; gasoline; jet fuel; sulfur,,34.543735, 119.608439,https://gem.wiki/Jiangsu_Shenghong_Petrochemical_Plant,"Jiangsu, China",30.0,30.0,exact,"34.543735, 119.608439",['China'],,CHN,Lianyungang,Jiangsu Shenghong Petrochemical Plant,,,E100000128101 [100%],Jiangsu Shenghong Petrochemical Industry Group Co Ltd [100%],盛虹石化 (Chinese),Asia Pacific,30.0,GEPDCHN0028,operating,GChI,GChI,n/a
chemicals,P100000140264,Shanxi Tianshi Lu'an Ammonia Plant,中国石化集团南京化学工业有限公司 (Chinese),Shanxi Tianshi Lu'an Chemical Co Ltd [100%],China;,Jiangsu,operating,30.0,ammonia,aniline; caustic soda; chlorobenzene; cyclohexanone; cyclohexylamine; hydrogen; nitric acid; nitrobenzene; sulfuric acid; urea,benzene; coal,32.220247, 118.768746,https://gem.wiki/Shanxi_Tianshi_Lu'an_Ammonia_Plant,"Jiangsu, China",30.0,30.0,approximate,"32.220247, 118.768746",['China'],exact,CHN,Nanjing,Shanxi Tianshi Lu'an Ammonia Plant,,,E100002018314 [100%],Shanxi Tianshi Lu'an Chemical Co Ltd [100%],山西天脊潞安化工有限公司 (Chinese),Asia Pacific,30.0,,operating,GChI,GChI,n/a
chemicals,P100000140265,Sinopec Jinling Petrochemical Plant,中国石化集团金陵石油化工有限责任公司 (Chinese),Sinopec Jinling Company [100%],China;,Jiangsu,operating,30.0,aromatics (unknown type),,,32.142361, 118.922952,https://gem.wiki/Sinopec_Jinling_Petrochemical_Plant,"Jiangsu, China",30.0,30.0,exact,"32.142361, 118.922952",['China'],,CHN,Nanjing,Sinopec Jinling Petrochemical Plant,,,E100002018349 [100%],Sinopec Jinling Company [100%],中国石化集团金陵石油化工有限责任公司 (Chinese),Asia Pacific,30.0,,operating,GChI,GChI,n/a
chemicals,P100000140267,Sinopec Yangzi Nanjing Petrochemical Refinery,南京扬子扬巴烯烃有限公司轻烃综合利用项目 (Chinese),Sinopec Yangzi Petrochemical Company Limited [100%],China;,Jiangsu,operating,30.0,ethylene; propylene,aromatics; diethylbenzene; polyisobutylene; polyolefins,,32.265815, 118.787481,https://gem.wiki/Sinopec_Yangzi_Nanjing_Petrochemical_Refinery,"Jiangsu, China",30.0,30.0,exact,"32.265815, 118.787481",['China'],,CHN,Nanjing,Sinopec Yangzi Nanjing Petrochemical Refinery,,,E100000122380 [100%],Sinopec Yangzi Petrochemical Company Limited [100%],中国石化扬子石油化工有限公司 (Chinese),Asia Pacific,30.0,GEPDCHN0025,operating,GChI,GChI,n/a
chemicals,P100000140268,BASF-YPC Nanjing Chemical Plant,巴斯夫特性化学品(南京)有限公司 (Chinese),BASF-YPC Company Limited [100%],China;,Jiangsu,operating,30.0,ethylene; propylene; benzene; toluene; xylene,,naphtha,32.260176, 118.788625,https://gem.wiki/BASF-YPC_Nanjing_Chemical_Plant,"Jiangsu, China",30.0,30.0,exact,"32.260176, 118.788625",['China'],exact,CHN,Nanjing,BASF-YPC Nanjing Chemical Plant,BASF Nanjing Verbund site,,E100002017887 [100%],BASF-YPC Company Limited [100%],巴斯夫特性化学品(南京)有限公司 (Chinese),Asia Pacific,30.0,GEPDCHN0026,operating,GChI,GChI,n/a
chemicals,P100000140269,Nanjing Chengzhi Yongqing Energy Methanol-to-Olefins Plant,南京诚志永清能源科技有限公司60万吨/年MTO项目 (Chinese),Nanjing Chengzhi Yongqing Energy Technology Co Ltd [100%],China;,Jiangsu,operating,30.0,ethylene; propylene; butadiene,,methanol,32.286068, 118.792998,https://gem.wiki/Nanjing_Chengzhi_Yongqing_Energy_Methanol-to-Olefins_Plant,"Jiangsu, China",30.0,30.0,approximate,"32.286068, 118.792998",['China'],exact,CHN,Nanjing,Nanjing Chengzhi Yongqing Energy Methanol-to-Olefins Plant,,,E100002018168 [100%],Nanjing Chengzhi Yongqing Energy Technology Co Ltd [100%],南京诚志永清能源科技有限公司 (Chinese),Asia Pacific,30.0,,operating,GChI,GChI,n/a
chemicals,P100000140270,Donghua Energy Ningbo Chemical Plant,东华能源股份有限公司宁波基地 (Chinese),Donghua Energy [100%],China;,Jiangsu,operating,30.0,propylene,polypropylene,methane,29.935431, 121.950842,https://gem.wiki/Donghua_Energy_Ningbo_Chemical_Plant,"Jiangsu, China",30.0,30.0,exact,"29.935431, 121.950842",['China'],exact,CHN,Ningbo,Donghua Energy Ningbo Chemical Plant,,,E100002017949 [100%],Donghua Energy [100%],东华能源股份有限公司 (Chinese),Asia Pacific,30.0,,operating,GChI,GChI,n/a
chemicals,P100000140271,Jiangsu Huachang Ammonia Plant,江苏华昌化工股份有限公司 (Chinese),Jiangsu Huachang Chemical Co Ltd [100%],China;,Jiangsu,operating,30.0,ammonia,,,31.968542, 120.503109,https://gem.wiki/Jiangsu_Huachang_Ammonia_Plant,"Jiangsu, China",30.0,30.0,exact,"31.968542, 120.503109",['China'],,CHN,Suzhou,Jiangsu Huachang Ammonia Plant,,,E100002018084 [100%],Jiangsu Huachang Chemical Co Ltd [100%],江苏华昌化工股份有限公司 (Chinese),Asia Pacific,30.0,,operating,GChI,GChI,n/a
chemicals,P100000140272,Yonghua Suzhou Chemical Plant,永华化学股份有限公司 (Chinese),Yonghua Chemical Co Ltd [100%],China;,Jiangsu,operating,30.0,xylene,,,31.817424, 120.805270,https://gem.wiki/Yonghua_Suzhou_Chemical_Plant,"Jiangsu, China",30.0,30.0,exact,"31.817424, 120.805270",['China'],,CHN,Suzhou,Yonghua Suzhou Chemical Plant,,,E100002018425 [100%],Yonghua Chemical Co Ltd [100%],永华化学股份有限公司 (Chinese),Asia Pacific,30.0,,operating,GChI,GChI,n/a
chemicals,P100000140274,Shatong Taizhou Chemical Plant,沙桐(泰兴)化学有限公司 (Chinese),Shatong Chemical Co Taixing [100%],China;,Jiangsu,operating,30.0,benzene; toluene; xylene,,coal,32.111628, 119.946899,https://gem.wiki/Shatong_Taizhou_Chemical_Plant,"Jiangsu, China",30.0,30.0,exact,"32.111628, 119.946899",['China'],exact,CHN,Taizhou,Shatong Taizhou Chemical Plant,,,E100002018323 [100%],Shatong Chemical Co Taixing [100%],沙桐(泰兴)化学有限公司 (Chinese),Asia Pacific,30.0,,operating,GChI,GChI,n/a
chemicals,P100000140275,SP Chemicals Taixing Petrochemical Plant,泰兴石化有限责任公司 (Chinese),SP Chemicals Taixing Co Ltd [100%],China;,Jiangsu,operating,30.0,ethylene; propylene,caustic soda; chlor-alkalis; hydrogen; styrene; vinyl chloride monomer (VCM),ethane,32.127220, 119.930479,https://gem.wiki/SP_Chemicals_Taixing_Petrochemical_Plant,"Jiangsu, China",30.0,30.0,exact,"32.127220, 119.930479",['China'],exact,CHN,Taizhou,SP Chemicals Taixing Petrochemical Plant,,,E100002018264 [100%],SP Chemicals Taixing Co Ltd [100%],泰兴石化有限责任公司 (Chinese),Asia Pacific,30.0,GEPDCHN0027,operating,GChI,GChI,n/a
chemicals,P100000140276,Linggu Wuxi Ammonia Plant,灵谷化工集团有限公司 (Chinese),Linggu Chemical Group Co [100%],China;,Jiangsu,operating,30.0,ammonia,,coal,31.424393, 119.854906,https://gem.wiki/Linggu_Wuxi_Ammonia_Plant,"Jiangsu, China",30.0,30.0,exact,"31.424393, 119.854906",['China'],exact,CHN,Wuxi,Linggu Wuxi Ammonia Plant,,,E100000123738 [100%],Linggu Chemical Group Co [100%],灵谷化工集团有限公司 (Chinese),Asia Pacific,30.0,,operating,GChI,GChI,n/a
chemicals,P100000140277,Yizhou Technology Chemical Plant,沂州科技有限公司 (Chinese),Yizhou Technology Co Ltd [100%],China;,Jiangsu,operating,30.0,ammonia; benzene,,coal,34.394973,117.958054,https://gem.wiki/Yizhou_Technology_Chemical_Plant,"Jiangsu, China",30.0,30.0,exact,"34.394973,117.958054",['China'],exact,CHN,Xuzhou,Yizhou Technology Chemical Plant,,,E100002018424 [100%],Yizhou Technology Co Ltd [100%],沂州科技有限公司 (Chinese),Asia Pacific,30.0,,operating,GChI,GChI,n/a
chemicals,P100000140278,Jiangsu Lanze Energy Bio-Methanol Plant,岚泽能源年产30万吨绿色甲醇项目 (Chinese),Jiangsu Lanze Energy Technology Co [100%],China;,Jiangsu,operating,30.0,methanol,,biomass,33.198660, 120.501006,https://gem.wiki/Jiangsu_Lanze_Energy_Bio-Methanol_Plant,"Jiangsu, China",30.0,30.0,exact,"33.198660, 120.501006",['China'],exact,CHN,Yancheng,Jiangsu Lanze Energy Bio-Methanol Plant,,,E100002018086 [100%],Jiangsu Lanze Energy Technology Co [100%],江苏岚泽能源科技有限公司 (Chinese),Asia Pacific,30.0,,operating,GChI,GChI,n/a
chemicals,P100000140279,Jiangsu Hualun Chemical Plant,江苏华伦化工有限公司 (Chinese),Jiangsu Hualun Chemical Co Ltd [100%],China;,Jiangsu,operating,30.0,xylene,,,32.337322, 119.756836,https://gem.wiki/Jiangsu_Hualun_Chemical_Plant,"Jiangsu, China",30.0,30.0,exact,"32.337322, 119.756836",['China'],,CHN,Yangzhou,Jiangsu Hualun Chemical Plant,,,E100002018085 [100%],Jiangsu Hualun Chemical Co Ltd [100%],江苏华伦化工有限公司 (Chinese),Asia Pacific,30.0,,operating,GChI,GChI,n/a
chemicals,P100000140280,Donghua Energy Zhangjiagang Chemical Plant,东华能源股份有限公司张家港基地 (Chinese),Donghua Energy [100%],China;,Jiangsu,operating,30.0,propylene,polypropylene,methane,32.004775, 120.469442,https://gem.wiki/Donghua_Energy_Zhangjiagang_Chemical_Plant,"Jiangsu, China",30.0,30.0,exact,"32.004775, 120.469442",['China'],exact,CHN,Zhangjiagang,Donghua Energy Zhangjiagang Chemical Plant,,,E100002017949 [100%],Donghua Energy [100%],东华能源股份有限公司 (Chinese),Asia Pacific,30.0,,operating,GChI,GChI,n/a
chemicals,P100000140281,Zhenjiang Dagang Fusheng Chemical Plant,镇江市大港福盛化工厂 (Chinese),Zhenjiang Dagang Fusheng Chemical Factory [100%],China;,Jiangsu,operating,30.0,benzene,,,32.172211, 119.604537,https://gem.wiki/Zhenjiang_Dagang_Fusheng_Chemical_Plant,"Jiangsu, China",30.0,30.0,exact,"32.172211, 119.604537",['China'],,CHN,Zhenjiang,Zhenjiang Dagang Fusheng Chemical Plant,,,E100002018446 [100%],Zhenjiang Dagang Fusheng Chemical Factory [100%],镇江市大港福盛化工厂 (Chinese),Asia Pacific,30.0,,operating,GChI,GChI,n/a
chemicals,P100000140282,Jiangxi Xinlianxin Ammonia Plant,江西心连心化学工业有限公司 (Chinese),Jiangxi Xinlianxin Chemical Industry Co Ltd [100%],China;,Jiangxi,operating,30.0,ammonia,sodium nitrate; urea,coal,29.937584, 116.570376,https://gem.wiki/Jiangxi_Xinlianxin_Ammonia_Plant,"Jiangxi, China",30.0,30.0,exact,"29.937584, 116.570376",['China'],exact,CHN,Jiujiang,Jiangxi Xinlianxin Ammonia Plant,,,E100002018088 [100%],Jiangxi Xinlianxin Chemical Industry Co Ltd [100%],江西心连心化学工业有限公司 (Chinese),Asia Pacific,30.0,,operating,GChI,GChI,n/a
chemicals,P100000140283,Daan Jidian Green Hydrogen Energy Company Green Ammonia Plant,大安风光制绿氢合成氨一体化示范项目 (Chinese),Daan Jidian Green Hydrogen Energy Co,China;,Jilin,operating,30.0,ammonia,,green hydrogen,43.990438, 126.474122,https://gem.wiki/Daan_Jidian_Green_Hydrogen_Energy_Company_Green_Ammonia_Plant,"Jilin, China",30.0,30.0,approximate,"43.990438, 126.474122",['China'],exact,CHN,Da'an,Daan Jidian Green Hydrogen Energy Company Green Ammonia Plant,,,E100002017938,Daan Jidian Green Hydrogen Energy Co,大安吉电绿氢能源有限公司 (Chinese),Asia Pacific,30.0,,operating,GChI,GChI,n/a
chemicals,P100000140285,CNPC Jilin Petrochemical Plant,中国石油吉林石化公司 (Chinese),CNPC Jilin Petrochemical Company [100%],China;,Jilin,operating,30.0,ethylene,,,43.897212, 126.591277,https://gem.wiki/CNPC_Jilin_Petrochemical_Plant,"Jilin, China",30.0,30.0,exact,"43.897212, 126.591277",['China'],,CHN,Jilin,CNPC Jilin Petrochemical Plant,,,E100002017915 [100%],CNPC Jilin Petrochemical Company [100%],中国石油天然气股份有限公司吉林石化分公司(公司) (Chinese),Asia Pacific,30.0,GEPDCHN0029,operating,GChI,GChI,n/a
chemicals,P100000140287,Sinochem Jilin Changshan Ammonia Plant,中化吉林长山化工有限公司 (Chinese),Sinochem Jilin Changshan Chemical Co Ltd [100%],China;,Jilin,operating,30.0,ammonia,urea,,45.006034, 124.011667,https://gem.wiki/Sinochem_Jilin_Changshan_Ammonia_Plant,"Jilin, China",30.0,30.0,approximate,"45.006034, 124.011667",['China'],,CHN,Songyuan,Sinochem Jilin Changshan Ammonia Plant,,,E100002018338 [100%],Sinochem Jilin Changshan Chemical Co Ltd [100%],中化吉林长山化工有限公司 (Chinese),Asia Pacific,30.0,,operating,GChI,GChI,n/a
chemicals,P100000140288,China Energy Engineering Group Methanol Plant,中能建松原氢能产业园(绿色氢氨醇一体化)项目 (Chinese),China Energy Engineering Group Hydrogen Energy Co Ltd [100%],China;,Jilin,operating,30.0,methanol,,,45.088173, 124.858077,https://gem.wiki/China_Energy_Engineering_Group_Methanol_Plant,"Jilin, China",30.0,30.0,exact,"45.088173, 124.858077",['China'],,CHN,Songyuan,China Energy Engineering Group Methanol Plant,,,E100002017924 [100%],China Energy Engineering Group Hydrogen Energy Co Ltd [100%],中能建氢能源有限公司 (Chinese),Asia Pacific,30.0,,operating,GChI,GChI,n/a
chemicals,P100000140289,Shanghai Electric Tao Bio-Methanol Plant,上海电气洮南市风电耦合生物质绿色甲醇一体化示范项目 (Chinese),Shanghai Electric Group [100%],China;,Jilin,operating,30.0,methanol,,biomass,45.319927, 122.817483,https://gem.wiki/Shanghai_Electric_Tao_Bio-Methanol_Plant,"Jilin, China",30.0,30.0,approximate,"45.319927, 122.817483",['China'],exact,CHN,Tao,Shanghai Electric Tao Bio-Methanol Plant,,,E100000124421 [100%],Shanghai Electric Group [100%],上海电气集团 (Chinese),Asia Pacific,30.0,,operating,GChI,GChI,n/a
chemicals,P100000140290,Jiangsu Debang Xinghua Chemical Technology Ammonia Plant,江苏德邦兴华化工科技有限公司35万吨合成氨项目 (Chinese),Jiangsu Debang Xinghua Chemical Technology Co [100%],China;,JIngsu,operating,30.0,ammonia,soda ash; urea,coal,34.582095, 119.150760,https://gem.wiki/Jiangsu_Debang_Xinghua_Chemical_Technology_Ammonia_Plant,"JIngsu, China",30.0,30.0,exact,"34.582095, 119.150760",['China'],exact,CHN,Lianyungang,Jiangsu Debang Xinghua Chemical Technology Ammonia Plant,,,E100002018083 [100%],Jiangsu Debang Xinghua Chemical Technology Co [100%],江苏德邦兴华化工科技有限公司 (Chinese),Asia Pacific,30.0,,operating,GChI,GChI,n/a
chemicals,P100000140291,Liaoning Northern Coal Chemical Industry Ammonia Plant,辽宁北方煤化工(集团)股份有限公司氨合成系统节能技术改造项目 (Chinese),Liaoning Northern Coal Chemical Industry Co [100%],China;,Liaoning,operating,30.0,ammonia,urea,coal,41.266885, 123.705368,https://gem.wiki/Liaoning_Northern_Coal_Chemical_Industry_Ammonia_Plant,"Liaoning, China",30.0,30.0,exact,"41.266885, 123.705368",['China'],exact,CHN,Benxi,Liaoning Northern Coal Chemical Industry Ammonia Plant,,,E100002018128 [100%],Liaoning Northern Coal Chemical Industry Co [100%],辽宁北方煤化工(集团)股份有限公司 (Chinese),Asia Pacific,30.0,,operating,GChI,GChI,n/a
chemicals,P100000140292,Hengli Petrochemical Plant,恒力石化股份有限公司 (Chinese),Hengli Petrochemical Co Ltd [100%],China;,Liaoning,operating,30.0,benzene; toluene; xylene,,coal,39.564929, 121.258419,https://gem.wiki/Hengli_Petrochemical_Plant,"Liaoning, China",30.0,30.0,exact,"39.564929, 121.258419",['China'],exact,CHN,Dalian,Hengli Petrochemical Plant,,,E100000123923 [100%],Hengli Petrochemical Co Ltd [100%],恒力石化股份有限公司 (Chinese),Asia Pacific,30.0,,operating,GChI,GChI,n/a
chemicals,P100000140293,Dalian Fujia Dahua Petrochemical Plant,大连福佳大化石油化工股份有限公司 (Chinese),Dalian Fujia Dahua Petrochemical Co [100%],China;,Liaoning,operating,30.0,benzene; xylene,,,38.952423, 121.853860,https://gem.wiki/Dalian_Fujia_Dahua_Petrochemical_Plant,"Liaoning, China",30.0,30.0,exact,"38.952423, 121.853860",['China'],,CHN,Dalian,Dalian Fujia Dahua Petrochemical Plant,,,E100002017940 [100%],Dalian Fujia Dahua Petrochemical Co [100%],大连福佳大化石油化工股份有限公司 (Chinese),Asia Pacific,30.0,,operating,GChI,GChI,n/a
chemicals,P100000140294,Dalian Changxing Island Petrochemical Industrial Park,大连长兴岛（西中岛）石化产业基地 (Chinese),Hengli Petrochemical [100%],China;,Liaoning,operating,30.0,ethylene; aromatics (unknown type),methyl tert-butyl ether (MTBE),,39.564717, 121.264982,https://gem.wiki/Dalian_Changxing_Island_Petrochemical_Industrial_Park,"Liaoning, China",30.0,30.0,exact,"39.564717, 121.264982",['China'],,CHN,Dalian,Dalian Changxing Island Petrochemical Industrial Park,,,E100000123923 [100%],Hengli Petrochemical [100%],恒力石化股份有限公司 (Chinese),Asia Pacific,30.0,GEPDCHN0031,operating,GChI,GChI,n/a
chemicals,P100000140296,Dalian Hengli Petrochemical Plant,大连恒立石化有限公司 (Chinese),Dalian Hengli Petrochemical Co Ltd [100%],China;,Liaoning,operating,30.0,xylene,,crude oil,39.564438, 121.278082,https://gem.wiki/Dalian_Hengli_Petrochemical_Plant,"Liaoning, China",30.0,30.0,exact,"39.564438, 121.278082",['China'],exact,CHN,Dalian,Dalian Hengli Petrochemical Plant,,,E100002017941 [100%],Dalian Hengli Petrochemical Co Ltd [100%],大连恒立石化有限公司 (Chinese),Asia Pacific,30.0,,operating,GChI,GChI,n/a
chemicals,P100000140297,PetroChina Fushun Petrochemical Plant,中国石油天然气股份有限公司抚顺石化分公司 (Chinese),PetroChina Fushun Petrochemical Branch [100%],China;,Liaoning,operating,30.0,ethylene,,crude oil,41.873078, 123.885191,https://gem.wiki/PetroChina_Fushun_Petrochemical_Plant,"Liaoning, China",30.0,30.0,exact,"41.873078, 123.885191",['China'],exact,CHN,Fushun,PetroChina Fushun Petrochemical Plant,,,E100002018225 [100%],PetroChina Fushun Petrochemical Branch [100%],中国石油天然气股份有限公司抚顺石化分公司 (Chinese),Asia Pacific,30.0,,operating,GChI,GChI,n/a
chemicals,P100000140298,Liaoyang Haofeng Petrochemical Plant,辽阳浩丰石油化工 (Chinese),Liaoyang Haofeng Petrochemical Co [100%],China;,Liaoning,operating,30.0,benzene; xylene,,crude oil,41.222882,123.149320,https://gem.wiki/Liaoyang_Haofeng_Petrochemical_Plant,"Liaoning, China",30.0,30.0,exact,"41.222882,123.149320",['China'],assumed,CHN,Liaoyang,Liaoyang Haofeng Petrochemical Plant,,,E100002018130 [100%],Liaoyang Haofeng Petrochemical Co [100%],辽阳浩丰石油化工 (Chinese),Asia Pacific,30.0,,operating,GChI,GChI,n/a
chemicals,P100000140299,Liaoyang Petrochemical Fiber Yifang Chemical Plant,辽阳石油化纤公司亿方工业公司 (Chinese),Liaoyang Petrochemical Fiber Company Yifang Industrial Co [100%],China;,Liaoning,operating,30.0,butadiene,,,41.204896, 123.208834,https://gem.wiki/Liaoyang_Petrochemical_Fiber_Yifang_Chemical_Plant,"Liaoning, China",30.0,30.0,exact,"41.204896, 123.208834",['China'],,CHN,Liaoyang,Liaoyang Petrochemical Fiber Yifang Chemical Plant,,,E100002018135 [100%],Liaoyang Petrochemical Fiber Company Yifang Industrial Co [100%],辽阳石油化纤公司亿方工业公司 (Chinese),Asia Pacific,30.0,,operating,GChI,GChI,n/a
chemicals,P100000140300,PetroChina Liaoyang Petrochemical Plant,中国石油辽阳石化分公司 (Chinese),PetroChina Liaoyang Petrochemical Company [100%],China;,Liaoning,operating,30.0,ethylene; aromatics (unknown type),polyesters,,41.195024, 123.206753,https://gem.wiki/PetroChina_Liaoyang_Petrochemical_Plant,"Liaoning, China",30.0,30.0,exact,"41.195024, 123.206753",['China'],,CHN,Liaoyang,PetroChina Liaoyang Petrochemical Plant,,,E100000122510 [100%],PetroChina Liaoyang Petrochemical Company [100%],中国石油辽阳石化分公司 (Chinese),Asia Pacific,30.0,,operating,GChI,GChI,n/a
chemicals,P100000140301,Liaoning Huajin Ammonia Plant,辽宁华锦化工（集团）有限责任公司 盘锦基地 (Chinese),Liaoning Huajin Chemical Group Co Ltd,China;,Liaoning,operating,30.0,ammonia,urea,coal,41.193017, 122.000518,https://gem.wiki/Liaoning_Huajin_Ammonia_Plant,"Liaoning, China",30.0,30.0,exact,"41.193017, 122.000518",['China'],exact,CHN,Panjin,Liaoning Huajin Ammonia Plant,,,E100002018127,Liaoning Huajin Chemical Group Co Ltd,辽宁华锦化工（集团）有限责任公司 (Chinese),Asia Pacific,30.0,,operating,GChI,GChI,n/a
chemicals,P100000140302,Panjin North Asphalt Fuel Chemical Plant,盘锦北方沥青燃料有限公司 (Chinese),Panjin North Asphalt Fuel Co Ltd [100%],China;,Liaoning,operating,30.0,benzene; toluene,,naphtha,41.160419, 122.110894,https://gem.wiki/Panjin_North_Asphalt_Fuel_Chemical_Plant,"Liaoning, China",30.0,30.0,exact,"41.160419, 122.110894",['China'],exact,CHN,Panjin,Panjin North Asphalt Fuel Chemical Plant,,,E100000126522 [100%],Panjin North Asphalt Fuel Co Ltd [100%],盘锦北方沥青燃料有限公司 (Chinese),Asia Pacific,30.0,,operating,GChI,GChI,n/a
chemicals,P100000140303,Liaoning Beihua Luhua Chemical Plant,辽宁北化鲁华化工有限公司 (Chinese),Liaoning Beihua Luhua Chemical Co [100%],China;,Liaoning,operating,30.0,butadiene,,pyrolysis gasoline,41.210396,121.981590,https://gem.wiki/Liaoning_Beihua_Luhua_Chemical_Plant,"Liaoning, China",30.0,30.0,exact,"41.210396,121.981590",['China'],exact,CHN,Panjin,Liaoning Beihua Luhua Chemical Plant,,,E100002018126 [100%],Liaoning Beihua Luhua Chemical Co [100%],辽宁北化鲁华化工有限公司 (Chinese),Asia Pacific,30.0,,operating,GChI,GChI,n/a
chemicals,P100000140304,Liaoning Baolai Chemical Plant,盘锦宝来化工有限公司 (Chinese),Liaoning Baolai Chemical Co Ltd [100%],China;,Liaoning,operating,30.0,butadiene; benzene,,,41.201262, 122.039153,https://gem.wiki/Liaoning_Baolai_Chemical_Plant,"Liaoning, China",30.0,30.0,exact,"41.201262, 122.039153",['China'],,CHN,Panjin,Liaoning Baolai Chemical Plant,,,E100002018125 [100%],Liaoning Baolai Chemical Co Ltd [100%],盘锦宝来化工有限公司 (Chinese),Asia Pacific,30.0,,operating,GChI,GChI,n/a
chemicals,P100000140305,Panjin petrochemical complex Plant,盘锦化工一体化项目 (Chinese),Huajin Aramco Petrochemical Company [100%],China;,Liaoning,operating,30.0,ethylene,,,41.159004, 122.105637,https://gem.wiki/Panjin_petrochemical_complex_Plant,"Liaoning, China",30.0,30.0,exact,"41.159004, 122.105637",['China'],,CHN,Panjin,Panjin petrochemical complex Plant,,,E100002018033 [100%],Huajin Aramco Petrochemical Company [100%],华锦阿美石油化工公司（HAPCO） (Chinese),Asia Pacific,30.0,GEPDCHN0032,operating,GChI,GChI,n/a
chemicals,P100000140306,Bora LyondellBasell Petrochemical Plant,宝来利安德巴赛尔石化有限公司 (Chinese),Bora LyondellBasell Petrochemical Co Ltd [100%],China;,Liaoning,operating,30.0,ethylene,,,40.769947, 121.987081,https://gem.wiki/Bora_LyondellBasell_Petrochemical_Plant,"Liaoning, China",30.0,30.0,exact,"40.769947, 121.987081",['China'],,CHN,Panjin,Bora LyondellBasell Petrochemical Plant,,,E100002017900 [100%],Bora LyondellBasell Petrochemical Co Ltd [100%],宝来利安德巴赛尔石化有限公司 (BLYB) (Chinese),Asia Pacific,30.0,GEPDCHN0033,operating,GChI,GChI,n/a
chemicals,P100000140307,Panjin Jiacheng Chemical Plant,盘锦佳成 (Chinese),Panjin Jiacheng Chemical Co [100%],China;,Liaoning,operating,30.0,xylene,,,41.179845, 121.960005,https://gem.wiki/Panjin_Jiacheng_Chemical_Plant,"Liaoning, China",30.0,30.0,exact,"41.179845, 121.960005",['China'],,CHN,Panjin,Panjin Jiacheng Chemical Plant,,,E100002018217 [100%],Panjin Jiacheng Chemical Co [100%],盘山县佳成化工有限公司 (Chinese),Asia Pacific,30.0,,operating,GChI,GChI,n/a
chemicals,P100000140308,Shenyang Paraffin Wax Chemical Plant,沈阳石蜡化工厂 (Chinese),Shenyang Paraffin Wax Chemical Co Ltd [100%],China;,Liaoning,operating,30.0,xylene,,,41.787809, 123.263916,https://gem.wiki/Shenyang_Paraffin_Wax_Chemical_Plant,"Liaoning, China",30.0,30.0,exact,"41.787809, 123.263916",['China'],,CHN,Shenyang,Shenyang Paraffin Wax Chemical Plant,,,E100000126432 [100%],Shenyang Paraffin Wax Chemical Co Ltd [100%],沈阳石蜡化工有限公司 (Chinese),Asia Pacific,30.0,,operating,GChI,GChI,n/a
chemicals,P100000140309,Kechuang Chemical Plant,科创化学品 (Chinese),Kechuang Chemical Co [100%],China;,Liaoning,operating,30.0,xylene,,,41.742797, 123.165447,https://gem.wiki/Kechuang_Chemical_Plant,"Liaoning, China",30.0,30.0,exact,"41.742797, 123.165447",['China'],,CHN,Shenyang,Kechuang Chemical Plant,,,E100002018103 [100%],Kechuang Chemical Co [100%],沈阳科创化学品有限公司 (Chinese),Asia Pacific,30.0,,operating,GChI,GChI,n/a
chemicals,P100000140310,Tieling Yuantai Chemical Plant,铁岭沅泰化工有限责任公司 (Chinese),Tieling Yuantai Chemical Co [100%],China;,Liaoning,operating,30.0,xylene,,,42.497189, 123.578632,https://gem.wiki/Tieling_Yuantai_Chemical_Plant,"Liaoning, China",30.0,30.0,exact,"42.497189, 123.578632",['China'],,CHN,Tieling,Tieling Yuantai Chemical Plant,,,E100002018381 [100%],Tieling Yuantai Chemical Co [100%],铁岭沅泰化工有限责任公司 (Chinese),Asia Pacific,30.0,,operating,GChI,GChI,n/a
chemicals,P100000140311,Huadian Yingkou Green Ammonia Plant,辽宁营口风电制氢氨一体化项目 (Chinese),Huadian Yingkou Green Energy Co [100%],China;,Liaoning,operating,30.0,ammonia,,green hydrogen,40.180000, 122.264167,https://gem.wiki/Huadian_Yingkou_Green_Ammonia_Plant,"Liaoning, China",30.0,30.0,exact,"40.180000, 122.264167",['China'],exact,CHN,Yinkou,Huadian Yingkou Green Ammonia Plant,,,E100002018031 [100%],Huadian Yingkou Green Energy Co [100%],华电(营口)绿色能源有限公司 (Chinese),Asia Pacific,30.0,,operating,GChI,GChI,n/a
chemicals,P100000140313,Ningxia Baofeng Energy Group Methanol Plant,中化六建宝丰能源220万吨/年甲醇项目 (Chinese),Ningxia Baofeng Energy Group Co Ltd [100%],China;,Ningxia,operating,30.0,methanol,,coal,38.161088, 106.589446,https://gem.wiki/Ningxia_Baofeng_Energy_Group_Methanol_Plant,"Ningxia, China",30.0,30.0,approximate,"38.161088, 106.589446",['China'],exact,CHN,Lingwu,Ningxia Baofeng Energy Group Methanol Plant,,,E100000122526 [100%],Ningxia Baofeng Energy Group Co Ltd [100%],宁夏宝丰能源集团股份有限公司 (Chinese),Asia Pacific,30.0,,operating,GChI,GChI,n/a
chemicals,P100000140312,Shenhua Ningmei Group Methanol-to-Olefins Plant,神华宁煤集团年产50万吨甲醇制烯烃项目 (Chinese),CHN Energy Ningxia Coal Industry Co Ltd [100%],China;,Ningxia,operating,30.0,olefins (unknown type),,methanol,38.481070, 106.219319,https://gem.wiki/Shenhua_Ningmei_Group_Methanol-to-Olefins_Plant,"Ningxia, China",30.0,30.0,approximate,"38.481070, 106.219319",['China'],exact,CHN,Yinchuan,Shenhua Ningmei Group Methanol-to-Olefins Plant,,,E100002017909 [100%],CHN Energy Ningxia Coal Industry Co Ltd [100%],国能宁夏煤业能源工程有限公司 (神华宁夏煤业集团能源工程有限公司) (Chinese),Asia Pacific,30.0,,operating,GChI,GChI,n/a
chemicals,P100000140314,Ningxia Baofeng Energy Group Green Ammonia Plant,宁夏宝丰绿氢制绿氨及氨水制备项目 (Chinese),Ningxia Baofeng Energy Group Co [100%],China;,Ningxia,operating,30.0,ammonia,,green hydrogen,38.236631, 106.556579,https://gem.wiki/Ningxia_Baofeng_Energy_Group_Green_Ammonia_Plant,"Ningxia, China",30.0,30.0,approximate,"38.236631, 106.556579",['China'],exact,CHN,Yinchuan,Ningxia Baofeng Energy Group Green Ammonia Plant,,,E100000122526 [100%],Ningxia Baofeng Energy Group Co [100%],宁夏宝丰能源集团股份有限公司 (Chinese),Asia Pacific,30.0,,operating,GChI,GChI,n/a
chemicals,P100000140315,Ningxia Heining Ammonia Plant,宁夏和宁化学有限公司 (Chinese),Ningxia Heining Chemical Co Ltd [100%],China;,Ningxia,operating,30.0,ammonia,,coal,38.191523, 106.595628,https://gem.wiki/Ningxia_Heining_Ammonia_Plant,"Ningxia, China",30.0,30.0,exact,"38.191523, 106.595628",['China'],exact,CHN,Yinchuan,Ningxia Heining Ammonia Plant,,,E100002018177 [100%],Ningxia Heining Chemical Co Ltd [100%],宁夏和宁化学有限公司 (Chinese),Asia Pacific,30.0,,operating,GChI,GChI,n/a
chemicals,P100000140316,Ningxia Baoting New Materials Technology Chemical Plant,宁夏宝廷新材料科技股份有限公司 (Chinese),Ningxia Baoting New Materials Technology Co Ltd [100%],China;,Ningxia,operating,30.0,benzene,,,38.073259,106.679109,https://gem.wiki/Ningxia_Baoting_New_Materials_Technology_Chemical_Plant,"Ningxia, China",30.0,30.0,exact,"38.073259,106.679109",['China'],,CHN,Yinchuan,Ningxia Baoting New Materials Technology Chemical Plant,,,E100002018176 [100%],Ningxia Baoting New Materials Technology Co Ltd [100%],宁夏宝廷新材料科技股份有限公司 (Chinese),Asia Pacific,30.0,,operating,GChI,GChI,n/a
chemicals,P100000140317,Sinopec Great Wall Energy and Chemicals Ningxia Plant,中国石化长城能源化工(宁夏)有限公司 (Chinese),Sinopec Greatwall Energy and Chemical Co Ltd [100%],China;,Ningxia,operating,30.0,ethylene; propylene; methanol,1;4-butanediol (BDO); polyethylene; polypropylene; polyvinyl alcohol (PVA); tetrahydrofuran (THF),,38.197623, 106.668722,https://gem.wiki/Sinopec_Great_Wall_Energy_and_Chemicals_Ningxia_Plant,"Ningxia, China",30.0,30.0,exact,"38.197623, 106.668722",['China'],,CHN,Yinchuan,Sinopec Great Wall Energy and Chemicals Ningxia Plant,,,E100000123278 [100%],Sinopec Greatwall Energy and Chemical Co Ltd [100%],中国石化长城能源化工(宁夏)有限公司 (Chinese),Asia Pacific,30.0,GEPDCHN0034,operating,GChI,GChI,n/a
chemicals,P100000140319,Qinghai Zhonghao Natural Gas Methanol Plant,青海中浩天然气化工有限公司年产60万吨甲醇项目 (Chinese),Qinghai Zhonghao Natural Gas Chemical Co [100%],China;,Qinghai,operating,30.0,methanol,,natural gas,36.385208, 94.950858,https://gem.wiki/Qinghai_Zhonghao_Natural_Gas_Methanol_Plant,"Qinghai, China",30.0,30.0,approximate,"36.385208, 94.950858",['China'],exact,CHN,Golmud,Qinghai Zhonghao Natural Gas Methanol Plant,,,E100002018241 [100%],Qinghai Zhonghao Natural Gas Chemical Co [100%],青海中浩天然气化工有限公司 (Chinese),Asia Pacific,30.0,,operating,GChI,GChI,n/a
chemicals,P100000140320,Qinghai Salt Lake Magnesium Industry Methanol-to-Olefins Plant,青海盐湖镁业有限公司100万吨/年MTO联合装置及配套工程 (Chinese),Qinghai Salt Lake Magnesium Industry Co Ltd [100%],China;,Qinghai,operating,30.0,olefins (unknown type),,methanol,37.299864, 97.379877,https://gem.wiki/Qinghai_Salt_Lake_Magnesium_Industry_Methanol-to-Olefins_Plant,"Qinghai, China",30.0,30.0,approximate,"37.299864, 97.379877",['China'],exact,CHN,Haixi Mongol and Tibetan AP,Qinghai Salt Lake Magnesium Industry Methanol-to-Olefins Plant,,,E100002018240 [100%],Qinghai Salt Lake Magnesium Industry Co Ltd [100%],青海盐湖镁业有限公司 (Chinese),Asia Pacific,30.0,,operating,GChI,GChI,n/a
chemicals,P100000140321,Shaanxi Evergreen Energy Coal-to-Methanol Plant,徐矿集团150万t甲醇项目 (Chinese),Shaanxi Evergreen Energy & Chemical Co [100%],China;,Shaanxi,operating,30.0,methanol,,coal,34.466810, 107.267877,https://gem.wiki/Shaanxi_Evergreen_Energy_Coal-to-Methanol_Plant,"Shaanxi, China",30.0,30.0,exact,"34.466810, 107.267877",['China'],exact,CHN,Fengxiang,Shaanxi Evergreen Energy Coal-to-Methanol Plant,,,E100002018278 [100%],Shaanxi Evergreen Energy & Chemical Co [100%],陕西长青能源化工有限公司 (Chinese),Asia Pacific,30.0,,operating,GChI,GChI,n/a
chemicals,P100000140322,Shaanxi Coal Industry Ammonia Plant,陕西陕化煤化工集团有限公司 (Chinese),Shaanxi Coal Industry Chemical Group Co [100%],China;,Shaanxi,operating,30.0,ammonia,,coal,34.472063, 109.717075,https://gem.wiki/Shaanxi_Coal_Industry_Ammonia_Plant,"Shaanxi, China",30.0,30.0,approximate,"34.472063, 109.717075",['China'],exact,CHN,Wei,Shaanxi Coal Industry Ammonia Plant,,,E100002018277 [100%],Shaanxi Coal Industry Chemical Group Co [100%],陕西煤业化工集团有限公司 (Chinese),Asia Pacific,30.0,,operating,GChI,GChI,n/a
chemicals,P100000140323,Pucheng Energy Chemical Company Coal-to-Polyolefin Plant,蒲洁能化年产180万吨甲醇制70万吨聚烯烃项目 (Chinese),Pucheng Clean Energy Chemical Co Ltd [100%],China;,Shaanxi,operating,30.0,methanol,polyethylene; polypropylene,coal,34.906147, 109.729115,https://gem.wiki/Pucheng_Energy_Chemical_Company_Coal-to-Polyolefin_Plant,"Shaanxi, China",30.0,30.0,approximate,"34.906147, 109.729115",['China'],exact,CHN,Wei,Pucheng Energy Chemical Company Coal-to-Polyolefin Plant,,,E100002018237 [100%],Pucheng Clean Energy Chemical Co Ltd [100%],蒲城清洁能源化工有限责任公司 (Chinese),Asia Pacific,30.0,,operating,GChI,GChI,n/a
chemicals,P100000140324,Shaanxi Weihe Coal Chemical Group Coal-to-Methanol Plant,陕西渭河煤化工集团二期年产20万吨甲醇三期40万吨甲醇项目 (Chinese),Shaanxi Weihe Coal Chemical Corporation Group Ltd [100%],China;,Shaanxi,operating,30.0,methanol,,coal,34.499338, 109.444973,https://gem.wiki/Shaanxi_Weihe_Coal_Chemical_Group_Coal-to-Methanol_Plant,"Shaanxi, China",30.0,30.0,approximate,"34.499338, 109.444973",['China'],exact,CHN,Wei,Shaanxi Weihe Coal Chemical Group Coal-to-Methanol Plant,,,E100002018281 [100%],Shaanxi Weihe Coal Chemical Corporation Group Ltd [100%],陕西渭河煤化工集团 (Chinese),Asia Pacific,30.0,,operating,GChI,GChI,n/a
chemicals,P100000140325,Shaanxi Coke Chemical Company Coal-to-Methanol Plant,陕焦年产20万吨甲醇项目 (Chinese),Shaanxi Shaanxi Coke Chemical Co [100%],China;,Shaanxi,operating,30.0,methanol,,coal,34.865893, 108.993557,https://gem.wiki/Shaanxi_Coke_Chemical_Company_Coal-to-Methanol_Plant,"Shaanxi, China",30.0,30.0,exact,"34.865893, 108.993557",['China'],exact,CHN,Wei,Shaanxi Coke Chemical Company Coal-to-Methanol Plant,,,E100002018280 [100%],Shaanxi Shaanxi Coke Chemical Co [100%],陕西陕焦化工有限公司 (Chinese),Asia Pacific,30.0,,operating,GChI,GChI,n/a
chemicals,P100000140333,Shaanxi Weihe Coal Ammonia Plant,陕西渭河煤化工集团有限责任公司 (Chinese),Shaanxi Weihe Coal Chemical Group Co Ltd [100%],China;,Shaanxi,operating,30.0,ammonia,,coal,34.530417, 108.980711,https://gem.wiki/Shaanxi_Weihe_Coal_Ammonia_Plant,"Shaanxi, China",30.0,30.0,exact,"34.530417, 108.980711",['China'],exact,CHN,Xian,Shaanxi Weihe Coal Ammonia Plant,,,E100002018282 [100%],Shaanxi Weihe Coal Chemical Group Co Ltd [100%],陕西渭河煤化工集团有限责任公司 (Chinese),Asia Pacific,30.0,,operating,GChI,GChI,n/a
chemicals,P100000140334,Shaanxi Xingping Fertilizer Plant,陕西兴平化肥厂 (Chinese),Shaanxi Xingping Fertilizer Plant [100%],China;,Shaanxi,operating,30.0,ammonia,fertilizer (unknown type),heavy oil,34.234523, 108.907001,https://gem.wiki/Shaanxi_Xingping_Fertilizer_Plant,"Shaanxi, China",30.0,30.0,exact,"34.234523, 108.907001",['China'],exact,CHN,Xian,Shaanxi Xingping Fertilizer Plant,,,E100002018283 [100%],Shaanxi Xingping Fertilizer Plant [100%],陕西兴平化肥厂 (Chinese),Asia Pacific,30.0,,operating,GChI,GChI,n/a
chemicals,P100000140326,YangchangYongping Refinery,永坪炼油厂 (Chinese),YangchangYongping Refinery [100%],China;,Shaanxi,operating,30.0,ammonia,,crude oil,37.006911, 109.838393,https://gem.wiki/YangchangYongping_Refinery,"Shaanxi, China",30.0,30.0,approximate,"37.006911, 109.838393",['China'],exact,CHN,Ya,YangchangYongping Refinery,,,E100002018412 [100%],YangchangYongping Refinery [100%],永坪炼油厂 (Chinese),Asia Pacific,30.0,,operating,GChI,GChI,n/a
chemicals,P100000140327,Shaanxi Yanchang Petroleum Plant,延长石油延安炼化一体化项目 (Chinese),Shaanxi Yanchang Petroleum Group Co [100%],China;,Shaanxi,operating,30.0,ethylene,,,35.757349, 109.423334,https://gem.wiki/Shaanxi_Yanchang_Petroleum_Plant,"Shaanxi, China",30.0,30.0,exact,"35.757349, 109.423334",['China'],,CHN,Ya,Shaanxi Yanchang Petroleum Plant,,,E100000124313 [100%],Shaanxi Yanchang Petroleum Group Co [100%],陕西延长石油（集团）有限责任公司 (Chinese),Asia Pacific,30.0,,operating,GChI,GChI,n/a
chemicals,P100000140328,Shaanxi Coal Group Ya Coal-to-Chemicals Plant,陕煤化集团黄陵矿业煤化工公司30万吨焦炉煤气制甲醇项目 (Chinese),Shaanxi Huangling Coal Chemical Co [100%],China;,Shaanxi,operating,30.0,methanol,,coal,35.641425, 109.085968,https://gem.wiki/Shaanxi_Coal_Group_Ya_Coal-to-Chemicals_Plant,"Shaanxi, China",30.0,30.0,exact,"35.641425, 109.085968",['China'],exact,CHN,Ya,Shaanxi Coal Group Ya Coal-to-Chemicals Plant,,,E100002018279 [100%],Shaanxi Huangling Coal Chemical Co [100%],陕西黄陵煤化工有限责任公司 (Chinese),Asia Pacific,30.0,,operating,GChI,GChI,n/a
chemicals,P100000140329,Yanzhou Coal Yulin Energy Coal-to-Methanol Plant,延长中煤榆林（榆能化） (Chinese),Shaanxi Yanchang China Coal Yulin Energy Chemical Co [100%],China;,Shaanxi,operating,30.0,methanol,,coal,37.651218, 108.900384,https://gem.wiki/Yanzhou_Coal_Yulin_Energy_Coal-to-Methanol_Plant,"Shaanxi, China",30.0,30.0,exact,"37.651218, 108.900384",['China'],exact,CHN,Yulin,Yanzhou Coal Yulin Energy Coal-to-Methanol Plant,,,E100002018284 [100%],Shaanxi Yanchang China Coal Yulin Energy Chemical Co [100%],陕西延长中煤榆林能源化工有限公司 (Chinese),Asia Pacific,30.0,,operating,GChI,GChI,n/a
chemicals,P100000140332,Yulin Coal Deep Processing Base Chemical Plant,中煤榆林煤炭深加工基地项目 (Chinese),Middling Coal Shaanxi Yulin Energy and Chemical Co Ltd [100%],China;,Shaanxi,operating,30.0,propylene,polyethylene,coal,38.223071, 109.726511,https://gem.wiki/Yulin_Coal_Deep_Processing_Base_Chemical_Plant,"Shaanxi, China",30.0,30.0,approximate,"38.223071, 109.726511",['China'],exact,CHN,Yulin,Yulin Coal Deep Processing Base Chemical Plant,,,E100002018154 [100%],Middling Coal Shaanxi Yulin Energy and Chemical Co Ltd [100%],中煤陕西榆林能源化工有限公司 (Chinese),Asia Pacific,30.0,,operating,GChI,GChI,n/a
chemicals,P100000140335,Shaanxi Future Energy Coal-to-Olefins Plant,陕西未来能源化工有限公司 (Chinese),Shaanxi Future Energy Chemical Co Ltd [100%],China;,Shaanxi,operating,30.0,olefins (unknown type),,coal,38.229292, 109.500950,https://gem.wiki/Shaanxi_Future_Energy_Coal-to-Olefins_Plant,"Shaanxi, China",30.0,30.0,exact,"38.229292, 109.500950",['China'],exact,CHN,Yulin,Shaanxi Future Energy Coal-to-Olefins Plant,,,E100000122675 [100%],Shaanxi Future Energy Chemical Co Ltd [100%],陕西未来能源化工有限公司 (Chinese),Asia Pacific,30.0,,operating,GChI,GChI,n/a
chemicals,P100000140336,Sinochem Plain Dezhou Ammonia Plant,中化平原化工有限公司 (Chinese),Sinochem Plain Chemical Co Ltd [100%],China;,Shandong,operating,30.0,ammonia,urea,,37.181160, 116.446090,https://gem.wiki/Sinochem_Plain_Dezhou_Ammonia_Plant,"Shandong, China",30.0,30.0,exact,"37.181160, 116.446090",['China'],,CHN,Dezhou,Sinochem Plain Dezhou Ammonia Plant,,,E100002018339 [100%],Sinochem Plain Chemical Co Ltd [100%],中化平原化工有限公司 (Chinese),Asia Pacific,30.0,,operating,GChI,GChI,n/a
chemicals,P100000140337,Hualu Hengsheng Chemical Plant,华鲁恒升股份有限公司 (Chinese),Hualu Hengsheng Co [100%],China;,Shandong,operating,30.0,ammonia; methanol,urea,,37.464551, 116.262612,https://gem.wiki/Hualu_Hengsheng_Chemical_Plant,"Shandong, China",30.0,30.0,approximate,"37.464551, 116.262612",['China'],,CHN,Dezhou,Hualu Hengsheng Chemical Plant,,,E100002018034 [100%],Hualu Hengsheng Co [100%],华鲁恒升股份有限公司 (Chinese),Asia Pacific,30.0,,operating,GChI,GChI,n/a
chemicals,P100000140338,Kaiyuan Chemical Plant,山东开源化工有限公司 (Chinese),Kaiyuan Chemical Co [100%],China;,Shandong,operating,30.0,benzene; toluene; xylene,,coal,37.812844, 116.856462,https://gem.wiki/Kaiyuan_Chemical_Plant,"Shandong, China",30.0,30.0,exact,"37.812844, 116.856462",['China'],exact,CHN,Dezhou,Kaiyuan Chemical Plant,,,E100002018097 [100%],Kaiyuan Chemical Co [100%],山东开源化工有限公司 (Chinese),Asia Pacific,30.0,,operating,GChI,GChI,n/a
chemicals,P100000140339,Shandong Huineng New Material Technology Chemical Plant,山东汇能新材料科技股份有限公司 (Chinese),Shandong Huineng New Material Technology Co [100%],China;,Shandong,operating,30.0,benzene; toluene; xylene,,coal,35.368839, 116.400498,https://gem.wiki/Shandong_Huineng_New_Material_Technology_Chemical_Plant,"Shandong, China",30.0,30.0,exact,"35.368839, 116.400498",['China'],exact,CHN,Dongying,Shandong Huineng New Material Technology Chemical Plant,,,E100002018293 [100%],Shandong Huineng New Material Technology Co [100%],山东汇能新材料科技股份有限公司 (Chinese),Asia Pacific,30.0,,operating,GChI,GChI,n/a
chemicals,P100000140340,Kenli County Fengyuan Chemical Plant,垦利县丰源化工有限责任公司 (Chinese),Kenli County Fengyuan Chemical Co [100%],China;,Shandong,operating,30.0,benzene; methanol,,naphtha,37.526168, 118.725260,https://gem.wiki/Kenli_County_Fengyuan_Chemical_Plant,"Shandong, China",30.0,30.0,approximate,"37.526168, 118.725260",['China'],exact,CHN,Dongying,Kenli County Fengyuan Chemical Plant,,,E100002018105 [100%],Kenli County Fengyuan Chemical Co [100%],垦利县丰源化工有限责任公司 (Chinese),Asia Pacific,30.0,,operating,GChI,GChI,n/a
chemicals,P100000140341,Yikun Fine Chemical Plant,宜坤精细化工 (Chinese),Yikun Fine Chemical Co [100%],China;,Shandong,operating,30.0,benzene; xylene,,,37.740537, 118.504763,https://gem.wiki/Yikun_Fine_Chemical_Plant,"Shandong, China",30.0,30.0,exact,"37.740537, 118.504763",['China'],,CHN,Dongying,Yikun Fine Chemical Plant,,,E100002018422 [100%],Yikun Fine Chemical Co [100%],宜坤精细化工 (Chinese),Asia Pacific,30.0,,operating,GChI,GChI,n/a
chemicals,P100000140342,Dongying Weilian Chemical Plant,东营威联化学有限公司 (Chinese),Dongying Weilian Chemical Co Ltd [100%],China;,Shandong,operating,30.0,benzene; xylene; methanol,coal tar; methyl tert-butyl ether; naphtha; polyester,naphtha,38.099429, 118.898182,https://gem.wiki/Dongying_Weilian_Chemical_Plant,"Shandong, China",30.0,30.0,approximate,"38.099429, 118.898182",['China'],exact,CHN,Dongying,Dongying Weilian Chemical Plant,,,E100002017951 [100%],Dongying Weilian Chemical Co Ltd [100%],东营威联化学有限公司 (Chinese),Asia Pacific,30.0,,operating,GChI,GChI,n/a
chemicals,P100000140343,Shandong Weite Chemical Plant,山东威特化工有限公司 (Chinese),Shandong Weite Chemical CoLtd [100%],China;,Shandong,operating,30.0,butadiene,,,37.563924, 118.471802,https://gem.wiki/Shandong_Weite_Chemical_Plant,"Shandong, China",30.0,30.0,exact,"37.563924, 118.471802",['China'],,CHN,Dongying,Shandong Weite Chemical Plant,,,E100002018299 [100%],Shandong Weite Chemical CoLtd [100%],山东威特化工有限公司 (Chinese),Asia Pacific,30.0,,operating,GChI,GChI,n/a
chemicals,P100000140344,Shandong Huamao New Material Chemical Plant,山东华懋新材料有限公司 (Chinese),Shandong Huamao New Material Co [100%],China;,Shandong,operating,30.0,butadiene,,crude oil,38.046891, 118.879900,https://gem.wiki/Shandong_Huamao_New_Material_Chemical_Plant,"Shandong, China",30.0,30.0,exact,"38.046891, 118.879900",['China'],exact,CHN,Dongying,Shandong Huamao New Material Chemical Plant,,,E100002018291 [100%],Shandong Huamao New Material Co [100%],山东华懋新材料有限公司 (Chinese),Asia Pacific,30.0,,operating,GChI,GChI,n/a
chemicals,P100000140345,Shandong Kenli Petrochemical Plant,山东垦利石化集团有限公司 (Chinese),Shandong Kenli Petrochemical Group Co [100%],China;,Shandong,operating,30.0,butadiene,,crude oil,37.570809, 118.538339,https://gem.wiki/Shandong_Kenli_Petrochemical_Plant,"Shandong, China",30.0,30.0,exact,"37.570809, 118.538339",['China'],exact,CHN,Dongying,Shandong Kenli Petrochemical Plant,,,E100000126877 [100%],Shandong Kenli Petrochemical Group Co [100%],山东垦利石化集团有限公司 (Chinese),Asia Pacific,30.0,,operating,GChI,GChI,n/a
chemicals,P100000140346,Shandong Huabin Chemical Plant,山东华滨化工科技有限公司 (Chinese),Shandong Huabin Chemical Technology Co Ltd [100%],China;,Shandong,operating,30.0,propylene; aromatics (unknown type),,methanol,38.059983, 118.910027,https://gem.wiki/Shandong_Huabin_Chemical_Plant,"Shandong, China",30.0,30.0,approximate,"38.059983, 118.910027",['China'],exact,CHN,Dongying,Shandong Huabin Chemical Plant,,,E100002018290 [100%],Shandong Huabin Chemical Technology Co Ltd [100%],山东华滨化工科技有限公司 (Chinese),Asia Pacific,30.0,,operating,GChI,GChI,n/a
chemicals,P100000140347,Hongcheng Dongying Chemical Plant,宏程化工 (Chinese),Hongcheng Chemical Co [100%],China;,Shandong,operating,30.0,xylene,,,37.566483, 118.498726,https://gem.wiki/Hongcheng_Dongying_Chemical_Plant,"Shandong, China",30.0,30.0,exact,"37.566483, 118.498726",['China'],,CHN,Dongying,Hongcheng Dongying Chemical Plant,,,E100002018030 [100%],Hongcheng Chemical Co [100%],宏程化工 (Chinese),Asia Pacific,30.0,,operating,GChI,GChI,n/a
chemicals,P100000140348,Dongying Hongcheng Chemical Plant,东营市宏程化工有限公司 (Chinese),Dongying Hongcheng Chemical Co [100%],China;,Shandong,operating,30.0,xylene,,crude oil,37.566568, 118.498736,https://gem.wiki/Dongying_Hongcheng_Chemical_Plant,"Shandong, China",30.0,30.0,exact,"37.566568, 118.498736",['China'],exact,CHN,Dongying,Dongying Hongcheng Chemical Plant,,,E100002017950 [100%],Dongying Hongcheng Chemical Co [100%],东营市宏程化工有限公司 (Chinese),Asia Pacific,30.0,,operating,GChI,GChI,n/a
chemicals,P100000140349,Shandong Yuhuang Chemical Plant,山东玉皇化工集团有限公司 (Chinese),Shandong Yuhuang Chemical Group Co [100%],China;,Shandong,operating,30.0,butadiene,,coal,35.363096, 115.159126,https://gem.wiki/Shandong_Yuhuang_Chemical_Plant,"Shandong, China",30.0,30.0,exact,"35.363096, 115.159126",['China'],exact,CHN,Heze,Shandong Yuhuang Chemical Plant,,,E100002018301 [100%],Shandong Yuhuang Chemical Group Co [100%],山东玉皇化工集团有限公司 (Chinese),Asia Pacific,30.0,,operating,GChI,GChI,n/a
chemicals,P100000140350,Shandong Heze Yuhuang Chemical Plant,山东菏泽玉皇化工有限公司 (Chinese),Shandong Heze Yuhuang Chemical Co [100%],China;,Shandong,operating,30.0,butadiene; benzene; toluene; xylene,,crude oil,35.348924, 115.195614,https://gem.wiki/Shandong_Heze_Yuhuang_Chemical_Plant,"Shandong, China",30.0,30.0,exact,"35.348924, 115.195614",['China'],exact,CHN,Heze,Shandong Heze Yuhuang Chemical Plant,,,E100002018289 [100%],Shandong Heze Yuhuang Chemical Co [100%],山东菏泽玉皇化工有限公司 (Chinese),Asia Pacific,30.0,,operating,GChI,GChI,n/a
chemicals,P100000140351,Shandong Mingquan New Material Coal-to-Methanol Plant,山东明泉新材料60万吨/年甲醇项目 (Chinese),Shandong Mingquan New Material Technology Co [100%],China;,Shandong,operating,30.0,methanol,,coal,36.886652, 117.501751,https://gem.wiki/Shandong_Mingquan_New_Material_Coal-to-Methanol_Plant,"Shandong, China",30.0,30.0,approximate,"36.886652, 117.501751",['China'],exact,CHN,Ji,Shandong Mingquan New Material Coal-to-Methanol Plant,,,E100002018296 [100%],Shandong Mingquan New Material Technology Co [100%],山东明泉新材料科技有限公司 (Chinese),Asia Pacific,30.0,,operating,GChI,GChI,n/a
chemicals,P100000140352,Shandong Mantanghong New Material Chemical Plant,山东满堂红新材料有限公司 (Chinese),Shandong Mantanghong New Material Co [100%],China;,Shandong,operating,30.0,xylene,,,37.189476, 122.045908,https://gem.wiki/Shandong_Mantanghong_New_Material_Chemical_Plant,"Shandong, China",30.0,30.0,exact,"37.189476, 122.045908",['China'],,CHN,Ji,Shandong Mantanghong New Material Chemical Plant,,,E100002018295 [100%],Shandong Mantanghong New Material Co [100%],山东满堂红新材料有限公司 (Chinese),Asia Pacific,30.0,,operating,GChI,GChI,n/a
chemicals,P100000140353,Yankuang Guohong Chemical Company Coal-to-Methanol Plant,兖矿国宏化工有限责任公司 (Chinese),Yankuang Guohong Chemical Co Ltd [100%],China;,Shandong,operating,30.0,methanol,,coal,35.457422, 116.946385,https://gem.wiki/Yankuang_Guohong_Chemical_Company_Coal-to-Methanol_Plant,"Shandong, China",30.0,30.0,exact,"35.457422, 116.946385",['China'],exact,CHN,Jining,Yankuang Guohong Chemical Company Coal-to-Methanol Plant,,,E100002018414 [100%],Yankuang Guohong Chemical Co Ltd [100%],兖矿国宏化工有限责任公司 (Chinese),Asia Pacific,30.0,,operating,GChI,GChI,n/a
chemicals,P100000140354,Longteng Jining Chemical Plant,龙腾化工有限公司 (Chinese),Longteng Chemical Co [100%],China;,Shandong,operating,30.0,xylene,,,35.914641, 116.751674,https://gem.wiki/Longteng_Jining_Chemical_Plant,"Shandong, China",30.0,30.0,exact,"35.914641, 116.751674",['China'],,CHN,Jining,Longteng Jining Chemical Plant,,,E100002018138 [100%],Longteng Chemical Co [100%],龙腾化工有限公司 (Chinese),Asia Pacific,30.0,,operating,GChI,GChI,n/a
chemicals,P100000140355,Shandong Luxi Coal Ammonia Plant,山东鲁西化工集团煤化工公司 (Chinese),Shandong Luxi Chemical Group Co Ltd [100%],China;,Shandong,operating,30.0,ammonia,,coal,36.132938, 115.770020,https://gem.wiki/Shandong_Luxi_Coal_Ammonia_Plant,"Shandong, China",30.0,30.0,exact,"36.132938, 115.770020",['China'],exact,CHN,Laocheng,Shandong Luxi Coal Ammonia Plant,,,E100002018294 [100%],Shandong Luxi Chemical Group Co Ltd [100%],山东鲁西化工集团股份有限公司 (Chinese),Asia Pacific,30.0,,operating,GChI,GChI,n/a
chemicals,P100000140356,Ginyimeng Group Linyi Ammonia Plant,金沂蒙集团有限公司 (Chinese),Ginyimeng Group Limited [100%],China;,Shandong,operating,30.0,ammonia,,coal,34.911513, 118.585548,https://gem.wiki/Ginyimeng_Group_Linyi_Ammonia_Plant,"Shandong, China",30.0,30.0,exact,"34.911513, 118.585548",['China'],exact,CHN,Linyi,Ginyimeng Group Linyi Ammonia Plant,,,E100002017976 [100%],Ginyimeng Group Limited [100%],金沂蒙集团有限公司 (Chinese),Asia Pacific,30.0,,operating,GChI,GChI,n/a
chemicals,P100000140357,Shandong Hengtong Chemical Plant,山东恒通化工股份有限公司 (Chinese),Shandong Hengtong Chemical Co Ltd [100%],China;,Shandong,operating,30.0,ammonia; methanol,urea,coal,34.619887, 118.328973,https://gem.wiki/Shandong_Hengtong_Chemical_Plant,"Shandong, China",30.0,30.0,exact,"34.619887, 118.328973",['China'],exact,CHN,Linyi,Shandong Hengtong Chemical Plant,,,E100000122726 [100%],Shandong Hengtong Chemical Co Ltd [100%],山东恒通化工股份有限公司 (Chinese),Asia Pacific,30.0,,operating,GChI,GChI,n/a
chemicals,P100000140358,Qingdao Lidong Chemical Plant,青岛丽东化工 (Chinese),Qingdao Lidong Chemical Co Ltd [100%],China;,Shandong,operating,30.0,benzene; toluene; xylene,liquid petroleum gas (LPG),mixed xylenes; naphtha,36.049268, 120.214263,https://gem.wiki/Qingdao_Lidong_Chemical_Plant,"Shandong, China",30.0,30.0,exact,"36.049268, 120.214263",['China'],exact,CHN,Qingdao,Qingdao Lidong Chemical Plant,,,E100002018239 [100%],Qingdao Lidong Chemical Co Ltd [100%],青岛丽东化工有限公司 (Chinese),Asia Pacific,30.0,,operating,GChI,GChI,n/a
chemicals,P100000140359,Qingdao Chengzhi Huaqing New Material Chemical Plant,青岛诚志华青新材料有限公司 (Chinese),Qingdao Chengzhi Huaqing New Material Co [100%],China;,Shandong,operating,30.0,butadiene,,,35.647856, 119.717850,https://gem.wiki/Qingdao_Chengzhi_Huaqing_New_Material_Chemical_Plant,"Shandong, China",30.0,30.0,approximate,"35.647856, 119.717850",['China'],,CHN,Qingdao,Qingdao Chengzhi Huaqing New Material Chemical Plant,,,E100002018238 [100%],Qingdao Chengzhi Huaqing New Material Co [100%],青岛诚志华青新材料有限公司 (Chinese),Asia Pacific,30.0,,operating,GChI,GChI,n/a
chemicals,P100000140361,Shandong Shouguang Luqing Petrochemical Plant,山东寿光鲁清石化有限公司 (Chinese),Shandong Shouguang Luqing Petrochemical Co Ltd [100%],China;,Shandong,operating,30.0,propylene; benzene,methyl tert-butyl ether (MTBE),crude oil,37.200054, 118.847017,https://gem.wiki/Shandong_Shouguang_Luqing_Petrochemical_Plant,"Shandong, China",30.0,30.0,exact,"37.200054, 118.847017",['China'],exact,CHN,Shouguang,Shandong Shouguang Luqing Petrochemical Plant,,,E100000126352 [100%],Shandong Shouguang Luqing Petrochemical Co Ltd [100%],山东寿光鲁清石化有限公司 (Chinese),Asia Pacific,30.0,,operating,GChI,GChI,n/a
chemicals,P100000140362,Ruixing Group Taian Ammonia Plant,瑞星集团股份有限公司 (Chinese),Ruixing Group Co [100%],China;,Shandong,operating,30.0,ammonia,,coal,35.886998, 116.450897,https://gem.wiki/Ruixing_Group_Taian_Ammonia_Plant,"Shandong, China",30.0,30.0,exact,"35.886998, 116.450897",['China'],exact,CHN,Taian,Ruixing Group Taian Ammonia Plant,,,E100000123786 [100%],Ruixing Group Co [100%],瑞星集团股份有限公司 (Chinese),Asia Pacific,30.0,,operating,GChI,GChI,n/a
chemicals,P100000140363,Shandong Runyin Bio-Chemical Plant,山东润银生物化工股份有限公司 (Chinese),Rising Star Group Limited [100%],China;,Shandong,operating,30.0,ammonia; methanol,urea,,35.878202, 116.465936,https://gem.wiki/Shandong_Runyin_Bio-Chemical_Plant,"Shandong, China",30.0,30.0,exact,"35.878202, 116.465936",['China'],,CHN,Taian,Shandong Runyin Bio-Chemical Plant,,,E100002018251 [100%],Rising Star Group Limited [100%],瑞星集团有限公司 (Chinese),Asia Pacific,30.0,,operating,GChI,GChI,n/a
chemicals,P100000140364,Shandong Shenda Chemical Company Methanol-to-Olefins Plant,山东神达 100 万吨 / 年甲醇制烯烃 (Chinese),Shandong Shenda Chemical Co Ltd [100%],China;,Shandong,operating,30.0,olefins (unknown type),polypropylene,methanol,34.967027, 117.261873,https://gem.wiki/Shandong_Shenda_Chemical_Company_Methanol-to-Olefins_Plant,"Shandong, China",30.0,30.0,exact,"34.967027, 117.261873",['China'],exact,CHN,Tengzhou,Shandong Shenda Chemical Company Methanol-to-Olefins Plant,,,E100002018298 [100%],Shandong Shenda Chemical Co Ltd [100%],山东神达化工有限公司 (Chinese),Asia Pacific,30.0,,operating,GChI,GChI,n/a
chemicals,P100000140365,Shandong Alliance Chemical Group Ammonia Plant,山东联盟化工集团有限公司 (Chinese),Shandong Alliance Chemical Group Limited Company [100%],China;,Shandong,operating,30.0,ammonia,urea,coal,36.862704, 118.731248,https://gem.wiki/Shandong_Alliance_Chemical_Group_Ammonia_Plant,"Shandong, China",30.0,30.0,exact,"36.862704, 118.731248",['China'],exact,CHN,Weifang,Shandong Alliance Chemical Group Ammonia Plant,,,E100002018286 [100%],Shandong Alliance Chemical Group Limited Company [100%],山东联盟化工集团有限公司 (Chinese),Asia Pacific,30.0,,operating,GChI,GChI,n/a
chemicals,P100000140366,Shandong Union Chemical Plant,山东联盟化工股份有限公司 (Chinese),Shandong Alliance Shandong Yankuang Guotuo Chemical Co [100%],China;,Shandong,operating,30.0,ammonia; methanol,,coal,36.862687, 118.731194,https://gem.wiki/Shandong_Union_Chemical_Plant,"Shandong, China",30.0,30.0,exact,"36.862687, 118.731194",['China'],exact,CHN,Weifang,Shandong Union Chemical Plant,,,E100002018287 [100%],Shandong Alliance Shandong Yankuang Guotuo Chemical Co [100%],山东联盟化工集团有限公司 (Chinese),Asia Pacific,30.0,,operating,GChI,GChI,n/a
chemicals,P100000140367,Shandong Changyi Petrochemical Plant,山东昌邑石化有限公司 (Chinese),Shandong Changyi Petrochemical Co Ltd[100%],China;,Shandong,operating,30.0,propylene; benzene; toluene; xylene,polypropylene,crude oil; fuel oil,36.828323, 119.353687,https://gem.wiki/Shandong_Changyi_Petrochemical_Plant,"Shandong, China",30.0,30.0,exact,"36.828323, 119.353687",['China'],exact,CHN,Weifang,Shandong Changyi Petrochemical Plant,,,E100000126947 [100%],Shandong Changyi Petrochemical Co Ltd[100%],山东昌邑石化有限公司 (Chinese),Asia Pacific,30.0,,operating,GChI,GChI,n/a
chemicals,P100000140368,Shandong Chambroad Petrochemical Plant,山东京博石油化工有限公司 (Chinese),Shandong Chambroad Petrochemicals Co Ltd [100%],China;,Shandong,operating,30.0,xylene,,crude oil,37.194137, 118.221614,https://gem.wiki/Shandong_Chambroad_Petrochemical_Plant,"Shandong, China",30.0,30.0,exact,"37.194137, 118.221614",['China'],exact,CHN,Weifang,Shandong Chambroad Petrochemical Plant,,,E100000127113 [100%],Shandong Chambroad Petrochemicals Co Ltd [100%],山东京博石油化工有限公司 (Chinese),Asia Pacific,30.0,,operating,GChI,GChI,n/a
chemicals,P100000140369,Sinochem Hongrun Petrochemical Plant,中化弘润石油化工有限公司 (Chinese),Sinochem Hongrun Petrochemical Co Ltd [100%],China;,Shandong,operating,30.0,xylene,,crude oil,36.761027, 118.477208,https://gem.wiki/Sinochem_Hongrun_Petrochemical_Plant,"Shandong, China",30.0,30.0,exact,"36.761027, 118.477208",['China'],exact,CHN,Weifang,Sinochem Hongrun Petrochemical Plant,,,E100002018337 [100%],Sinochem Hongrun Petrochemical Co Ltd [100%],中化弘润石油化工有限公司 (Chinese),Asia Pacific,30.0,,operating,GChI,GChI,n/a
chemicals,P100000140370,Yantai Dongfang Fertilizer Plant,烟台东方化肥厂 (Chinese),Yantai Dongfang Fertilizer Factory [100%],China;,Shandong,operating,30.0,ammonia,,,37.559846, 121.234465,https://gem.wiki/Yantai_Dongfang_Fertilizer_Plant,"Shandong, China",30.0,30.0,exact,"37.559846, 121.234465",['China'],,CHN,Yantai,Yantai Dongfang Fertilizer Plant,,,E100002018415 [100%],Yantai Dongfang Fertilizer Factory [100%],烟台东方化肥厂 (Chinese),Asia Pacific,30.0,,operating,GChI,GChI,n/a
chemicals,P100000140372,Shandong Yulong Petrochemical Plant,烟台裕龙岛二期 (Chinese),Shandong Yulong Petrochemical Co Ltd [100%],China;,Shandong,operating,30.0,ethylene,,crude oil,37.601230, 120.250566,https://gem.wiki/Shandong_Yulong_Petrochemical_Plant,"Shandong, China",30.0,30.0,exact,"37.601230, 120.250566",['China'],exact,CHN,Yantai,Shandong Yulong Petrochemical Plant,,,E100000122813 [100%],Shandong Yulong Petrochemical Co Ltd [100%],山东裕龙石化有限公司 (Chinese),Asia Pacific,30.0,GEPDCHN0037,operating,GChI,GChI,n/a
chemicals,P100000140373,Wanhua Chemical Group Yantai Petrochemical Complex,万华化学集团股份有限公司乙烯二期项目 (Chinese),Wanhua Chemical Group Co Ltd [100%],China;,Shandong,operating,30.0,ethylene,ethylene-vinyl acetate (EVA); high-density polyethylene (HDPE),ethane; naphtha,37.684506, 121.068159,https://gem.wiki/Wanhua_Chemical_Group_Yantai_Petrochemical_Complex,"Shandong, China",30.0,30.0,exact,"37.684506, 121.068159",['China'],exact,CHN,Yantai,Wanhua Chemical Group Yantai Petrochemical Complex,,,E100000123231 [100%],Wanhua Chemical Group Co Ltd [100%],万华化学集团股份有限公司 (Chinese),Asia Pacific,30.0,GEPDCHN0039,operating,GChI,GChI,n/a
chemicals,P100000140375,Zibo Qixiang Tengda Chemical Plant,淄博齐翔腾达化工股份有限公司 (Chinese),Zibo Qixiang Tengda Chemical Co [100%],China;,Shandong,operating,30.0,butadiene,,,36.749064, 118.239497,https://gem.wiki/Zibo_Qixiang_Tengda_Chemical_Plant,"Shandong, China",30.0,30.0,exact,"36.749064, 118.239497",['China'],,CHN,Zibo,Zibo Qixiang Tengda Chemical Plant,,,E100000122867 [100%],Zibo Qixiang Tengda Chemical Co [100%],淄博齐翔腾达化工股份有限公司 (Chinese),Asia Pacific,30.0,,operating,GChI,GChI,n/a
chemicals,P100000140376,Shandong Qilu Petrochemical Plant,山东齐鲁石化建设有限公司 (Chinese),Shandong Qilu Petrochemical Construction Co [100%],China;,Shandong,operating,30.0,butadiene,,crude oil,36.778412, 118.219434,https://gem.wiki/Shandong_Qilu_Petrochemical_Plant,"Shandong, China",30.0,30.0,exact,"36.778412, 118.219434",['China'],exact,CHN,Zibo,Shandong Qilu Petrochemical Plant,,,E100002018297 [100%],Shandong Qilu Petrochemical Construction Co [100%],山东齐鲁石化建设有限公司 (Chinese),Asia Pacific,30.0,,operating,GChI,GChI,n/a
chemicals,P100000140377,SINOPEC Qilu Company Petrochemical Plant,鲁油鲁炼转型升级技术改造项目 (Chinese),Sinopec Qilu Petrochemical Corporation [100%],China;,Shandong,operating,30.0,ethylene,,,36.789869, 118.267234,https://gem.wiki/SINOPEC_Qilu_Company_Petrochemical_Plant,"Shandong, China",30.0,30.0,exact,"36.789869, 118.267234",['China'],,CHN,Zibo,SINOPEC Qilu Company Petrochemical Plant,,,E100002018351 [100%],Sinopec Qilu Petrochemical Corporation [100%],山东齐鲁石化工程有限公司 (Chinese),Asia Pacific,30.0,GEPDCHN0040,operating,GChI,GChI,n/a
chemicals,P100000140378,Shandong Huifeng Petrochemical Plant,山东汇丰石化集团有限公司 (Chinese),Shandong Huifeng Petrochemical Group Co Ltd [100%],China;,Shandong,operating,30.0,propylene; benzene; toluene,polypropylene,crude oil,36.894904, 118.111989,https://gem.wiki/Shandong_Huifeng_Petrochemical_Plant,"Shandong, China",30.0,30.0,exact,"36.894904, 118.111989",['China'],exact,CHN,Zibo,Shandong Huifeng Petrochemical Plant,,,E100002018292 [100%],Shandong Huifeng Petrochemical Group Co Ltd [100%],山东汇丰石化集团有限公司 (Chinese),Asia Pacific,30.0,,operating,GChI,GChI,n/a
chemicals,P100000140379,Shandong Hengzhi Chemical Plant,山东恒志化工有限公司 (Chinese),Shandong Hengzhi Chemical Co [100%],China;,Shandong,operating,30.0,toluene,,,36.911005, 118.310003,https://gem.wiki/Shandong_Hengzhi_Chemical_Plant,"Shandong, China",30.0,30.0,approximate,"36.911005, 118.310003",['China'],,CHN,Zibo,Shandong Hengzhi Chemical Plant,,,E100002018288 [100%],Shandong Hengzhi Chemical Co [100%],山东恒志化工有限公司 (Chinese),Asia Pacific,30.0,,operating,GChI,GChI,n/a
chemicals,P100000140380,Shandong Xuchen Chemical Plant,山东旭晨化工科技有限公司 (Chinese),Shandong Xuchen Chemical Technology Co [100%],China;,Shandong,operating,30.0,xylene,,,36.769811, 116.877166,https://gem.wiki/Shandong_Xuchen_Chemical_Plant,"Shandong, China",30.0,30.0,exact,"36.769811, 116.877166",['China'],,CHN,Zibo,Shandong Xuchen Chemical Plant,,,E100002018300 [100%],Shandong Xuchen Chemical Technology Co [100%],山东旭晨化工科技有限公司 (Chinese),Asia Pacific,30.0,,operating,GChI,GChI,n/a
chemicals,P100000140381,Shanghai Huayi Group Bio-Methanol Plant,华谊集团年产10万吨绿色甲醇项目 (Chinese),Shanghai Huayi Group Company [100%],China;,Shanghai,operating,30.0,methanol,,biomass,30.818509, 121.463169,https://gem.wiki/Shanghai_Huayi_Group_Bio-Methanol_Plant,"Shanghai, China",30.0,30.0,exact,"30.818509, 121.463169",['China'],exact,CHN,Fengxian,Shanghai Huayi Group Bio-Methanol Plant,,,E100000123381 [100%],Shanghai Huayi Group Company [100%],上海华谊（集团）公司 (Chinese),Asia Pacific,30.0,,operating,GChI,GChI,n/a
chemicals,P100000140382,Shanghai SECCO Propylene Plant,上海赛科丙烯项目 (Chinese),Shanghai SECCO Petrochemical Company Ltd [100%],China;,Shanghai,operating,30.0,propylene,,,30.807931, 121.473863,https://gem.wiki/Shanghai_SECCO_Propylene_Plant,"Shanghai, China",30.0,30.0,approximate,"30.807931, 121.473863",['China'],,CHN,Fengxian,Shanghai SECCO Propylene Plant,,,E100002018303 [100%],Shanghai SECCO Petrochemical Company Ltd [100%],上海赛科石油化工有限责任公司 (Chinese),Asia Pacific,30.0,,operating,GChI,GChI,n/a
chemicals,P100000140383,Shanghai Secco Petrochemical Plant,上海赛科石油化工有限责任公司 (Chinese),Shanghai Secco Petrochemical Co Ltd [100%],China;,Shanghai,operating,30.0,ethylene; propylene,polyethylene; polypropylene; styrene,,30.779819, 121.430536,https://gem.wiki/Shanghai_Secco_Petrochemical_Plant,"Shanghai, China",30.0,30.0,exact,"30.779819, 121.430536",['China'],,CHN,Jinshan,Shanghai Secco Petrochemical Plant,,,E100002018303 [100%],Shanghai Secco Petrochemical Co Ltd [100%],上海赛科石油化工有限责任公司 (Chinese),Asia Pacific,30.0,GEPDCHN0042,operating,GChI,GChI,n/a
chemicals,P100000140384,Sinopec Shanghai Petrochemical Plant,中国石化上海石油化工股份有限公司 (Chinese),Sinopec Shanghai Petrochemical Company Limited [100%],China;,Shanghai,operating,30.0,ethylene; propylene; butadiene; benzene; toluene; xylene,,crude oil,30.701889, 121.291782,https://gem.wiki/Sinopec_Shanghai_Petrochemical_Plant,"Shanghai, China",30.0,30.0,exact,"30.701889, 121.291782",['China'],exact,CHN,Jinshan,Sinopec Shanghai Petrochemical Plant,,,E100000122574 [100%],Sinopec Shanghai Petrochemical Company Limited [100%],中国石化上海石油化工股份有限公司 (Chinese),Asia Pacific,30.0,GEPDCHN0041,operating,GChI,GChI,n/a
chemicals,P100000140385,GenTech Shanghai Green Ammonia Plant,上海正帆科技股份有限公司 (Chinese),Shanghai Zhengfan Technology Co Ltd [100%],China;,Shanghai,operating,30.0,ammonia,,green hydrogen,31.123225, 121.379802,https://gem.wiki/GenTech_Shanghai_Green_Ammonia_Plant,"Shanghai, China",30.0,30.0,exact,"31.123225, 121.379802",['China'],exact,CHN,Shanghai,GenTech Shanghai Green Ammonia Plant,,,E100002018304 [100%],Shanghai Zhengfan Technology Co Ltd [100%],上海正帆科技股份有限公司 (Chinese),Asia Pacific,30.0,,operating,GChI,GChI,n/a
chemicals,P100000140386,Wechem Shanghai Ammonia Plant,上海众巍化学科技有限公司 (Chinese),Shanghai Zhongwei Chemical Wechem Technology Co [100%],China;,Shanghai,operating,30.0,ammonia,,,31.264810, 121.627161,https://gem.wiki/Wechem_Shanghai_Ammonia_Plant,"Shanghai, China",30.0,30.0,approximate,"31.264810, 121.627161",['China'],,CHN,Shanghai,Wechem Shanghai Ammonia Plant,,,E100002018305 [100%],Shanghai Zhongwei Chemical Wechem Technology Co [100%],上海众巍化学科技有限公司 (Chinese),Asia Pacific,30.0,,operating,GChI,GChI,n/a
chemicals,P100000140387,Mingquan Group Chemical Plant,明泉集团股份有限公司 (Chinese),Mingquan Group Co Ltd [100%],China;,Shanghai,operating,30.0,ammonia; methanol,hydrogen peroxide; urea,,31.173275, 121.376317,https://gem.wiki/Mingquan_Group_Chemical_Plant,"Shanghai, China",30.0,30.0,exact,"31.173275, 121.376317",['China'],,CHN,Shanghai,Mingquan Group Chemical Plant,,,E100002018155 [100%],Mingquan Group Co Ltd [100%],明泉集团股份有限公司 (Chinese),Asia Pacific,30.0,,operating,GChI,GChI,n/a
chemicals,P100000140388,Shanghai Baosteel Chemical Plant,上海宝钢化工有限公司 (Chinese),Shanghai Baosteel Chemical Co [100%],China;,Shanghai,operating,30.0,benzene,,coal,31.414313, 121.491074,https://gem.wiki/Shanghai_Baosteel_Chemical_Plant,"Shanghai, China",30.0,30.0,exact,"31.414313, 121.491074",['China'],exact,CHN,Shanghai,Shanghai Baosteel Chemical Plant,,,E100002018302 [100%],Shanghai Baosteel Chemical Co [100%],上海宝钢化工有限公司 (Chinese),Asia Pacific,30.0,,operating,GChI,GChI,n/a
chemicals,P100000140389,Sinopec Shanghai Gaoqiao Oil Refinery,中国石化上海高桥炼油厂 (Chinese),SINOPEC Shanghai Gaoqiao Oil Refinery [100%],China;,Shanghai,operating,30.0,ethylene; propylene; butadiene,,crude oil,31.278570, 121.577230,https://gem.wiki/Sinopec_Shanghai_Gaoqiao_Oil_Refinery,"Shanghai, China",30.0,30.0,exact,"31.278570, 121.577230",['China'],exact,CHN,Shanghai,Sinopec Shanghai Gaoqiao Oil Refinery,,,E100002018257 [100%],SINOPEC Shanghai Gaoqiao Oil Refinery [100%],中国石化上海高桥炼油厂 (Chinese),Asia Pacific,30.0,,operating,GChI,GChI,n/a
chemicals,P100000140392,Shaanxi Baozao Chemical Group Plant,陕西宝氮化工集团有限公司 (Chinese),Shaanxi Baozao Chemical Group Co [100%],China;,Shanxi,operating,30.0,ammonia; xylene,,,34.359258, 107.093024,https://gem.wiki/Shaanxi_Baozao_Chemical_Group_Plant,"Shanxi, China",30.0,30.0,exact,"34.359258, 107.093024",['China'],,CHN,Baoji,Shaanxi Baozao Chemical Group Plant,,,E100002018276 [100%],Shaanxi Baozao Chemical Group Co [100%],陕西宝氮化工集团有限公司 (Chinese),Asia Pacific,30.0,,operating,GChI,GChI,n/a
chemicals,P100000140395,Shanxi Tongzhou Coal & Coking Chemical Plant,山西通洲煤焦集团股份有限公司 (Chinese),Shanxi Tongzhou Coal & Coking Group Co [100%],China;,Shanxi,operating,30.0,ammonia; benzene,,coal,36.745016, 112.261725,https://gem.wiki/Shanxi_Tongzhou_Coal_&_Coking_Chemical_Plant,"Shanxi, China",30.0,30.0,exact,"36.745016, 112.261725",['China'],exact,CHN,Changzhi,Shanxi Tongzhou Coal & Coking Chemical Plant,,,E100002018316 [100%],Shanxi Tongzhou Coal & Coking Group Co [100%],山西通洲煤焦集团股份有限公司 (Chinese),Asia Pacific,30.0,,operating,GChI,GChI,n/a
chemicals,P100000140396,Tianji Lu’an Chemicals Dianshang Township Chemical Plant,山西天脊潞安化工有限公司焦炉煤气高效利用制化学品项目 (Chinese),Shanxi Tianji Lu'an Chemical Co [100%],China;,Shanxi,operating,30.0,ammonia; methanol,,coke oven gas,36.436298, 113.070795,https://gem.wiki/Tianji_Lu’an_Chemicals_Dianshang_Township_Chemical_Plant,"Shanxi, China",30.0,30.0,approximate,"36.436298, 113.070795",['China'],exact,CHN,Changzhi,Tianji Lu’an Chemicals Dianshang Township Chemical Plant,,,E100002018313 [100%],Shanxi Tianji Lu'an Chemical Co [100%],山西天脊潞安化工有限公司 (Chinese),Asia Pacific,30.0,,operating,GChI,GChI,n/a
chemicals,P100000140398,Shanxi Xiangyuan New Type Coal Chemical Plant,山西祥源新型煤化工有限公司 (Chinese),Shanxi Xiangyuan New Type Coal Chemical Co [60%],China;,Shanxi,operating,30.0,benzene,,coal,36.738189, 112.271102,https://gem.wiki/Shanxi_Xiangyuan_New_Type_Coal_Chemical_Plant,"Shanxi, China",30.0,30.0,exact,"36.738189, 112.271102",['China'],exact,CHN,Changzhi,Shanxi Xiangyuan New Type Coal Chemical Plant,,,E100002018317 [60%],Shanxi Xiangyuan New Type Coal Chemical Co [60%],山西祥源新型煤化工有限公司 (Chinese),Asia Pacific,30.0,,operating,GChI,GChI,n/a
chemicals,P100000140399,Jintaoyuan Coal Coking Chemical Plant,金桃园煤焦化集团（山西交城） (Chinese),Jintaoyuan Coal Coking Group [100%],China;,Shanxi,operating,30.0,benzene,,coal,37.583586, 112.182201,https://gem.wiki/Jintaoyuan_Coal_Coking_Chemical_Plant,"Shanxi, China",30.0,30.0,exact,"37.583586, 112.182201",['China'],exact,CHN,Jiaocheng,Jintaoyuan Coal Coking Chemical Plant,,,E100002018092 [100%],Jintaoyuan Coal Coking Group [100%],金桃园煤焦化集团（山西交城） (Chinese),Asia Pacific,30.0,,operating,GChI,GChI,n/a
chemicals,P100000140400,Shanxi lanhua Coal Ammonia Plant,山西兰花煤化工有限责任公司 (Chinese),Shanxi lanhua Coal Chemical Co [100%],China;,Shanxi,operating,30.0,ammonia,urea,coal,35.632917, 112.886976,https://gem.wiki/Shanxi_lanhua_Coal_Ammonia_Plant,"Shanxi, China",30.0,30.0,exact,"35.632917, 112.886976",['China'],exact,CHN,Jincheng,Shanxi lanhua Coal Ammonia Plant,,,E100002018320 [100%],Shanxi lanhua Coal Chemical Co [100%],山西兰花煤化工有限责任公司 (Chinese),Asia Pacific,30.0,,operating,GChI,GChI,n/a
chemicals,P100000140401,Shanxi Jin Coal Huayu Coal Ammonia Plant,山西晋煤华昱煤化工有限责任公司 (Chinese),Shanxi Jin Coal Huayu Coal Chemical Co Ltd [100%],China;,Shanxi,operating,30.0,ammonia,,coal,35.466294, 112.638759,https://gem.wiki/Shanxi_Jin_Coal_Huayu_Coal_Ammonia_Plant,"Shanxi, China",30.0,30.0,exact,"35.466294, 112.638759",['China'],exact,CHN,Jincheng,Shanxi Jin Coal Huayu Coal Ammonia Plant,,,E100002018309 [100%],Shanxi Jin Coal Huayu Coal Chemical Co Ltd [100%],山西晋煤华昱煤化工有限责任公司 (Chinese),Asia Pacific,30.0,,operating,GChI,GChI,n/a
chemicals,P100000140402,Shanxi Tianze Coal Ammonia Plant,山西天泽煤化工集团股份有限公司 (Chinese),Shanxi Tianze Coal Chemical Group Co [100%],China;,Shanxi,operating,30.0,ammonia,,coal,35.483100, 112.863383,https://gem.wiki/Shanxi_Tianze_Coal_Ammonia_Plant,"Shanxi, China",30.0,30.0,exact,"35.483100, 112.863383",['China'],exact,CHN,Jincheng,Shanxi Tianze Coal Ammonia Plant,,,E100002018315 [100%],Shanxi Tianze Coal Chemical Group Co [100%],山西天泽煤化工集团股份有限公司 (Chinese),Asia Pacific,30.0,,operating,GChI,GChI,n/a
chemicals,P100000140403,Shanxi Jinxiang Coal Ammonia Plant,山西金象煤化工 (Chinese),Shanxi Jinxiang Coal Chemical Co Ltd [100%],China;,Shanxi,operating,30.0,ammonia,urea,coal,35.466428, 112.598456,https://gem.wiki/Shanxi_Jinxiang_Coal_Ammonia_Plant,"Shanxi, China",30.0,30.0,exact,"35.466428, 112.598456",['China'],exact,CHN,Jincheng,Shanxi Jinxiang Coal Ammonia Plant,,,E100002018310 [100%],Shanxi Jinxiang Coal Chemical Co Ltd [100%],山西金象煤化工 (Chinese),Asia Pacific,30.0,,operating,GChI,GChI,n/a
chemicals,P100000140404,Jinneng Holding Equipment Manufacturing Group Coal-to-Methanol Plant,晋能控股装备制造集团甲醇项目 (Chinese),Jinneng Holding Equipment Manufacturing Group [100%],China;,Shanxi,operating,30.0,methanol,,coal,35.506394, 112.936092,https://gem.wiki/Jinneng_Holding_Equipment_Manufacturing_Group_Coal-to-Methanol_Plant,"Shanxi, China",30.0,30.0,approximate,"35.506394, 112.936092",['China'],exact,CHN,Jincheng,Jinneng Holding Equipment Manufacturing Group Coal-to-Methanol Plant,,,E100002010480 [100%],Jinneng Holding Equipment Manufacturing Group [100%],晋能控股装备制造集团有限公司 (Chinese),Asia Pacific,30.0,,operating,GChI,GChI,n/a
chemicals,P100000140406,Shanxi Minguang New Energy Ammonia Plant,山西闽光新能源公司 (Chinese),Shanxi Minguang New Energy Co [100%],China;,Shanxi,operating,30.0,ammonia,,coke oven gas,35.761985, 111.766991,https://gem.wiki/Shanxi_Minguang_New_Energy_Ammonia_Plant,"Shanxi, China",30.0,30.0,exact,"35.761985, 111.766991",['China'],exact,CHN,Linfen,Shanxi Minguang New Energy Ammonia Plant,,,E100002018311 [100%],Shanxi Minguang New Energy Co [100%],山西闽光新能源公司 (Chinese),Asia Pacific,30.0,,operating,GChI,GChI,n/a
chemicals,P100000140407,Shengxin Linfen Coking Plant,永鑫能源集团圣鑫160万吨/年焦化配套19万吨/年LNG联产12万吨/年合成氨项目 (Chinese),Shengxin Coking Co Ltd [100%],China;,Shanxi,operating,30.0,ammonia,,coal,36.234058, 111.697273,https://gem.wiki/Shengxin_Linfen_Coking_Plant,"Shanxi, China",30.0,30.0,approximate,"36.234058, 111.697273",['China'],exact,CHN,Linfen,Shengxin Linfen Coking Plant,,,E100002018327 [100%],Shengxin Coking Co Ltd [100%],圣鑫焦化有限公司 (Chinese),Asia Pacific,30.0,,operating,GChI,GChI,n/a
chemicals,P100000140408,Linfen Wanxinda Coking and Chemical Plant,临汾万鑫达焦化有限责任公司 (Chinese),Linfen Wanxinda Coking & Chemical Co [100%],China;,Shanxi,operating,30.0,benzene,,coal,35.932116, 111.496713,https://gem.wiki/Linfen_Wanxinda_Coking_and_Chemical_Plant,"Shanxi, China",30.0,30.0,exact,"35.932116, 111.496713",['China'],exact,CHN,Linfen,Linfen Wanxinda Coking and Chemical Plant,,,E100002018137 [100%],Linfen Wanxinda Coking & Chemical Co [100%],临汾万鑫达焦化有限责任公司 (Chinese),Asia Pacific,30.0,,operating,GChI,GChI,n/a
chemicals,P100000140409,Shanxi Coking Chemical Plant,山西焦化股份有限公司 (Chinese),Shanxi Coking Group Co Ltd [100%],China;,Shanxi,operating,30.0,benzene; methanol,,coal,36.352579, 111.797753,https://gem.wiki/Shanxi_Coking_Chemical_Plant,"Shanxi, China",30.0,30.0,exact,"36.352579, 111.797753",['China'],exact,CHN,Linfen,Shanxi Coking Chemical Plant,,,E100002018307 [100%],Shanxi Coking Group Co Ltd [100%],山西焦化集团有限公司 (Chinese),Asia Pacific,30.0,,operating,GChI,GChI,n/a
chemicals,P100000140410,Shanxi Runjin Ammonia Plant,山西润锦化工有限公司 (Chinese),Shanxi Runjin Chemical Co [100%],China;,Shanxi,operating,30.0,ammonia,,coal,37.561875, 112.242794,https://gem.wiki/Shanxi_Runjin_Ammonia_Plant,"Shanxi, China",30.0,30.0,exact,"37.561875, 112.242794",['China'],exact,CHN,Lvliang,Shanxi Runjin Ammonia Plant,,,E100002018312 [100%],Shanxi Runjin Chemical Co [100%],山西润锦化工有限公司 (Chinese),Asia Pacific,30.0,,operating,GChI,GChI,n/a
chemicals,P100000140411,Xiaoyi Jinmao Chemical Plant,‌孝义市晋茂化工有限公司 (Chinese),Xiaoyi Jinmao Chemical Co Ltd [100%],China;,Shanxi,operating,30.0,benzene,,coke oven gas,37.169646, 111.710179,https://gem.wiki/Xiaoyi_Jinmao_Chemical_Plant,"Shanxi, China",30.0,30.0,approximate,"37.169646, 111.710179",['China'],exact,CHN,Lvliang,Xiaoyi Jinmao Chemical Plant,,,E100002018400 [100%],Xiaoyi Jinmao Chemical Co Ltd [100%],‌孝义市晋茂化工有限公司 (Chinese),Asia Pacific,30.0,,operating,GChI,GChI,n/a
chemicals,P100000140412,Shanxi China Coal Pingshuo Energy Ammonia Plant,山西中煤平朔能源化工 (Chinese),Shanxi China Coal Pingshuo Energy Chemical Co Ltd [100%],China;,Shanxi,operating,30.0,ammonia,,coal,39.451972, 112.360174,https://gem.wiki/Shanxi_China_Coal_Pingshuo_Energy_Ammonia_Plant,"Shanxi, China",30.0,30.0,exact,"39.451972, 112.360174",['China'],exact,CHN,Shuozhou,Shanxi China Coal Pingshuo Energy Ammonia Plant,,,E100002018306 [100%],Shanxi China Coal Pingshuo Energy Chemical Co Ltd [100%],山西中煤平朔能源化工 (Chinese),Asia Pacific,30.0,,operating,GChI,GChI,n/a
chemicals,P100000140413,Taiyuan New Chemical Materials Ammonia Plant,太原化工新材料公司 (Chinese),Taiyuan New Chemical Materials Co [100%],China;,Shanxi,operating,30.0,ammonia,,coal,37.570404, 112.277379,https://gem.wiki/Taiyuan_New_Chemical_Materials_Ammonia_Plant,"Shanxi, China",30.0,30.0,exact,"37.570404, 112.277379",['China'],exact,CHN,Taiyuan,Taiyuan New Chemical Materials Ammonia Plant,,,E100002018371 [100%],Taiyuan New Chemical Materials Co [100%],太原化工新材料公司 (Chinese),Asia Pacific,30.0,,operating,GChI,GChI,n/a
chemicals,P100000140414,Taiyuai Chemical Industry Ammonia Plant,太原化工股份有限公司 (Chinese),Taiyuai Chemical Industry Co Ltd [100%],China;,Shanxi,operating,30.0,ammonia,,coal,37.815927, 112.511173,https://gem.wiki/Taiyuai_Chemical_Industry_Ammonia_Plant,"Shanxi, China",30.0,30.0,exact,"37.815927, 112.511173",['China'],exact,CHN,Taiyuan,Taiyuai Chemical Industry Ammonia Plant,,,E100002018370 [100%],Taiyuai Chemical Industry Co Ltd [100%],太原化工股份有限公司 (Chinese),Asia Pacific,30.0,,operating,GChI,GChI,n/a
chemicals,P100000140393,Hancheng CITIC Chemical Plant,韩城市中信化工有限公司 (Chinese),Hancheng CITIC Chemical Co [100%],China;,Shanxi,operating,30.0,benzene; xylene,,coal,35.547373, 110.482315,https://gem.wiki/Hancheng_CITIC_Chemical_Plant,"Shanxi, China",30.0,30.0,exact,"35.547373, 110.482315",['China'],exact,CHN,Wei,Hancheng CITIC Chemical Plant,,,E100002017993 [100%],Hancheng CITIC Chemical Co [100%],韩城市中信化工有限公司 (Chinese),Asia Pacific,30.0,,operating,GChI,GChI,n/a
chemicals,P100000140394,Xi'an Juli Petroleum Technology Plant,西安巨力石油技术有限公司 (Chinese),Xi'an Juli Petroleum Technology Co [100%],China;,Shanxi,operating,30.0,xylene,,,34.339703, 108.959231,https://gem.wiki/Xi'an_Juli_Petroleum_Technology_Plant,"Shanxi, China",30.0,30.0,approximate,"34.339703, 108.959231",['China'],,CHN,Xian,Xi'an Juli Petroleum Technology Plant,,,E100002018398 [100%],Xi'an Juli Petroleum Technology Co [100%],西安巨力石油技术有限公司 (Chinese),Asia Pacific,30.0,,operating,GChI,GChI,n/a
chemicals,P100000140415,Peng Fei Group Xiaoyi Ammonia Plant,山西鹏飞集团 (Chinese),Peng Fei Group [100%],China;,Shanxi,operating,30.0,ammonia,,coke oven gas,37.155072, 111.697798,https://gem.wiki/Peng_Fei_Group_Xiaoyi_Ammonia_Plant,"Shanxi, China",30.0,30.0,exact,"37.155072, 111.697798",['China'],exact,CHN,Xiaoyi,Peng Fei Group Xiaoyi Ammonia Plant,,,E100002018220 [100%],Peng Fei Group [100%],鹏飞集团 (Chinese),Asia Pacific,30.0,,operating,GChI,GChI,n/a
chemicals,P100000140416,Shanxi Yuwang Coal Gasification Ammonia Plant,山西禹王煤炭气化有限公司 (Chinese),Shanxi Yuwang Coal Gasification Co [100%],China;,Shanxi,operating,30.0,ammonia,,coke oven gas,38.345597, 112.722103,https://gem.wiki/Shanxi_Yuwang_Coal_Gasification_Ammonia_Plant,"Shanxi, China",30.0,30.0,exact,"38.345597, 112.722103",['China'],exact,CHN,Xinzhou,Shanxi Yuwang Coal Gasification Ammonia Plant,,,E100002018319 [100%],Shanxi Yuwang Coal Gasification Co [100%],山西禹王煤炭气化有限公司 (Chinese),Asia Pacific,30.0,,operating,GChI,GChI,n/a
chemicals,P100000140417,Yang Coal Yangquan Ammonia Plant,阳煤化工股份有限公司 (Chinese),Yang Coal Chemical Co [100%],China;,Shanxi,operating,30.0,ammonia,urea,coal,37.796418, 112.558593,https://gem.wiki/Yang_Coal_Yangquan_Ammonia_Plant,"Shanxi, China",30.0,30.0,exact,"37.796418, 112.558593",['China'],exact,CHN,Yangquan,Yang Coal Yangquan Ammonia Plant,,,E100002018411 [100%],Yang Coal Chemical Co [100%],阳煤化工股份有限公司 (Chinese),Asia Pacific,30.0,,operating,GChI,GChI,n/a
chemicals,P100000140419,Yangmei Fengxi Fertilizer Plant,阳煤丰喜肥业集团有限责任公司 (Chinese),Yangmei Fengxi Fertilizer Group Co [100%],China;,Shanxi,operating,30.0,ammonia,urea,coal,35.123226, 110.759185,https://gem.wiki/Yangmei_Fengxi_Fertilizer_Plant,"Shanxi, China",30.0,30.0,exact,"35.123226, 110.759185",['China'],exact,CHN,Yuncheng,Yangmei Fengxi Fertilizer Plant,,,E100002018413 [100%],Yangmei Fengxi Fertilizer Group Co [100%],阳煤丰喜肥业集团有限责任公司 (Chinese),Asia Pacific,30.0,,operating,GChI,GChI,n/a
chemicals,P100000140420,Shanxi Yangshi Coal Fengxi Quanji Energy Ammonia Plant,山西阳煤丰喜泉稷能源有限公司 (Chinese),Shanxi Yangshi Coal Fengxi Quanji Energy Co [100%],China;,Shanxi,operating,30.0,ammonia,,coke oven gas,35.662407, 110.976632,https://gem.wiki/Shanxi_Yangshi_Coal_Fengxi_Quanji_Energy_Ammonia_Plant,"Shanxi, China",30.0,30.0,exact,"35.662407, 110.976632",['China'],exact,CHN,Yuncheng,Shanxi Yangshi Coal Fengxi Quanji Energy Ammonia Plant,,,E100002018318 [100%],Shanxi Yangshi Coal Fengxi Quanji Energy Co [100%],山西阳煤丰喜泉稷能源有限公司 (Chinese),Asia Pacific,30.0,,operating,GChI,GChI,n/a
chemicals,P100000140421,Shanxi Fengxi Fertilizer Plant,山西丰喜肥业（集团）有限公司（原山西丰喜化肥） (Chinese),Shanxi Fengxi Fertilizer Group Co Ltd [100%],China;,Shanxi,operating,30.0,ammonia; methanol,urea,coal,35.459626, 110.913257,https://gem.wiki/Shanxi_Fengxi_Fertilizer_Plant,"Shanxi, China",30.0,30.0,exact,"35.459626, 110.913257",['China'],exact,CHN,Yuncheng,Shanxi Fengxi Fertilizer Plant,,,E100002018308 [100%],Shanxi Fengxi Fertilizer Group Co Ltd [100%],山西丰喜肥业（集团）有限公司（原山西丰喜化肥） (Chinese),Asia Pacific,30.0,,operating,GChI,GChI,n/a
chemicals,P100000140422,Sinopec Sichuan Petrochemical Plant,中石化四川石油化工有限公司 (Chinese),Sinopec Sichuan Petrochemical Co Ltd [100%],China;,Sichuan,operating,30.0,ethylene,methyl tert-butyl ether (MTBE); polypropylene,,31.066398, 103.908793,https://gem.wiki/Sinopec_Sichuan_Petrochemical_Plant,"Sichuan, China",30.0,30.0,exact,"31.066398, 103.908793",['China'],,CHN,Chengdu,Sinopec Sichuan Petrochemical Plant,,,E100002018352 [100%],Sinopec Sichuan Petrochemical Co Ltd [100%],中石化四川石油化工有限公司 (Chinese),Asia Pacific,30.0,GEPDCHN0043,operating,GChI,GChI,n/a
chemicals,P100000140423,PetroChina Sichuan Pengzhou Refinery,中国石油四川彭州炼油厂 (Chinese),PetroChina Sichuan Pengzhou Refinery [100%],China;,Sichuan,operating,30.0,ethylene,,crude oil,30.984129, 103.941294,https://gem.wiki/PetroChina_Sichuan_Pengzhou_Refinery,"Sichuan, China",30.0,30.0,exact,"30.984129, 103.941294",['China'],exact,CHN,Chengdu,PetroChina Sichuan Pengzhou Refinery,,,E100002018229 [100%],PetroChina Sichuan Pengzhou Refinery [100%],中国石油四川彭州炼油厂 (Chinese),Asia Pacific,30.0,,operating,GChI,GChI,n/a
chemicals,P100000140424,PetroChina Sichuan Chengdu Petrochemical Plant,中国石油四川石化有限责任公司80万吨/年乙烯项目 (Chinese),PetroChina Sichuan Petrochemical Co Ltd [100%],China;,Sichuan,operating,30.0,ethylene; benzene; xylene,butadiene rubber; butanol; diesel; ethylene glycol; gasoline; octanol; polyethylene; polypropylene,,30.671606, 104.030697,https://gem.wiki/PetroChina_Sichuan_Chengdu_Petrochemical_Plant,"Sichuan, China",30.0,30.0,exact,"30.671606, 104.030697",['China'],,CHN,Chengdu,PetroChina Sichuan Chengdu Petrochemical Plant,,,E100002018230 [100%],PetroChina Sichuan Petrochemical Co Ltd [100%],中国石油四川石化有限责任公司 (Chinese),Asia Pacific,30.0,,operating,GChI,GChI,n/a
chemicals,P100000140425,Sichuan Meifeng Ammonia Plant,四川美丰化工股份有限公司 (Chinese),Sichuan Meifeng Chemical Co Ltd [100%],China;,Sichuan,operating,30.0,ammonia,,natural gas,31.152030, 104.398088,https://gem.wiki/Sichuan_Meifeng_Ammonia_Plant,"Sichuan, China",30.0,30.0,exact,"31.152030, 104.398088",['China'],exact,CHN,Deyang,Sichuan Meifeng Ammonia Plant,,,E100002018332 [100%],Sichuan Meifeng Chemical Co Ltd [100%],四川美丰化工股份有限公司 (Chinese),Asia Pacific,30.0,,operating,GChI,GChI,n/a
chemicals,P100000140427,Lutianhua Sichuan Ammonia Plant,泸天化股份有限公司 (Chinese),Lutianhua Chemical Co Ltd [100%],China;,Sichuan,operating,30.0,ammonia,,natural gas,28.778248, 105.385827,https://gem.wiki/Lutianhua_Sichuan_Ammonia_Plant,"Sichuan, China",30.0,30.0,exact,"28.778248, 105.385827",['China'],exact,CHN,Luzhou,Lutianhua Sichuan Ammonia Plant,,,E100002018144 [100%],Lutianhua Chemical Co Ltd [100%],泸天化股份有限公司 (Chinese),Asia Pacific,30.0,,operating,GChI,GChI,n/a
chemicals,P100000140428,Sichuan Lutianhua Luzhou Methanol Plant,四川泸天化绿源醇业有限责任公司 (Chinese),Sichuan Lutianhua Co Ltd [100%],China;,Sichuan,operating,30.0,methanol,,natural gas,28.772973, 105.370155,https://gem.wiki/Sichuan_Lutianhua_Luzhou_Methanol_Plant,"Sichuan, China",30.0,30.0,approximate,"28.772973, 105.370155",['China'],exact,CHN,Luzhou,Sichuan Lutianhua Luzhou Methanol Plant,,,E100002018331 [100%],Sichuan Lutianhua Co Ltd [100%],四川泸天化绿源醇业有限责任公司 (Chinese),Asia Pacific,30.0,,operating,GChI,GChI,n/a
chemicals,P100000140431,Sinopec SABIC Tianjin Petrochemical Plant,中沙(天津)石化有限公司 (Chinese),SINOPEC/SABIC Tianjin Petrochemical Company Limited [100%],China;,Tianjin,operating,30.0,ethylene,,,38.821557, 117.415432,https://gem.wiki/Sinopec_SABIC_Tianjin_Petrochemical_Plant,"Tianjin, China",30.0,30.0,exact,"38.821557, 117.415432",['China'],,CHN,Binhai,Sinopec SABIC Tianjin Petrochemical Plant,,,E100002018258 [100%],SINOPEC/SABIC Tianjin Petrochemical Company Limited [100%],中沙(天津)石化有限公司 (Chinese),Asia Pacific,30.0,GEPDCHN0046,operating,GChI,GChI,n/a
chemicals,P100000140432,Tianjin Bohai Petrochemical Propane Dehydrogenation Plant,渤海石化60万吨丙烷脱氢制丙烯生产 (Chinese),Tianjin Bohai Chemical Industry Group Co Ltd [100%],China;,Tianjin,operating,30.0,propylene,acetone; acrylonitrile; butyloctanol; polypropylene; propylene oxide,methane,38.944126, 117.723971,https://gem.wiki/Tianjin_Bohai_Petrochemical_Propane_Dehydrogenation_Plant,"Tianjin, China",30.0,30.0,exact,"38.944126, 117.723971",['China'],exact,CHN,Lingang,Tianjin Bohai Petrochemical Propane Dehydrogenation Plant,,,E100002018378 [100%],Tianjin Bohai Chemical Industry Group Co Ltd [100%],天津渤海化工集团有限责任公司 (Chinese),Asia Pacific,30.0,,operating,GChI,GChI,n/a
chemicals,P100000140433,Jinhong Gas Tianjin Ammonia Plant,金宏气体（天津）有限公司 (Chinese),Jinhong Gas Co [100%],China;,Tianjin,operating,30.0,ammonia,,,38.983003, 117.200930,https://gem.wiki/Jinhong_Gas_Tianjin_Ammonia_Plant,"Tianjin, China",30.0,30.0,approximate,"38.983003, 117.200930",['China'],,CHN,Tianjin,Jinhong Gas Tianjin Ammonia Plant,,,E100002018090 [100%],Jinhong Gas Co [100%],金宏气体有限公司 (Chinese),Asia Pacific,30.0,,operating,GChI,GChI,n/a
chemicals,P100000140434,Tianjin Sheng Xin Chemical Plant,天津市晟鑫化工有限公司 (Chinese),Tianjin Sheng Xin Chemical Co [100%],China;,Tianjin,operating,30.0,benzene; toluene; xylene,,,38.845584, 117.395157,https://gem.wiki/Tianjin_Sheng_Xin_Chemical_Plant,"Tianjin, China",30.0,30.0,exact,"38.845584, 117.395157",['China'],,CHN,Tianjin,Tianjin Sheng Xin Chemical Plant,,,E100002018380 [100%],Tianjin Sheng Xin Chemical Co [100%],天津市晟鑫化工有限公司 (Chinese),Asia Pacific,30.0,,operating,GChI,GChI,n/a
chemicals,P100000140435,Tianjin Dechuan Petrochemical Plant,天津得川石化有限公司 (Chinese),Tianjin Dechuan Petrochemical Co Ltd [100%],China;,Tianjin,operating,30.0,benzene; toluene; xylene,,naphtha,38.683230, 117.597535,https://gem.wiki/Tianjin_Dechuan_Petrochemical_Plant,"Tianjin, China",30.0,30.0,exact,"38.683230, 117.597535",['China'],exact,CHN,Tianjin,Tianjin Dechuan Petrochemical Plant,,,E100002018379 [100%],Tianjin Dechuan Petrochemical Co Ltd [100%],天津得川石化有限公司 (Chinese),Asia Pacific,30.0,,operating,GChI,GChI,n/a
chemicals,P100000140436,Sinopec Tianjin Chemical Plant,中国石油化工股份有限公司天津化工厂 (Chinese),Sinopec Tianjin Company [100%],China;,Tianjin,operating,30.0,xylene,,crude oil,39.147867, 117.209722,https://gem.wiki/Sinopec_Tianjin_Chemical_Plant,"Tianjin, China",30.0,30.0,exact,"39.147867, 117.209722",['China'],exact,CHN,Tianjin,Sinopec Tianjin Chemical Plant,,,E100002018355 [100%],Sinopec Tianjin Company [100%],中国石油化工股份有限公司天津分公司 (Chinese),Asia Pacific,30.0,,operating,GChI,GChI,n/a
chemicals,P100000140437,Sinopec Nova Xinjiang Green Hydrogen Plant,中国石化新疆库车绿氢示范项目 (Chinese),Sinopec Nova Xinjiang Green Hydrogen New Energy Co [100%],China;,Xinjiang,operating,30.0,ammonia; methanol,,carbon dioxide; green hydrogen,41.743790, 83.036065,https://gem.wiki/Sinopec_Nova_Xinjiang_Green_Hydrogen_Plant,"Xinjiang, China",30.0,30.0,approximate,"41.743790, 83.036065",['China'],exact,CHN,Aksu,Sinopec Nova Xinjiang Green Hydrogen Plant,,,E100002018350 [100%],Sinopec Nova Xinjiang Green Hydrogen New Energy Co [100%],中石化新星新疆绿氢新能源有限公司 (Chinese),Asia Pacific,30.0,,operating,GChI,GChI,n/a
chemicals,P100000140438,Aufu Technology Xinjiang Ammonia Plant,新疆奥福化工有限公司 (Chinese),Aufu Technology Co [100%],China;,Xinjiang,operating,30.0,ammonia,urea,natural gas,41.718379, 83.016492,https://gem.wiki/Aufu_Technology_Xinjiang_Ammonia_Plant,"Xinjiang, China",30.0,30.0,approximate,"41.718379, 83.016492",['China'],exact,CHN,Aksu,Aufu Technology Xinjiang Ammonia Plant,,,E100002017875 [100%],Aufu Technology Co [100%],奥福科技有限公司 (Chinese),Asia Pacific,30.0,,operating,GChI,GChI,n/a
chemicals,P100000140439,Liaoning Huajin Chemical Plant,辽宁华锦化工（集团）有限责任公司 新疆基地 (Chinese),Liaoning Huajin Chemical Group Co Ltd,China;,Xinjiang,operating,30.0,ammonia,urea,,41.092731, 80.161296,https://gem.wiki/Liaoning_Huajin_Chemical_Plant,"Xinjiang, China",30.0,30.0,approximate,"41.092731, 80.161296",['China'],,CHN,Aksu,Liaoning Huajin Chemical Plant,,,E100002018127,Liaoning Huajin Chemical Group Co Ltd,辽宁华锦化工（集团）有限责任公司 (Chinese),Asia Pacific,30.0,,operating,GChI,GChI,n/a
chemicals,P100000140440,Sinopec Tahe Refining and Chemical Plant,顺北原油蒸汽裂解百万吨级乙烯项目 (Chinese),Sinopec Tahe Refining & Chemical Co [100%],China;,Xinjiang,operating,30.0,ethylene,,crude oil,41.727811, 83.029143,https://gem.wiki/Sinopec_Tahe_Refining_and_Chemical_Plant,"Xinjiang, China",30.0,30.0,approximate,"41.727811, 83.029143",['China'],assumed,CHN,Aksu,Sinopec Tahe Refining and Chemical Plant,,,E100002018353 [100%],Sinopec Tahe Refining & Chemical Co [100%],中国石化塔河炼化有限责任公司 (Chinese),Asia Pacific,30.0,,operating,GChI,GChI,n/a
chemicals,P100000140442,Bai Cheng County Zhongtai Coke Chemical Company Methanol Plant,拜城县众泰煤焦化有限公司 (Chinese),Bai Cheng County Zhongtai Coke Chemical Co Ltd [100%],China;,Xinjiang,operating,30.0,methanol,,coke oven gas,41.772387, 81.805186,https://gem.wiki/Bai_Cheng_County_Zhongtai_Coke_Chemical_Company_Methanol_Plant,"Xinjiang, China",30.0,30.0,approximate,"41.772387, 81.805186",['China'],exact,CHN,Aksu,Bai Cheng County Zhongtai Coke Chemical Company Methanol Plant,,,E100002017889 [100%],Bai Cheng County Zhongtai Coke Chemical Co Ltd [100%],拜城县众泰煤焦化有限公司 (Chinese),Asia Pacific,30.0,,operating,GChI,GChI,n/a
chemicals,P100000140443,Sinopec Tarim Tahe Refining and Chemical Plant,中国石化塔河炼化有限责任公司（简称塔河炼化） (Chinese),Sinopec Tarim Tahe Refining & Chemical Co Ltd [100%],China;,Xinjiang,operating,30.0,xylene,,crude oil,41.717549, 83.040968,https://gem.wiki/Sinopec_Tarim_Tahe_Refining_and_Chemical_Plant,"Xinjiang, China",30.0,30.0,exact,"41.717549, 83.040968",['China'],exact,CHN,Aksu,Sinopec Tarim Tahe Refining and Chemical Plant,,,E100002018354 [100%],Sinopec Tarim Tahe Refining & Chemical Co Ltd [100%],中国石化塔河炼化有限责任公司（简称塔河炼化） (Chinese),Asia Pacific,30.0,,operating,GChI,GChI,n/a
chemicals,P100000140445,Xinjiang Xinlianxin Energy Ammonia Plant,新疆心连心能源化工有限公司 (Chinese),Xinjiang Xinlianxin Energy Chemical Co Ltd [100%],China;,Xinjiang,operating,30.0,ammonia,fertilizer (unknown type); melamine; sodium nitrate,coal,44.207157, 86.407629,https://gem.wiki/Xinjiang_Xinlianxin_Energy_Ammonia_Plant,"Xinjiang, China",30.0,30.0,approximate,"44.207157, 86.407629",['China'],exact,CHN,Changji,Xinjiang Xinlianxin Energy Ammonia Plant,,,E100000128095 [100%],Xinjiang Xinlianxin Energy Chemical Co Ltd [100%],新疆心连心能源化工有限公司 (Chinese),Asia Pacific,30.0,,operating,GChI,GChI,n/a
chemicals,P100000140446,Hubei Yihua Group Ammonia Plant,湖北宜化集团 (Chinese),Hubei Yihua Group [100%],China;,Xinjiang,operating,30.0,ammonia,ammonium phosphate; caustic soda; pentaerythritol; polyvinyl chloride (PVC); urea,coal,44.082447, 87.120891,https://gem.wiki/Hubei_Yihua_Group_Ammonia_Plant,"Xinjiang, China",30.0,30.0,exact,"44.082447, 87.120891",['China'],exact,CHN,Changji,Hubei Yihua Group Ammonia Plant,,,E100000125346 [100%],Hubei Yihua Group [100%],湖北宜化集团 (Chinese),Asia Pacific,30.0,,operating,GChI,GChI,n/a
chemicals,P100000140447,Xinjiang Guotai Xinhua Coal-to-Methanol Plant,新疆国泰新华化工有限责任公司 (Chinese),Xinjiang Guotai Xinhua Chemical Co Ltd [100%],China;,Xinjiang,operating,30.0,methanol,,coal,44.151996, 87.904727,https://gem.wiki/Xinjiang_Guotai_Xinhua_Coal-to-Methanol_Plant,"Xinjiang, China",30.0,30.0,approximate,"44.151996, 87.904727",['China'],exact,CHN,Changji,Xinjiang Guotai Xinhua Coal-to-Methanol Plant,,,E100002018403 [100%],Xinjiang Guotai Xinhua Chemical Co Ltd [100%],新疆国泰新华化工有限责任公司 (Chinese),Asia Pacific,30.0,,operating,GChI,GChI,n/a
chemicals,P100000140448,Xinxing Huier Hami Ammonia Plant,新星惠尔绿色科技有限公司 (Chinese),Xinxing Hui'er Green Technology Co Ltd [100%],China;,Xinjiang,operating,30.0,ammonia,,coal,43.776315, 94.923642,https://gem.wiki/Xinxing_Huier_Hami_Ammonia_Plant,"Xinjiang, China",30.0,30.0,approximate,"43.776315, 94.923642",['China'],exact,CHN,Hami,Xinxing Huier Hami Ammonia Plant,,,E100002007592 [100%],Xinxing Hui'er Green Technology Co Ltd [100%],新星惠尔绿色科技有限公司 (Chinese),Asia Pacific,30.0,,operating,GChI,GChI,n/a
chemicals,P100000140449,Xinjiang Guanghui Coal Refinery,新疆广汇煤炭清洁炼化有限责任公司 (Chinese),Xinjiang Guanghui Coal Clean Refining Co Ltd [100%],China;,Xinjiang,operating,30.0,aromatics (unknown type),,coal,43.692439, 95.002078,https://gem.wiki/Xinjiang_Guanghui_Coal_Refinery,"Xinjiang, China",30.0,30.0,exact,"43.692439, 95.002078",['China'],exact,CHN,Hami,Xinjiang Guanghui Coal Refinery,,,E100002018402 [100%],Xinjiang Guanghui Coal Clean Refining Co Ltd [100%],新疆广汇煤炭清洁炼化有限责任公司 (Chinese),Asia Pacific,30.0,,operating,GChI,GChI,n/a
chemicals,P100000140451,Dushanzi Petrochemical Company Karamay Chemical Plant,独山子石化公司塔里木二期乙烯项目 (Chinese),Dushanzi Petrochemical Company [100%],China;,Xinjiang,operating,30.0,ethylene; propylene; butadiene; aromatics (unknown type),1-butene; methyl tert-butyl ether (MTBE),ethane,44.360963, 84.862596,https://gem.wiki/Dushanzi_Petrochemical_Company_Karamay_Chemical_Plant,"Xinjiang, China",30.0,30.0,exact,"44.360963, 84.862596",['China'],exact,CHN,Karamay,Dushanzi Petrochemical Company Karamay Chemical Plant,,,E100000125484 [100%],Dushanzi Petrochemical Company [100%],独山子石化公司 (Chinese),Asia Pacific,30.0,GEPDCHN0049,operating,GChI,GChI,n/a
chemicals,P100000140444,Dushanzi Petrochemical Company Korla Chemical Plant,库尔勒市 中石油塔里木油田分公司乙烯项目 (Chinese),Dushanzi Petrochemical Company [100%],China;,Xinjiang,operating,30.0,ethylene,polypropylene,,41.695078, 86.187994,https://gem.wiki/Dushanzi_Petrochemical_Company_Korla_Chemical_Plant,"Xinjiang, China",30.0,30.0,exact,"41.695078, 86.187994",['China'],,CHN,Korla,Dushanzi Petrochemical Company Korla Chemical Plant,,,E100000125484 [100%],Dushanzi Petrochemical Company [100%],独山子石化公司 (Chinese),Asia Pacific,30.0,GEPDCHN0047,operating,GChI,GChI,n/a
chemicals,P100000140454,Xinjiang Guanghui New Energy Coal-to-Methanol Plant,新疆广汇新能源有限公司 (Chinese),Xinjiang Guanghui New Energy Co [100%],China;,Xinjiang,operating,30.0,methanol,,coal,43.763890, 94.976014,https://gem.wiki/Xinjiang_Guanghui_New_Energy_Coal-to-Methanol_Plant,"Xinjiang, China",30.0,30.0,approximate,"43.763890, 94.976014",['China'],exact,CHN,Kumul,Xinjiang Guanghui New Energy Coal-to-Methanol Plant,,,E100000123966 [100%],Xinjiang Guanghui New Energy Co [100%],新疆广汇新能源有限公司 (Chinese),Asia Pacific,30.0,,operating,GChI,GChI,n/a
chemicals,P100000140455,Huisheng Nanjing Coal-to-Olefins Plant,惠生(南京)化工有限公司30万吨/年煤制烯烃 (Chinese),Huisheng Nanjing Chemical Co Ltd [100%],China;,Xinjiang,operating,30.0,ethylene; propylene,,methanol,32.282307, 118.801992,https://gem.wiki/Huisheng_Nanjing_Coal-to-Olefins_Plant,"Xinjiang, China",30.0,30.0,exact,"32.282307, 118.801992",['China'],exact,CHN,Nanjing,Huisheng Nanjing Coal-to-Olefins Plant,,,E100002018042 [100%],Huisheng Nanjing Chemical Co Ltd [100%],惠生(南京)化工有限公司 (Chinese),Asia Pacific,30.0,,operating,GChI,GChI,n/a
chemicals,P100000140456,CSR Shandong Wind Power Company Green Methanol Plant,中车山东风电有限公司新疆奇台智慧能源装备产业园项目 (Chinese),CSR Shandong Wind Power Co [100%],China;,Xinjiang,operating,30.0,methanol,,green hydrogen,43.991768, 89.571250,https://gem.wiki/CSR_Shandong_Wind_Power_Company_Green_Methanol_Plant,"Xinjiang, China",30.0,30.0,approximate,"43.991768, 89.571250",['China'],exact,CHN,Qitai,CSR Shandong Wind Power Company Green Methanol Plant,,,E100002017917 [100%],CSR Shandong Wind Power Co [100%],中车山东风电有限公司 (Chinese),Asia Pacific,30.0,,operating,GChI,GChI,n/a
chemicals,P100000140457,Xinjiang Tianye Chemical Plant,新疆天业（集团）有限公司 (Chinese),Xinjiang Tianye Co [100%],China;,Xinjiang,operating,30.0,ethylene,ethanol; ethylene glycol; polyvinyl chloride (PVC); sodium hydroxide,coal,44.855780, 86.053590,https://gem.wiki/Xinjiang_Tianye_Chemical_Plant,"Xinjiang, China",30.0,30.0,exact,"44.855780, 86.053590",['China'],exact,CHN,Shihezi,Xinjiang Tianye Chemical Plant,,,E100000123707 [100%],Xinjiang Tianye Co [100%],新疆天业(集团)有限公司 (Chinese),Asia Pacific,30.0,,operating,GChI,GChI,n/a
chemicals,P100000140458,Xinjiang Zhongtai Chemical Tuokexun Neng Hua Company Coal-to-Methanol Plant,新疆中泰新材料股份有限公司资源化综合利用制甲醇升级示范项目 (Chinese),Xinjiang Zhongtai Chemical Tuokexun Neng Hua Company Limited [100%],China;,Xinjiang,operating,30.0,methanol,,coal,42.817985, 87.949013,https://gem.wiki/Xinjiang_Zhongtai_Chemical_Tuokexun_Neng_Hua_Company_Coal-to-Methanol_Plant,"Xinjiang, China",30.0,30.0,exact,"42.817985, 87.949013",['China'],exact,CHN,Turpan,Xinjiang Zhongtai Chemical Tuokexun Neng Hua Company Coal-to-Methanol Plant,,,E100000123120 [100%],Xinjiang Zhongtai Chemical Tuokexun Neng Hua Company Limited [100%],新疆中泰化学托克逊能化有限公司 (Chinese),Asia Pacific,30.0,,operating,GChI,GChI,n/a
chemicals,P100000140459,Yankuang Xinjiang Coal Chemical Plant,兖矿新疆煤化工30万吨甲醇项目 (Chinese),Yancon Xingjiang Coal Chemicals Co Ltd [100%],China;,Xinjiang,operating,30.0,ammonia; methanol,urea,coal,44.117510, 87.776766,https://gem.wiki/Yankuang_Xinjiang_Coal_Chemical_Plant,"Xinjiang, China",30.0,30.0,exact,"44.117510, 87.776766",['China'],exact,CHN,Urumqi,Yankuang Xinjiang Coal Chemical Plant,,,E100002018410 [100%],Yancon Xingjiang Coal Chemicals Co Ltd [100%],兖矿新疆煤化工有限公司 (Chinese),Asia Pacific,30.0,,operating,GChI,GChI,n/a
chemicals,P100000140460,Guoneng Xinjiang Chemical Company Coal-to-Methanol Plant,神华新疆化工有限公司 (国能新疆化工有限公司) (Chinese),Shenhua Xinjiang Chemical Industry Co Ltd [100%],China;,Xinjiang,operating,30.0,methanol,ammonium sulfate; c4; c5; polyethylene; polypropylene; propane; sulfur,coal,44.140330, 87.765858,https://gem.wiki/Guoneng_Xinjiang_Chemical_Company_Coal-to-Methanol_Plant,"Xinjiang, China",30.0,30.0,approximate,"44.140330, 87.765858",['China'],exact,CHN,Urumqi,Guoneng Xinjiang Chemical Company Coal-to-Methanol Plant,,,E100002018328 [100%],Shenhua Xinjiang Chemical Industry Co Ltd [100%],神华新疆化工有限公司(国能新疆化工有限公司) (Chinese),Asia Pacific,30.0,,operating,GChI,GChI,n/a
chemicals,P100000140462,Yun Xiehua Ammonia Plant,云南开远解化化工公司 (Chinese),Yun Xiehua Clean Energy Development Co [100%],China;,Yun,operating,30.0,ammonia,ammonium nitrate,coal,23.729064, 103.245633,https://gem.wiki/Yun_Xiehua_Ammonia_Plant,"Yun, China",30.0,30.0,exact,"23.729064, 103.245633",['China'],exact,CHN,Honghe Hani and Yi Autonomous Prefecture,Yun Xiehua Ammonia Plant,,,E100002018433 [100%],Yun Xiehua Clean Energy Development Co [100%],云南解化清洁能源开发有限公司 (Chinese),Asia Pacific,30.0,,operating,GChI,GChI,n/a
chemicals,P100000140463,Yuntian International Red Phosphorus Ammonia Plant,云天国际红磷分公司 (Chinese),Yuntian International Red Phosphorus Branch [100%],China;,Yun,operating,30.0,ammonia,,coal,23.753101, 103.268757,https://gem.wiki/Yuntian_International_Red_Phosphorus_Ammonia_Plant,"Yun, China",30.0,30.0,exact,"23.753101, 103.268757",['China'],exact,CHN,Honghe Hani and Yi Autonomous Prefecture,Yuntian International Red Phosphorus Ammonia Plant,,,E100002018437 [100%],Yuntian International Red Phosphorus Branch [100%],云天国际红磷分公司 (Chinese),Asia Pacific,30.0,,operating,GChI,GChI,n/a
chemicals,P100000140464,Yun Xianfeng Chemical Industry Company Coal-to-Methanol Plant,云南先锋化工有限公司 (Chinese),Yun Xianfeng Chemical Industry Co Ltd [100%],China;,Yun,operating,30.0,methanol,,coal,25.557513, 103.206948,https://gem.wiki/Yun_Xianfeng_Chemical_Industry_Company_Coal-to-Methanol_Plant,"Yun, China",30.0,30.0,exact,"25.557513, 103.206948",['China'],exact,CHN,Kunming,Yun Xianfeng Chemical Industry Company Coal-to-Methanol Plant,,,E100002018431 [100%],Yun Xianfeng Chemical Industry Co Ltd [100%],云南先锋化工有限公司 (Chinese),Asia Pacific,30.0,,operating,GChI,GChI,n/a
chemicals,P100000140465,Yun Haitong Ammonia Plant,云南省海通化工有限责任公司 (Chinese),Yun Haitong Chemical Co [100%],China;,Yun,operating,30.0,ammonia,fertilizer (unknown type),,24.208496, 102.812381,https://gem.wiki/Yun_Haitong_Ammonia_Plant,"Yun, China",30.0,30.0,exact,"24.208496, 102.812381",['China'],,CHN,Kunming,Yun Haitong Ammonia Plant,,,E100002018426 [100%],Yun Haitong Chemical Co [100%],云南省海通化工有限责任公司 (Chinese),Asia Pacific,30.0,,operating,GChI,GChI,n/a
chemicals,P100000140466,Yun Xiangfeng Ammonia Plant,云南祥丰石化有限公司 (Chinese),Yun Xiangfeng Petrochemical Co Ltd [100%],China;,Yun,operating,30.0,ammonia,,natural gas,24.947097, 102.489270,https://gem.wiki/Yun_Xiangfeng_Ammonia_Plant,"Yun, China",30.0,30.0,exact,"24.947097, 102.489270",['China'],exact,CHN,Kunming,Yun Xiangfeng Ammonia Plant,,,E100002018432 [100%],Yun Xiangfeng Petrochemical Co Ltd [100%],云南祥丰石化有限公司 (Chinese),Asia Pacific,30.0,,operating,GChI,GChI,n/a
chemicals,P100000140467,Yun Yunfeng Ammonia Plant,云南省云峰化学工业有限公司 (Chinese),Yun Yunfeng Chemical Industry Co [100%],China;,Yun,operating,30.0,ammonia,,coal,25.039500, 102.767417,https://gem.wiki/Yun_Yunfeng_Ammonia_Plant,"Yun, China",30.0,30.0,exact,"25.039500, 102.767417",['China'],exact,CHN,Kunming,Yun Yunfeng Ammonia Plant,,,E100002018434 [100%],Yun Yunfeng Chemical Industry Co [100%],云南省云峰化学工业有限公司 (Chinese),Asia Pacific,30.0,,operating,GChI,GChI,n/a
chemicals,P100000140468,PetroChina Yun Anning Refinery,中国石油云南安宁炼油厂 (Chinese),PetroChina Yun Anning Refinery [100%],China;,Yun,operating,30.0,ethylene,,crude oil,24.931450, 102.492394,https://gem.wiki/PetroChina_Yun_Anning_Refinery,"Yun, China",30.0,30.0,exact,"24.931450, 102.492394",['China'],exact,CHN,Kunming,PetroChina Yun Anning Refinery,,,E100002018231 [100%],PetroChina Yun Anning Refinery [100%],中国石油云南安宁炼油厂 (Chinese),Asia Pacific,30.0,,operating,GChI,GChI,n/a
chemicals,P100000140469,Yun Yunwei Ammonia Plant,云南省云维集团有限公司 (Chinese),Yun Yunwei Group Co [100%],China;,Yun,operating,30.0,ammonia,,coal,25.755983, 103.884613,https://gem.wiki/Yun_Yunwei_Ammonia_Plant,"Yun, China",30.0,30.0,exact,"25.755983, 103.884613",['China'],exact,CHN,Qujing,Yun Yunwei Ammonia Plant,,,E100002018435 [100%],Yun Yunwei Group Co [100%],云南省云维集团有限公司 (Chinese),Asia Pacific,30.0,,operating,GChI,GChI,n/a
chemicals,P100000140470,Yun Qujing Ammonia Plant,云南省曲靖化学工业有限公司合成氨厂 (Chinese),Yun Qujing Chemical Industry Co Ltd,China;,Yun,operating,30.0,ammonia,,coal,26.429938, 103.272468,https://gem.wiki/Yun_Qujing_Ammonia_Plant,"Yun, China",30.0,30.0,approximate,"26.429938, 103.272468",['China'],exact,CHN,Qujing,Yun Qujing Ammonia Plant,,,E100002018428,Yun Qujing Chemical Industry Co Ltd,云南省曲靖化学工业有限公司合成氨厂 (Chinese),Asia Pacific,30.0,,operating,GChI,GChI,n/a
chemicals,P100000140471,Yun Fuyuan Tongli Ammonia Plant,云南富源同理40万吨合成氨 (Chinese),Singapore WBT Investment Management Co Ltd; Singapore WBT Capital Pte Ltd; Zhonghan International Ficial Leasing Co Ltd; Yun Luliang Longhai Chemical Industry Group Co Ltd,China;,Yun,operating,30.0,ammonia,,coal,25.660938, 104.252544,https://gem.wiki/Yun_Fuyuan_Tongli_Ammonia_Plant,"Yun, China",30.0,30.0,approximate,"25.660938, 104.252544",['China'],exact,CHN,Qujing,Yun Fuyuan Tongli Ammonia Plant,,,E100002018334; E100002018333; E100002018448; E100002018427,Singapore WBT Investment Management Co Ltd; Singapore WBT Capital Pte Ltd; Zhonghan International Ficial Leasing Co Ltd; Yun Luliang Longhai Chemical Industry Group Co Ltd,新加坡WBT投资管理有限公司;新加坡WBT资本私人有限公司;中翰国际融资租赁有限公司;云南陆良龙海化工集团有限公司 (Chinese),Asia Pacific,30.0,,operating,GChI,GChI,n/a
chemicals,P100000140472,Qujing Qilin Shengwei Chemical Plant,曲靖市麒麟区生威化工有限责任公司 (Chinese),Qujing Qilin Shengwei Chemical Co [100%],China;,Yun,operating,30.0,benzene,,,25.885232, 103.302942,https://gem.wiki/Qujing_Qilin_Shengwei_Chemical_Plant,"Yun, China",30.0,30.0,approximate,"25.885232, 103.302942",['China'],,CHN,Qujing,Qujing Qilin Shengwei Chemical Plant,,,E100002018245 [100%],Qujing Qilin Shengwei Chemical Co [100%],曲靖市麒麟区生威化工有限责任公司 (Chinese),Asia Pacific,30.0,,operating,GChI,GChI,n/a
chemicals,P100000140473,Yun Shuifu Yuntianhua Chemical Plant,云南水富云天化有限公司 (Chinese),Yun Shuifu Yuntianhua Co [100%],China;,Yun,operating,30.0,ammonia; methanol,carbon dioxide; formaldehyde; urea,,28.631785, 104.406179,https://gem.wiki/Yun_Shuifu_Yuntianhua_Chemical_Plant,"Yun, China",30.0,30.0,exact,"28.631785, 104.406179",['China'],,CHN,Shuifu,Yun Shuifu Yuntianhua Chemical Plant,,,E100002018430 [100%],Yun Shuifu Yuntianhua Co [100%],云南水富云天化有限公司 (Chinese),Asia Pacific,30.0,,operating,GChI,GChI,n/a
chemicals,P100000140474,Yun Yuxi Yinhe Ammonia Plant,云南玉溪银河化工有限公司 (Chinese),Yun Yuxi Yinhe Chemical Co [100%],China;,Yun,operating,30.0,ammonia,fertilizer (unknown type),,24.470617, 102.537641,https://gem.wiki/Yun_Yuxi_Yinhe_Ammonia_Plant,"Yun, China",30.0,30.0,exact,"24.470617, 102.537641",['China'],,CHN,Yuxi,Yun Yuxi Yinhe Ammonia Plant,,,E100002018436 [100%],Yun Yuxi Yinhe Chemical Co [100%],云南玉溪银河化工有限公司 (Chinese),Asia Pacific,30.0,,operating,GChI,GChI,n/a
chemicals,P100000140475,Zhenxiong Chishuiyuan Ammonia Plant,镇雄赤水源化工有限责任公司 (Chinese),Zhenxiong Chishuiyuan Chemical Co [100%],China;,Yun,operating,30.0,ammonia,,,27.432209, 104.871735,https://gem.wiki/Zhenxiong_Chishuiyuan_Ammonia_Plant,"Yun, China",30.0,30.0,approximate,"27.432209, 104.871735",['China'],,CHN,Zhaotong,Zhenxiong Chishuiyuan Ammonia Plant,,,E100002018447 [100%],Zhenxiong Chishuiyuan Chemical Co [100%],镇雄县赤水源化工有限责任公司 (Chinese),Asia Pacific,30.0,,operating,GChI,GChI,n/a
chemicals,P100000140476,Hangzhou Longshan Ammonia Plant,杭州龙山化工有限公司 (Chinese),Hangzhou Longshan Chemical Co [100%],China;,Zhejiang,operating,30.0,ammonia,,,30.267759, 120.633988,https://gem.wiki/Hangzhou_Longshan_Ammonia_Plant,"Zhejiang, China",30.0,30.0,exact,"30.267759, 120.633988",['China'],,CHN,Hangzhou,Hangzhou Longshan Ammonia Plant,,,E100002017996 [100%],Hangzhou Longshan Chemical Co [100%],杭州龙山化工有限公司 (Chinese),Asia Pacific,30.0,,operating,GChI,GChI,n/a
chemicals,P100000140477,Rongsheng Petrochemical Plant,荣盛石化股份有限公司 (Chinese),Rongsheng Petrochemical Company Limited [100%],China;,Zhejiang,operating,30.0,benzene; toluene; xylene,,crude oil,30.196348, 120.594971,https://gem.wiki/Rongsheng_Petrochemical_Plant,"Zhejiang, China",30.0,30.0,exact,"30.196348, 120.594971",['China'],exact,CHN,Hangzhou,Rongsheng Petrochemical Plant,,,E100000000250 [100%],Rongsheng Petrochemical Company Limited [100%],荣盛石化股份有限公司 (Chinese),Asia Pacific,30.0,,operating,GChI,GChI,n/a
chemicals,P100000140478,Hangzhou Youbang Chemical Plant,杭州友邦化工 (Chinese),Hangzhou Youbang Chemical Co [100%],China;,Zhejiang,operating,30.0,xylene,,,30.059508, 119.848584,https://gem.wiki/Hangzhou_Youbang_Chemical_Plant,"Zhejiang, China",30.0,30.0,exact,"30.059508, 119.848584",['China'],,CHN,Hangzhou,Hangzhou Youbang Chemical Plant,,,E100002017997 [100%],Hangzhou Youbang Chemical Co [100%],杭州友邦化工 (Chinese),Asia Pacific,30.0,,operating,GChI,GChI,n/a
chemicals,P100000140479,Kaiyuan Qinghua Ammonia Plant,开元县清华化工有限公司 (Chinese),Kaiyuan Qinghua Chemical Co [100%],China;,Zhejiang,operating,30.0,ammonia,,,29.016358, 118.349775,https://gem.wiki/Kaiyuan_Qinghua_Ammonia_Plant,"Zhejiang, China",30.0,30.0,exact,"29.016358, 118.349775",['China'],,CHN,Honghe,Kaiyuan Qinghua Ammonia Plant,,,E100002018098 [100%],Kaiyuan Qinghua Chemical Co [100%],开元县清华化工有限公司 (Chinese),Asia Pacific,30.0,,operating,GChI,GChI,n/a
chemicals,P100000140480,Jiande Xinhua Ammonia Plant,建德市新化化工有限公司 (Chinese),Jiande Xinhua Chemical Co [100%],China;,Zhejiang,operating,30.0,ammonia,,,29.455362, 119.510007,https://gem.wiki/Jiande_Xinhua_Ammonia_Plant,"Zhejiang, China",30.0,30.0,exact,"29.455362, 119.510007",['China'],,CHN,Jiande,Jiande Xinhua Ammonia Plant,,,E100002018080 [100%],Jiande Xinhua Chemical Co [100%],建德市新化化工有限公司 (Chinese),Asia Pacific,30.0,,operating,GChI,GChI,n/a
chemicals,P100000140481,Zhejiang Xingxing New Energy Technology Chemical Plant,浙江兴兴新能源科技有限公司 (Chinese),Zhejiang Xingxing New Energy Technology Co [100%],China;,Zhejiang,operating,30.0,ethylene; propylene,dmto; hydrogen; methyl tert-butyl ether (MTBE),coal; methanol,30.583564, 121.054490,https://gem.wiki/Zhejiang_Xingxing_New_Energy_Technology_Chemical_Plant,"Zhejiang, China",30.0,30.0,exact,"30.583564, 121.054490",['China'],exact,CHN,Jiaxing,Zhejiang Xingxing New Energy Technology Chemical Plant,,,E100002018444 [100%],Zhejiang Xingxing New Energy Technology Co [100%],浙江兴兴新能源科技有限公司 (Chinese),Asia Pacific,30.0,,operating,GChI,GChI,n/a
chemicals,P100000140483,Tongkun Group Chemical Plant,桐昆集团股份有限公司 (Chinese),Tongkun Group Co Ltd [100%],China;,Zhejiang,operating,30.0,xylene,,crude oil,30.583062, 120.346494,https://gem.wiki/Tongkun_Group_Chemical_Plant,"Zhejiang, China",30.0,30.0,exact,"30.583062, 120.346494",['China'],exact,CHN,Jiaxing,Tongkun Group Chemical Plant,,,E100000000285 [100%],Tongkun Group Co Ltd [100%],桐昆集团股份有限公司 (Chinese),Asia Pacific,30.0,,operating,GChI,GChI,n/a
chemicals,P100000140484,Jiaxing Huangxing Chemical Plant,嘉兴皇星化工 (Chinese),Jiaxing Huangxing Chemical Co [100%],China;,Zhejiang,operating,30.0,xylene,,,30.604991, 121.045880,https://gem.wiki/Jiaxing_Huangxing_Chemical_Plant,"Zhejiang, China",30.0,30.0,exact,"30.604991, 121.045880",['China'],,CHN,Jiaxing,Jiaxing Huangxing Chemical Plant,,,E100002018089 [100%],Jiaxing Huangxing Chemical Co [100%],嘉兴皇星化工 (Chinese),Asia Pacific,30.0,,operating,GChI,GChI,n/a
chemicals,P100000140485,Zhejiang Jinhua Zhongyuan Ammonia Plant,浙江金华中元化工有限公司 (Chinese),Zhejiang Jinhua Zhongyuan Chemical Co [100%],China;,Zhejiang,operating,30.0,ammonia,,,29.069954, 119.618967,https://gem.wiki/Zhejiang_Jinhua_Zhongyuan_Ammonia_Plant,"Zhejiang, China",30.0,30.0,approximate,"29.069954, 119.618967",['China'],,CHN,Jinhua,Zhejiang Jinhua Zhongyuan Ammonia Plant,,,E100002018442 [100%],Zhejiang Jinhua Zhongyuan Chemical Co [100%],浙江金华中元化工有限公司 (Chinese),Asia Pacific,30.0,,operating,GChI,GChI,n/a
chemicals,P100000140486,Ningbo Siming Ammonia Plant,宁波四明化工有限公司 (Chinese),Ningbo Siming Chemical Co Ltd [100%],China;,Zhejiang,operating,30.0,ammonia,,coal,30.050399, 121.613465,https://gem.wiki/Ningbo_Siming_Ammonia_Plant,"Zhejiang, China",30.0,30.0,exact,"30.050399, 121.613465",['China'],exact,CHN,Ningbo,Ningbo Siming Ammonia Plant,,,E100002018174 [100%],Ningbo Siming Chemical Co Ltd [100%],宁波四明化工有限公司 (Chinese),Asia Pacific,30.0,,operating,GChI,GChI,n/a
chemicals,P100000140487,Ningbo Zhongjin Petrochemical Plant,宁波中金石化有限公司 (Chinese),Ningbo Zhongjin Petrochemical Co [100%],China;,Zhejiang,operating,30.0,aromatics (unknown type),,crude oil,29.975613, 121.701968,https://gem.wiki/Ningbo_Zhongjin_Petrochemical_Plant,"Zhejiang, China",30.0,30.0,exact,"29.975613, 121.701968",['China'],exact,CHN,Ningbo,Ningbo Zhongjin Petrochemical Plant,,,E100002018175 [100%],Ningbo Zhongjin Petrochemical Co [100%],宁波中金石化有限公司 (Chinese),Asia Pacific,30.0,,operating,GChI,GChI,n/a
chemicals,P100000140488,Sinopec Ningbo Zhenhai Refining and Chemical Plant,中国石化镇海炼化扩建项目 (Chinese),Sinopec Ningbo Zhenhai Refining & Chemical Co [100%],China;,Zhejiang,operating,30.0,ethylene; propylene; aromatics (unknown type),polypropylene,,29.972880, 121.665573,https://gem.wiki/Sinopec_Ningbo_Zhenhai_Refining_and_Chemical_Plant,"Zhejiang, China",30.0,30.0,exact,"29.972880, 121.665573",['China'],,CHN,Ningbo,Sinopec Ningbo Zhenhai Refining and Chemical Plant,,,E100000123151 [100%],Sinopec Ningbo Zhenhai Refining & Chemical Co [100%],中石化宁波镇海炼化有限公司 (Chinese),Asia Pacific,30.0,GEPDCHN0050,operating,GChI,GChI,n/a
chemicals,P100000140491,Ningbo Fude Energy Chemical Plant,宁波富德能源(禾元化学有限公司) (Chinese),Ningbo Fude Energy Co [100%],China;,Zhejiang,operating,30.0,ethylene; propylene,ethylene glycol; ethylene oxide; polypropylene,methanol,30.033176, 121.640209,https://gem.wiki/Ningbo_Fude_Energy_Chemical_Plant,"Zhejiang, China",30.0,30.0,exact,"30.033176, 121.640209",['China'],exact,CHN,Ningbo,Ningbo Fude Energy Chemical Plant,,,E100002018172 [100%],Ningbo Fude Energy Co [100%],宁波富德能源有限公司 (Chinese),Asia Pacific,30.0,,operating,GChI,GChI,n/a
chemicals,P100000140494,Ningbo Koey Chemical Plant,宁波科元精化有限公司 (Chinese),Ningbo Koey Chemical Co Ltd [100%],China;,Zhejiang,operating,30.0,xylene,,,29.961010, 121.788975,https://gem.wiki/Ningbo_Koey_Chemical_Plant,"Zhejiang, China",30.0,30.0,exact,"29.961010, 121.788975",['China'],,CHN,Ningbo,Ningbo Koey Chemical Plant,,,E100002018173 [100%],Ningbo Koey Chemical Co Ltd [100%],宁波科元精化有限公司 (Chinese),Asia Pacific,30.0,,operating,GChI,GChI,n/a
chemicals,P100000140495,Zhejiang Jiangshan Ammonia Plant,浙江江山化工股份有限公司 (Chinese),Zhejiang Jiangshan Chemical Co [100%],China;,Zhejiang,operating,30.0,ammonia,,,28.718983, 118.632073,https://gem.wiki/Zhejiang_Jiangshan_Ammonia_Plant,"Zhejiang, China",30.0,30.0,exact,"28.718983, 118.632073",['China'],,CHN,Quzhou,Zhejiang Jiangshan Ammonia Plant,,,E100002018441 [100%],Zhejiang Jiangshan Chemical Co [100%],浙江江山化工股份有限公司 (Chinese),Asia Pacific,30.0,,operating,GChI,GChI,n/a
chemicals,P100000140496,Shaoxing Chemical Company Ammonia Plant,绍兴化工有限公司 (Chinese),Shaoxing Chemical Co [100%],China;,Zhejiang,operating,30.0,ammonia,,,30.122698, 120.633146,https://gem.wiki/Shaoxing_Chemical_Company_Ammonia_Plant,"Zhejiang, China",30.0,30.0,exact,"30.122698, 120.633146",['China'],,CHN,Shaoxing,Shaoxing Chemical Company Ammonia Plant,,,E100002018322 [100%],Shaoxing Chemical Co [100%],绍兴化工有限公司 (Chinese),Asia Pacific,30.0,,operating,GChI,GChI,n/a
chemicals,P100000140497,Zhejiang Petrochemical Daishan Complex,浙江石油化工有限公司岱山炼化一体化项目改造提升工程(一期工程) 岱山 (Chinese),Zhejiang Petrochemical Co [100%],China;,Zhejiang,operating,30.0,ethylene; aromatics (unknown type),,,30.313935, 121.964235,https://gem.wiki/Zhejiang_Petrochemical_Daishan_Complex,"Zhejiang, China",30.0,30.0,exact,"30.313935, 121.964235",['China'],,CHN,Zhoushan,Zhejiang Petrochemical Daishan Complex,,,E100002018443 [100%],Zhejiang Petrochemical Co [100%],浙江石油化工有限公司 (Chinese),Asia Pacific,30.0,GEPDCHN0054,operating,GChI,GChI,n/a
chemicals,P100000140499,Zhejiang Petrochemical Plant,浙江石油化工有限公司 (Chinese),Zhejiang Petrochemical Co [100%],China;,Zhejiang,operating,30.0,ethylene; butadiene; benzene; ammonia; methanol,light hydrocarbons,coke; crude oil,30.119922, 122.096157,https://gem.wiki/Zhejiang_Petrochemical_Plant,"Zhejiang, China",30.0,30.0,approximate,"30.119922, 122.096157",['China'],exact,CHN,Zhoushan,Zhejiang Petrochemical Plant,,,E100002018443 [100%],Zhejiang Petrochemical Co [100%],浙江石油化工有限公司 (Chinese),Asia Pacific,30.0,,operating,GChI,GChI,n/a
