FID,County name,Province name,Storage potential-DSA (Mt),Storage potential-EOR (Mt),Storage potential-ALL (Mt),Injection rate capability-DSA (Mt/a),Injection rate capability-EOR (Mt/a)
0,Daguan District,Anhui,0,0,0,0,0
1,Huining County,Anhui,0,0,0,0,0
2,Qianshan City,Anhui,0,0,0,0,0
3,Susong County,Anhui,0,0,0,0,0
4,Taihu County,Anhui,0,0,0,0,0
5,Tongcheng City,Anhui,0,0,0,0,0
6,Wangjiang County,Anhui,0,0,0,0,0
7,Yixiu District,Anhui,0,0,0,0,0
8,Yingjiang District,Anhui,0,0,0,0,0
9,Yuexi County,Anhui,0,0,0,0,0
10,Bangshan District,Anhui,0,0,0,0,0
11,Guzhen County,Anhui,0,0,0,0,0
12,Huaiyuan County,Anhui,0,0,0,0,0
13,Huaishang District,Anhui,0,0,0,0,0
14,Longzi Lake District,Anhui,0,0,0,0,0
15,Wuhe County,Anhui,0,0,0,0,0
16,Yuhuai District,Anhui,0,0,0,0,0
17,Leesing County,Anhui,3602.43,0,3602.43,36.09,0
18,Mengcheng County,Anhui,0,0,0,0,0
19,Qiaocheng District,Anhui,890.67,0,890.67,38.91,0
20,Guoyang County,Anhui,166.66,0,166.66,10.63,0
21,Dongzhi County,Anhui,0,0,0,0,0
22,Kuichi District,Anhui,0,0,0,0,0
23,Qingyang County,Anhui,0,0,0,0,0
24,Shitai County,Anhui,0,0,0,0,0
25,Dingyuan County,Anhui,11803.47,0,11803.47,1.77,0
26,Fengyang County,Anhui,0,0,0,0,0
27,Lai 'an County,Anhui,831.63,0,831.63,5.4,0
28,Langya District,Anhui,168.34,0,168.34,3.79,0
29,Meizuang City,Anhui,665.29,0,665.29,3.79,0
30,Nanqiao District,Anhui,230.19,0,230.19,3.79,0
31,Quanjiao County,Anhui,0,0,0,0,0
32,Tianchang City,Anhui,1127.34,4.99,1132.33,6.79,13.95
33,Funan County,Anhui,146.34,0,146.34,4.52,0
34,Jieshou City,Anhui,2685.05,0,2685.05,23,0
35,Linquan County,Anhui,1652.68,0,1652.68,33.72,0
36,Taihe County,Anhui,6974.34,0.04,6974.38,27.88,14.64
37,Yingdong District,Anhui,207.16,0,207.16,17.83,0
38,Yingquan District,Anhui,557.34,0,557.34,25.94,0
39,Yingshang County,Anhui,1672.7,0,1672.7,0.35,0
40,Yingzhou District,Anhui,433.45,0,433.45,11,0
41,Baohe District,Anhui,1884.12,0,1884.12,0.78,0
42,Chaohu City,Anhui,0,0,0,0,0
43,Feidong County,Anhui,12325.68,0,12325.68,1.72,0
44,Feixi County,Anhui,4737.42,0,4737.42,0.59,0
45,Lujiang County,Anhui,200.83,0,200.83,0.16,0
46,Luyang District,Anhui,313.56,0,313.56,0.14,0
47,Shushan District,Anhui,1653.24,0,1653.24,0.27,0
48,Yaohai District,Anhui,1001.99,0,1001.99,0.46,0
49,Changfeng County,Anhui,6432.08,0,6432.08,1.14,0
50,Dujskiy District,Anhui,0,0,0,0,0
51,Lieshan District,Anhui,0,0,0,0,0
52,Suixi County,Anhui,0,0,0,0,0
53,Xiangshan District,Anhui,0,0,0,0,0
54,Bagongshan District,Anhui,0,0,0,0,0
55,Datong District,Anhui,124.74,0,124.74,0.13,0
56,Fengtai County,Anhui,146.54,0,146.54,0.03,0
57,Panjic District,Anhui,0,0,0,0,0
58,Shou County,Anhui,4786.71,0,4786.71,0.14,0
59,Tian Jia 'an District,Anhui,124,0,124,0.05,0
60,Xie Jia gathering District,Anhui,248,0,248,0.05,0
61,Huangshan District,Anhui,0,0,0,0,0
62,Huizhou District,Anhui,0,0,0,0,0
63,Qimen County,Anhui,0,0,0,0,0
64,Shexian County (in Anhui Province),Anhui,0,0,0,0,0
65,Tunxi District,Anhui,0,0,0,0,0
66,Xiuning County,Anhui,0,0,0,0,0
67,Yi County,Anhui,0,0,0,0,0
68,Huoqiu County,Anhui,5303.01,0,5303.01,0.33,0
69,Huoshan County,Anhui,0,0,0,0,0
70,Jin 'an District,Anhui,2657.09,0,2657.09,0.15,0
71,Jinzhai County,Anhui,0,0,0,0,0
72,Shucheng County,Anhui,1844.45,0,1844.45,0.26,0
73,Yeji District,Anhui,1683.87,0,1683.87,0.32,0
74,Yu 'an District,Anhui,3084.33,0,3084.33,0.28,0
75,Bowang District,Anhui,0,0,0,0,0
76,Dangtu County,Anhui,0,0,0,0,0
77,Hanshan County,Anhui,0,0,0,0,0
78,He County,Anhui,0,0,0,0,0
79,Huashan District,Anhui,0,0,0,0,0
80,Imbriated mountain area,Anhui,0,0,0,0,0
81,Dangshan County,Anhui,0,0,0,0,0
82,Lingbi County,Anhui,0,0,0,0,0
83,Sixian County,Anhui,0,0,0,0,0
84,Xiao County,Anhui,0,0,0,0,0
85,Yongqiao District,Anhui,0,0,0,0,0
86,Zongyang County,Anhui,0,0,0,0,0
87,Jiao District,Anhui,0,0,0,0,0
88,Tongguan District,Anhui,0,0,0,0,0
89,Ngee 'an District,Anhui,0,0,0,0,0
90,Fanchang District,Anhui,0,0,0,0,0
91,Jinghu District,Anhui,0,0,0,0,0
92,Jiujiang District,Anhui,0,0,0,0,0
93,Nanling County,Anhui,0,0,0,0,0
94,Wanzhi District,Anhui,0,0,0,0,0
95,Wushi City,Anhui,0,0,0,0,0
96,Yijiang District,Anhui,0,0,0,0,0
97,Guangde City,Anhui,0,0,0,0,0
98,Jixi County,Anhui,0,0,0,0,0
99,Jing County,Anhui,0,0,0,0,0
100,Jingde County,Anhui,0,0,0,0,0
101,Langxi County,Anhui,0,0,0,0,0
102,Ningguo City,Anhui,0,0,0,0,0
103,Xuanzhou District,Anhui,0,0,0,0,0
104,Datang  District,Macao Special Administrative Region,0,0,0,0,0
105,Freguesia de S．Lourenço,Macao Special Administrative Region,0,0,0,0,0
106,Our Lady Fatima Parish,Macao Special Administrative Region,0,0,0,0,0
107,St. Anthony Parish,Macao Special Administrative Region,0,0,0,0,0
108,Our Lady Of Carmel's Parish,Macao Special Administrative Region,0,0,0,0,0
109,Cotai,Macao Special Administrative Region,0,0,0,0,0
110,St. Francis Parish,Macao Special Administrative Region,0,0,0,0,0
111,St. Lazarus Parish,Macao Special Administrative Region,0,0,0,0,0
112,Changping District,Beijing,0,0,0,0,0
113,Chaoyang District,Beijing,0,0,0,0,0
114,Daxing District,Beijing,0,0.83,0.83,0,53.32
115,Dongcheng District,Beijing,0,0,0,0,0
116,Fangshan District,Beijing,0,0,0,0,0
117,Fengtai District,Beijing,0,0,0,0,0
118,Haidian District,Beijing,0,0,0,0,0
119,Huairou District,Beijing,0,0,0,0,0
120,Mentougou District,Beijing,0,0,0,0,0
121,Miyun District,Beijing,0,0,0,0,0
122,Pinggu District,Beijing,0,0,0,0,0
123,Shijingshan District,Beijing,0,0,0,0,0
124,Shunyi District,Beijing,0,0,0,0,0
125,Tongzhou District,Beijing,0,0.11,0.11,0,0
126,Xicheng District,Beijing,0,0,0,0,0
127,Yanqing District,Beijing,0,0,0,0,0
128,Cangshan District,Fujian,0,0,0,0,0
129,Fuqing City,Fujian,0,0,0,0,0
130,Gulou District,Fujian,0,0,0,0,0
131,Jin 'an District,Fujian,0,0,0,0,0
132,Lianjiang County,Fujian,0,0,0,0,0
133,Luoyuan County,Fujian,0,0,0,0,0
134,equina,Fujian,0,0,0,0,0
135,Minhou County,Fujian,0,0,0,0,0
136,Minqing County,Fujian,0,0,0,0,0
137,Pingtan County,Fujian,0,0,0,0,0
138,Taijiang District,Fujian,0,0,0,0,0
139,Yongtai County,Fujian,0,0,0,0,0
140,Changle District,Fujian,0,0,0,0,0
141,Liancheng County,Fujian,0,0,0,0,0
142,Shanghang County,Fujian,0,0,0,0,0
143,Wuping County,Fujian,0,0,0,0,0
144,Xinluo District,Fujian,0,0,0,0,0
145,Yongding District,Fujian,0,0,0,0,0
146,Zhangping City,Fujian,0,0,0,0,0
147,Changting County,Fujian,0,0,0,0,0
148,Guangze County,Fujian,0,0,0,0,0
149,Jian 'ou City,Fujian,0,0,0,0,0
150,Jianyang District,Fujian,0,0,0,0,0
151,Pucheng County,Fujian,0,0,0,0,0
152,Shaowu City,Fujian,0,0,0,0,0
153,Shunchang County,Fujian,0,0,0,0,0
154,Songxi County,Fujian,0,0,0,0,0
155,Wuyishan City,Fujian,0,0,0,0,0
156,Yanping District,Fujian,0,0,0,0,0
157,Zhenghe County,Fujian,0,0,0,0,0
158,Fu'an City,Fujian,0,0,0,0,0
159,Fuding City,Fujian,0,0,0,0,0
160,Gutian County,Fujian,0,0,0,0,0
161,Jiaocheng District,Fujian,0,0,0,0,0
162,Pingnan County,Fujian,0,0,0,0,0
163,Shouning County,Fujian,0,0,0,0,0
164,Xiapu County,Fujian,0,0,0,0,0
165,Zherong County,Fujian,0,0,0,0,0
166,Zhouning County,Fujian,0,0,0,0,0
167,Chengxiang District,Fujian,0,0,0,0,0
168,Hanjiang District,Fujian,0,0,0,0,0
169,Licheng District,Fujian,0,0,0,0,0
170,Xianyou County,Fujian,0,0,0,0,0
171,Xiuyu District,Fujian,0,0,0,0,0
172,Anxi County,Fujian,0,0,0,0,0
173,Dehua County,Fujian,0,0,0,0,0
174,Fengze District,Fujian,0,0,0,0,0
175,Huian County,Fujian,0,0,0,0,0
176,Jinmen County,Fujian,0,0,0,0,0
177,Jinjiang City,Fujian,0,0,0,0,0
178,Licheng District,Fujian,0,0,0,0,0
179,Luojiang District,Fujian,0,0,0,0,0
180,Nan'an City,Fujian,0,0,0,0,0
181,Quangang District,Fujian,0,0,0,0,0
182,Shishi City,Fujian,0,0,0,0,0
183,Yongchun County,Fujian,0,0,0,0,0
184,Datian County,Fujian,0,0,0,0,0
185,Jianning County,Fujian,0,0,0,0,0
186,Jian'ou County,Fujian,0,0,0,0,0
187,Mingxi County,Fujian,0,0,0,0,0
188,Ninghua County,Fujian,0,0,0,0,0
189,Qingliu County,Fujian,0,0,0,0,0
190,Sanyuan District,Fujian,0,0,0,0,0
191,Shaxian District,Fujian,0,0,0,0,0
192,Taining County,Fujian,0,0,0,0,0
193,Yong'an City,Fujian,0,0,0,0,0
194,Youxi County,Fujian,0,0,0,0,0
195,Haicang District,Fujian,0,0,0,0,0
196,Huli District,Fujian,0,0,0,0,0
197,Jimei District,Fujian,0,0,0,0,0
198,Siming District,Fujian,0,0,0,0,0
199,Tong'an District,Fujian,0,0,0,0,0
200,Xiang'an District,Fujian,0,0,0,0,0
201,Dongshan County,Fujian,0,0,0,0,0
202,Hua'an County,Fujian,0,0,0,0,0
203,Longhai City,Fujian,0,0,0,0,0
204,Longwen District,Fujian,0,0,0,0,0
205,Nanjing County,Fujian,0,0,0,0,0
206,Pinghe County,Fujian,0,0,0,0,0
207,Xiangcheng District,Fujian,0,0,0,0,0
208,Yunxiao County,Fujian,0,0,0,0,0
209,Zhangpu County,Fujian,0,0,0,0,0
210,Changtai District,Fujian,0,0,0,0,0
211,Zhao'an County,Fujian,0,0,0,0,0
212,Baiyin District,Gansu,0,0,0,0,0
213,Huining County,Gansu,0,0,0,0,0
214,Jingtai County,Gansu,0,0,0,0,0
215,Jingyuan County,Gansu,0,0,0,0,0
216,Pingchuan District,Gansu,0,0,0,0,0
217,Anding District,Gansu,0,0,0,0,0
218,Lintao County,Gansu,0,0,0,0,0
219,Longxi County,Gansu,0,0,0,0,0
220,Min County,Gansu,0,0,0,0,0
221,Tongwei County,Gansu,0,0,0,0,0
222,Weiyuan County,Gansu,0,0,0,0,0
223,Zhang County,Gansu,0,0,0,0,0
224,Diebu County,Gansu,0,0,0,0,0
225,Hezuo City,Gansu,0,0,0,0,0
226,Lintan County,Gansu,0,0,0,0,0
227,Luqu County,Gansu,0,0,0,0,0
228,Maqu County,Gansu,0,0,0,0,0
229,Xiahe County,Gansu,0,0,0,0,0
230,Zhouqu County,Gansu,0,0,0,0,0
231,Zhuoni County,Gansu,0,0,0,0,0
232,Jiayuguan City,Gansu,0,0,0,0,0
233,Jinchuan District,Gansu,0,0,0,0,0
234,Yongchang County,Gansu,0,0,0,0,0
235,Aksai Kazakh Autonomous County,Gansu,0,0,0,0,0
236,Dunhuang City,Gansu,0,0,0,0,0
237,Guazhou County,Gansu,0,0,0,0,0
238,Jinta County,Gansu,464.51,0,464.51,0.09,0
239,Subei Mongolian Autonomous County,Gansu,0,0,0,0,0
240,Suzhou District,Gansu,0,0,0,0,0
241,Yumen City,Gansu,0,0,0,0,0
242,Anning District,Gansu,0,0,0,0,0
243,Chengguan District,Gansu,0,0,0,0,0
244,Gaolan County,Gansu,0,0,0,0,0
245,Honggu District,Gansu,0,0,0,0,0
246,Qilihe District,Gansu,0,0,0,0,0
247,Xigu District,Gansu,0,0,0,0,0
248,Yongdeng County,Gansu,0,0,0,0,0
249,Yuzhong County,Gansu,0,0,0,0,0
250,Dongxiang Autonomous County,Gansu,0,0,0,0,0
251,Guanghe County,Gansu,0,0,0,0,0
252,Hezuo County,Gansu,0,0,0,0,0
253,Jishishan Bao'an Dongxiang Salar Autonomous County,Gansu,0,0,0,0,0
254,Kangle County,Gansu,0,0,0,0,0
255,Linxia City,Gansu,0,0,0,0,0
256,Linxia County,Gansu,0,0,0,0,0
257,Yongjing County,Gansu,0,0,0,0,0
258,Cheng County,Gansu,0,0,0,0,0
259,Dangchang County,Gansu,0,0,0,0,0
260,Hui County,Gansu,0,0,0,0,0
261,Kang County,Gansu,0,0,0,0,0
262,Li County,Gansu,0,0,0,0,0
263,Liangdang County,Gansu,0,0,0,0,0
264,Wen County,Gansu,0,0,0,0,0
265,Wudu District,Gansu,0,0,0,0,0
266,Xihe County,Gansu,0,0,0,0,0
267,Chongxin County,Gansu,0,0,0,0,0
268,Huating City,Gansu,0,0,0,0,0
269,Jingchuan County,Gansu,3.37,0,3.37,0.01,0
270,Jingning County,Gansu,0,0,0,0,0
271,Kongtong District,Gansu,0,0,0,0,0
272,Lingtai County,Gansu,0,0,0,0,0
273,Zhuanglang County,Gansu,0,0,0,0,0
274,Heshui County,Gansu,113.95,38.03,151.98,0.09,0.04
275,Huachi County,Gansu,346.71,153.4,500.11,0.29,8.32
276,Huan County,Gansu,505.2,76.14,581.34,0.49,1.29
277,Ning County,Gansu,26.13,0.27,26.4,0.06,0.03
278,Qingcheng County,Gansu,55.83,68.83,124.66,0.06,0.14
279,Xifeng District,Gansu,11.88,0,11.88,0.02,0
280,Zhenyuan County,Gansu,20.59,16.71,37.3,0.02,0.01
281,Zhengning County,Gansu,9.9,0,9.9,0.02,0
282,Gangu County,Gansu,0,0,0,0,0
283,Maiji District,Gansu,0,0,0,0,0
284,Qin'an County,Gansu,0,0,0,0,0
285,Qinzhou District,Gansu,0,0,0,0,0
286,Qingshui County,Gansu,0,0,0,0,0
287,Wushan County,Gansu,0,0,0,0,0
288,Zhangjiachuan Hui Autonomous County,Gansu,0,0,0,0,0
289,Gulang County,Gansu,0,0,0,0,0
290,Liangzhou District,Gansu,0,0,0,0,0
291,Minqin County,Gansu,0,0,0,0,0
292,Tianzhu Tibetan Autonomous County,Gansu,0,0,0,0,0
293,Ganzhou District,Gansu,0,0,0,0,0
294,Gaotai County,Gansu,0,0,0,0,0
295,Linze County,Gansu,0,0,0,0,0
296,Minle County,Gansu,0,0,0,0,0
297,Shandan County,Gansu,0,0,0,0,0
298,Sunan Yugur Autonomous County,Gansu,0,0,0,0,0
299,Chao'an District,Guangdong,0,0,0,0,0
300,Raoping County,Guangdong,0,0,0,0,0
301,Xiangqiao District,Guangdong,0,0,0,0,0
302,Dongguan City,Guangdong,0,0,0,0,0
303,Chancheng District,Guangdong,0,0,0,0,0
304,Gaoming District,Guangdong,0,0,0,0,0
305,Nanhai District,Guangdong,0,0,0,0,0
306,Sanshui District,Guangdong,0,0,0,0,0
307,Shunde District,Guangdong,0,0,0,0,0
308,Baiyun District,Guangdong,0,0,0,0,0
309,Conghua District,Guangdong,0,0,0,0,0
310,Panyu District,Guangdong,0,0,0,0,0
311,Haizhu District,Guangdong,0,0,0,0,0
312,Huadu District,Guangdong,0,0,0,0,0
313,Huangpu District,Guangdong,0,0,0,0,0
314,Liwan District,Guangdong,0,0,0,0,0
315,Nansha District,Guangdong,0,0,0,0,0
316,Tianhe District,Guangdong,0,0,0,0,0
317,Yuexiu District,Guangdong,0,0,0,0,0
318,Zengcheng District,Guangdong,0,0,0,0,0
319,Dongyuan County,Guangdong,0,0,0,0,0
320,Heping County,Guangdong,0,0,0,0,0
321,Lianping County,Guangdong,0,0,0,0,0
322,Longchuan County,Guangdong,0,0,0,0,0
323,Yuancheng District,Guangdong,0,0,0,0,0
324,Zijin County,Guangdong,0,0,0,0,0
325,Boluo County,Guangdong,0,0,0,0,0
326,Huicheng District,Guangdong,0,0,0,0,0
327,Huidong County,Guangdong,0,0,0,0,0
328,Huiyang District,Guangdong,0,0,0,0,0
329,Longmen County,Guangdong,0,0,0,0,0
330,Enping City,Guangdong,0,0,0,0,0
331,Heshan City,Guangdong,0,0,0,0,0
332,Jianghai District,Guangdong,0,0,0,0,0
333,Kaiping City,Guangdong,0,0,0,0,0
334,Pengjiang District,Guangdong,0,0,0,0,0
335,Taishan City,Guangdong,0,0,0,0,0
336,Xinhui District,Guangdong,0,0,0,0,0
337,Huilai County,Guangdong,0,0,0,0,0
338,Jiedong District,Guangdong,0,0,0,0,0
339,Jiexi County,Guangdong,0,0,0,0,0
340,Puning City,Guangdong,0,0,0,0,0
341,Rongcheng District,Guangdong,0,0,0,0,0
342,Dianbai District,Guangdong,0,0,0,0,0
343,Gaozhou City,Guangdong,0,0,0,0,0
344,Huazhou City,Guangdong,0,0,0,0,0
345,Maonan District,Guangdong,0,0,0,0,0
346,Xinyi City,Guangdong,0,0,0,0,0
347,Dabu County,Guangdong,0,0,0,0,0
348,Fengshun County,Guangdong,0,0,0,0,0
349,Jiaoling County,Guangdong,0,0,0,0,0
350,Meijiang District,Guangdong,0,0,0,0,0
351,Meixian District,Guangdong,0,0,0,0,0
352,Pingyuan County,Guangdong,0,0,0,0,0
353,Wuhua County,Guangdong,0,0,0,0,0
354,Xingning City,Guangdong,0,0,0,0,0
355,Fogan County,Guangdong,0,0,0,0,0
356,Liannan Yao Autonomous County,Guangdong,0,0,0,0,0
357,Lianshan Zhuang and Yao Autonomous County,Guangdong,0,0,0,0,0
358,Lianzhou City,Guangdong,0,0,0,0,0
359,Qingcheng District,Guangdong,0,0,0,0,0
360,Qingxin District,Guangdong,0,0,0,0,0
361,Yangshan County,Guangdong,0,0,0,0,0
362,Yingde City,Guangdong,0,0,0,0,0
363,Chaonan District,Guangdong,0,0,0,0,0
364,Chaoyang District,Guangdong,0,0,0,0,0
365,Chenghai District,Guangdong,0,0,0,0,0
366,Haojiang District,Guangdong,0,0,0,0,0
367,Jinping District,Guangdong,0,0,0,0,0
368,Longhu District,Guangdong,0,0,0,0,0
369,Nanao County,Guangdong,0,0,0,0,0
370,Chengqu District,Guangdong,0,0,0,0,0
371,Haifeng County,Guangdong,0,0,0,0,0
372,Lufeng City,Guangdong,0,0,0,0,0
373,Luhe County,Guangdong,0,0,0,0,0
374,Lechang City,Guangdong,0,0,0,0,0
375,Nanxiong City,Guangdong,0,0,0,0,0
376,Qujiang District,Guangdong,0,0,0,0,0
377,Renhua County,Guangdong,0,0,0,0,0
378,Ruyuan Yao Autonomous County,Guangdong,0,0,0,0,0
379,Shixing County,Guangdong,0,0,0,0,0
380,Wengyuan County,Guangdong,0,0,0,0,0
381,Wujiang District,Guangdong,0,0,0,0,0
382,Xinfeng County,Guangdong,0,0,0,0,0
383,Zhenjiang District,Guangdong,0,0,0,0,0
384,Bao'an District,Guangdong,0,0,0,0,0
385,Futian District,Guangdong,0,0,0,0,0
386,Guangming District,Guangdong,0,0,0,0,0
387,Longgang District,Guangdong,0,0,0,0,0
388,Longhua District,Guangdong,0,0,0,0,0
389,Luohu District,Guangdong,0,0,0,0,0
390,Nanshan District,Guangdong,0,0,0,0,0
391,Pingshan District,Guangdong,0,0,0,0,0
392,Yantian District,Guangdong,0,0,0,0,0
393,Jiangcheng District,Guangdong,0,0,0,0,0
394,Yangchun City,Guangdong,0,0,0,0,0
395,Yangdong District,Guangdong,0,0,0,0,0
396,Yangxi County,Guangdong,0,0,0,0,0
397,Luoding City,Guangdong,0,0,0,0,0
398,Xinxing County,Guangdong,0,0,0,0,0
399,Yu'nan County,Guangdong,0,0,0,0,0
400,Yu'nan District,Guangdong,0,0,0,0,0
401,Yuncheng District,Guangdong,0,0,0,0,0
402,Chikan District,Guangdong,0,0,0,0,0
403,Leizhou City,Guangdong,0,0,0,0,0
404,Lianjiang City,Guangdong,0,0,0,0,0
405,Mazhang District,Guangdong,0,0,0,0,0
406,Potou District,Guangdong,0,0,0,0,0
407,Suixi County,Guangdong,0,0,0,0,0
408,Wuchuan City,Guangdong,0,0,0,0,0
409,Xiashan District,Guangdong,0,0,0,0,0
410,Xuwen County,Guangdong,0,0,0,0,0
411,Deqing County,Guangdong,0,0,0,0,0
412,Dinghu District,Guangdong,0,0,0,0,0
413,Duanzhou District,Guangdong,0,0,0,0,0
414,Fengkai County,Guangdong,0,0,0,0,0
415,Gaoyao District,Guangdong,0,0,0,0,0
416,Guangning County,Guangdong,0,0,0,0,0
417,Huaji County,Guangdong,0,0,0,0,0
418,Sihui City,Guangdong,0,0,0,0,0
419,Zhongshan City,Guangdong,0,0,0,0,0
420,Doumen District,Guangdong,0,0,0,0,0
421,Jinwan District,Guangdong,0,0,0,0,0
422,Xiangzhou District,Guangdong,0,0,0,0,0
423,Debao County,Guangxi Zhuang Autonomous Region,0,0,0,0,0
424,Jingxi City,Guangxi Zhuang Autonomous Region,0,0,0,0,0
425,Leye County,Guangxi Zhuang Autonomous Region,0,0,0,0,0
426,Lingyun County,Guangxi Zhuang Autonomous Region,0,0,0,0,0
427,Longlin Autonomous County,Guangxi Zhuang Autonomous Region,0,0,0,0,0
428,Napo County,Guangxi Zhuang Autonomous Region,0,0,0,0,0
429,Pingguo City,Guangxi Zhuang Autonomous Region,0,0,0,0,0
430,Tiandong County,Guangxi Zhuang Autonomous Region,0,0,0,0,0
431,Tianlin County,Guangxi Zhuang Autonomous Region,0,0,0,0,0
432,Tianyang District,Guangxi Zhuang Autonomous Region,0,0,0,0,0
433,Xilin County,Guangxi Zhuang Autonomous Region,0,0,0,0,0
434,Yuijiang District,Guangxi Zhuang Autonomous Region,0,0,0,0,0
435,Haicheng District,Guangxi Zhuang Autonomous Region,0,0,0,0,0
436,Hepu County,Guangxi Zhuang Autonomous Region,0,0,0,0,0
437,Tieshangang District,Guangxi Zhuang Autonomous Region,0,0,0,0,0
438,Yinhai District,Guangxi Zhuang Autonomous Region,0,0,0,0,0
439,Daxin County,Guangxi Zhuang Autonomous Region,0,0,0,0,0
440,Fusui County,Guangxi Zhuang Autonomous Region,0,0,0,0,0
441,Jiangzhou District,Guangxi Zhuang Autonomous Region,0,0,0,0,0
442,Longzhou County,Guangxi Zhuang Autonomous Region,0,0,0,0,0
443,Ningming County,Guangxi Zhuang Autonomous Region,0,0,0,0,0
444,Pingxiang,Guangxi Zhuang Autonomous Region,0,0,0,0,0
445,Tianying County,Guangxi Zhuang Autonomous Region,0,0,0,0,0
446,Dongxing,Guangxi Zhuang Autonomous Region,0,0,0,0,0
447,Fangcheng District,Guangxi Zhuang Autonomous Region,0,0,0,0,0
448,Harbor District,Guangxi Zhuang Autonomous Region,0,0,0,0,0
449,Shangsi County,Guangxi Zhuang Autonomous Region,0,0,0,0,0
450,Gangbei District,Guangxi Zhuang Autonomous Region,0,0,0,0,0
451,Gangnan District,Guangxi Zhuang Autonomous Region,0,0,0,0,0
452,Guiping,Guangxi Zhuang Autonomous Region,0,0,0,0,0
453,Pingnan County,Guangxi Zhuang Autonomous Region,0,0,0,0,0
454,Qintang District,Guangxi Zhuang Autonomous Region,0,0,0,0,0
455,Yuicai District,Guangxi Zhuang Autonomous Region,0,0,0,0,0
456,Gongcheng Yao Autonomous County,Guangxi Zhuang Autonomous Region,0,0,0,0,0
457,Guanyang County,Guangxi Zhuang Autonomous Region,0,0,0,0,0
458,Lipu City,Guangxi Zhuang Autonomous Region,0,0,0,0,0
459,Lingui District,Guangxi Zhuang Autonomous Region,0,0,0,0,0
460,Lingchuan County,Guangxi Zhuang Autonomous Region,0,0,0,0,0
461,Longsheng Autonomous County,Guangxi Zhuang Autonomous Region,0,0,0,0,0
462,Pingle County,Guangxi Zhuang Autonomous Region,0,0,0,0,0
463,Qixing District,Guangxi Zhuang Autonomous Region,0,0,0,0,0
464,Quanzhou County,Guangxi Zhuang Autonomous Region,0,0,0,0,0
465,Xiangshan District,Guangxi Zhuang Autonomous Region,0,0,0,0,0
466,Xing'an County,Guangxi Zhuang Autonomous Region,0,0,0,0,0
467,Xiufeng District,Guangxi Zhuang Autonomous Region,0,0,0,0,0
468,Yanshan District,Guangxi Zhuang Autonomous Region,0,0,0,0,0
469,Yangshuo County,Guangxi Zhuang Autonomous Region,0,0,0,0,0
470,Yongfu County,Guangxi Zhuang Autonomous Region,0,0,0,0,0
471,Resources County,Guangxi Zhuang Autonomous Region,0,0,0,0,0
472,Bama Yao Autonomous County,Guangxi Zhuang Autonomous Region,0,0,0,0,0
473,Dahua Yao Autonomous County,Guangxi Zhuang Autonomous Region,0,0,0,0,0
474,Donglan County,Guangxi Zhuang Autonomous Region,0,0,0,0,0
475,Du'an Yao Autonomous County,Guangxi Zhuang Autonomous Region,0,0,0,0,0
476,Fengshan County,Guangxi Zhuang Autonomous Region,0,0,0,0,0
477,Huanjiang Maonan Autonomous County,Guangxi Zhuang Autonomous Region,0,0,0,0,0
478,Jinchengjiang District,Guangxi Zhuang Autonomous Region,0,0,0,0,0
479,Luocheng Mulao Autonomous County,Guangxi Zhuang Autonomous Region,0,0,0,0,0
480,Nandan County,Guangxi Zhuang Autonomous Region,0,0,0,0,0
481,Tian'e County,Guangxi Zhuang Autonomous Region,0,0,0,0,0
482,Yizhou District,Guangxi Zhuang Autonomous Region,0,0,0,0,0
483,Babu District,Guangxi Zhuang Autonomous Region,0,0,0,0,0
484,Buchuan Yao Autonomous County,Guangxi Zhuang Autonomous Region,0,0,0,0,0
485,Pinggui District,Guangxi Zhuang Autonomous Region,0,0,0,0,0
486,Zhaoping County,Guangxi Zhuang Autonomous Region,0,0,0,0,0
487,Zhongshan,Guangxi Zhuang Autonomous Region,0,0,0,0,0
488,Heshan City,Guangxi Zhuang Autonomous Region,0,0,0,0,0
489,Jinxiu Yao Autonomous County,Guangxi Zhuang Autonomous Region,0,0,0,0,0
490,Wuxuan County,Guangxi Zhuang Autonomous Region,0,0,0,0,0
491,Xiangzhou County,Guangxi Zhuang Autonomous Region,0,0,0,0,0
492,Xincheng County,Guangxi Zhuang Autonomous Region,0,0,0,0,0
493,Xingbin District,Guangxi Zhuang Autonomous Region,0,0,0,0,0
494,Chengzhong District,Guangxi Zhuang Autonomous Region,0,0,0,0,0
495,Liubei District,Guangxi Zhuang Autonomous Region,0,0,0,0,0
496,Liucheng County,Guangxi Zhuang Autonomous Region,0,0,0,0,0
497,Liujiang District,Guangxi Zhuang Autonomous Region,0,0,0,0,0
498,Liunan District,Guangxi Zhuang Autonomous Region,0,0,0,0,0
499,Luzhai County,Guangxi Zhuang Autonomous Region,0,0,0,0,0
500,Rong'an County,Guangxi Zhuang Autonomous Region,0,0,0,0,0
501,Miao Autonomous County of Rongshui,Guangxi Zhuang Autonomous Region,0,0,0,0,0
502,Dong Autonomous County of Sanjiang,Guangxi Zhuang Autonomous Region,0,0,0,0,0
503,Yufeng District,Guangxi Zhuang Autonomous Region,0,0,0,0,0
504,Binyang County,Guangxi Zhuang Autonomous Region,0,0,0,0,0
505,Hengzhou City,Guangxi Zhuang Autonomous Region,0,0,0,0,0
506,Jiangnan District,Guangxi Zhuang Autonomous Region,0,0,0,0,0
507,Liangqing District,Guangxi Zhuang Autonomous Region,0,0,0,0,0
508,Longan County,Guangxi Zhuang Autonomous Region,0,0,0,0,0
509,Mashan County,Guangxi Zhuang Autonomous Region,0,0,0,0,0
510,Qingxiu District,Guangxi Zhuang Autonomous Region,0,0,0,0,0
511,Shanglin County,Guangxi Zhuang Autonomous Region,0,0,0,0,0
512,Wuming District,Guangxi Zhuang Autonomous Region,0,0,0,0,0
513,Xixiangtang District,Guangxi Zhuang Autonomous Region,0,0,0,0,0
514,Xingning District,Guangxi Zhuang Autonomous Region,0,0,0,0,0
515,Yongning District,Guangxi Zhuang Autonomous Region,0,0,0,0,0
516,Lingshan County,Guangxi Zhuang Autonomous Region,0,0,0,0,0
517,Pubei County,Guangxi Zhuang Autonomous Region,0,0,0,0,0
518,Qinbei District,Guangxi Zhuang Autonomous Region,0,0,0,0,0
519,Qinnan District,Guangxi Zhuang Autonomous Region,0,0,0,0,0
520,Cangwu County,Guangxi Zhuang Autonomous Region,0,0,0,0,0
521,Cenxi,Guangxi Zhuang Autonomous Region,0,0,0,0,0
522,Longxu District,Guangxi Zhuang Autonomous Region,0,0,0,0,0
523,Mengshan County,Guangxi Zhuang Autonomous Region,0,0,0,0,0
524,Fuji County,Guangxi Zhuang Autonomous Region,0,0,0,0,0
525,Wanxiu District,Guangxi Zhuang Autonomous Region,0,0,0,0,0
526,Changzhou District,Guangxi Zhuang Autonomous Region,0,0,0,0,0
527,Beiliu,Guangxi Zhuang Autonomous Region,0,0,0,0,0
528,Bobai County,Guangxi Zhuang Autonomous Region,0,0,0,0,0
529,Fumian District,Guangxi Zhuang Autonomous Region,0,0,0,0,0
530,Luchuan County,Guangxi Zhuang Autonomous Region,0,0,0,0,0
531,Rong County,Guangxi Zhuang Autonomous Region,0,0,0,0,0
532,Xingye County,Guangxi Zhuang Autonomous Region,0,0,0,0,0
533,Yuzhou District,Guangxi Zhuang Autonomous Region,0,0,0,0,0
534,Guanling Buyi Miao Autonomous County,Guizhou,0,0,0,0,0
535,Pingba District,Guizhou,0,0,0,0,0
536,Puding County,Guizhou,0,0,0,0,0
537,Xixiu District,Guizhou,0,0,0,0,0
538,Zhenning Buyi Hmong Autonomous County,Guizhou,0,0,0,0,0
539,Ziyun Miao and Buyi Autonomous County,Guizhou,0,0,0,0,0
540,Dafang County,Guizhou,0,0,0,0,0
541,Hezhang County,Guizhou,0,0,0,0,0
542,Jinsha County,Guizhou,0,0,0,0,0
543,Nayong County,Guizhou,0,0,0,0,0
544,Qixingguan District,Guizhou,0,0,0,0,0
545,Qianxi City,Guizhou,0,0,0,0,0
546,Weining Yi Hui and Miao Autonomous County,Guizhou,0,0,0,0,0
547,Zijin County,Guizhou,0,0,0,0,0
548,Baiyun District,Guizhou,0,0,0,0,0
549,Guanshanhu District,Guizhou,0,0,0,0,0
550,Huaxi District,Guizhou,0,0,0,0,0
551,Kaiyang County,Guizhou,0,0,0,0,0
552,Nanming District,Guizhou,0,0,0,0,0
553,Qingzhen,Guizhou,0,0,0,0,0
554,Wudang District,Guizhou,0,0,0,0,0
555,Xifeng County,Guizhou,0,0,0,0,0
556,Xiuwen County,Guizhou,0,0,0,0,0
557,Yunyan District,Guizhou,0,0,0,0,0
558,Liuzhi Special Zone,Guizhou,0,0,0,0,0
559,Panzhou,Guizhou,0,0,0,0,0
560,Shuicheng District,Guizhou,0,0,0,0,0
561,Zhongshan District,Guizhou,0,0,0,0,0
562,Cengong County,Guizhou,0,0,0,0,0
563,Congjiang County,Guizhou,0,0,0,0,0
564,Danzhai County,Guizhou,0,0,0,0,0
565,Huangping County,Guizhou,0,0,0,0,0
566,Jianhe County,Guizhou,0,0,0,0,0
567,Jinping County,Guizhou,0,0,0,0,0
568,Kaili,Guizhou,0,0,0,0,0
569,Leishan County,Guizhou,0,0,0,0,0
570,Liping County,Guizhou,0,0,0,0,0
571,Majiang County,Guizhou,0,0,0,0,0
572,Rongjiang County,Guizhou,0,0,0,0,0
573,Sanhui County,Guizhou,0,0,0,0,0
574,Shibing County,Guizhou,0,0,0,0,0
575,Taijiang County,Guizhou,0,0,0,0,0
576,Tianzhu County,Guizhou,0,0,0,0,0
577,Zhenyuan County,Guizhou,0,0,0,0,0
578,Duyun,Guizhou,0,0,0,0,0
579,Dushan County,Guizhou,0,0,0,0,0
580,Fuquan,Guizhou,0,0,0,0,0
581,Guiding County,Guizhou,0,0,0,0,0
582,Huishui County,Guizhou,0,0,0,0,0
583,Libo County,Guizhou,0,0,0,0,0
584,Longli County,Guizhou,0,0,0,0,0
585,Luodian County,Guizhou,0,0,0,0,0
586,Pingtang County,Guizhou,0,0,0,0,0
587,Sandu Shui Autonomous County,Guizhou,0,0,0,0,0
588,urnan County,Guizhou,0,0,0,0,0
589,Changshun County,Guizhou,0,0,0,0,0
590,Anlong County,Guizhou,0,0,0,0,0
591,Ceheng County,Guizhou,0,0,0,0,0
592,Pu'an County,Guizhou,0,0,0,0,0
593,Qinglong County,Guizhou,0,0,0,0,0
594,Wangmu County,Guizhou,0,0,0,0,0
595,Xingren,Guizhou,0,0,0,0,0
596,Xingyi,Guizhou,0,0,0,0,0
597,zhenfeng County,Guizhou,0,0,0,0,0
598,Bijiang District,Guizhou,0,0,0,0,0
599,Dejiang County,Guizhou,0,0,0,0,0
600,Jiangkou County,Guizhou,0,0,0,0,0
601,Shichian County,Guizhou,0,0,0,0,0
602,Sinan County,Guizhou,0,0,0,0,0
603,Songtao Miao Autonomous County,Guizhou,0,0,0,0,0
604,Wanshan District,Guizhou,0,0,0,0,0
605,Yanhe Tujia Autonomous County,Guizhou,0,0,0,0,0
606,Yanjiang Miao and Tujia Autonomous County,Guizhou,0,0,0,0,0
607,Yuping Dong Autonomous County,Guizhou,0,0,0,0,0
608,Baozhou District,Guizhou,0,0,0,0,0
609,Chishui,Guizhou,272.7,0.11,272.81,0.01,0.01
610,Daozhen Gelaozu Miaozu Autonomous County,Guizhou,0,0,0,0,0
611,Fenggang County,Guizhou,0,0,0,0,0
612,Honghuagang District,Guizhou,0,0,0,0,0
613,Huichuan District,Guizhou,0,0,0,0,0
614,Meitan County,Guizhou,0,0,0,0,0
615,Renhuai City,Guizhou,0,0,0,0,0
616,Suiyang County,Guizhou,0,0,0,0,0
617,Tongzi County,Guizhou,0,0,0,0,0
618,Wuchuan Mulao nationality Miao autonomous County,Guizhou,0,0,0,0,0
619,Xishui County,Guizhou,207.02,0,207.02,0.01,0
620,Yuqing County,Guizhou,0,0,0,0,0
621,Zheng'an County,Guizhou,0,0,0,0,0
622,Baisha Lizu autonomous County,Hainan,0,0,0,0,0
623,Baoting Li and Miao Autonomous County,Hainan,0,0,0,0,0
624,Changjiang Lizu autonomous County,Hainan,0,0,0,0,0
625,Chengmai County,Hainan,0,0,0,0,0
626,Danzhou,Hainan,0,0,0,0,0
627,Ding'an County,Hainan,0,0,0,0,0
628,Dongfang City,Hainan,0,0,0,0,0
629,Longhua District,Hainan,0,0,0,0,0
630,Meilan District,Hainan,0,0,0,0,0
631,Qiongshan District,Hainan,0,0,0,0,0
632,Xiuying District,Hainan,0,0,0,0,0
633,Ledong Lizu autonomous County,Hainan,0,0,0,0,0
634,Lingao County,Hainan,0,0,0,0,0
635,Lingshui Lizu autonomous County,Hainan,0,0,0,0,0
636,Qionghai City,Hainan,0,0,0,0,0
637,Qiongzhong Li and Miao Autonomous County,Hainan,0,0,0,0,0
638,Nansha District,Hainan,0,0,0,0,0
639,Xisha District,Hainan,0,0,0,0,0
640,Haitang District,Hainan,0,0,0,0,0
641,Jiyang District,Hainan,0,0,0,0,0
642,Tianya District,Hainan,0,0,0,0,0
643,Yazhou District,Hainan,0,0,0,0,0
644,Tunchang County,Hainan,0,0,0,0,0
645,Wanning,Hainan,0,0,0,0,0
646,Wenchang,Hainan,0,0,0,0,0
647,Wuzhishan City,Hainan,0,0,0,0,0
648,Anguo City,Hebei,794.42,0,794.42,15.66,0
649,Anxin County,Hebei,775.98,1.57,777.55,8.18,9.14
650,Bono County,Hebei,658.53,0,658.53,15.66,0
651,Dingxing County,Hebei,49.18,0,49.18,6.25,0
652,Dingzhou,Hebei,506.03,0,506.03,12.33,0
653,Fuping County,Hebei,0,0,0,0,0
654,Gaobeidian,Hebei,98.35,0,98.35,6.25,0
655,Gaoyang County,Hebei,890.94,0.07,891.01,14.28,78.32
656,Jingxiu District,Hebei,0,0,0,0,0
657,Laixiu County,Hebei,0,0,0,0,0
658,Laiyuan County,Hebei,0,0,0,0,0
659,Li County,Hebei,1048.15,4.62,1052.77,15.66,8.14
660,Lianchi District,Hebei,61.08,0,61.08,8.18,0
661,Mancheng District,Hebei,0,0,0,0,0
662,Qingyuan District,Hebei,608.31,0,608.31,8.18,0
663,Quyang County,Hebei,0,0,0,0,0
664,Rongcheng County,Hebei,18.44,0,18.44,6.25,0
665,Shunping County,Hebei,0,0,0,0,0
666,Tang County,Hebei,0,0,0,0,0
667,Wangdu County,Hebei,24.59,0,24.59,6.25,0
668,Xiong County,Hebei,306.18,25.52,331.7,16.13,53.32
669,Xushui District,Hebei,88.55,0,88.55,8.18,0
670,Yi County,Hebei,0,0,0,0,0
671,Zhuozhou,Hebei,6.15,0,6.15,6.25,0
672,Cang County,Hebei,875.69,15.18,890.87,44.99,26.05
673,Dongguang County,Hebei,428.53,0,428.53,22.49,0
674,Haixing County,Hebei,121.11,0,121.11,29.99,0
675,Hezhang,Hebei,1331.18,11.54,1342.72,14.28,78.32
676,huanghua city,Hebei,2105.38,43.74,2149.12,44.99,52.1
677,Mengcunhuizuzizhixian,Hebei,316.74,0,316.74,29.99,0
678,Nampi County,Hebei,735.95,16.64,752.59,22.49,19.54
679,Botou city,Hebei,0,0,0,0,0
680,Qing County,Hebei,316.74,0,316.74,44.99,0
681,Renqiu,Hebei,3017.2,8.63,3025.83,121.06,78.32
682,Suning County,Hebei,1396.32,7.02,1403.34,19.04,10.86
683,Wuqiao County,Hebei,0,0,0,0,0
684,Xian County,Hebei,1152.92,3.61,1156.53,19.04,10.86
685,Xinhua District,Hebei,111.79,12.39,124.18,22.49,19.54
686,Yanshan County,Hebei,372.63,3.65,376.28,29.99,13.03
687,Yunhe District,Hebei,27.95,0,27.95,22.49,0
688,Chengde County,Hebei,0,0,0,0,0
689,Fengning Manzu Autonomous County,Hebei,0,0,0,0,0
690,Kuancheng Manzu Autonomous County,Hebei,0,0,0,0,0
691,Longhua County,Hebei,0,0,0,0,0
692,Luanping County,Hebei,0,0,0,0,0
693,Pingquan,Hebei,0,0,0,0,0
694,Shuangluan District,Hebei,0,0,0,0,0
695,Shuangqiao District,Hebei,0,0,0,0,0
696,Weichang Manzu and Mongol Autonomous County,Hebei,0,0,0,0,0
697,Xinglong County,Hebei,0,0,0,0,0
698,Yingtaiyingzi Mining District,Hebei,0,0,0,0,0
699,Cheng'an County,Hebei,0,0,0,0,0
700,Magnetism County,Hebei,0,0,0,0,0
701,Congtai District,Hebei,0,0,0,0,0
702,Da Ming County,Hebei,0,0,0,0,0
703,Feixiang District,Hebei,0,0,0,0,0
704,Fengfeng Mining District,Hebei,0,0,0,0,0
705,Fuxing District,Hebei,0,0,0,0,0
706,Tantao County,Hebei,0,0,0,0,0
707,Guangping County,Hebei,0,0,0,0,0
708,Handanshan District,Hebei,0,0,0,0,0
709,Jize County,Hebei,0,0,0,0,0
710,Linzhang County,Hebei,0,0,0,0,0
711,Qiu County,Hebei,0,0,0,0,0
712,Quzhou County,Hebei,0,0,0,0,0
713,Shibi County,Hebei,0,0,0,0,0
714,Wei County,Hebei,0,0,0,0,0
715,Wuan City,Hebei,0,0,0,0,0
716,Yongnian District,Hebei,0,0,0,0,0
717,Anping County,Hebei,1262.13,0,1262.13,20.1,0
718,Fucheng County,Hebei,0,0,0,0,0
719,Gucheng County,Hebei,0,0,0,0,0
720,Jizhou District,Hebei,0,0,0,0,0
721,Jing County,Hebei,0,0,0,0,0
722,Raoyang County,Hebei,1893.97,4.01,1897.98,21.66,10.86
723,Shenzhou,Hebei,2865.75,2.68,2868.43,24.55,10.86
724,Taocheng District,Hebei,274.66,0,274.66,16.37,0
725,Wuqiang County,Hebei,778.86,0.55,779.41,19.04,10.86
726,Wuyi County,Hebei,494.39,0,494.39,16.37,0
727,Zaoqiang County,Hebei,0,0,0,0,0
728,Anji District,Hebei,3471.7,0,3471.7,119.58,0
729,Bazhou City,Hebei,7396.46,2.16,7398.62,122.77,53.32
730,Dachang Hui Autonomous County,Hebei,0,0,0,0,0
731,Dacheng County,Hebei,54.93,0,54.93,8.18,0
732,Gu'an County,Hebei,49.18,3.74,52.92,6.25,53.32
733,Guangyang District,Hebei,128.7,0,128.7,18.75,0
734,Sanhe City,Hebei,0,0,0,0,0
735,Wen'an County,Hebei,8728.95,1.94,8730.89,121.06,53.32
736,Xianghe County,Hebei,823.98,0,823.98,122.77,0
737,Yongqing County,Hebei,2292.75,12.69,2305.44,119.58,53.32
738,Beidaihe District,Hebei,0,0,0,0,0
739,Changli County,Hebei,0,0,0,0,0
740,Funing District,Hebei,0,0,0,0,0
741,Harbor District,Hebei,0,0,0,0,0
742,Lulong County,Hebei,0,0,0,0,0
743,Qinglong Manzu autonomous County,Hebei,0,0,0,0,0
744,Shanhaiguan District,Hebei,0,0,0,0,0
745,Gaoyi County,Hebei,0,0.75,0.75,0,5.43
746,Gao Cheng District,Hebei,809.59,0.41,810,12.33,5.43
747,Jinzhou City,Hebei,841.37,0,841.37,16.37,0
748,Jingfu Mining District,Hebei,0,0,0,0,0
749,Jingfu County,Hebei,0,0,0,0,0
750,Lingshou County,Hebei,0,0,0,0,0
751,Luquan District,Hebei,0,0,0,0,0
752,Luancheng District,Hebei,67.23,0,67.23,9.52,0
753,Pingshan County,Hebei,0,0,0,0,0
754,Qiaoxi District,Hebei,0,0,0,0,0
755,Shenze County,Hebei,858.77,0,858.77,15.66,0
756,Wuji County,Hebei,762.64,0,762.64,12.33,0
757,Xinji City,Hebei,2247.37,5.74,2253.11,24.55,10.66
758,Xinhua District,Hebei,0,0,0,0,0
759,Xinle City,Hebei,0,0,0,0,0
760,Xingtang County,Hebei,0,0,0,0,0
761,Yuhua District,Hebei,0,0,0,0,0
762,Yuanshi County,Hebei,0,0,0,0,0
763,Zhanhuang County,Hebei,0,0,0,0,0
764,Chang'an District,Hebei,0,0,0,0,0
765,Zhao County,Hebei,876.82,1.29,878.11,12.33,5.43
766,Zhengding County,Hebei,0,0,0,0,0
767,Caofeidian District,Hebei,0,8.88,8.88,0,8.47
768,Fengnan District,Hebei,0,0,0,0,0
769,Fengrun District,Hebei,0,0,0,0,0
770,Guye District,Hebei,0,0,0,0,0
771,Kaiping District,Hebei,0,0,0,0,0
772,Leting County,Hebei,0,6.35,6.35,0,8.47
773,Lubei District,Hebei,0,0,0,0,0
774,Lunan District,Hebei,0,0,0,0,0
775,Luannan County,Hebei,0,0.17,0.17,0,0
776,Luanzhou City,Hebei,0,0,0,0,0
777,Qian'an City,Hebei,0,0,0,0,0
778,Qianxi County,Hebei,0,0,0,0,0
779,Yutian County,Hebei,0,0,0,0,0
780,Zunhua City,Hebei,0,0,0,0,0
781,Baixiang County,Hebei,0,0,0,0,0
782,Guangzong County,Hebei,0,0,0,0,0
783,Julu County,Hebei,0,0,0,0,0
784,Lincheng County,Hebei,0,0,0,0,0
785,Linci County,Hebei,0,0,0,0,0
786,Longyao County,Hebei,0,0,0,0,0
787,Nangong City,Hebei,0,0,0,0,0
788,Nanhe District,Hebei,0,0,0,0,0
789,Neiqiu County,Hebei,0,0,0,0,0
790,Ningjin County,Hebei,445.99,2.82,448.81,16.37,8.89
791,Pingxiang County,Hebei,0,0,0,0,0
792,Qinghe County,Hebei,0,0,0,0,0
793,Renze District,Hebei,0,0,0,0,0
794,Shahe City,Hebei,0,0,0,0,0
795,Wei County,Hebei,0,0,0,0,0
796,Xiangdu District,Hebei,0,0,0,0,0
797,Xinhe County,Hebei,0,0,0,0,0
798,Xindu District,Hebei,0,0,0,0,0
799,Chicheng County,Hebei,0,0,0,0,0
800,Chongli District,Hebei,0,0,0,0,0
801,Guyuan County,Hebei,0,0,0,0,0
802,Huai'an County,Hebei,0,0,0,0,0
803,Huailai County,Hebei,0,0,0,0,0
804,Kangbao County,Hebei,0,0,0,0,0
805,Qiaodong District,Hebei,0,0,0,0,0
806,Qiaoxi District,Hebei,0,0,0,0,0
807,Shangyi County,Hebei,0,0,0,0,0
808,Wanquan District,Hebei,0,0,0,0,0
809,Wei County,Hebei,0,0,0,0,0
810,Xiahuayuan District,Hebei,0,0,0,0,0
811,Xuanhua District,Hebei,0,0,0,0,0
812,Yangyuan County,Hebei,0,0,0,0,0
813,Zhangbei County,Hebei,0,0,0,0,0
814,Zhuolu County,Hebei,0,0,0,0,0
815,Anyang County,Henan,0,0,0,0,0
816,Beiguan District,Henan,0,0,0,0,0
817,Hua County,Henan,0,0,0,0,0
818,Linzhou City,Henan,0,0,0,0,0
819,Long'an District,Henan,0,0,0,0,0
820,Neihuang County,Henan,0,0,0,0,0
821,Tangyin County,Henan,0,0,0,0,0
822,Wenfeng District,Henan,0,0,0,0,0
823,Yindu District,Henan,0,0,0,0,0
824,Heshan District,Henan,0,0,0,0,0
825,Joon County,Henan,0,0,0,0,0
826,Qibin District,Henan,0,0,0,0,0
827,Qi County,Henan,0,0,0,0,0
828,Shancheng District,Henan,0,0,0,0,0
829,Jiyuan City,Henan,0,0,0,0,0
830,Boai County,Henan,0,0,0,0,0
831,Jiefang District,Henan,0,0,0,0,0
832,Macun District,Henan,0,0,0,0,0
833,Mengzhou,Henan,0,0,0,0,0
834,Qinyang,Henan,0,0,0,0,0
835,Shanyang District,Henan,0,0,0,0,0
836,Wenxian,Henan,0,0,0,0,0
837,Wuzhi County,Henan,0,0,0,0,0
838,Xiwu County,Henan,0,0,0,0,0
839,Zhongzhan District,Henan,0,0,0,0,0
840,Gulou District,Henan,0,0,0,0,0
841,Lankao County,Henan,0,3.42,3.42,0,0
842,Longting District,Henan,0,0,0,0,0
843,Qi County,Henan,0,0,0,0,0
844,Shunhehuizuzu District,Henan,0,0,0,0,0
845,Tongxu County,Henan,0,0,0,0,0
846,Yushi County,Henan,0,0,0,0,0
847,Xiangfu District,Henan,0,0,0,0,0
848,Yuwantai District,Henan,0,0,0,0,0
849,Chanshuihehuizuzizhiqu,Henan,0,0,0,0,0
850,Mengjin District,Henan,0,0,0,0,0
851,Jianxi District,Henan,0,0,0,0,0
852,Laocheng District,Henan,0,0,0,0,0
853,Luanchuan District,Henan,0,0,0,0,0
854,Luolong District,Henan,0,0,0,0,0
855,Luoning County,Henan,0,0,0,0,0
856,Ruyang County,Henan,0,0,0,0,0
857,Song County,Henan,0,0,0,0,0
858,Xigong District,Henan,0,0,0,0,0
859,Xin'an County,Henan,0,0,0,0,0
860,Yanshi District,Henan,0,0,0,0,0
861,Yichuan County,Henan,0,0,0,0,0
862,Yiyang County,Henan,0,0,0,0,0
863,Linying County,Henan,829.82,0,829.82,12.91,0
864,Wanyang County,Henan,1096.54,0,1096.54,12.91,0
865,Yancheng District,Henan,399.76,0,399.76,23.25,0
866,Yuanhui District,Henan,472.87,0,472.87,12.91,0
867,Zhaoling District,Henan,690.15,0,690.15,11,0
868,Dengzhou City,Henan,1868.78,0,1868.78,17.57,0
869,Fangcheng County,Henan,0,0,0,0,0
870,Nanzhao County,Henan,0,0,0,0,0
871,Neixiang County,Henan,0,0,0,0,0
872,Sheqi County,Henan,246.23,0,246.23,14.28,0
873,Tanghe County,Henan,5366.37,13.96,5380.33,110.82,52.4
874,Tongbai County,Henan,1164.48,27.87,1192.35,124.67,48.13
875,Wancheng District,Henan,2245.51,0,2245.51,19.39,0
876,Wolong District,Henan,563.51,0,563.51,16.77,0
877,Xixia County,Henan,0,0,0,0,0
878,Xichuan County,Henan,0,0,0,0,0
879,Xinye County,Henan,3671.45,0.23,3671.68,32.68,52.4
880,Zhenping County,Henan,37.73,0,37.73,9.41,0
881,Baofeng County,Henan,0,0,0,0,0
882,Jia County,Henan,69.82,0,69.82,10.63,0
883,Lushan County,Henan,0,0,0,0,0
884,Ruzhou,Henan,0,0,0,0,0
885,Shilong District,Henan,0,0,0,0,0
886,Weidong District,Henan,0,0,0,0,0
887,Wugang,Henan,0,0,0,0,0
888,Xinhua District,Henan,0,0,0,0,0
889,Ye County,Henan,1434.32,0,1434.32,23,0
890,Zhanhe District,Henan,18.02,0,18.02,3.57,0
891,Fanxian,Henan,0,37.02,37.02,0,7.51
892,Hualong District,Henan,0,0,0,0,0
893,Nanle County,Henan,0,0,0,0,0
894,Puyang County,Henan,0,99.41,99.41,0,7.51
895,Qingfeng County,Henan,0,0,0,0,0
896,Taizian County,Henan,0,0,0,0,0
897,Hubin District,Henan,0,0,0,0,0
898,Lingbao,Henan,0,0,0,0,0
899,Lushi County,Henan,0,0,0,0,0
900,Mianchi County,Henan,0,0,0,0,0
901,Shanzhou District,Henan,0,0,0,0,0
902,Yima City,Henan,0,0,0,0,0
903,Liangyuan District,Henan,0,0,0,0,0
904,Minquan County,Henan,0,0,0,0,0
905,Ningling County,Henan,0,0,0,0,0
906,Suining County,Henan,0,0,0,0,0
907,Suiningyang District,Henan,0,0,0,0,0
908,Xiayi County,Henan,0,0,0,0,0
909,Yongcheng City,Henan,0,0,0,0,0
910,Yucheng County,Henan,0,0,0,0,0
911,Zhecheng County,Henan,67.54,0,67.54,8.6,0
912,Fengqiu County,Henan,0,0,0,0,0
913,Fengquan District,Henan,0,0,0,0,0
914,Hongqi District,Henan,0,0,0,0,0
915,Huixian,Henan,0,0,0,0,0
916,yuejia County,Henan,0,0,0,0,0
917,Muye District,Henan,0,0,0,0,0
918,Weibin District,Henan,0,0,0,0,0
919,Weihui,Henan,0,0,0,0,0
920,Xinxiang County,Henan,0,0,0,0,0
921,Yanjin County,Henan,0,0,0,0,0
922,Yuanyang County,Henan,0,0,0,0,0
923,Changyuan,Henan,0,0.04,0.04,0,7.51
924,Gu Shi County,Henan,1597.94,0,1597.94,0.25,0
925,Guangshan County,Henan,180.36,0,180.36,0.01,0
926,Huaibin County,Henan,78.91,0,78.91,0.01,0
927,Diaochuan County,Henan,343.81,0,343.81,0.01,0
928,Luoshan County,Henan,225.45,0,225.45,0.01,0
929,Pingqiao District,Henan,270.54,0,270.54,0.01,0
930,Shangcheng County,Henan,84.54,0,84.54,0.01,0
931,Shihe District,Henan,33.82,0,33.82,0.01,0
932,Xi County,Henan,135.27,0,135.27,0.01,0
933,Xin County,Henan,0,0,0,0,0
934,Jian'an District,Henan,332.18,0,332.18,10.63,0
935,Weidu District,Henan,0,0,0,0,0
936,Xiangcheng County,Henan,1131.63,0,1131.63,16.48,0
937,Yanling County,Henan,270.19,0,270.19,5.19,0
938,Yuzhou City,Henan,0,0,0,0,0
939,Changge City,Henan,0,0,0,0,0
940,Dengfeng City,Henan,0,0,0,0,0
941,Erqi District,Henan,0,0,0,0,0
942,Gongyi City,Henan,0,0,0,0,0
943,Guancheng District,Henan,0,0,0,0,0
944,Huiji District,Henan,0,0,0,0,0
945,Jinshui District,Henan,0,0,0,0,0
946,upblock,Henan,0,0,0,0,0
947,Xinmi City,Henan,0,0,0,0,0
948,Xinzheng City,Henan,0,0,0,0,0
949,Xingyang City,Henan,0,0,0,0,0
950,Zhongmu County,Henan,0,0,0,0,0
951,Zhongyuan District,Henan,0,0,0,0,0
952,Chuanhui District,Henan,303.92,0,303.92,12.9,0
953,Dancheng County,Henan,1632.59,0,1632.59,51.87,0
954,Fugou County,Henan,135.07,0,135.07,4.3,0
955,Huaiyang District,Henan,2335.89,0,2335.89,27.3,0
956,Luyi County,Henan,3895.65,0,3895.65,37.98,0
957,Shangshui County,Henan,3438.3,0,3438.3,21.5,0
958,Shenqiu County,Henan,3812.97,0,3812.97,23.86,0
959,Taikang County,Henan,303.92,0,303.92,8.6,0
960,Xihua County,Henan,637.14,0,637.14,12.97,0
961,Xiangcheng,Henan,3539.6,0.38,3539.98,21.84,5.63
962,Uyang County,Henan,745.27,0,745.27,110.82,0
963,Pingyi County,Henan,1084.11,0,1084.11,18.87,0
964,Chushan County,Henan,22.55,0,22.55,0.01,0
965,Runan County,Henan,308.43,0,308.43,16.61,0
966,Shangcai County,Henan,749.81,0,749.81,11.18,0
967,Suiping County,Henan,0,0,0,0,0
968,Xiping County,Henan,335.53,0,335.53,10.63,0
969,Xincai County,Henan,898.25,0,898.25,11.18,0
970,Yicheng District,Henan,0,0,0,0,0
971,Zhengyang County,Henan,130.7,0,130.7,4.3,0
972,Datong District,Heilongjiang,2738.92,209.56,2948.48,0.6,4.55
973,Dulbert Mongolian Autonomous County,Heilongjiang,7305.5,72.54,7378.04,0.77,55.77
974,Honggang District,Heilongjiang,922.72,823.9,1746.62,0.63,5.33
975,Lindian County,Heilongjiang,5767.4,0,5767.4,0.76,0
976,Longfeng District,Heilongjiang,632.22,0,632.22,0.74,0
977,Jeanhulu District,Heilongjiang,1795.2,94.43,1889.63,0.67,3.67
978,Saltu District,Heilongjiang,952.95,0,952.95,0.75,0
979,Zhaoyuan County,Heilongjiang,5742.55,95.6,5838.15,0.77,5.5
980,Zhaozhou County,Heilongjiang,2915.31,77.21,2992.52,0.64,5.5
981,Huma County,Heilongjiang,0,0,0,0,0
982,Gagdachi District,Heilongjiang,0,0,0,0,0
983,Mohe City,Heilongjiang,0,0,0,0,0
984,Tahe County,Heilongjiang,0,0,0,0,0
985,Acheng District,Heilongjiang,1375.63,0,1375.63,1.64,0
986,Bayan County,Heilongjiang,1777.66,0,1777.66,1.3,0
987,Bin County,Heilongjiang,2037.39,0,2037.39,1.51,0
988,Daoli District,Heilongjiang,595.61,0.12,595.73,1.64,0.83
989,Daowai District,Heilongjiang,900.32,0,900.32,1.54,0
990,Fangzheng County,Heilongjiang,0,0,0,0,0
991,Hulan District,Heilongjiang,2667.01,0,2667.01,1.54,0
992,Mulan County,Heilongjiang,121.78,0,121.78,1.13,0
993,Nangang District,Heilongjiang,304.35,0,304.35,1.64,0
994,Pingfang District,Heilongjiang,181.3,0,181.3,1.64,0
995,Shangzhi,Heilongjiang,1.77,0,1.77,0.08,0
996,Shuangcheng District,Heilongjiang,2488.67,0.35,2489.02,1.47,0.75
997,Songbei District,Heilongjiang,980.25,0,980.25,1.54,0
998,Tonghe County,Heilongjiang,0,0.08,0.08,0,0
999,Wuchang City,Heilongjiang,1613.47,0,1613.47,1.47,0
1000,Xiangfang District,Heilongjiang,553.61,0,553.61,1.64,0
1001,Yanshou County,Heilongjiang,0,0,0,0,0
1002,Yilan County,Heilongjiang,0,0,0,0,0
1003,Dongshan District,Heilongjiang,0,0,0,0,0
1004,Gongnong District,Heilongjiang,0,0,0,0,0
1005,Luobei County,Heilongjiang,4836.02,0,4836.02,82.82,0
1006,Nanshan District,Heilongjiang,0,0,0,0,0
1007,Suibin County,Heilongjiang,3865.52,0,3865.52,70.99,0
1008,Xiangyang District,Heilongjiang,0,0,0,0,0
1009,Xing'an District,Heilongjiang,0,0,0,0,0
1010,Xingshan District,Heilongjiang,0,0,0,0,0
1011,Aihui District,Heilongjiang,0,0,0,0,0
1012,Beian City,Heilongjiang,4547.44,0,4547.44,0.69,0
1013,Nenjiang City,Heilongjiang,1365.56,0,1365.56,0.62,0
1014,Sunwu County,Heilongjiang,0,0,0,0,0
1015,Wudalianchi City,Heilongjiang,3793.48,0,3793.48,0.71,0
1016,Xunke County,Heilongjiang,0,0,0,0,0
1017,Chengzihe District,Heilongjiang,0,0,0,0,0
1018,Didao District,Heilongjiang,0,0,0,0,0
1019,Hengshan District,Heilongjiang,0,0,0,0,0
1020,Hulin City,Heilongjiang,0,0,0,0,0
1021,Jidong County,Heilongjiang,0,0,0,0,0
1022,Jiguan District,Heilongjiang,0,0,0,0,0
1023,Lishu District,Heilongjiang,0,0,0,0,0
1024,Mashan District,Heilongjiang,0,0,0,0,0
1025,Mishan City,Heilongjiang,0,0,0,0,0
1026,Dongfeng District,Heilongjiang,0,0,0,0,0
1027,Fuyuan City,Heilongjiang,0,0,0,0,0
1028,Fujin City,Heilongjiang,1295.36,0,1295.36,59.16,0
1029,Huachuan County,Heilongjiang,3186.99,0,3186.99,94.65,0
1030,Huainan County,Heilongjiang,0,0,0,0,0
1031,Jiao District,Heilongjiang,0,0,0,0,0
1032,Qianjin District,Heilongjiang,0,0,0,0,0
1033,Tangyuan County,Heilongjiang,123.37,0,123.37,35.49,0
1034,Tongjiang,Heilongjiang,0,0,0,0,0
1035,Xiangyang District,Heilongjiang,0,0,0,0,0
1036,Aimin District,Heilongjiang,0,0,0,0,0
1037,Dong'an District,Heilongjiang,0,0,0,0,0
1038,Dongning City,Heilongjiang,0,0,0,0,0
1039,Hailin City,Heilongjiang,0,0,0,0,0
1040,Linkou County,Heilongjiang,0,0,0,0,0
1041,Muling City,Heilongjiang,0,0,0,0,0
1042,Ning'an City,Heilongjiang,0,0,0,0,0
1043,Suifenhe City,Heilongjiang,0,0,0,0,0
1044,Xi'an District,Heilongjiang,0,0,0,0,0
1045,Yangming District,Heilongjiang,0,0,0,0,0
1046,Boli County,Heilongjiang,0,0,0,0,0
1047,Qiezihe District,Heilongjiang,0,0,0,0,0
1048,Taoshan District,Heilongjiang,0,0,0,0,0
1049,Xinxing District,Heilongjiang,0,0,0,0,0
1050,Angangxi District,Heilongjiang,546.67,0,546.67,0.21,0
1051,Baizhan District,Heilongjiang,6777.2,0,6777.2,0.93,0
1052,Furalki District,Heilongjiang,142.08,0,142.08,0.21,0
1053,Fuyu County,Heilongjiang,5002.37,0,5002.37,0.67,0
1054,Gannan County,Heilongjiang,437.59,0,437.59,0.38,0
1055,Jianhua District,Heilongjiang,118.91,0,118.91,0.21,0
1056,Kedong County,Heilongjiang,4034.59,0,4034.59,0.84,0
1057,Keshan County,Heilongjiang,6796.76,0,6796.76,0.93,0
1058,Longjiang County,Heilongjiang,161.33,0,161.33,0.08,0
1059,Longsha District,Heilongjiang,74.63,0,74.63,0.21,0
1060,Meirisdaur District,Heilongjiang,1019.93,0,1019.93,0.21,0
1061,Nehe City,Heilongjiang,6794.84,0,6794.84,0.65,0
1062,Mianzishan District,Heilongjiang,0,0,0,0,0
1063,Tailai County,Heilongjiang,2252.78,0.68,2253.46,0.54,5.98
1064,Tiefeng District,Heilongjiang,842.57,0,842.57,0.51,0
1065,Yian County,Heilongjiang,7004.75,0,7004.75,0.93,0
1066,Baocheng County,Heilongjiang,0,0,0,0,0
1067,Baoshan District,Heilongjiang,0,0,0,0,0
1068,Jixian County,Heilongjiang,3289.8,0,3289.8,70.99,0
1069,Jianshan District,Heilongjiang,0,0,0,0,0
1070,Lingdong District,Heilongjiang,0,0,0,0,0
1071,Raohe County,Heilongjiang,0,0,0,0,0
1072,Sifangtai District,Heilongjiang,102.81,0,102.81,59.16,0
1073,Youyi County,Heilongjiang,0,0,0,0,0
1074,Anda City,Heilongjiang,4975.86,22.44,4998.3,0.74,4.22
1075,Beilin District,Heilongjiang,1623.38,0,1623.38,0.56,0
1076,Hailun City,Heilongjiang,3180.58,0,3180.58,0.39,0
1077,Lanxi County,Heilongjiang,2385.71,0,2385.71,0.68,0
1078,Mingshui County,Heilongjiang,3602.33,0,3602.33,0.75,0
1079,Qinggang County,Heilongjiang,3051.8,0,3051.8,0.74,0
1080,Qing'an County,Heilongjiang,1132.8,0,1132.8,0.86,0
1081,Suiling County,Heilongjiang,824,0,824,0.19,0
1082,Wangkui County,Heilongjiang,1364.27,0,1364.27,0.19,0
1083,Zhaodong City,Heilongjiang,4550.45,18.17,4568.62,0.62,2.94
1084,Daxiashan County,Heilongjiang,0,0,0,0,0
1085,Fenglin County,Heilongjiang,0,0,0,0,0
1086,Jiayin County,Heilongjiang,0,0,0,0,0
1087,Jinlin District,Heilongjiang,0,0,0,0,0
1088,Nanqiao County,Heilongjiang,0,0,0,0,0
1089,Tangwang County,Heilongjiang,0,0,0,0,0
1090,Tieli City,Heilongjiang,326.79,0,326.79,0.6,0
1091,Wucui District,Heilongjiang,0,0,0,0,0
1092,Yimei District,Heilongjiang,0,0,0,0,0
1093,Youyi District,Heilongjiang,0,0,0,0,0
1094,Eucheng District,Hubei,0,0,0,0,0
1095,Huarong District,Hubei,0,0,0,0,0
1096,Liangzihu District,Hubei,0,0,0,0,0
1097,Badong County,Hubei,0,0,0,0,0
1098,Enshi City,Hubei,0,0,0,0,0
1099,Hefeng County,Hubei,0,0,0,0,0
1100,Jianshi County,Hubei,0,0,0,0,0
1101,Laifeng County,Hubei,0,0,0,0,0
1102,Lichuan City,Hubei,109.16,0,109.16,0.01,0
1103,Xianfeng County,Hubei,0,0,0,0,0
1104,Xuanen County,Hubei,0,0,0,0,0
1105,Hong'an County,Hubei,0,0,0,0,0
1106,Huangmei County,Hubei,0,0,0,0,0
1107,Huangzhou District,Hubei,0,0,0,0,0
1108,Lutian County,Hubei,0,0,0,0,0
1109,Macheng City,Hubei,0,0,0,0,0
1110,Herb County,Hubei,0,0,0,0,0
1111,Tuanfeng County,Hubei,0,0,0,0,0
1112,Wuxi City,Hubei,0,0,0,0,0
1113,Xishui County,Hubei,0,0,0,0,0
1114,yingshan County,Hubei,0,0,0,0,0
1115,Daye City,Hubei,0,0,0,0,0
1116,Huangshi Harbor District,Hubei,0,0,0,0,0
1117,Tieshan District,Hubei,0,0,0,0,0
1118,Xisishan District,Hubei,0,0,0,0,0
1119,Xilu District,Hubei,0,0,0,0,0
1120,Yangxin County,Hubei,0,0,0,0,0
1121,Dongbao District,Hubei,0,0,0,0,0
1122,Duodao District,Hubei,0,0,0,0,0
1123,jingshan city,Hubei,0,0,0,0,0
1124,Shayang County,Hubei,264.14,0,264.14,0.29,0
1125,Zhongxiang City,Hubei,0,0,0,0,0
1126,Gong'an County,Hubei,429,0.66,429.66,0.16,8.04
1127,Honghu City,Hubei,44.92,0.62,45.54,0.03,0.01
1128,Jianli City,Hubei,59.75,0.07,59.82,0.06,0.1
1129,Jiangling County,Hubei,105.56,0.39,105.95,0.09,0.04
1130,Jingzhou District,Hubei,617.22,1.97,619.19,0.29,8.04
1131,Shashi District,Hubei,455.5,0.83,456.33,0.22,5.31
1132,Shishou City,Hubei,34.14,0,34.14,0.09,0
1133,Songzi City,Hubei,942,0.74,942.74,0.24,8.04
1134,Qianjiang City,Hubei,894.38,22.97,917.35,0.24,5.31
1135,Shennongjia Forestry District,Hubei,0,0,0,0,0
1136,Danjiangkou City,Hubei,0,0,0,0,0
1137,Fang County,Hubei,0,0,0,0,0
1138,Maojian District,Hubei,0,0,0,0,0
1139,Yunxi County,Hubei,0,0,0,0,0
1140,Yunyang District,Hubei,0,0,0,0,0
1141,Zhangwan District,Hubei,0,0,0,0,0
1142,Zhushan County,Hubei,0,0,0,0,0
1143,Zhuxi County,Hubei,0,0,0,0,0
1144,Zengdu District,Hubei,0,0,0,0,0
1145,Guangshui City,Hubei,0,0,0,0,0
1146,Sui County,Hubei,0,0,0,0,0
1147,Tianmen City,Hubei,465.38,4.17,469.55,0.31,5.31
1148,Caidian District,Hubei,4.49,0,4.49,0.03,0
1149,Dongxihu District,Hubei,0,0,0,0,0
1150,Hannan District,Hubei,3.14,0,3.14,0.01,0
1151,Hanyang District,Hubei,0,0,0,0,0
1152,Hongshan District,Hubei,0,0,0,0,0
1153,Huangpi District,Hubei,0,0,0,0,0
1154,Jiang'an District,Hubei,0,0,0,0,0
1155,Jianghan District,Hubei,0,0,0,0,0
1156,Jiangxia District,Hubei,0,0,0,0,0
1157,Qiaokou District,Hubei,0,0,0,0,0
1158,Qingshan District,Hubei,0,0,0,0,0
1159,Wuchang District,Hubei,0,0,0,0,0
1160,Xinzhou District,Hubei,0,0,0,0,0
1161,Xiantao City,Hubei,278.06,0.05,278.11,0.25,69.89
1162,Chibi City,Hubei,0,0,0,0,0
1163,Chongyang County,Hubei,0,0,0,0,0
1164,Jiayu County,Hubei,2.7,0,2.7,0.01,0
1165,Tongcheng County,Hubei,0,0,0,0,0
1166,Tongshan County,Hubei,0,0,0,0,0
1167,Xian'an District,Hubei,0,0,0,0,0
1168,Baokang County,Hubei,0,0,0,0,0
1169,Fancheng District,Hubei,4.94,0,4.94,0.07,0
1170,Gucheng County,Hubei,0,0,0,0,0
1171,Laohekou City,Hubei,1.85,0,1.85,0.07,0
1172,Nanzhang County,Hubei,0,0,0,0,0
1173,Xiangcheng District,Hubei,0,0,0,0,0
1174,Xiangzhou District,Hubei,116.66,0,116.66,1.87,0
1175,Yicheng City,Hubei,0,0,0,0,0
1176,Zaoyang City,Hubei,531.47,0,531.47,3.03,0
1177,Anlu City,Hubei,0,0,0,0,0
1178,Dawu County,Hubei,0,0,0,0,0
1179,Hanchuan City,Hubei,242.57,0,242.57,0.31,0
1180,Xiaochang County,Hubei,0,0,0,0,0
1181,Xiaonan District,Hubei,0,0,0,0,0
1182,Yingcheng City,Hubei,0,0,0,0,0
1183,Yunmeng County,Hubei,0,0,0,0,0
1184,Dangyang City,Hubei,11.68,0,11.68,0.09,0
1185,Dianjun District,Hubei,0,0,0,0,0
1186,Wufeng Tujia Autonomous County,Hubei,0,0,0,0,0
1187,Wujiagang District,Hubei,0,0,0,0,0
1188,Xiling District,Hubei,0,0,0,0,0
1189,Xiaoting District,Hubei,0,0,0,0,0
1190,Xingshan County,Hubei,0,0,0,0,0
1191,Yiling District,Hubei,0,0,0,0,0
1192,Yidu City,Hubei,0,0,0,0,0
1193,Yuan'an County,Hubei,0,0,0,0,0
1194,Changyang Tujia Autonomous County,Hubei,0,0,0,0,0
1195,Zhijiang City,Hubei,256.5,0,256.5,0.23,0
1196,Zigui County,Hubei,0,0,0,0,0
1197,Anxiang County,Hunan,5.39,0,5.39,0.09,0
1198,Dingcheng District,Hunan,0,0,0,0,0
1199,Hanshou County,Hunan,0,0,0,0,0
1200,Jinshi City,Hunan,0,0,0,0,0
1201,Li County,Hunan,2.25,0,2.25,0.02,0
1202,Linli County,Hunan,0,0,0,0,0
1203,Shimen County,Hunan,0,0,0,0,0
1204,Taoyuan County,Hunan,0,0,0,0,0
1205,Wuling District,Hunan,0,0,0,0,0
1206,Anren County,Hunan,0,0,0,0,0
1207,Beihu District,Hunan,0,0,0,0,0
1208,Guidong County,Hunan,0,0,0,0,0
1209,Guiyang County,Hunan,0,0,0,0,0
1210,Jiahe County,Hunan,0,0,0,0,0
1211,Linwu County,Hunan,0,0,0,0,0
1212,Rucheng County,Hunan,0,0,0,0,0
1213,Suxian District,Hunan,0,0,0,0,0
1214,Yizhang County,Hunan,0,0,0,0,0
1215,Yongxing County,Hunan,0,0,0,0,0
1216,Zixing City,Hunan,0,0,0,0,0
1217,Changning City,Hunan,0,0,0,0,0
1218,Hengdong County,Hunan,0,0,0,0,0
1219,Hengnan County,Hunan,0,0,0,0,0
1220,Hengshan County,Hunan,0,0,0,0,0
1221,Hengyang County,Hunan,0,0,0,0,0
1222,Leiyang City,Hunan,0,0,0,0,0
1223,Nanyue District,Hunan,0,0,0,0,0
1224,Qidong County,Hunan,0,0,0,0,0
1225,Shigu District,Hunan,0,0,0,0,0
1226,Yanfeng District,Hunan,0,0,0,0,0
1227,Zhengxiang District,Hunan,0,0,0,0,0
1228,Zhuhui District,Hunan,0,0,0,0,0
1229,Chenxi County,Hunan,0,0,0,0,0
1230,Hecheng District,Hunan,0,0,0,0,0
1231,Hongjiang City,Hunan,0,0,0,0,0
1232,Huitong County,Hunan,0,0,0,0,0
1233,Jingzhou Miao and Dong Autonomous County,Hunan,0,0,0,0,0
1234,Mayang Miao Autonomous County,Hunan,0,0,0,0,0
1235,Tongdao Dong Autonomous County,Hunan,0,0,0,0,0
1236,Xinhua Dong Autonomous County,Hunan,0,0,0,0,0
1237,Xupu County,Hunan,0,0,0,0,0
1238,Yuanling County,Hunan,0,0,0,0,0
1239,Zhijiang Dong Autonomous County,Hunan,0,0,0,0,0
1240,Zhongfang County,Hunan,0,0,0,0,0
1241,Lengshuijiang City,Hunan,0,0,0,0,0
1242,Lianyuan City,Hunan,0,0,0,0,0
1243,Loudi City,Hunan,0,0,0,0,0
1244,Shuangfeng County,Hunan,0,0,0,0,0
1245,Xinhua County,Hunan,0,0,0,0,0
1246,Beita District,Hunan,0,0,0,0,0
1247,Chengbu Miao Autonomous County,Hunan,0,0,0,0,0
1248,Daxiang District,Hunan,0,0,0,0,0
1249,Dongkou County,Hunan,0,0,0,0,0
1250,Longhui County,Hunan,0,0,0,0,0
1251,Shaodong City,Hunan,0,0,0,0,0
1252,Shaoyang County,Hunan,0,0,0,0,0
1253,Shuangqing District,Hunan,0,0,0,0,0
1254,Suining County,Hunan,0,0,0,0,0
1255,Wugang City,Hunan,0,0,0,0,0
1256,Xinning County,Hunan,0,0,0,0,0
1257,Xinshao County,Hunan,0,0,0,0,0
1258,Shaoshan City,Hunan,0,0,0,0,0
1259,Xiangtan County,Hunan,0,0,0,0,0
1260,Xiangxiang City,Hunan,0,0,0,0,0
1261,Yuhu District,Hunan,0,0,0,0,0
1262,Yuetang District,Hunan,0,0,0,0,0
1263,Baojing County,Hunan,0,0,0,0,0
1264,Fenghuang County,Hunan,0,0,0,0,0
1265,Guzhang County,Hunan,0,0,0,0,0
1266,Huayuan County,Hunan,0,0,0,0,0
1267,Jishou City,Hunan,0,0,0,0,0
1268,Longshan County,Hunan,0,0,0,0,0
1269,Luxi County,Hunan,0,0,0,0,0
1270,Yongshun County,Hunan,0,0,0,0,0
1271,Anhua County,Hunan,0,0,0,0,0
1272,Heshan District,Hunan,0,0,0,0,0
1273,Nan County,Hunan,0,0,0,0,0
1274,Taojiang County,Hunan,0,0,0,0,0
1275,Yuanjiang City,Hunan,0,0,0,0,0
1276,Ziyang District,Hunan,0,0,0,0,0
1277,Dao County,Hunan,0,0,0,0,0
1278,Dong'an County,Hunan,0,0,0,0,0
1279,Jianghua Yao Autonomous County,Hunan,0,0,0,0,0
1280,Jiangyong County,Hunan,0,0,0,0,0
1281,Lanshan County,Hunan,0,0,0,0,0
1282,Lengshuitan District,Hunan,0,0,0,0,0
1283,Lingling District,Hunan,0,0,0,0,0
1284,Ningyuan County,Hunan,0,0,0,0,0
1285,Qiyang City,Hunan,0,0,0,0,0
1286,Shuangpai County,Hunan,0,0,0,0,0
1287,Xintian County,Hunan,0,0,0,0,0
1288,Huarong County,Hunan,0,0,0,0,0
1289,Junshan District,Hunan,0,0,0,0,0
1290,Linxiang City,Hunan,0,0,0,0,0
1291,Miluo City,Hunan,0,0,0,0,0
1292,Pingjiang County,Hunan,0,0,0,0,0
1293,Xiangyin County,Hunan,0,0,0,0,0
1294,Yueyanglou District,Hunan,0,0,0,0,0
1295,Yueyang County,Hunan,0,0,0,0,0
1296,Yunxi District,Hunan,0,0,0,0,0
1297,Cili County,Hunan,0,0,0,0,0
1298,Sangzhi County,Hunan,0,0,0,0,0
1299,Wulingyuan District,Hunan,0,0,0,0,0
1300,Yongding District,Hunan,0,0,0,0,0
1301,Furong District,Hunan,0,0,0,0,0
1302,Kaifu District,Hunan,0,0,0,0,0
1303,Liuyang City,Hunan,0,0,0,0,0
1304,Ningxiang City,Hunan,0,0,0,0,0
1305,Tianxin District,Hunan,0,0,0,0,0
1306,Wangcheng District,Hunan,0,0,0,0,0
1307,Yuhua District,Hunan,0,0,0,0,0
1308,Yuelu District,Hunan,0,0,0,0,0
1309,Changsha County,Hunan,0,0,0,0,0
1310,Chaling County,Hunan,0,0,0,0,0
1311,Hetang District,Hunan,0,0,0,0,0
1312,Liling City,Hunan,0,0,0,0,0
1313,Lusong District,Hunan,0,0,0,0,0
1314,Lukou District,Hunan,0,0,0,0,0
1315,Shifeng District,Hunan,0,0,0,0,0
1316,Tianyuan District,Hunan,0,0,0,0,0
1317,Yanling County,Hunan,0,0,0,0,0
1318,Youxian County,Hunan,0,0,0,0,0
1319,Da 'an City,Jilin,5602.36,88.22,5690.58,0.75,0.45
1320,Taobei District,Jilin,624.69,0,624.69,0.26,0
1321,Taonan City,Jilin,589.05,0,589.05,0.26,0
1322,Tongyu County,Jilin,1641.97,0,1641.97,0.82,0
1323,Zhenlai County,Jilin,4368.33,34.26,4402.59,0.76,55.77
1324,Fusong County,Jilin,0,0,0,0,0
1325,Hunjiang District,Jilin,0,0,0,0,0
1326,Jiangyuan District,Jilin,0,0,0,0,0
1327,Jingyu County,Jilin,0,0,0,0,0
1328,Linjiang City,Jilin,0,0,0,0,0
1329,Changbai Korean Autonomous County,Jilin,0,0,0,0,0
1330,Changyi District,Jilin,0,0,0,0,0
1331,Funying District,Jilin,0,0,0,0,0
1332,Fengman District,Jilin,0,0,0,0,0
1333,Huadian City,Jilin,0,0,0,0,0
1334,Jiaohe City,Jilin,0,0,0,0,0
1335,Longtan District,Jilin,0,0,0,0,0
1336,Panshi City,Jilin,0,0,0,0,0
1337,Shulan City,Jilin,160.35,0,160.35,0.41,0
1338,Yongji County,Jilin,0,2.2,2.2,0,0
1339,Dongfeng County,Jilin,0,0,0,0,0
1340,Dongliao County,Jilin,0,0,0,0,0
1341,Longshan District,Jilin,0,0,0,0,0
1342,Xi'an District,Jilin,0,0,0,0,0
1343,Lishu County,Jilin,1143.77,0,1143.77,0.56,0
1344,Shuangliao City,Jilin,595.87,0,595.87,0.38,0
1345,Tiedong District,Jilin,8.7,0,8.7,0.07,0
1346,Yitong Manzu autonomous County,Jilin,11.6,30.35,41.95,0.07,0.03
1347,Fuyu City,Jilin,2556,0,2556,0.5,0
1348,Ningjiang District,Jilin,1099.74,25.74,1125.48,0.54,14.24
1349,Mongolian Autonomous County of Qian Gorlos,Jilin,6379.25,37.1,6416.35,1.08,14.24
1350,Qian'an County,Jilin,4164.99,69.05,4234.04,0.98,14.24
1351,Changling County,Jilin,4076.83,0,4076.83,0.98,0
1352,Dongchang District,Jilin,0,0,0,0,0
1353,Erdaojiang District,Jilin,0,0,0,0,0
1354,Huinan County,Jilin,0,0,0,0,0
1355,Ji'an City,Jilin,0,0,0,0,0
1356,Liuhe County,Jilin,0,0,0,0,0
1357,Meihekou City,Jilin,0,0,0,0,0
1358,Tonghua County,Jilin,0,0,0,0,0
1359,Antu County,Jilin,0,0,0,0,0
1360,Dunhua City,Jilin,0,0,0,0,0
1361,Hualong City,Jilin,0,0,0,0,0
1362,Hunchun City,Jilin,0,0,0,0,0
1363,Longjing City,Jilin,0,0,0,0,0
1364,Tumen City,Jilin,0,0,0,0,0
1365,Wangqing County,Jilin,0,0,0,0,0
1366,Yanji City,Jilin,0,0,0,0,0
1367,Chaoyang District,Jilin,48.07,0,48.07,0.07,0
1368,Dehui City,Jilin,1437.85,0,1437.85,0.11,0
1369,Erdao District,Jilin,50.73,0,50.73,0.02,0
1370,Gongzhuling City,Jilin,1735.77,13.29,1749.06,0.56,0.3
1371,Jiutai District,Jilin,621.64,0,621.64,0.07,0
1372,Kuancheng District,Jilin,478.13,0,478.13,0.11,0
1373,Lvyuan District,Jilin,112.09,0,112.09,0.05,0
1374,Nanguan District,Jilin,59.43,0,59.43,0.07,0
1375,Nong'an County,Jilin,2748.6,0,2748.6,0.47,14.24
1376,Shuangyang District,Jilin,0,3.89,3.89,0,0
1377,Yushu City,Jilin,2975.54,0,2975.54,0.97,0
1378,Jintan District,Jiangsu,0,0,0,0,0
1379,Liyang City,Jiangsu,0,0,0,0,0
1380,Tianning District,Jiangsu,0,0,0,0,0
1381,Wujin District,Jiangsu,0,0,0,0,0
1382,Xinbei District,Jiangsu,0,0,0,0,0
1383,Zhonglou District,Jiangsu,0,0,0,0,0
1384,Hongze District,Jiangsu,1397.42,0.1,1397.52,7.95,4.55
1385,Huai'an District,Jiangsu,1797.24,0,1797.24,8.99,0
1386,Huaiyin District,Jiangsu,306.51,0,306.51,6.79,0
1387,Jinhu County,Jiangsu,2434.25,5.88,2440.13,17.54,13.19
1388,Lianshui County,Jiangsu,1119.6,0,1119.6,8.3,0
1389,Qingjiangpu District,Jiangsu,429.18,0,429.18,6.79,0
1390,Xuyi County,Jiangsu,2473.99,0.91,2474.9,6.79,13.19
1391,Donghai County,Jiangsu,0,0,0,0,0
1392,Ganyu District,Jiangsu,0,0,0,0,0
1393,Gunnan County,Jiangsu,86.3,0,86.3,8.3,0
1394,Guanyun County,Jiangsu,0,0,0,0,0
1395,Haizhou District,Jiangsu,0,0,0,0,0
1396,Lianyun District,Jiangsu,0,0,0,0,0
1397,Gaochun District,Jiangsu,0,0,0,0,0
1398,Gulou District,Jiangsu,0,0,0,0,0
1399,Jianye District,Jiangsu,0,0,0,0,0
1400,Jiangning District,Jiangsu,0,0,0,0,0
1401,Lishui District,Jiangsu,0,0,0,0,0
1402,Liuhe District,Jiangsu,128.48,0,128.48,6.11,0
1403,Pukou District,Jiangsu,0,0,0,0,0
1404,Qixia District,Jiangsu,0,0,0,0,0
1405,Qinhuai District,Jiangsu,0,0,0,0,0
1406,Xuanwu District,Jiangsu,0,0,0,0,0
1407,Yuhuatai District,Jiangsu,0,0,0,0,0
1408,Chongchuan District,Jiangsu,0,0,0,0,0
1409,Hai'an City,Jiangsu,4297.24,2,4299.24,33.08,17.77
1410,Haimen District,Jiangsu,0,0,0,0,0
1411,Qidong City,Jiangsu,0,0,0,0,0
1412,Rudong County,Jiangsu,0,0,0,0,0
1413,Rugao City,Jiangsu,0,0,0,0,0
1414,Tongzhou District,Jiangsu,0,0,0,0,0
1415,Changshu City,Jiangsu,0,0,0,0,0
1416,Gusu District,Jiangsu,0,0,0,0,0
1417,Huqiu District,Jiangsu,0,0,0,0,0
1418,Kunshan City,Jiangsu,0,0,0,0,0
1419,Suzhou Industrial Park,Jiangsu,0,0,0,0,0
1420,Taicang City,Jiangsu,0,0,0,0,0
1421,Wujiang District,Jiangsu,0,0,0,0,0
1422,Wuzhong District,Jiangsu,0,0,0,0,0
1423,Xiangcheng District,Jiangsu,0,0,0,0,0
1424,Zhangjiagang City,Jiangsu,0,0,0,0,0
1425,Shuyang County,Jiangsu,0,0,0,0,0
1426,Sihong County,Jiangsu,188.86,0,188.86,5.4,0
1427,Siyang County,Jiangsu,145.51,0,145.51,6.79,0
1428,Sucheng District,Jiangsu,0,0,0,0,0
1429,Suyu District,Jiangsu,0,0,0,0,0
1430,Gaogang District,Jiangsu,0,0,0,0,0
1431,Hailing District,Jiangsu,1075.46,0.17,1075.63,17.54,56.6
1432,Jiangyan District,Jiangsu,2356.82,3.63,2360.45,24.51,134.77
1433,Jingjiang City,Jiangsu,0,0,0,0,0
1434,Taixing City,Jiangsu,149.38,0.04,149.42,17.54,0
1435,Xinghua City,Jiangsu,7842.06,5.48,7847.54,25.88,134.77
1436,Binhu District,Jiangsu,0,0,0,0,0
1437,Huishan District,Jiangsu,0,0,0,0,0
1438,Jiangyin City,Jiangsu,0,0,0,0,0
1439,Liangxi District,Jiangsu,0,0,0,0,0
1440,Xishan District,Jiangsu,0,0,0,0,0
1441,Xinwu District,Jiangsu,0,0,0,0,0
1442,Yixing City,Jiangsu,0,0,0,0,0
1443,Fengxian,Jiangsu,0,0,0,0,0
1444,Gulou District,Jiangsu,0,0,0,0,0
1445,Jiawang District,Jiangsu,0,0,0,0,0
1446,Pei County,Jiangsu,0,0,0,0,0
1447,Pizhou City,Jiangsu,0,0,0,0,0
1448,Quanshan District,Jiangsu,0,0,0,0,0
1449,Suining County,Jiangsu,0,0,0,0,0
1450,Tongshan District,Jiangsu,0,0,0,0,0
1451,Xinyi City,Jiangsu,0,0,0,0,0
1452,Yunlong District,Jiangsu,0,0,0,0,0
1453,Binhai County,Jiangsu,707.03,0,707.03,14.95,0
1454,Dafeng District,Jiangsu,9395.92,0,9395.92,31.35,0
1455,Dongtai City,Jiangsu,10328.93,2.99,10331.92,34.07,134.77
1456,Funing County,Jiangsu,2807.66,0,2807.66,14.95,0
1457,Jianhu County,Jiangsu,2848.32,0.07,2848.39,14.95,7.85
1458,Sheyang County,Jiangsu,6900.12,0,6900.12,20.12,0
1459,Tinghu District,Jiangsu,3024.38,0,3024.38,20.12,0
1460,Xiangshui County,Jiangsu,96.36,0,96.36,8.99,0
1461,Yandu District,Jiangsu,2560.41,0,2560.41,17.54,0
1462,Baoying County,Jiangsu,3029.03,0,3029.03,17.54,0
1463,Gaoyou City,Jiangsu,4609.93,16.93,4626.86,20.12,134.77
1464,Guangling District,Jiangsu,0,0,0,0,0
1465,Ganjiang District,Jiangsu,447.77,14.36,462.13,15,56.6
1466,Jiangdu District,Jiangsu,1879.64,11.04,1890.68,20.12,134.77
1467,Yizheng City,Jiangsu,225.62,0,225.62,14.6,0
1468,Dantu District,Jiangsu,0,0,0,0,0
1469,Danyang City,Jiangsu,0,0,0,0,0
1470,Jingkou District,Jiangsu,0,0,0,0,0
1471,Jurong City,Jiangsu,0,0,0,0,0
1472,Runzhou District,Jiangsu,0,0,0,0,0
1473,Yangzhong City,Jiangsu,0,0,0,0,0
1474,Chongren County,Jiangxi,0,0,0,0,0
1475,Dongxiang District,Jiangxi,0,0,0,0,0
1476,Guangchang County,Jiangxi,0,0,0,0,0
1477,Jinxi County,Jiangxi,0,0,0,0,0
1478,Le'an County,Jiangxi,0,0,0,0,0
1479,Lichuan County,Jiangxi,0,0,0,0,0
1480,Linchuan District,Jiangxi,0,0,0,0,0
1481,Nancheng County,Jiangxi,0,0,0,0,0
1482,Nanfeng County,Jiangxi,0,0,0,0,0
1483,Yihuang County,Jiangxi,0,0,0,0,0
1484,Zixi County,Jiangxi,0,0,0,0,0
1485,Anyuan County,Jiangxi,0,0,0,0,0
1486,Chongyi County,Jiangxi,0,0,0,0,0
1487,Dayu County,Jiangxi,0,0,0,0,0
1488,Dingnan County,Jiangxi,0,0,0,0,0
1489,Ganxian District,Jiangxi,0,0,0,0,0
1490,Huichang County,Jiangxi,0,0,0,0,0
1491,Longnan City,Jiangxi,0,0,0,0,0
1492,Nankang District,Jiangxi,0,0,0,0,0
1493,Ningdu County,Jiangxi,0,0,0,0,0
1494,Quannan County,Jiangxi,0,0,0,0,0
1495,Ruijin City,Jiangxi,0,0,0,0,0
1496,Shangyu County,Jiangxi,0,0,0,0,0
1497,Shicheng County,Jiangxi,0,0,0,0,0
1498,Xinfeng County,Jiangxi,0,0,0,0,0
1499,Xingguo County,Jiangxi,0,0,0,0,0
1500,Xunwu County,Jiangxi,0,0,0,0,0
1501,Yudu County,Jiangxi,0,0,0,0,0
1502,Zhanggong District,Jiangxi,0,0,0,0,0
1503,Anfu County,Jiangxi,0,0,0,0,0
1504,Ji'an County,Jiangxi,0,0,0,0,0
1505,Jishui County,Jiangxi,0,0,0,0,0
1506,Jizhou District,Jiangxi,0,0,0,0,0
1507,Jinggangshan City,Jiangxi,0,0,0,0,0
1508,Qingyuan District,Jiangxi,0,0,0,0,0
1509,Suichuan County,Jiangxi,0,0,0,0,0
1510,Taihe County,Jiangxi,0,0,0,0,0
1511,Wan'an County,Jiangxi,0,0,0,0,0
1512,Xiajiang County,Jiangxi,0,0,0,0,0
1513,Xingan County,Jiangxi,0,0,0,0,0
1514,Yongfeng County,Jiangxi,0,0,0,0,0
1515,Yongxin County,Jiangxi,0,0,0,0,0
1516,Changjiang District,Jiangxi,0,0,0,0,0
1517,Fuliang County,Jiangxi,0,0,0,0,0
1518,Leping City,Jiangxi,0,0,0,0,0
1519,Zhushan District,Jiangxi,0,0,0,0,0
1520,Chaisang District,Jiangxi,0,0,0,0,0
1521,De'an County,Jiangxi,0,0,0,0,0
1522,Duchang County,Jiangxi,0,0,0,0,0
1523,Gongqingcheng City,Jiangxi,0,0,0,0,0
1524,Hukou County,Jiangxi,0,0,0,0,0
1525,Lianxi District,Jiangxi,0,0,0,0,0
1526,Lushan City,Jiangxi,0,0,0,0,0
1527,Pengze County,Jiangxi,0,0,0,0,0
1528,Ruichang City,Jiangxi,0,0,0,0,0
1529,Wuning County,Jiangxi,0,0,0,0,0
1530,Xiushui County,Jiangxi,0,0,0,0,0
1531,Xunyang District,Jiangxi,0,0,0,0,0
1532,Yongxiu County,Jiangxi,0,0,0,0,0
1533,Anyi County,Jiangxi,0,0,0,0,0
1534,Donghu District,Jiangxi,0,0,0,0,0
1535,Honggutan District,Jiangxi,0,0,0,0,0
1536,jinxian County,Jiangxi,0,0,0,0,0
1537,Nanchang County,Jiangxi,0,0,0,0,0
1538,Qingshanhu District,Jiangxi,0,0,0,0,0
1539,Qingyunpu District,Jiangxi,0,0,0,0,0
1540,Xihu District,Jiangxi,0,0,0,0,0
1541,Xinjian District,Jiangxi,0,0,0,0,0
1542,Anyuan District,Jiangxi,0,0,0,0,0
1543,Lianhua County,Jiangxi,0,0,0,0,0
1544,Lixi County,Jiangxi,0,0,0,0,0
1545,Shangli County,Jiangxi,0,0,0,0,0
1546,Xiangdong District,Jiangxi,0,0,0,0,0
1547,Dexing City,Jiangxi,0,0,0,0,0
1548,Guangfeng District,Jiangxi,0,0,0,0,0
1549,Guangxin District,Jiangxi,0,0,0,0,0
1550,Hengfeng County,Jiangxi,0,0,0,0,0
1551,Poyang County,Jiangxi,0,0,0,0,0
1552,Lead County,Jiangxi,0,0,0,0,0
1553,Wannian County,Jiangxi,0,0,0,0,0
1554,Wuyuan County,Jiangxi,0,0,0,0,0
1555,Xinzhou District,Jiangxi,0,0,0,0,0
1556,Yiyang County,Jiangxi,0,0,0,0,0
1557,Yugan County,Jiangxi,0,0,0,0,0
1558,Yushan County,Jiangxi,0,0,0,0,0
1559,Fenyi County,Jiangxi,0,0,0,0,0
1560,Yushui District,Jiangxi,0,0,0,0,0
1561,Fengcheng City,Jiangxi,0,0,0,0,0
1562,Fengxin County,Jiangxi,0,0,0,0,0
1563,Gao'an City,Jiangxi,0,0,0,0,0
1564,Jing'an County,Jiangxi,0,0,0,0,0
1565,Shanggao County,Jiangxi,0,0,0,0,0
1566,Tonggu County,Jiangxi,0,0,0,0,0
1567,Wanzai County,Jiangxi,0,0,0,0,0
1568,Yifeng County,Jiangxi,0,0,0,0,0
1569,Yuanzhou City,Jiangxi,0,0,0,0,0
1570,Zhangshu City,Jiangxi,0,0,0,0,0
1571,Guixi City,Jiangxi,0,0,0,0,0
1572,Yujiang District,Jiangxi,0,0,0,0,0
1573,Yuehu District,Jiangxi,0,0,0,0,0
1574,Haicheng City,Liaoning,0,1.54,1.54,0,17.02
1575,Lishan District,Liaoning,0,0,0,0,0
1576,Qianshan District,Liaoning,0,0,0,0,0
1577,Tai 'an County,Liaoning,0,26.36,26.36,0,58.05
1578,Tiedong District,Liaoning,0,0,0,0,0
1579,Tiexi District,Liaoning,0,0,0,0,0
1580,Xiuyan Manchu Autonomous County,Liaoning,0,0,0,0,0
1581,Benxi Manchu Autonomous County,Liaoning,0,0,0,0,0
1582,Huanren Manchu autonomous County,Liaoning,0,0,0,0,0
1583,Mingshan District,Liaoning,0,0,0,0,0
1584,Nanfen District,Liaoning,0,0,0,0,0
1585,Pingshan District,Liaoning,0,0,0,0,0
1586,Xihu District,Liaoning,0,0,0,0,0
1587,Beipiao City,Liaoning,0,0,0,0,0
1588,Chaoyang County,Liaoning,0,0,0,0,0
1589,Jianping County,Liaoning,0,0,0,0,0
1590,Harqin Left Wing Mongolian Autonomous County,Liaoning,0,0,0,0,0
1591,Lingyuan City,Liaoning,0,0,0,0,0
1592,Longcheng District,Liaoning,0,0,0,0,0
1593,Shuangta District,Liaoning,0,0,0,0,0
1594,Ganjingzi District,Liaoning,0,0,0,0,0
1595,Jinzhou District,Liaoning,0,0,0,0,0
1596,Lushunkoukou District,Liaoning,0,0,0,0,0
1597,Pulandian District,Liaoning,0,0,0,0,0
1598,Shahekou District,Liaoning,0,0,0,0,0
1599,Wafangdian City,Liaoning,0,0,0,0,0
1600,Xigang District,Liaoning,0,0,0,0,0
1601,Changhai County,Liaoning,0,0,0,0,0
1602,Zhongshan District,Liaoning,0,0,0,0,0
1603,Zhuanghe City,Liaoning,0,0,0,0,0
1604,Donggang City,Liaoning,0,0,0,0,0
1605,Fengcheng City,Liaoning,0,0,0,0,0
1606,Kuandian Manzu Autonomous County,Liaoning,0,0,0,0,0
1607,Yuanbao District,Liaoning,0,0,0,0,0
1608,Zhen'an District,Liaoning,0,0,0,0,0
1609,Zhenxing District,Liaoning,0,0,0,0,0
1610,Dongzhou District,Liaoning,0,0,0,0,0
1611,Fushun County,Liaoning,0,0,0,0,0
1612,Qingyuan Manzu autonomous County,Liaoning,0,0,0,0,0
1613,Shuncheng District,Liaoning,0,0,0,0,0
1614,Wanghua District,Liaoning,0,0,0,0,0
1615,Xinbin Manzu Autonomous County,Liaoning,0,0,0,0,0
1616,Xinfu District,Liaoning,0,0,0,0,0
1617,Fuxin Mongolian Autonomous County,Liaoning,0,0,0,0,0
1618,Haizhou District,Liaoning,0,0,0,0,0
1619,Qinghemen District,Liaoning,0,0,0,0,0
1620,Taiping District,Liaoning,0,0,0,0,0
1621,Xihe District,Liaoning,0,0,0,0,0
1622,Xinqiu District,Liaoning,0,0,0,0,0
1623,Changwu County,Liaoning,0,0.04,0.04,0,0
1624,Jianchang County,Liaoning,0,0,0,0,0
1625,Lianshan District,Liaoning,0,0,0,0,0
1626,Longgang District,Liaoning,0,0,0,0,0
1627,Nanpiao District,Liaoning,0,0,0,0,0
1628,Suizhong County,Liaoning,0,0,0,0,0
1629,Xingcheng City,Liaoning,0,0,0,0,0
1630,Beizhen City,Liaoning,0,0,0,0,0
1631,Guta District,Liaoning,0,0,0,0,0
1632,Heishan County,Liaoning,0,0,0,0,0
1633,Linghai City,Liaoning,0,8.37,8.37,0,0
1634,Linghe District,Liaoning,0,0,0,0,0
1635,Taihe District,Liaoning,0,0,0,0,0
1636,Yi County,Liaoning,0,0,0,0,0
1637,Baita District,Liaoning,0,0,0,0,0
1638,Dengta City,Liaoning,0,3.33,3.33,0,61.74
1639,Gongchangling District,Liaoning,0,0,0,0,0
1640,Hongwei District,Liaoning,0,0,0,0,0
1641,Liaoyang County,Liaoning,0,5.5,5.5,0,62.74
1642,Taizihe District,Liaoning,0,0,0,0,0
1643,Wensheng District,Liaoning,0,0,0,0,0
1644,Dawa District,Liaoning,0,21.48,21.48,0,58.05
1645,Panshan District,Liaoning,0,152.25,152.25,0,58.05
1646,Shuangtaizi District,Liaoning,0,0,0,0,0
1647,Xinglongtai District,Liaoning,0,34.6,34.6,0,26.08
1648,Dandong District,Liaoning,0,0,0,0,0
1649,Faku County,Liaoning,0,0,0,0,0
1650,Heping District,Liaoning,0,0,0,0,0
1651,Huanggu District,Liaoning,0,0,0,0,0
1652,Hunnan District,Liaoning,0,0,0,0,0
1653,Kangping County,Liaoning,0,1.24,1.24,0,0.4
1654,Liaoyang District,Liaoning,0,13.88,13.88,0,61.74
1655,Shenbei New District,Liaoning,0,0,0,0,0
1656,Shenhe District,Liaoning,0,0,0,0,0
1657,Sujiatun District,Liaoning,0,0,0,0,0
1658,Tiexi District,Liaoning,0,0,0,0,0
1659,Xinmin City,Liaoning,0,38.51,38.51,0,10.33
1660,Yuhong District,Liaoning,0,11.71,11.71,0,10.33
1661,Changtu County,Liaoning,139.03,0,139.03,0.1,0
1662,Zhaibingshan,Liaoning,0,0,0,0,0
1663,Kaiyuan City,Liaoning,0,0,0,0,0
1664,Qinghe District,Liaoning,0,0,0,0,0
1665,Tieling County,Liaoning,0,0,0,0,0
1666,Xifeng County,Liaoning,0,0,0,0,0
1667,Yinzhou District,Liaoning,0,0,0,0,0
1668,Mackerel District,Liaoning,0,0,0,0,0
1669,Dashiqiao City,Liaoning,0,0,0,0,0
1670,Gaizhou City,Liaoning,0,0,0,0,0
1671,Laobian District,Liaoning,0,0,0,0,0
1672,Xishi District,Liaoning,0,0,0,0,0
1673,Zhanqian District,Liaoning,0,0,0,0,0
1674,Alxa Right Banner,Inner Mongolia Autonomous Region,8338.19,0,8338.19,0.12,0
1675,Alxa Left Banner,Inner Mongolia Autonomous Region,6371.2,0.4,6371.6,0.12,0.05
1676,Ejin Banner,Inner Mongolia Autonomous Region,6766.89,0.01,6766.9,0.09,0.04
1677,Dengkou County,Inner Mongolia Autonomous Region,0,0,0,0,0
1678,Hangjin Houqi Banner,Inner Mongolia Autonomous Region,0,0,0,0,0
1679,Linhe District,Inner Mongolia Autonomous Region,0,0,0,0,0
1680,Urad Rear Banner,Inner Mongolia Autonomous Region,4473.03,1.36,4474.39,0.12,0.05
1681,Urad Front Banner,Inner Mongolia Autonomous Region,0,0,0,0,0
1682,Urad Middle Banner,Inner Mongolia Autonomous Region,160.57,3.07,163.64,0.06,12.72
1683,Wuyuan County,Inner Mongolia Autonomous Region,0,0,0,0,0
1684,Bayan Obo Mining District,Inner Mongolia Autonomous Region,0,0,0,0,0
1685,Darhan-Muminggan Joint County,Inner Mongolia Autonomous Region,1016.77,0,1016.77,5.02,0
1686,Donghe District,Inner Mongolia Autonomous Region,0,0,0,0,0
1687,Guyang County,Inner Mongolia Autonomous Region,0,0,0,0,0
1688,Jiuyuan District,Inner Mongolia Autonomous Region,0,0,0,0,0
1689,Hondlon District,Inner Mongolia Autonomous Region,0,0,0,0,0
1690,Qingshan District,Inner Mongolia Autonomous Region,0,0,0,0,0
1691,Shiguai District,Inner Mongolia Autonomous Region,0,0,0,0,0
1692,Tumed Right Banner,Inner Mongolia Autonomous Region,0,0,0,0,0
1693,Ar Horqin Banner,Inner Mongolia Autonomous Region,0,6.18,6.18,0,1.24
1694,Aohan Banner,Inner Mongolia Autonomous Region,0,0,0,0,0
1695,Bahrain Right Banner,Inner Mongolia Autonomous Region,0,0,0,0,0
1696,Bahrain Left Banner,Inner Mongolia Autonomous Region,0,0,0,0,0
1697,Hongshan District,Inner Mongolia Autonomous Region,0,0,0,0,0
1698,Harqin Banner,Inner Mongolia Autonomous Region,0,0,0,0,0
1699,Keshketeng Banner,Inner Mongolia Autonomous Region,0,0,0,0,0
1700,Linxi County,Inner Mongolia Autonomous Region,0,0,0,0,0
1701,Ningcheng County,Inner Mongolia Autonomous Region,0,0,0,0,0
1702,Songshan District,Inner Mongolia Autonomous Region,0,0,0,0,0
1703,Ongniud Banner,Inner Mongolia Autonomous Region,0,0,0,0,0
1704,Yuanbaoshan District,Inner Mongolia Autonomous Region,0,0,0,0,0
1705,Dalad Banner,Inner Mongolia Autonomous Region,0.52,0,0.52,0,0
1706,Dongsheng District,Inner Mongolia Autonomous Region,7.88,0,7.88,0,0
1707,OtogBanner,Inner Mongolia Autonomous Region,1920.11,0,1920.11,0.58,0
1708,Otog Front Banner,Inner Mongolia Autonomous Region,2286.62,0,2286.62,0.69,0
1709,Hangjin Banner,Inner Mongolia Autonomous Region,22.86,0,22.86,0,0
1710,Kangbashi District,Inner Mongolia Autonomous Region,1.91,0,1.91,0,0
1711,Uxin Banner,Inner Mongolia Autonomous Region,131.41,0,131.41,0.02,0
1712,Ejin Horo Banner,Inner Mongolia Autonomous Region,25.26,0,25.26,0,0
1713,Jungar Banner,Inner Mongolia Autonomous Region,10.33,0,10.33,0,0
1714,Horinger County,Inner Mongolia Autonomous Region,0,0,0,0,0
1715,Huimin District,Inner Mongolia Autonomous Region,0,0,0,0,0
1716,Qingshuihe District,Inner Mongolia Autonomous Region,0,0,0,0,0
1717,Saihan District,Inner Mongolia Autonomous Region,0,0,0,0,0
1718,Tumet Left Banner,Inner Mongolia Autonomous Region,0,0,0,0,0
1719,Toktor County,Inner Mongolia Autonomous Region,0,0,0,0,0
1720,Wuchuan County,Inner Mongolia Autonomous Region,0,0,0,0,0
1721,Xincheng District,Inner Mongolia Autonomous Region,0,0,0,0,0
1722,Yuquan District,Inner Mongolia Autonomous Region,0,0,0,0,0
1723,Arong Banner,Inner Mongolia Autonomous Region,0,0,0,0,0
1724,Prairie Chenbarhu banner,Inner Mongolia Autonomous Region,0,0,0,0,0
1725,Ergun City,Inner Mongolia Autonomous Region,0,0,0,0,0
1726,Oroqen Autonomous Banner,Inner Mongolia Autonomous Region,0,0,0,0,0
1727,Ewenke Autonomous Region,Inner Mongolia Autonomous Region,0,0,0,0,0
1728,Genhe City,Inner Mongolia Autonomous Region,0,0,0,0,0
1729,Hailar District,Inner Mongolia Autonomous Region,0,0,0,0,0
1730,Manzhouli City,Inner Mongolia Autonomous Region,0,0,0,0,0
1731,Daur Autonomous Banner of Morin Dawa,Inner Mongolia Autonomous Region,113.37,0,113.37,0.38,0
1732,New Barag West County,Inner Mongolia Autonomous Region,7.23,68.51,75.74,0.03,0.88
1733,New Barag East County,Inner Mongolia Autonomous Region,66.69,31.65,98.34,0.06,1.65
1734,Yakeshi City,Inner Mongolia Autonomous Region,0,0,0,0,0
1735,Jalainur District,Inner Mongolia Autonomous Region,0,0,0,0,0
1736,Zhalantun City,Inner Mongolia Autonomous Region,0,0,0,0,0
1737,Holingola City,Inner Mongolia Autonomous Region,0,0,0,0,0
1738,Kailu County,Inner Mongolia Autonomous Region,0,1.22,1.22,0,0.27
1739,Horqin District,Inner Mongolia Autonomous Region,0,0,0,0,0
1740,Horqin Left Rear Banner,Inner Mongolia Autonomous Region,22.56,0.21,22.77,0.12,0.4
1741,Horqin Right Middle Banner,Inner Mongolia Autonomous Region,0,0,0,0,0
1742,Kulun Banner,Inner Mongolia Autonomous Region,0,0,0,0,0
1743,Naiman Banner,Inner Mongolia Autonomous Region,0,2.04,2.04,0,0
1744,Zalut Banner,Inner Mongolia Autonomous Region,0,0,0,0,0
1745,Haibowan District,Inner Mongolia Autonomous Region,0,0,0,0,0
1746,Hainan District,Inner Mongolia Autonomous Region,0.9,0,0.9,0,0
1747,Wuda District,Inner Mongolia Autonomous Region,0,0,0,0,0
1748,Chahar Right Wing Rear Banner,Inner Mongolia Autonomous Region,0,0,0,0,0
1749,Chahar Right Wing Front Banner,Inner Mongolia Autonomous Region,0,0,0,0,0
1750,Chahar Right Wing Middle Banner,Inner Mongolia Autonomous Region,0,1.18,1.18,0,0
1751,Fengzhen City,Inner Mongolia Autonomous Region,0,0,0,0,0
1752,Huade County,Inner Mongolia Autonomous Region,0,0,0,0,0
1753,Jining District,Inner Mongolia Autonomous Region,0,0,0,0,0
1754,Liangcheng County,Inner Mongolia Autonomous Region,0,0,0,0,0
1755,Shangdu County,Inner Mongolia Autonomous Region,0,0,0,0,0
1756,Siziwang Banner,Inner Mongolia Autonomous Region,7012.35,0,7012.35,7.82,0
1757,Xinghe County,Inner Mongolia Autonomous Region,0,0,0,0,0
1758,Zhuozi County,Inner Mongolia Autonomous Region,0,0,0,0,0
1759,The Abaga Flag,Inner Mongolia Autonomous Region,13820.7,0.43,13821.13,14.67,6.37
1760,East Ujumuqin Banner,Inner Mongolia Autonomous Region,4761.33,49.06,4810.39,13.07,6.84
1761,Duolun County,Inner Mongolia Autonomous Region,0,0,0,0,0
1762,Erenhot City,Inner Mongolia Autonomous Region,2430.4,3.17,2433.57,12.7,5.96
1763,Sonid Right Banner,Inner Mongolia Autonomous Region,5501.89,2.39,5504.28,12.91,5.96
1764,Sonid Left Banner,Inner Mongolia Autonomous Region,4501.62,1.84,4503.46,13.43,6.37
1765,Taibus Banner,Inner Mongolia Autonomous Region,0,0,0,0,0
1766,West Ujimqin Banner,Inner Mongolia Autonomous Region,0,0,0,0,0
1767,Xilinhot City,Inner Mongolia Autonomous Region,5465.9,5.38,5471.28,12.54,6.84
1768,Boarder Yellow Banner,Inner Mongolia Autonomous Region,0,0.4,0.4,0,0
1769,Zhenglan Banner,Inner Mongolia Autonomous Region,0,0,0,0,0
1770,Zhengxiangbai Banner,Inner Mongolia Autonomous Region,0,0,0,0,0
1771,Alxa City,Inner Mongolia Autonomous Region,0,0,0,0,0
1772,Horqin Right Wing Front Banner,Inner Mongolia Autonomous Region,0,0,0,0,0
1773,Horqin Right Wing Middle Banner,Inner Mongolia Autonomous Region,0,0,0,0,0
1774,Tuquan County,Inner Mongolia Autonomous Region,0,0,0,0,0
1775,Ulan Hot City,Inner Mongolia Autonomous Region,0,0,0,0,0
1776,Jalaid Banner,Inner Mongolia Autonomous Region,220.88,0,220.88,0.21,0
1777,Jingyuan County,Ningxia Hui Autonomous Region,0,0,0,0,0
1778,Longde County,Ningxia Hui Autonomous Region,0,0,0,0,0
1779,Panyang County,Ningxia Hui Autonomous Region,0,0,0,0,0
1780,Xiji County,Ningxia Hui Autonomous Region,0,0,0,0,0
1781,Yuanzhou District,Ningxia Hui Autonomous Region,0,0,0,0,0
1782,Dawukou District,Ningxia Hui Autonomous Region,0,0,0,0,0
1783,Huinong District,Ningxia Hui Autonomous Region,0,0,0,0,0
1784,Pingluo County,Ningxia Hui Autonomous Region,0.13,0,0.13,0,0
1785,Hongshibao District,Ningxia Hui Autonomous Region,1.03,0,1.03,0,0
1786,Litong District,Ningxia Hui Autonomous Region,0.13,0,0.13,0,0
1787,Qingtongxia,Ningxia Hui Autonomous Region,0,0,0,0,0
1788,Tongxin County,Ningxia Hui Autonomous Region,0,0.09,0.09,0,0
1789,Yanchi County,Ningxia Hui Autonomous Region,2177.37,5.51,2182.88,0.79,2.69
1790,Helan County,Ningxia Hui Autonomous Region,0,0,0,0,0
1791,Jinfeng District,Ningxia Hui Autonomous Region,0,0,0,0,0
1792,Lingwu City,Ningxia Hui Autonomous Region,7.1,0.15,7.25,0,0.31
1793,Xixia District,Ningxia Hui Autonomous Region,0,0,0,0,0
1794,Xingqing District,Ningxia Hui Autonomous Region,0,0,0,0,0
1795,Yongning County,Ningxia Hui Autonomous Region,0,0,0,0,0
1796,Haiyuan County,Ningxia Hui Autonomous Region,0,0,0,0,0
1797,Shapotou District,Ningxia Hui Autonomous Region,0,0,0,0,0
1798,Zhongning County,Ningxia Hui Autonomous Region,0,0,0,0,0
1799,Banma County,Qinghai,0,0,0,0,0
1800,Dari County,Qinghai,0,0,0,0,0
1801,Gande County,Qinghai,0,0,0,0,0
1802,Jiuzhi County,Qinghai,0,0,0,0,0
1803,Mado County,Qinghai,0,0,0,0,0
1804,Maqin County,Qinghai,0,0,0,0,0
1805,Gangcha County,Qinghai,0,0,0,0,0
1806,Haiyan County,Qinghai,0,0,0,0,0
1807,Menyuan Hui Autonomous County,Qinghai,0,0,0,0,0
1808,Qilian County,Qinghai,0,0,0,0,0
1809,Tu Autonomous County of Huzhu,Qinghai,0,0,0,0,0
1810,Hualong Hui Autonomous County,Qinghai,0,0,0,0,0
1811,Ledu District,Qinghai,0,0,0,0,0
1812,Minhe Hui Tuzuzizhiqu,Qinghai,0,0,0,0,0
1813,Ping'an District,Qinghai,0,0,0,0,0
1814,Xunhua Salar Autonomous County,Qinghai,0,0,0,0,0
1815,Republican County,Qinghai,0,0,0,0,0
1816,Guide County,Qinghai,0,0,0,0,0
1817,Guinan County,Qinghai,0,0,0,0,0
1818,Tongde County,Qinghai,0,0,0,0,0
1819,Xinghai County,Qinghai,0,0,0,0,0
1820,Delingha City,Qinghai,0,0,0,0,0
1821,Dulan County,Qinghai,3670.32,0,3670.32,8.78,0
1822,Geermu City,Qinghai,13584.71,0,13584.71,14.64,0
1823,Haixi Mongol and Tibetan Autonomous Prefecture,Qinghai,3520.11,3.15,3523.26,11.71,20.62
1824,Mangya City,Qinghai,20960.41,141.25,21101.66,17.56,20.62
1825,Tianjun County,Qinghai,0,0,0,0,0
1826,Wulan County,Qinghai,0,0,0,0,0
1827,Henan Mongolian Autonomous County,Qinghai,0,0,0,0,0
1828,Jianzha County,Qinghai,0,0,0,0,0
1829,Tongren City,Qinghai,0,0,0,0,0
1830,Zeku County,Qinghai,0,0,0,0,0
1831,Chengbei District,Qinghai,0,0,0,0,0
1832,Chengdong District,Qinghai,0,0,0,0,0
1833,Chengxi District,Qinghai,0,0,0,0,0
1834,Chengzhong District,Qinghai,0,0,0,0,0
1835,Datong Hui and Tu Autonomous County,Qinghai,0,0,0,0,0
1836,Huangyuan County,Qinghai,0,0,0,0,0
1837,Huangzhong District,Qinghai,0,0,0,0,0
1838,Chindu County,Qinghai,0,0,0,0,0
1839,Nangqian County,Qinghai,0,0,0,0,0
1840,Qumalai County,Qinghai,0,0,0,0,0
1841,Yushu City,Qinghai,0,0,0,0,0
1842,Zadoi County,Qinghai,0,0,0,0,0
1843,Zhiduo County,Qinghai,0,0,0,0,0
1844,Bincheng District,Shandong,0,30.31,30.31,0,150
1845,Boxing County,Shandong,0,25.99,25.99,0,21.77
1846,Huimin County,Shandong,0,2.63,2.63,0,9.65
1847,Wudi County,Shandong,0,3.72,3.72,0,0
1848,Yangxin County,Shandong,0,0.46,0.46,0,0
1849,Zhanhua District,Shandong,0,15.14,15.14,0,76.9
1850,Zouping City,Shandong,0,0,0,0,0
1851,DeCheng District,Shandong,0,0,0,0,0
1852,Laoling City,Shandong,55.9,0,55.9,15,0
1853,Linyi County,Shandong,0,44.96,44.96,0,0
1854,Lingsheng District,Shandong,0,0,0,0,0
1855,Ningjin County,Shandong,111.79,0,111.79,15,0
1856,Pingyuan County,Shandong,0,0,0,0,0
1857,Qihe County,Shandong,0,0,0,0,0
1858,Qingyun County,Shandong,0,0,0,0,0
1859,Wucheng County,Shandong,0,0,0,0,0
1860,Xiajin County,Shandong,0,0,0,0,0
1861,Yucheng City,Shandong,0,0,0,0,0
1862,Dongying District,Shandong,0,79.63,79.63,0,40.09
1863,Guangrao County,Shandong,0,14.81,14.81,0,152.46
1864,Hekou District,Shandong,0,135.36,135.36,0,43.01
1865,Kenli District,Shandong,0,145.12,145.12,0,65.63
1866,Lijin County,Shandong,0,24.03,24.03,0,65.63
1867,Caoxian County,Shandong,0,0,0,0,0
1868,Chengwu County,Shandong,0,0,0,0,0
1869,Shanxian County,Shandong,0,0,0,0,0
1870,Dingtao District,Shandong,0,0,0,0,0
1871,Dongming County,Shandong,0,0.62,0.62,0,0
1872,Juye County,Shandong,0,0,0,0,0
1873,Juancheng County,Shandong,0,0,0,0,0
1874,Mudan District,Shandong,0,4.82,4.82,0,0
1875,Yuncheng County,Shandong,0,0,0,0,0
1876,Gangcheng District,Shandong,0,0,0,0,0
1877,Huaiyin District,Shandong,0,0,0,0,0
1878,Jiyang District,Shandong,0,0,0,0,0
1879,Laiwu District,Shandong,0,0,0,0,0
1880,Licheng District,Shandong,0,0,0,0,0
1881,Lixia District,Shandong,0,0,0,0,0
1882,Pingyin County,Shandong,0,0,0,0,0
1883,Shanghe County,Shandong,0,11.46,11.46,0,0
1884,Shizhong District,Shandong,0,0,0,0,0
1885,Tianqiao District,Shandong,0,0,0,0,0
1886,Zhangqiu District,Shandong,0,0,0,0,0
1887,Changqing District,Shandong,0,0,0,0,0
1888,Jiaxiang County,Shandong,0,0,0,0,0
1889,Jinxiang County,Shandong,0,0,0,0,0
1890,Liangshan County,Shandong,0,0,0,0,0
1891,Qufu City,Shandong,0,0,0,0,0
1892,Rencheng District,Shandong,0,0,0,0,0
1893,Sishui County,Shandong,0,0,0,0,0
1894,Weishan County,Shandong,0,0,0,0,0
1895,Wenshang County,Shandong,0,0,0,0,0
1896,Yanzhou District,Shandong,0,0,0,0,0
1897,Yutai County,Shandong,0,0,0,0,0
1898,Zoucheng City,Shandong,0,0,0,0,0
1899,Chiping District,Shandong,0,0,0,0,0
1900,Dong'e County,Shandong,0,0,0,0,0
1901,Dongchangfu District,Shandong,0,0,0,0,0
1902,Gaotang County,Shandong,0,0,0,0,0
1903,Guan County,Shandong,0,0,0,0,0
1904,Linqing City,Shandong,0,0,0,0,0
1905,Shen County,Shandong,0,19.04,19.04,0,7.51
1906,Yanggu County,Shandong,0,0,0,0,0
1907,Fei County,Shandong,0,0,0,0,0
1908,Hedong District,Shandong,0,0,0,0,0
1909,Junan County,Shandong,0,0,0,0,0
1910,Lanling County,Shandong,0,0,0,0,0
1911,Lanshan District,Shandong,0,0,0,0,0
1912,Linshu County,Shandong,0,0,0,0,0
1913,Luozhuang District,Shandong,0,0,0,0,0
1914,Mengyin County,Shandong,0,0,0,0,0
1915,Pingyi County,Shandong,0,0,0,0,0
1916,Tancheng County,Shandong,0,0,0,0,0
1917,Yinan County,Shandong,0,0,0,0,0
1918,Yishui County,Shandong,0,0,0,0,0
1919,Chengyang District,Shandong,0,0,0,0,0
1920,Huangdao District,Shandong,0,0,0,0,0
1921,Jimo District,Shandong,0,0,0,0,0
1922,Jiaozhou City,Shandong,0,0,0,0,0
1923,Laixi City,Shandong,0,0,0,0,0
1924,Laoshan District,Shandong,0,0,0,0,0
1925,Licang District,Shandong,0,0,0,0,0
1926,Pingdu City,Shandong,0,0,0,0,0
1927,City North District,Shandong,0,0,0,0,0
1928,City South District,Shandong,0,0,0,0,0
1929,Donggang District,Shandong,0,0,0,0,0
1930,Ju County,Shandong,0,0,0,0,0
1931,Lanshan District,Shandong,0,0,0,0,0
1932,Wulian County,Shandong,0,0,0,0,0
1933,Daiyue District,Shandong,0,0,0,0,0
1934,Dongping County,Shandong,0,0,0,0,0
1935,Feicheng City,Shandong,0,0,0,0,0
1936,Ningyang County,Shandong,0,0,0,0,0
1937,Taishan District,Shandong,0,0,0,0,0
1938,Xintai City,Shandong,0,0,0,0,0
1939,Huancui District,Shandong,0,0,0,0,0
1940,Rongcheng City,Shandong,0,0,0,0,0
1941,Rushan City,Shandong,0,0,0,0,0
1942,Wendeng District,Shandong,0,0,0,0,0
1943,Anqiu City,Shandong,0,0,0,0,0
1944,Changle County,Shandong,0,0,0,0,0
1945,Changyi City,Shandong,0,0.83,0.83,0,0
1946,Fangzi District,Shandong,0,0,0,0,0
1947,Gaomi City,Shandong,0,0,0,0,0
1948,Hanting District,Shandong,0,0,0,0,0
1949,Kuiwen District,Shandong,0,0,0,0,0
1950,Linqu County,Shandong,0,0,0,0,0
1951,Qingzhou City,Shandong,0,0,0,0,0
1952,Shouguang City,Shandong,0,11.66,11.66,0,0
1953,Weicheng District,Shandong,0,0,0,0,0
1954,Zichuan District,Shandong,0,0,0,0,0
1955,Fushan District,Shandong,0,0,0,0,0
1956,Haiyang City,Shandong,0,0,0,0,0
1957,Laishan District,Shandong,0,0,0,0,0
1958,Laiyang City,Shandong,0,0,0,0,0
1959,Laizhou City,Shandong,0,0,0,0,0
1960,Longkou City,Shandong,0,0,0,0,0
1961,Muping District,Shandong,0,0,0,0,0
1962,Penglai District,Shandong,0,0,0,0,0
1963,Qixia City,Shandong,0,0,0,0,0
1964,Zhaoyuan City,Shandong,0,0,0,0,0
1965,Zhifu District,Shandong,0,0,0,0,0
1966,Shanting District,Shandong,0,0,0,0,0
1967,Shizhong District,Shandong,0,0,0,0,0
1968,Taierzhuang District,Shandong,0,0,0,0,0
1969,Tengzhou City,Shandong,0,0,0,0,0
1970,Xuecheng District,Shandong,0,0,0,0,0
1971,Yicheng District,Shandong,0,0,0,0,0
1972,Bozhong District,Shandong,0,0,0,0,0
1973,Gaoqing City,Shandong,0,20.49,20.49,0,150
1974,Huantai County,Shandong,0,0.68,0.68,0,0
1975,Linzi District,Shandong,0,0,0,0,0
1976,Yiyuan County,Shandong,0,0,0,0,0
1977,Zhangdian District,Shandong,0,0,0,0,0
1978,Zhoucun District,Shandong,0,0,0,0,0
1979,Zichuan District,Shandong,0,0,0,0,0
1980,Guangling County,Shanxi,0,0,0,0,0
1981,Hunyuan County,Shanxi,0,0,0,0,0
1982,Lingqiu County,Shanxi,0,0,0,0,0
1983,Pingcheng District,Shanxi,0,0,0,0,0
1984,Tianzhen County,Shanxi,0,0,0,0,0
1985,Xinrong District,Shanxi,0,0,0,0,0
1986,Yanggao County,Shanxi,0,0,0,0,0
1987,Yungang District,Shanxi,0,0,0,0,0
1988,Yunzhou District,Shanxi,0,0,0,0,0
1989,Zuoyun County,Shanxi,0,0,0,0,0
1990,Pingcheng District,Shanxi,0,0,0,0,0
1991,Gaoping City,Shanxi,0,0,0,0,0
1992,Lingchuan County,Shanxi,0,0,0,0,0
1993,Qinshui County,Shanxi,0,0,0,0,0
1994,Yangcheng County,Shanxi,0,0,0,0,0
1995,Zezhou County,Shanxi,0,0,0,0,0
1996,Heshun County,Shanxi,1003.89,0,1003.89,0.14,0
1997,Jiexiu City,Shanxi,0,0,0,0,0
1998,Lingshi County,Shanxi,0,0,0,0,0
1999,Pingyao County,Shanxi,365.52,0,365.52,0.12,0
2000,Qi County,Shanxi,396.39,0,396.39,0.12,0
2001,Shouyang County,Shanxi,1033.14,0,1033.14,0.16,0
2002,Taigu District,Shanxi,560.34,0,560.34,0.12,0
2003,Xiyang County,Shanxi,204.31,0,204.31,0.14,0
2004,Yuci District,Shanxi,532.55,0,532.55,0.16,0
2005,Yushe County,Shanxi,1834.34,0,1834.34,0.14,0
2006,Zuoquan County,Shanxi,112.23,0,112.23,0.12,0
2007,Anze County,Shanxi,1228.27,0,1228.27,0.15,0
2008,Daning County,Shanxi,0,0,0,0,0
2009,Fenshui County,Shanxi,0,0,0,0,0
2010,Fushan County,Shanxi,0,0,0,0,0
2011,Gu County,Shanxi,203.84,0,203.84,0.14,0
2012,Hongtong County,Shanxi,0,0,0,0,0
2013,Houma City,Shanxi,0,0,0,0,0
2014,Huozhou City,Shanxi,0,0,0,0,0
2015,Ji County,Shanxi,0,0,0,0,0
2016,Pu County,Shanxi,0,0,0,0,0
2017,Quwo County,Shanxi,0,0,0,0,0
2018,Xi County,Shanxi,0,0,0,0,0
2019,Xiangning County,Shanxi,0,0,0,0,0
2020,Xiangfen County,Shanxi,0,0,0,0,0
2021,Xinfu District,Shanxi,0,0,0,0,0
2022,Yicheng County,Shanxi,0,0,0,0,0
2023,Yonghe County,Shanxi,0,0,0,0,0
2024,Fangshan County,Shanxi,0,0,0,0,0
2025,Fenyang City,Shanxi,0,0,0,0,0
2026,Jiaocheng County,Shanxi,0,0,0,0,0
2027,Jiaokou County,Shanxi,0,0,0,0,0
2028,Lan County,Shanxi,0,0,0,0,0
2029,Lishi District,Shanxi,3.08,0,3.08,0.03,0
2030,Lin County,Shanxi,104.42,0,104.42,0.03,0
2031,Liulin County,Shanxi,47.21,0,47.21,0.03,0
2032,Shilou County,Shanxi,5.13,0,5.13,0.03,0
2033,Wenshui County,Shanxi,0,0,0,0,0
2034,Xiaoyi City,Shanxi,0,0,0,0,0
2035,Xing County,Shanxi,75.17,0,75.17,0.03,0
2036,Zhongyang County,Shanxi,6.16,0,6.16,0.03,0
2037,Huairen City,Shanxi,0,0,0,0,0
2038,Pinglu District,Shanxi,0,0,0,0,0
2039,shanyin County,Shanxi,0,0,0,0,0
2040,Shocheng District,Shanxi,0,0,0,0,0
2041,Ying County,Shanxi,0,0,0,0,0
2042,Youyu County,Shanxi,0,0,0,0,0
2043,Gujiao City,Shanxi,0,0,0,0,0
2044,Jiancaoping District,Shanxi,0,0,0,0,0
2045,Jinyuan District,Shanxi,0,0,0,0,0
2046,Louxiao County,Shanxi,0,0,0,0,0
2047,Qingxu County,Shanxi,0,0,0,0,0
2048,Wanbailin District,Shanxi,0,0,0,0,0
2049,Xiaodian District,Shanxi,0,0,0,0,0
2050,Xinghualing District,Shanxi,0,0,0,0,0
2051,Yangqu County,Shanxi,0,0,0,0,0
2052,Yingze District,Shanxi,0,0,0,0,0
2053,Baode County,Shanxi,0,0,0,0,0
2054,Daixian County,Shanxi,0,0,0,0,0
2055,Dingxiang County,Shanxi,0,0,0,0,0
2056,Fanshi County,Shanxi,0,0,0,0,0
2057,Hequ County,Shanxi,0,0,0,0,0
2058,Jingle County,Shanxi,0,0,0,0,0
2059,Kelan County,Shanxi,0,0,0,0,0
2060,Ningwu County,Shanxi,0,0,0,0,0
2061,Pianguan County,Shanxi,0,0,0,0,0
2062,Shenchi County,Shanxi,0,0,0,0,0
2063,Wutai County,Shanxi,0,0,0,0,0
2064,Wuzhai County,Shanxi,0,0,0,0,0
2065,Xinfu District,Shanxi,0,0,0,0,0
2066,Yuanping City,Shanxi,0,0,0,0,0
2067,Yangquan Urban,Shanxi,0,0,0,0,0
2068,Yangquan Suburbs,Shanxi,0,0,0,0,0
2069,Yangquan Mining District,Shanxi,0,0,0,0,0
2070,Pingding County,Shanxi,0,0,0,0,0
2071,Yuxian County,Shanxi,0,0,0,0,0
2072,Hejin City,Shanxi,0,0,0,0,0
2073,Jishan County,Shanxi,0,0,0,0,0
2074,Jiangxian County,Shanxi,0,0,0,0,0
2075,Linyi County,Shanxi,0,0,0,0,0
2076,Pinglu County,Shanxi,0,0,0,0,0
2077,Ruicheng County,Shanxi,0,0,0,0,0
2078,Wanrong County,Shanxi,0,0,0,0,0
2079,Wenxi County,Shanxi,0,0,0,0,0
2080,Xia County,Shanxi,0,0,0,0,0
2081,Xinjiang County,Shanxi,0,0,0,0,0
2082,Salt Lake District,Shanxi,0,0,0,0,0
2083,Yongji City,Shanxi,0,0,0,0,0
2084,Yuanqu County,Shanxi,0,0,0,0,0
2085,Huguan County,Shanxi,0,0,0,0,0
2086,Licheng County,Shanxi,0,0,0,0,0
2087,Lucheng District,Shanxi,0,0,0,0,0
2088,Luzhou District,Shanxi,0,0,0,0,0
2089,Pingshun County,Shanxi,0,0,0,0,0
2090,Qin County,Shanxi,1497.75,0,1497.75,0.13,0
2091,Qinyuan County,Shanxi,1759.09,0,1759.09,0.12,0
2092,Shangdang District,Shanxi,0,0,0,0,0
2093,Tunliu District,Shanxi,685.48,0,685.48,0.15,0
2094,Wuxiang County,Shanxi,715.88,0,715.88,0.12,0
2095,Xiangyuan County,Shanxi,204.7,0,204.7,0.14,0
2096,Zhangzi County,Shanxi,136.82,0,136.82,0.17,0
2097,Baihe County,Shaanxi,0,0,0,0,0
2098,Hanbin District,Shaanxi,0,0,0,0,0
2099,hanyin County,Shaanxi,0,0,0,0,0
2100,Langao County,Shaanxi,0,0,0,0,0
2101,Ningshan County,Shaanxi,0,0,0,0,0
2102,Pingli County,Shaanxi,0,0,0,0,0
2103,Shiquan County,Shaanxi,0,0,0,0,0
2104,Xunyang City,Shaanxi,0,0,0,0,0
2105,Zhenping County,Shaanxi,0,0,0,0,0
2106,Ziyang County,Shaanxi,0,0,0,0,0
2107,Chencang District,Shaanxi,0,0,0,0,0
2108,Feng County,Shaanxi,0,0,0,0,0
2109,Fengxiang District,Shaanxi,0,0,0,0,0
2110,Fufeng County,Shaanxi,0,0,0,0,0
2111,Jintai District,Shaanxi,0,0,0,0,0
2112,Linyou County,Shaanxi,0,0,0,0,0
2113,Long County,Shaanxi,0,0,0,0,0
2114,Mei County,Shaanxi,0,0,0,0,0
2115,Qishan County,Shaanxi,0,0,0,0,0
2116,Qianyang County,Shaanxi,0,0,0,0,0
2117,Taibai County,Shaanxi,0,0,0,0,0
2118,Weibin District,Shaanxi,0,0,0,0,0
2119,Chenggu County,Shaanxi,0,0,0,0,0
2120,Foping County,Shaanxi,0,0,0,0,0
2121,Hantai District,Shaanxi,0,0,0,0,0
2122,Liuba County,Shaanxi,0,0,0,0,0
2123,Linyang County,Shaanxi,0,0,0,0,0
2124,Mian County,Shaanxi,0,0,0,0,0
2125,Nanzheng District,Shaanxi,0,0,0,0,0
2126,Ningqiang County,Shaanxi,0,0,0,0,0
2127,Xixiang County,Shaanxi,0,0,0,0,0
2128,Yang County,Shaanxi,0,0,0,0,0
2129,Zhenba County,Shaanxi,143.39,0,143.39,0.01,0
2130,Danfeng County,Shaanxi,0,0,0,0,0
2131,Luonan County,Shaanxi,0,0,0,0,0
2132,Shanyang County,Shaanxi,0,0,0,0,0
2133,Shangnan County,Shaanxi,0,0,0,0,0
2134,Shangzhou District,Shaanxi,0,0,0,0,0
2135,Zhashui County,Shaanxi,0,0,0,0,0
2136,Zhen'an County,Shaanxi,0,0,0,0,0
2137,Wangyi District,Shaanxi,0,0,0,0,0
2138,Yaozhou District,Shaanxi,3.56,0,3.56,0.02,0
2139,Yijun County,Shaanxi,0.4,0,0.4,0.01,0
2140,Yintai District,Shaanxi,0.4,0,0.4,0.01,0
2141,Baishui County,Shaanxi,0,0,0,0,0
2142,Chengcheng County,Shaanxi,0,0,0,0,0
2143,Dali County,Shaanxi,0,0,0,0,0
2144,Fuping County,Shaanxi,0,0,0,0,0
2145,Hancheng City,Shaanxi,38.66,0,38.66,0.1,0
2146,Heyang County,Shaanxi,0,0,0,0,0
2147,Huayin City,Shaanxi,0,0,0,0,0
2148,Huazhou District,Shaanxi,0,0,0,0,0
2149,Linwei District,Shaanxi,0,0,0,0,0
2150,Pucheng County,Shaanxi,0,0,0,0,0
2151,Tongguan County,Shaanxi,0,0,0,0,0
2152,Baqiao District,Shaanxi,0,0,0,0,0
2153,Beilin District,Shaanxi,0,0,0,0,0
2154,Gaoling District,Shaanxi,0,0,0,0,0
2155,Shuangyi District,Shaanxi,0,0,0,0,0
2156,Lantian County,Shaanxi,0,0,0,0,0
2157,Lianhu District,Shaanxi,0,0,0,0,0
2158,Lintong District,Shaanxi,0,0,0,0,0
2159,Weiyang District,Shaanxi,0,0,0,0,0
2160,Xincheng District,Shaanxi,0,0,0,0,0
2161,Yanliang District,Shaanxi,0,0,0,0,0
2162,Yanta District,Shaanxi,0,0,0,0,0
2163,Chang'an District,Shaanxi,0,0,0,0,0
2164,Zhouzhi County,Shaanxi,0,0,0,0,0
2165,Binzhou City,Shaanxi,0,0,0,0,0
2166,Chunhua County,Shaanxi,0,0,0,0,0
2167,Jingyang County,Shaanxi,0,0,0,0,0
2168,Liquan County,Shaanxi,0,0,0,0,0
2169,Qian County,Shaanxi,0,0,0,0,0
2170,Qindu District,Shaanxi,0,0,0,0,0
2171,Sanyuan County,Shaanxi,0,0,0,0,0
2172,Weicheng District,Shaanxi,0,0,0,0,0
2173,Wugong County,Shaanxi,0,0,0,0,0
2174,Xingping City,Shaanxi,0,0,0,0,0
2175,Xunyi County,Shaanxi,11.48,0,11.48,0.02,0
2176,Yangling District,Shaanxi,0,0,0,0,0
2177,Yongshou County,Shaanxi,0,0,0,0,0
2178,Changwu County,Shaanxi,0,0.19,0.19,0,0
2179,Anse District,Shaanxi,98.64,71.07,169.71,0.19,2.84
2180,Baota District,Shaanxi,28.68,0.72,29.4,0.1,0.04
2181,Fu County,Shaanxi,253.26,0,253.26,0.1,0
2182,Ganquan County,Shaanxi,182.64,0.61,183.25,0.1,0.04
2183,Huangling County,Shaanxi,5.74,2.74,8.48,0.01,0.01
2184,Huanglong County,Shaanxi,141,0,141,0.1,0
2185,Luochuan County,Shaanxi,68.22,0,68.22,0.1,0
2186,Wuqi County,Shaanxi,862.93,46.78,909.71,0.58,8.32
2187,Yanchuan County,Shaanxi,0,1.24,1.24,0,0
2188,Yanchang County,Shaanxi,0,0,0,0,0
2189,Yichuan County,Shaanxi,29.56,0,29.56,0.1,0
2190,Zhidan County,Shaanxi,449.77,116.4,566.17,0.29,0.21
2191,Zichang City,Shaanxi,9.11,5.8,14.91,0.05,0.03
2192,Dingbian County,Shaanxi,2968.22,247.78,3216,0.79,2.69
2193,Fugu County,Shaanxi,9.58,0,9.58,0,0
2194,Hengshan District,Shaanxi,62.3,2.39,64.69,0.03,0.03
2195,Jia County,Shaanxi,90.09,0,90.09,0.03,0
2196,Jingbian County,Shaanxi,114.5,4.65,119.15,0.06,2.84
2197,Mizhi County,Shaanxi,46.61,0,46.61,0.03,0
2198,Qingjian County,Shaanxi,9.24,0,9.24,0.03,0
2199,Shenmu City,Shaanxi,106.85,0,106.85,0.03,0
2200,Suide County,Shaanxi,72.35,0,72.35,0.03,0
2201,Wubao County,Shaanxi,17.45,0,17.45,0.03,0
2202,Yuyang District,Shaanxi,110.72,0,110.72,0.03,0
2203,Zizhou County,Shaanxi,14.16,0,14.16,0.03,0
2204,Baoshan District,Shanghai,0,0,0,0,0
2205,Chongming District,Shanghai,0,0,0,0,0
2206,Fengxian District,Shanghai,0,0,0,0,0
2207,Hongkou District,Shanghai,0,0,0,0,0
2208,Huangpu District,Shanghai,0,0,0,0,0
2209,Jiading District,Shanghai,0,0,0,0,0
2210,Jinshan District,Shanghai,0,0,0,0,0
2211,Jingan District,Shanghai,0,0,0,0,0
2212,Minhang District,Shanghai,0,0,0,0,0
2213,Pudong New Area,Shanghai,0,0,0,0,0
2214,Putuo District,Shanghai,0,0,0,0,0
2215,Qingpu District,Shanghai,0,0,0,0,0
2216,Songjiang District,Shanghai,0,0,0,0,0
2217,Xuhui District,Shanghai,0,0,0,0,0
2218,Yangpu District,Shanghai,0,0,0,0,0
2219,Changning District,Shanghai,0,0,0,0,0
2220,Aba County,Sichuan,0,0,0,0,0
2221,Heishui County,Sichuan,0,0,0,0,0
2222,Hongyuan County,Sichuan,0,0,0,0,0
2223,Jinchuan County,Sichuan,0,0,0,0,0
2224,Jiuzhaigou County,Sichuan,0,0,0,0,0
2225,Li County,Sichuan,0,0,0,0,0
2226,Maerkang City,Sichuan,0,0,0,0,0
2227,Mao County,Sichuan,0,0,0,0,0
2228,Rangtang County,Sichuan,0,0,0,0,0
2229,Ruoergai County,Sichuan,0,0,0,0,0
2230,Songpan County,Sichuan,0,0,0,0,0
2231,Wenchuan County,Sichuan,39.74,0,39.74,0.01,0
2232,Xiaojin County,Sichuan,0,0,0,0,0
2233,Bazhou District,Sichuan,340.07,0,340.07,0.02,0
2234,Enyang District,Sichuan,299.6,0,299.6,0.01,0
2235,Nanjiang County,Sichuan,464.58,0,464.58,0.01,0
2236,Pingchang County,Sichuan,585.89,0,585.89,0.02,0
2237,Tongjiang County,Sichuan,713.87,0,713.87,0.01,0
2238,Chenghua District,Sichuan,28.79,0,28.79,0.01,0
2239,Chongzhou City,Sichuan,198.75,0,198.75,0.01,0
2240,Dayi County,Sichuan,220.56,0,220.56,0.01,0
2241,Dujiangyan City,Sichuan,158.97,0,158.97,0.01,0
2242,Jianyang City,Sichuan,433.04,0,433.04,0.01,0
2243,Jinniu District,Sichuan,23.48,0,23.48,0.01,0
2244,Jintang County,Sichuan,232.71,0,232.71,0.01,0
2245,Jinjiang District,Sichuan,5.78,0,5.78,0.01,0
2246,Longquanyi District,Sichuan,125.89,0,125.89,0.01,0
2247,Pengzhou City,Sichuan,223.09,0,223.09,0.01,0
2248,Pidu District,Sichuan,92.87,0,92.87,0.01,0
2249,Pujiang County,Sichuan,116.35,0,116.35,0.01,0
2250,Qingbaijiang District,Sichuan,71.25,0,71.25,0.01,0
2251,Qingyang District,Sichuan,17.68,0,17.68,0.01,0
2252,Qionglai City,Sichuan,268.37,0,268.37,0.01,0
2253,Shuangliu District,Sichuan,195.66,0,195.66,0.01,0
2254,Wenjiang District,Sichuan,55.89,0,55.89,0.01,0
2255,Wuhou District,Sichuan,34.72,0,34.72,0.01,0
2256,Xindu District,Sichuan,121.27,0,121.27,0.01,0
2257,Xinjin District,Sichuan,66.69,0,66.69,0.01,0
2258,Dachuan District,Sichuan,515.59,2.79,518.38,0.01,0.04
2259,Dazhu County,Sichuan,395.07,0,395.07,0.01,0
2260,Kaijiang County,Sichuan,228.54,0,228.54,0.01,0
2261,Qu County,Sichuan,405.35,0,405.35,0.01,0
2262,Tongchuan District,Sichuan,217.31,0,217.31,0.01,0
2263,Wanyuan City,Sichuan,468.04,0,468.04,0.01,0
2264,Xuanhan County,Sichuan,771.8,0,771.8,0.01,0
2265,Guanghan City,Sichuan,164.29,0,164.29,0.01,0
2266,Jingyang District,Sichuan,170.25,0,170.25,0.01,0
2267,Luojiang District,Sichuan,114.59,0,114.59,0.01,0
2268,Mianzhu City,Sichuan,158.73,0,158.73,0.01,0
2269,Shifang City,Sichuan,128.66,0,128.66,0.01,0
2270,Zhongjiang County,Sichuan,461.35,0,461.35,0.01,0
2271,Batang County,Sichuan,0,0,0,0,0
2272,Baiyu County,Sichuan,0,0,0,0,0
2273,Danba County,Sichuan,0,0,0,0,0
2274,Daofu County,Sichuan,0,0,0,0,0
2275,Daocheng County,Sichuan,0,0,0,0,0
2276,Derong County,Sichuan,0,0,0,0,0
2277,Dege County,Sichuan,0,0,0,0,0
2278,Ganzi County,Sichuan,0,0,0,0,0
2279,Jiulong County,Sichuan,0,0,0,0,0
2280,Kangding City,Sichuan,0,0,0,0,0
2281,Litang County,Sichuan,0,0,0,0,0
2282,Luhuo County,Sichuan,0,0,0,0,0
2283,Luding County,Sichuan,0,0,0,0,0
2284,Seda County,Sichuan,0,0,0,0,0
2285,Shiqu County,Sichuan,0,0,0,0,0
2286,Xiangcheng County,Sichuan,0,0,0,0,0
2287,Xinlong County,Sichuan,0,0,0,0,0
2288,Yajiang County,Sichuan,0,0,0,0,0
2289,Guang'an District,Sichuan,211.34,4.13,215.47,0.01,0.01
2290,Huaying City,Sichuan,71.49,0,71.49,0.01,0
2291,Linshui County,Sichuan,302.32,0,302.32,0.01,0
2292,Qianfeng District,Sichuan,102.49,0,102.49,0.01,0
2293,Wusheng County,Sichuan,178.4,0,178.4,0.01,0
2294,Yuechi County,Sichuan,310.11,2.18,312.29,0.01,0.01
2295,Cangxi County,Sichuan,622.79,0,622.79,0.01,0
2296,Chaotian District,Sichuan,60.2,0,60.2,0.01,0
2297,Jiange County,Sichuan,823.66,0,823.66,0.01,0
2298,Lizhou District,Sichuan,264.37,0,264.37,0.02,0
2299,Qingchuan County,Sichuan,70.55,0,70.55,0.01,0
2300,Wangcang County,Sichuan,284.12,0,284.12,0.02,0
2301,Zhaohua District,Sichuan,406.68,0,406.68,0.02,0.01
2302,Ebian Yi Autonomous County,Sichuan,0,0,0,0,0
2303,Emeishan City,Sichuan,82.63,0,82.63,0.02,0
2304,Jiajiang County,Sichuan,130.44,0,130.44,0.02,0
2305,Qianwei County,Sichuan,231.76,0,231.76,0.02,0
2306,Jinkouhe District,Sichuan,0,0,0,0,0
2307,Jingyan County,Sichuan,144.5,0,144.5,0.01,0
2308,Mabian Yi Autonomous County,Sichuan,144.35,0,144.35,0.02,0
2309,Muchuan County,Sichuan,226.81,0,226.81,0.02,0
2310,Shawan District,Sichuan,28.64,0,28.64,0.02,0
2311,Shi Zhong District,Sichuan,149.67,0,149.67,0.02,0
2312,Wutongqiao District,Sichuan,80.22,0,80.22,0.02,0
2313,Butuo County,Sichuan,0,0,0,0,0
2314,Dechang County,Sichuan,0,0,0,0,0
2315,Ganluo County,Sichuan,0,0,0,0,0
2316,Huidong County,Sichuan,0,0,0,0,0
2317,Huili City,Sichuan,0,0,0,0,0
2318,Jinyuan County,Sichuan,0,0,0,0,0
2319,Leibo County,Sichuan,42.17,0,42.17,0.02,0
2320,Meigu County,Sichuan,0,0,0,0,0
2321,Mianning County,Sichuan,0,0,0,0,0
2322,Muli Tibetan Autonomous County,Sichuan,0,0,0,0,0
2323,Nannan County,Sichuan,0,0,0,0,0
2324,Puge County,Sichuan,0,0,0,0,0
2325,Xichang City,Sichuan,0,0,0,0,0
2326,Xide County,Sichuan,0,0,0,0,0
2327,Yanyuan County,Sichuan,0,0,0,0,0
2328,Yuexi County,Sichuan,0,0,0,0,0
2329,Zhaojue County,Sichuan,0,0,0,0,0
2330,Gulin County,Sichuan,116.13,0,116.13,0.01,0
2331,Hejiang County,Sichuan,374.6,0,374.6,0.01,0
2332,Jiangyang District,Sichuan,97.54,0,97.54,0.01,0
2333,Longmatan District,Sichuan,53.44,0.01,53.45,0.01,2
2334,Lu County,Sichuan,224.57,0.49,225.06,0.01,0.07
2335,Naxi District,Sichuan,177.91,0,177.91,0.01,0
2336,Xuyong County,Sichuan,197.33,0,197.33,0.01,0
2337,Danling County,Sichuan,89.89,0,89.89,0.01,0
2338,Dongpo District,Sichuan,244.25,0,244.25,0.01,0
2339,Hongya County,Sichuan,242.49,0,242.49,0.02,0
2340,Pengshan District,Sichuan,86.01,0,86.01,0.01,0
2341,Qingcheng County,Sichuan,69.3,0,69.3,0.01,0
2342,Renshou County,Sichuan,486.42,0,486.42,0.01,0
2343,Anzhou District,Sichuan,150.19,0,150.19,0.01,0
2344,Beichuan Qiang Autonomous County,Sichuan,37.89,0,37.89,0.01,0
2345,Fucheng District,Sichuan,147.51,0,147.51,0.01,0
2346,Jiangyou City,Sichuan,388.45,0,388.45,0.01,0
2347,Pingwu County,Sichuan,0,0,0,0,0
2348,Santai County,Sichuan,583.16,0.02,583.18,0.01,2.76
2349,Yanting County,Sichuan,384.31,0.35,384.66,0.01,0.01
2350,Youxian District,Sichuan,240.71,0,240.71,0.01,0
2351,Zitong County,Sichuan,367.12,0,367.12,0.01,0
2352,Gaoping District,Sichuan,185.29,2.86,188.15,0.01,0.01
2353,Jialing District,Sichuan,249.39,0,249.39,0.01,0
2354,Langzhong City,Sichuan,474.08,1.22,475.3,0.01,0.01
2355,Nanbu County,Sichuan,516.57,2.56,519.13,0.01,0.04
2356,Peng'an County,Sichuan,306.11,0,306.11,0.01,0
2357,Shunqing District,Sichuan,121,0,121,0.01,0
2358,Xichong County,Sichuan,239.86,3.13,242.99,0.01,0.01
2359,Yilong County,Sichuan,456.31,0.53,456.84,0.01,0.01
2360,Yingshan County,Sichuan,394.9,0.23,395.13,0.01,0.44
2361,Dongxing District,Sichuan,169.19,0,169.19,0.01,0
2362,Longchang City,Sichuan,107.76,0,107.76,0.01,0
2363,Shi Zhong District ,Sichuan,62.74,0,62.74,0.01,0
2364,Weiyuan County,Sichuan,205.51,0,205.51,0.01,0
2365,Zi Zhong County,Sichuan,292.75,0,292.75,0.01,0
2366,Eastern District,Sichuan,0,0,0,0,0
2367,Miyi County,Sichuan,0,0,0,0,0
2368,Renhe District,Sichuan,0,0,0,0,0
2369,Western District,Sichuan,0,0,0,0,0
2370,Yanbian County,Sichuan,0,0,0,0,0
2371,Anju District,Sichuan,245.57,1.14,246.71,0.01,0.01
2372,Chuanshan District,Sichuan,117.51,0.85,118.36,0.01,0.03
2373,Daying County,Sichuan,132.41,13.89,146.3,0.01,0.04
2374,Pengxi County,Sichuan,275.72,0,275.72,0.01,0
2375,Shehong City,Sichuan,327.99,0,327.99,0.01,0
2376,Baoxing County,Sichuan,72.88,0,72.88,0.02,0
2377,Hanyuan County,Sichuan,0,0,0,0,0
2378,Lushan County,Sichuan,156.54,0,156.54,0.02,0
2379,Mingshan District,Sichuan,122.04,0,122.04,0.01,0
2380,Shimian County,Sichuan,0,0,0,0,0
2381,Tianquan County,Sichuan,144.81,0,144.81,0.02,0
2382,Yingjing County,Sichuan,70.34,0,70.34,0.02,0
2383,Yucheng District,Sichuan,161.05,0,161.05,0.02,0
2384,Cuiping District,Sichuan,253.62,1.14,254.76,0.01,0.01
2385,Gao County,Sichuan,176.31,0,176.31,0.02,0
2386,Gong County,Sichuan,115.91,0,115.91,0.02,0
2387,Jiang'an County,Sichuan,145.26,0,145.26,0.01,0
2388,Nanxi District,Sichuan,93.39,0,93.39,0.01,0
2389,Pingshan County,Sichuan,251.68,0,251.68,0.02,0
2390,Xingwen County,Sichuan,214.36,0,214.36,0.01,0
2391,Xuzhou District,Sichuan,413.61,0,413.61,0.02,0
2392,Junlian County,Sichuan,13.96,0,13.96,0.02,0
2393,Changning County,Sichuan,137.65,0,137.65,0.01,0
2394,Anyue County,Sichuan,455.79,0.21,456,0.01,0.01
2395,Lezhi County,Sichuan,243.67,0,243.67,0.01,0
2396,Yanjiang District,Sichuan,245.7,0,245.7,0.01,0
2397,Da'an District,Sichuan,63.92,0,63.92,0.01,0
2398,Fushun County,Sichuan,166.9,0,166.9,0.01,0
2399,Gongjing District,Sichuan,67.75,0,67.75,0.01,0
2400,Rong County,Sichuan,252.57,0,252.57,0.01,0
2401,Yantan District,Sichuan,70.89,0,70.89,0.01,0
2402,Ziliujing District,Sichuan,30.97,0,30.97,0.01,0
2403,Taiwan Province ,Taiwan,0,0,0,0,0
2404,Baodi District,Tianjin,1438.43,0,1438.43,122.77,0
2405,Beichen District,Tianjin,0,0,0,0,0
2406,Binhai New Area,Tianjin,2785.44,44.47,2829.91,119.97,52.1
2407,Dongli District,Tianjin,74.53,0,74.53,59.98,0
2408,Heping District,Tianjin,0,0,0,0,0
2409,Hebei District,Tianjin,0,0,0,0,0
2410,Hedong District,Tianjin,0,0,0,0,0
2411,Hexi District,Tianjin,0,0,0,0,0
2412,Hongqiao District,Tianjin,0,0,0,0,0
2413,Jizhou District,Tianjin,0,0,0,0,0
2414,Jinnan District,Tianjin,74.53,1.92,76.45,59.98,52.1
2415,Jinghai District,Tianjin,93.16,0,93.16,44.99,0
2416,Nankai District,Tianjin,0,0,0,0,0
2417,Ninghe District,Tianjin,0,0,0,0,0
2418,Wuqing District,Tianjin,5832.86,1.66,5834.52,122.77,53.32
2419,Xiqing District,Tianjin,0,0,0,0,0
2420,Cuoqin County,Tibet Autonomous Region,0,0,0,0,0
2421,Gar County,Tibet Autonomous Region,0,0,0,0,0
2422,Gazhe County,Tibet Autonomous Region,0,0,0,0,0
2423,Geji County,Tibet Autonomous Region,0,0,0,0,0
2424,Pulan County,Tibet Autonomous Region,0,0,0,0,0
2425,Rutog County,Tibet Autonomous Region,0,0,0,0,0
2426,Zhada County,Tibet Autonomous Region,0,0,0,0,0
2427,Baxo County,Tibet Autonomous Region,0,0,0,0,0
2428,Bianba County,Tibet Autonomous Region,0,0,0,0,0
2429,Chaya County,Tibet Autonomous Region,0,0,0,0,0
2430,Dingqing County,Tibet Autonomous Region,0,0,0,0,0
2431,Gongjue County,Tibet Autonomous Region,0,0,0,0,0
2432,Jiangda County,Tibet Autonomous Region,0,0,0,0,0
2433,Karuo District,Tibet Autonomous Region,0,0,0,0,0
2434,Leiwuqi County,Tibet Autonomous Region,0,0,0,0,0
2435,Luolong County,Tibet Autonomous Region,0,0,0,0,0
2436,Markang County,Tibet Autonomous Region,0,0,0,0,0
2437,Zuogong County,Tibet Autonomous Region,0,0,0,0,0
2438,Chengguan District,Tibet Autonomous Region,0,0,0,0,0
2439,Dazi District,Tibet Autonomous Region,0,0,0,0,0
2440,Dangxiong County,Tibet Autonomous Region,0,0,0,0,0
2441,Duilongdeqing District,Tibet Autonomous Region,0,0,0,0,0
2442,Linzhou County,Tibet Autonomous Region,0,0,0,0,0
2443,Mozhugongka County,Tibet Autonomous Region,0,0,0,0,0
2444,Nimu County,Tibet Autonomous Region,0,0,0,0,0
2445,Qushuǐ County,Tibet Autonomous Region,0,0,0,0,0
2446,Bayi District,Tibet Autonomous Region,0,0,0,0,0
2447,Bomi County,Tibet Autonomous Region,0,0,0,0,0
2448,Chayu County,Tibet Autonomous Region,0,0,0,0,0
2449,Gongbo'gyamda County,Tibet Autonomous Region,0,0,0,0,0
2450,Lang County,Tibet Autonomous Region,0,0,0,0,0
2451,Milin County,Tibet Autonomous Region,0,0,0,0,0
2452,Motuo County,Tibet Autonomous Region,0,0,0,0,0
2453,Anduo County,Tibet Autonomous Region,0,0,0,0,0
2454,Baqing County,Tibet Autonomous Region,0,0,0,0,0
2455,Bange County,Tibet Autonomous Region,0,0,0,0,0
2456,Biru County,Tibet Autonomous Region,0,0,0,0,0
2457,Jiala County,Tibet Autonomous Region,0,0,0,0,0
2458,Nyima County,Tibet Autonomous Region,0,0,0,0,0
2459,Nierong County,Tibet Autonomous Region,0,0,0,0,0
2460,Seni District,Tibet Autonomous Region,0,0,0,0,0
2461,Shenzha County,Tibet Autonomous Region,0,0,0,0,0
2462,Shuanghu County,Tibet Autonomous Region,0,0,0,0,0
2463,Suo County,Tibet Autonomous Region,0,0,0,0,0
2464,Angren County,Tibet Autonomous Region,0,0,0,0,0
2465,Bailang County,Tibet Autonomous Region,0,0,0,0,0
2466,Dingjie County,Tibet Autonomous Region,0,0,0,0,0
2467,Dingri County,Tibet Autonomous Region,0,0,0,0,0
2468,Gangba County,Tibet Autonomous Region,0,0,0,0,0
2469,Jilong County,Tibet Autonomous Region,0,0,0,0,0
2470,Jiangzi County,Tibet Autonomous Region,0,0,0,0,0
2471,Kangma County,Tibet Autonomous Region,0,0,0,0,0
2472,Laze County,Tibet Autonomous Region,0,0,0,0,0
2473,Nanmulin County,Tibet Autonomous Region,0,0,0,0,0
2474,Nielamu County,Tibet Autonomous Region,0,0,0,0,0
2475,Renbu County,Tibet Autonomous Region,0,0,0,0,0
2476,Saga County,Tibet Autonomous Region,0,0,0,0,0
2477,Sajia County,Tibet Autonomous Region,0,0,0,0,0
2478,Sangzhuzi District,Tibet Autonomous Region,0,0,0,0,0
2479,Xietongmen County,Tibet Autonomous Region,0,0,0,0,0
2480,Yadong County,Tibet Autonomous Region,0,0,0,0,0
2481,Zhongba County,Tibet Autonomous Region,0,0,0,0,0
2482,Cuomei County,Tibet Autonomous Region,0,0,0,0,0
2483,Cuona County,Tibet Autonomous Region,0,0,0,0,0
2484,Gongga County,Tibet Autonomous Region,0,0,0,0,0
2485,Jiacha County,Tibet Autonomous Region,0,0,0,0,0
2486,Langkazi County,Tibet Autonomous Region,0,0,0,0,0
2487,Longzi County,Tibet Autonomous Region,0,0,0,0,0
2488,Luozha County,Tibet Autonomous Region,0,0,0,0,0
2489,Naidong District,Tibet Autonomous Region,0,0,0,0,0
2490,Qiongjie County,Tibet Autonomous Region,0,0,0,0,0
2491,Qusong County,Tibet Autonomous Region,0,0,0,0,0
2492,Sangri County,Tibet Autonomous Region,0,0,0,0,0
2493,Zhanang County,Tibet Autonomous Region,0,0,0,0,0
2494,North District,Hong Kong Special Administrative Region,0,0,0,0,0
2495,Tai Po District,Hong Kong Special Administrative Region,0,0,0,0,0
2496,Eastern District,Hong Kong Special Administrative Region,0,0,0,0,0
2497,Kwun Tong District,Hong Kong Special Administrative Region,0,0,0,0,0
2498,Wong Tai Sin District,Hong Kong Special Administrative Region,0,0,0,0,0
2499,Kowloon City District,Hong Kong Special Administrative Region,0,0,0,0,0
2500,Tsuen Wan District,Hong Kong Special Administrative Region,0,0,0,0,0
2501,Outlying Islands District,Hong Kong Special Administrative Region,0,0,0,0,0
2502,Southern District,Hong Kong Special Administrative Region,0,0,0,0,0
2503,Tsuen Wan District ,Hong Kong Special Administrative Region,0,0,0,0,0
2504,Sha Tin District,Hong Kong Special Administrative Region,0,0,0,0,0
2505,Sham Shui Po District,Hong Kong Special Administrative Region,0,0,0,0,0
2506,Tuen Mun District,Hong Kong Special Administrative Region,0,0,0,0,0
2507,Wan Chai District,Hong Kong Special Administrative Region,0,0,0,0,0
2508,Sai Kung District,Hong Kong Special Administrative Region,0,0,0,0,0
2509,Yau Tsim Mong District,Hong Kong Special Administrative Region,0,0,0,0,0
2510,Yuen Long District,Hong Kong Special Administrative Region,0,0,0,0,0
2511,Central and Western District,Hong Kong Special Administrative Region,0,0,0,0,0
2512,Aksu City,Xinjiang Uygur Autonomous Region,6534.59,0,6534.59,5.42,0
2513,Awat County,Xinjiang Uygur Autonomous Region,79.94,0,79.94,2.45,0
2514,Baicheng County,Xinjiang Uygur Autonomous Region,10707.5,0,10707.5,32.5,0
2515,Kepin County,Xinjiang Uygur Autonomous Region,0,0,0,0,0
2516,Kuqa City,Xinjiang Uygur Autonomous Region,6195.02,0.43,6195.45,21.67,9.41
2517,Shaya County,Xinjiang Uygur Autonomous Region,58834.04,0,58834.04,10.83,0
2518,Wensu County,Xinjiang Uygur Autonomous Region,0,0,0,0,0
2519,Wushi County,Xinjiang Uygur Autonomous Region,0,0,0,0,0
2520,Xinhe County,Xinjiang Uygur Autonomous Region,446.12,0,446.12,5.42,0
2521,Alaer City,Xinjiang Uygur Autonomous Region,1505.34,0,1505.34,2.62,0
2522,Altay City,Xinjiang Uygur Autonomous Region,0,0,0,0,0
2523,Burqin County,Xinjiang Uygur Autonomous Region,0,0,0,0,0
2524,Fuhai County,Xinjiang Uygur Autonomous Region,6202.27,1.96,6204.23,1.39,2.01
2525,Fuyun County,Xinjiang Uygur Autonomous Region,105.51,0,105.51,0.85,0
2526,Habahe County,Xinjiang Uygur Autonomous Region,0,0,0,0,0
2527,Jeminay County,Xinjiang Uygur Autonomous Region,0,0,0,0,0
2528,Qinghe County,Xinjiang Uygur Autonomous Region,0,0,0,0,0
2529,Bohu County,Xinjiang Uygur Autonomous Region,0,7.07,7.07,0,0
2530,Hejing County,Xinjiang Uygur Autonomous Region,0,0,0,0,0
2531,Hoxud County,Xinjiang Uygur Autonomous Region,0,0,0,0,0
2532,Korla City,Xinjiang Uygur Autonomous Region,3658.67,0,3658.67,16.82,0
2533,Luntai County,Xinjiang Uygur Autonomous Region,12518.02,1.53,12519.55,21.67,9.41
2534,Qiemo County,Xinjiang Uygur Autonomous Region,73941.45,0,73941.45,12.65,0
2535,Ruoqiang County,Xinjiang Uygur Autonomous Region,13596.5,1.59,13598.09,10.12,4.4
2536,Yuli County,Xinjiang Uygur Autonomous Region,37416.85,0,37416.85,21.67,0
2537,Yanqi Hui Autonomous County,Xinjiang Uygur Autonomous Region,0,0,0,0,0
2538,Beitun City,Xinjiang Uygur Autonomous Region,0,0,0,0,0
2539,Alashankou City,Xinjiang Uygur Autonomous Region,0,0,0,0,0
2540,Bole City,Xinjiang Uygur Autonomous Region,0,0,0,0,0
2541,Jinghe County,Xinjiang Uygur Autonomous Region,171.72,0,171.72,1.01,0
2542,Wenquan County,Xinjiang Uygur Autonomous Region,0,0,0,0,0
2543,Changji City,Xinjiang Uygur Autonomous Region,1716.91,0,1716.91,0.98,0
2544,Fukang City,Xinjiang Uygur Autonomous Region,3343.15,46.05,3389.2,1.21,0.99
2545,Hutubi County,Xinjiang Uygur Autonomous Region,3611,0.52,3611.52,2.28,1.15
2546,Jimusa'er County,Xinjiang Uygur Autonomous Region,156.44,22.8,179.24,0.7,4.07
2547,Manas County,Xinjiang Uygur Autonomous Region,4568.56,5.89,4574.45,2.28,1.15
2548,Mulei Kazakh Autonomous County,Xinjiang Uygur Autonomous Region,0,0,0,0,0
2549,Qitai County,Xinjiang Uygur Autonomous Region,0,0,0,0,0
2550,Barkol Kazakh autonomous county,Xinjiang Uygur Autonomous Region,0,0,0,0,0
2551,Yiwu County,Xinjiang Uygur Autonomous Region,0,0,0,0,0
2552,Yizhou District,Xinjiang Uygur Autonomous Region,15327.59,1.05,15328.64,23.88,10.37
2553,Cele County,Xinjiang Uygur Autonomous Region,14404.07,0,14404.07,10.12,0
2554,Hotan City,Xinjiang Uygur Autonomous Region,0,0,0,0,0
2555,Hotan County,Xinjiang Uygur Autonomous Region,420.54,0,420.54,5.06,0
2556,Luopu County,Xinjiang Uygur Autonomous Region,5721.39,0,5721.39,2.55,0
2557,Minfeng County,Xinjiang Uygur Autonomous Region,19297.97,0,19297.97,7.59,0
2558,Moyu County,Xinjiang Uygur Autonomous Region,2520.46,0,2520.46,1.84,0
2559,Pishan County,Xinjiang Uygur Autonomous Region,0,0,0,0,0
2560,Yutian County,Xinjiang Uygur Autonomous Region,12861.7,0,12861.7,10.12,0
2561,Huyanghe City,Xinjiang Uygur Autonomous Region,0,6.21,6.21,0,10.59
2562,Bachu County,Xinjiang Uygur Autonomous Region,0,0,0,0,0
2563,Jiashi County,Xinjiang Uygur Autonomous Region,0,0,0,0,0
2564,Kashgar City,Xinjiang Uygur Autonomous Region,0,0,0,0,0
2565,Makit County,Xinjiang Uygur Autonomous Region,0,0,0,0,0
2566,Yarkant County,Xinjiang Uygur Autonomous Region,0,0,0,0,0
2567,Shufu County,Xinjiang Uygur Autonomous Region,0,0,0,0,0
2568,Shule County,Xinjiang Uygur Autonomous Region,0,0,0,0,0
2569,Taxkorgan Tajik Autonomous County,Xinjiang Uygur Autonomous Region,0,0,0,0,0
2570,Yecheng County,Xinjiang Uygur Autonomous Region,0,1.98,1.98,0,0
2571,Yingjisha County,Xinjiang Uygur Autonomous Region,0,0,0,0,0
2572,Yuepuhu County,Xinjiang Uygur Autonomous Region,0,0,0,0,0
2573,Zepu County,Xinjiang Uygur Autonomous Region,0,0,0,0,0
2574,Kekedala City,Xinjiang Uygur Autonomous Region,0,0,0,0,0
2575,Baijiantan District,Xinjiang Uygur Autonomous Region,792.22,0.13,792.35,1.39,13.1
2576,Dushanzi District,Xinjiang Uygur Autonomous Region,19.12,0.44,19.56,0.21,0.09
2577,Kelamayi District,Xinjiang Uygur Autonomous Region,411.25,313.17,724.42,0.86,10.59
2578,Wuerhe District,Xinjiang Uygur Autonomous Region,698,48.11,746.11,1.14,0.58
2579,Aheqi County,Xinjiang Uygur Autonomous Region,0,0,0,0,0
2580,Aktao County,Xinjiang Uygur Autonomous Region,0,0,0,0,0
2581,Artux City,Xinjiang Uygur Autonomous Region,0,0,0,0,0
2582,wuqia county,Xinjiang Uygur Autonomous Region,0,0.21,0.21,0,0
2583,Kunyu City,Xinjiang Uygur Autonomous Region,28.67,0,28.67,7.59,0
2584,Shihezi City,Xinjiang Uygur Autonomous Region,36.76,0,36.76,0.42,0
2585,Shuanghe City,Xinjiang Uygur Autonomous Region,0,0,0,0,0
2586,Emin County,Xinjiang Uygur Autonomous Region,0,0,0,0,0
2587,Mongolian Autonomous County of Hoboksar,Xinjiang Uygur Autonomous Region,7990.61,77.59,8068.2,1.95,18.49
2588,Shawan City,Xinjiang Uygur Autonomous Region,2333.77,11.97,2345.74,1.3,0.72
2589,Tacheng City,Xinjiang Uygur Autonomous Region,0,0,0,0,0
2590,Toli County,Xinjiang Uygur Autonomous Region,0,0,0,0,0
2591,Wusu City,Xinjiang Uygur Autonomous Region,1927.43,0.04,1927.47,1.52,0.81
2592,Yumin County,Xinjiang Uygur Autonomous Region,0,0,0,0,0
2593,Tiemenguan City,Xinjiang Uygur Autonomous Region,13.92,0,13.92,1.08,0
2594,Tumushuke City,Xinjiang Uygur Autonomous Region,0,0,0,0,0
2595,Gaochang District,Xinjiang Uygur Autonomous Region,7663.23,34.59,7697.82,20.13,9.22
2596,Shanshan County,Xinjiang Uygur Autonomous Region,18741.85,99.83,18841.68,28.63,27.58
2597,Tuokexun County,Xinjiang Uygur Autonomous Region,2626.86,2.35,2629.21,13.31,6.74
2598,Dabancheng District,Xinjiang Uygur Autonomous Region,0,0,0,0,0
2599,Midong District,Xinjiang Uygur Autonomous Region,1700.32,0.25,1700.57,1.21,0.58
2600,Shayibake District,Xinjiang Uygur Autonomous Region,0,0,0,0,0
2601,Shui Mo Gou District,Xinjiang Uygur Autonomous Region,0,0,0,0,0
2602,Tianshan District,Xinjiang Uygur Autonomous Region,0,0,0,0,0
2603,Toutunhe District,Xinjiang Uygur Autonomous Region,0,0,0,0,0
2604,Urumqi County,Xinjiang Uygur Autonomous Region,0,0,0,0,0
2605,Xinshi District,Xinjiang Uygur Autonomous Region,0,0,0,0,0
2606,Wujiaqu City,Xinjiang Uygur Autonomous Region,334.88,0,334.88,0.79,0
2607,Qapqal Xibe Autonomous County,Xinjiang Uygur Autonomous Region,0,0,0,0,0
2608,Gongliu County,Xinjiang Uygur Autonomous Region,0,0,0,0,0
2609,Huocheng County,Xinjiang Uygur Autonomous Region,0,0,0,0,0
2610,Khorgos,Xinjiang Uygur Autonomous Region,0,0,0,0,0
2611,Kuitun City,Xinjiang Uygur Autonomous Region,9.98,0,9.98,0.21,0
2612,Nileke County,Xinjiang Uygur Autonomous Region,0,0,0,0,0
2613,Tekesi County,Xinjiang Uygur Autonomous Region,0,0,0,0,0
2614,Xinyuan County,Xinjiang Uygur Autonomous Region,0,0,0,0,0
2615,Yining City,Xinjiang Uygur Autonomous Region,0,0,0,0,0
2616,Yining County,Xinjiang Uygur Autonomous Region,0,0,0,0,0
2617,Zhaosu County,Xinjiang Uygur Autonomous Region,0,0,0,0,0
2618,Changning County,Yunnan,0,0,0,0,0
2619,Longling County,Yunnan,0,0,0,0,0
2620,Longyang District,Yunnan,0,0,0,0,0
2621,Sidian County,Yunnan,0,0,0,0,0
2622,Tengchong City,Yunnan,0,0,0,0,0
2623,Chuxiong City,Yunnan,0,0,0,0,0
2624,Dayao County,Yunnan,0,0,0,0,0
2625,Lufeng City,Yunnan,0,0,0,0,0
2626,Mouding County,Yunnan,0,0,0,0,0
2627,Nanhua County,Yunnan,0,0,0,0,0
2628,Shuangbai County,Yunnan,0,0,0,0,0
2629,Wuding County,Yunnan,0,0,0,0,0
2630,Yao'an County,Yunnan,0,0,0,0,0
2631,Yongren County,Yunnan,0,0,0,0,0
2632,Yuanmou County,Yunnan,0,0,0,0,0
2633,Binchuan County,Yunnan,0,0,0,0,0
2634,Dali City,Yunnan,0,0,0,0,0
2635,ErYuan County,Yunnan,0,0,0,0,0
2636,Heqing County,Yunnan,0,0,0,0,0
2637,Jianchuan County,Yunnan,0,0,0,0,0
2638,Midu County,Yunnan,0,0,0,0,0
2639,Nanjian Yi Autonomous County,Yunnan,0,0,0,0,0
2640,Weishan Yi and Hui Autonomous County,Yunnan,0,0,0,0,0
2641,Xiangyun County,Yunnan,0,0,0,0,0
2642,Yangbi Yi Autonomous County,Yunnan,0,0,0,0,0
2643,Yongping County,Yunnan,0,0,0,0,0
2644,Yunlong County,Yunnan,0,0,0,0,0
2645,Lianghe County,Yunnan,0,0,0,0,0
2646,Longchuan County,Yunnan,0,0,0,0,0
2647,Mang City,Yunnan,0,0,0,0,0
2648,Ruili City,Yunnan,0,0,0,0,0
2649,Yingjiang County,Yunnan,0,0,0,0,0
2650,Deqin County,Yunnan,0,0,0,0,0
2651,Weixi Li-Su Autonomous County,Yunnan,0,0,0,0,0
2652,Shangri-La City,Yunnan,0,0,0,0,0
2653,Gejiu City,Yunnan,0,0,0,0,0
2654,Hekou Yao Autonomous County,Yunnan,0,0,0,0,0
2655,Honghe County,Yunnan,0,0,0,0,0
2656,Jianshui County,Yunnan,0,0,0,0,0
2657,"Jinping Miao, Yao, and Dai autonomous county",Yunnan,0,0,0,0,0
2658,Kaiyuan City,Yunnan,0,0,0,0,0
2659,Luxi County,Yunnan,0,0,0,0,0
2660,Lvchun County,Yunnan,0,0,0,0,0
2661,Mengzi City,Yunnan,0,0,0,0,0
2662,Mile City,Yunnan,0,0,0,0,0
2663,Pingbian Miao Autonomous County,Yunnan,0,0,0,0,0
2664,Shiping County,Yunnan,0,0,0,0,0
2665,Yuanyang County,Yunnan,0,0,0,0,0
2666,Anning City,Yunnan,0,0,0,0,0
2667,Chenggong District,Yunnan,0,0,0,0,0
2668,Dongchuan District,Yunnan,0,0,0,0,0
2669,Fumin County,Yunnan,0,0,0,0,0
2670,Guandu District,Yunnan,0,0,0,0,0
2671,Jinning District,Yunnan,0,0,0,0,0
2672,Luquan Yi and Miao Autonomous County,Yunnan,0,0,0,0,0
2673,Panlong District,Yunnan,0,0,0,0,0
2674,Shilin Yi Autonomous County,Yunnan,0,0,0,0,0
2675,Songming County,Yunnan,0,0,0,0,0
2676,Wuhua District,Yunnan,0,0,0,0,0
2677,Xishan District,Yunnan,0,0,0,0,0
2678,Xundian Hui and Yi Autonomous County,Yunnan,0,0,0,0,0
2679,Yiliang County,Yunnan,0,0,0,0,0
2680,Gucheng District,Yunnan,0,0,0,0,0
2681,Huaiping County,Yunnan,0,0,0,0,0
2682,Ninglang Yi Autonomous County,Yunnan,0,0,0,0,0
2683,Yongsheng County,Yunnan,0,0,0,0,0
2684,Yulong Naxi Autonomous County,Yunnan,0,0,0,0,0
2685,Cangyuan Wa Autonomous County,Yunnan,0,0,0,0,0
2686,Fengqing County,Yunnan,0,0,0,0,0
2687,Gengma Dai and Wa Autonomous County,Yunnan,0,0,0,0,0
2688,Linxiang District,Yunnan,0,0,0,0,0
2689,"Shuangjiang Lahu, Wa, Blang, and Dai Autonomous County",Yunnan,0,0,0,0,0
2690,Yongde County,Yunnan,0,0,0,0,0
2691,Yun County,Yunnan,0,0,0,0,0
2692,Zhenkang County,Yunnan,0,0,0,0,0
2693,Fugong County,Yunnan,0,0,0,0,0
2694,Gongshan Derung Autonomous County,Yunnan,0,0,0,0,0
2695,Lanping Bai and Pumi Autonomous County,Yunnan,0,0,0,0,0
2696,Lushui City,Yunnan,0,0,0,0,0
2697,Jiangcheng Hani and Yi Autonomous County,Yunnan,0,0,0,0,0
2698,Jingdong Yi Autonomous County,Yunnan,0,0,0,0,0
2699,Jinggu Dai and Yi Autonomous County,Yunnan,0,0,0,0,0
2700,Lancang Lahu Autonomous County,Yunnan,0,0,0,0,0
2701,"Menglian Dai, Lahu, and Wa Autonomous County",Yunnan,0,0,0,0,0
2702,Mojiang Hani Autonomous County,Yunnan,0,0,0,0,0
2703,Ning'er Hani and Yi Autonomous County,Yunnan,0,0,0,0,0
2704,Simao District,Yunnan,0,0,0,0,0
2705,Ximeng Wa Autonomous County,Yunnan,0,0,0,0,0
2706,"Zhenyuan Yi, Hani, and Lahu Autonomous County",Yunnan,0,0,0,0,0
2707,Fuyuan County,Yunnan,0,0,0,0,0
2708,Huize County,Yunnan,0,0,0,0,0
2709,Luliang County,Yunnan,0,0,0,0,0
2710,Luoping County,Yunnan,0,0,0,0,0
2711,Ma Long District,Yunnan,0,0,0,0,0
2712,Qilin District,Yunnan,0,0,0,0,0
2713,Shizong County,Yunnan,0,0,0,0,0
2714,Xuanwei City,Yunnan,0,0,0,0,0
2715,Zhanyi District,Yunnan,0,0,0,0,0
2716,Funing County,Yunnan,0,0,0,0,0
2717,Guangnan County,Yunnan,0,0,0,0,0
2718,Malipo County,Yunnan,0,0,0,0,0
2719,Maguan County,Yunnan,0,0,0,0,0
2720,Qiubei County,Yunnan,0,0,0,0,0
2721,Wenshan City,Yunnan,0,0,0,0,0
2722,Xichou County,Yunnan,0,0,0,0,0
2723,Yanshan County,Yunnan,0,0,0,0,0
2724,Jinghong City,Yunnan,0,0,0,0,0
2725,Menghai County,Yunnan,0,0,0,0,0
2726,Mengla County,Yunnan,0,0,0,0,0
2727,Chengjiang City,Yunnan,0,0,0,0,0
2728,Emei Yi Autonomous County,Yunnan,0,0,0,0,0
2729,Hongta District,Yunnan,0,0,0,0,0
2730,Huaining County,Yunnan,0,0,0,0,0
2731,Jiangchuan District,Yunnan,0,0,0,0,0
2732,Tonghai County,Yunnan,0,0,0,0,0
2733,Xinping Yi and Dai Autonomous County,Yunnan,0,0,0,0,0
2734,Yimen County,Yunnan,0,0,0,0,0
2735,"Yuanjiang Hani, Yi, and Dai Autonomous County",Yunnan,0,0,0,0,0
2736,Daguan County,Yunnan,0,0,0,0,0
2737,Ludian County,Yunnan,0,0,0,0,0
2738,Qiaojia County,Yunnan,0,0,0,0,0
2739,Shuifu City,Yunnan,60.77,0,60.77,0.02,0
2740,Suijiang County,Yunnan,129.79,0,129.79,0.02,0
2741,Weixin County,Yunnan,7.91,0,7.91,0.01,0
2742,Yanjin County,Yunnan,131.79,0,131.79,0.02,0
2743,Yiliang County,Yunnan,0,0,0,0,0
2744,Yongshan County,Yunnan,34.34,0,34.34,0.02,0
2745,Zhaoyang District,Yunnan,0,0,0,0,0
2746,Zhenxiong County,Yunnan,0,0,0,0,0
2747,Anji County,Zhejiang,0,0,0,0,0
2748,Deqing County,Zhejiang,0,0,0,0,0
2749,Nanxun District,Zhejiang,0,0,0,0,0
2750,Wuxing District,Zhejiang,0,0,0,0,0
2751,Changxing County,Zhejiang,0,0,0,0,0
2752,Haining City,Zhejiang,0,0,0,0,0
2753,Haiyan County,Zhejiang,0,0,0,0,0
2754,Jiashan County,Zhejiang,0,0,0,0,0
2755,Nanhu District,Zhejiang,0,0,0,0,0
2756,Pinghu City,Zhejiang,0,0,0,0,0
2757,Tongxiang City,Zhejiang,0,0,0,0,0
2758,Xiuzhou District,Zhejiang,0,0,0,0,0
2759,Dongyang City,Zhejiang,0,0,0,0,0
2760,Jindong District,Zhejiang,0,0,0,0,0
2761,Lanxi City,Zhejiang,0,0,0,0,0
2762,Pan'an County,Zhejiang,0,0,0,0,0
2763,Pujiang County,Zhejiang,0,0,0,0,0
2764,Wuyi County,Zhejiang,0,0,0,0,0
2765,Wucheng District,Zhejiang,0,0,0,0,0
2766,Yiwu City,Zhejiang,0,0,0,0,0
2767,Yongkang City,Zhejiang,0,0,0,0,0
2768,Jinyun County,Zhejiang,0,0,0,0,0
2769,Jingning She Autonomous County,Zhejiang,0,0,0,0,0
2770,Liandou District,Zhejiang,0,0,0,0,0
2771,Longquan City,Zhejiang,0,0,0,0,0
2772,Qingtian County,Zhejiang,0,0,0,0,0
2773,Qingyuan County,Zhejiang,0,0,0,0,0
2774,Songyang County,Zhejiang,0,0,0,0,0
2775,Suichang County,Zhejiang,0,0,0,0,0
2776,Yunhe County,Zhejiang,0,0,0,0,0
2777,Beilun District,Zhejiang,0,0,0,0,0
2778,Cixi City,Zhejiang,0,0,0,0,0
2779,Fenghua District,Zhejiang,0,0,0,0,0
2780,Haishu District,Zhejiang,0,0,0,0,0
2781,Jiangbei District,Zhejiang,0,0,0,0,0
2782,Ninghai County,Zhejiang,0,0,0,0,0
2783,Xiangshan County,Zhejiang,0,0,0,0,0
2784,Yinzhou District,Zhejiang,0,0,0,0,0
2785,Yuyao City,Zhejiang,0,0,0,0,0
2786,Zhenhai District,Zhejiang,0,0,0,0,0
2787,Changshan County,Zhejiang,0,0,0,0,0
2788,Jiangshan City,Zhejiang,0,0,0,0,0
2789,Kaihua County,Zhejiang,0,0,0,0,0
2790,Kecheng District,Zhejiang,0,0,0,0,0
2791,Longyou County,Zhejiang,0,0,0,0,0
2792,Qujiang District,Zhejiang,0,0,0,0,0
2793,Keqiao District,Zhejiang,0,0,0,0,0
2794,Shangyu District,Zhejiang,0,0,0,0,0
2795,Shengzhou City,Zhejiang,0,0,0,0,0
2796,Xinchang County,Zhejiang,0,0,0,0,0
2797,Yuecheng District,Zhejiang,0,0,0,0,0
2798,Zhuji City,Zhejiang,0,0,0,0,0
2799,Huangyan District,Zhejiang,0,0,0,0,0
2800,Jiaojiang District,Zhejiang,0,0,0,0,0
2801,Linhai City,Zhejiang,0,0,0,0,0
2802,Luqiao District,Zhejiang,0,0,0,0,0
2803,Sanmen County,Zhejiang,0,0,0,0,0
2804,Tiantai County,Zhejiang,0,0,0,0,0
2805,Wenling City,Zhejiang,0,0,0,0,0
2806,Xianju County,Zhejiang,0,0,0,0,0
2807,Yuhuan City,Zhejiang,0,0,0,0,0
2808,Cangnan County,Zhejiang,0,0,0,0,0
2809,Dongtou District,Zhejiang,0,0,0,0,0
2810,Yueqing City,Zhejiang,0,0,0,0,0
2811,Longgang City,Zhejiang,0,0,0,0,0
2812,Longwan District,Zhejiang,0,0,0,0,0
2813,Lucheng District,Zhejiang,0,0,0,0,0
2814,Ouhai District,Zhejiang,0,0,0,0,0
2815,Pingyang County,Zhejiang,0,0,0,0,0
2816,Rui'an City,Zhejiang,0,0,0,0,0
2817,Taishun County,Zhejiang,0,0,0,0,0
2818,Wencheng County,Zhejiang,0,0,0,0,0
2819,Yongjia County,Zhejiang,0,0,0,0,0
2820,Daishan County,Zhejiang,0,0,0,0,0
2821,Dinghai District,Zhejiang,0,0,0,0,0
2822,Putuo District,Zhejiang,0,0,0,0,0
2823,Shengsi County,Zhejiang,0,0,0,0,0
2824,Banan District ,Chongqing,299.73,0,299.73,0.01,0
2825,Beibei District,Chongqing,121.24,0,121.24,0.01,0
2826,Bishan District,Chongqing,143.28,0,143.28,0.01,0
2827,Chengkou County,Chongqing,0,0,0,0,0
2828,Dadukou District,Chongqing,12.59,0,12.59,0.01,0
2829,Dazhu District,Chongqing,230.89,0,230.89,0.01,0
2830,Dianjiang County,Chongqing,241.76,0,241.76,0.01,0
2831,Fengdu County,Chongqing,375.81,0,375.81,0.01,0
2832,Fengjie County,Chongqing,261.27,0,261.27,0.01,0
2833,Fuling District,Chongqing,439.28,0,439.28,0.01,0
2834,Hechuan District,Chongqing,409.74,2.2,411.94,0.01,0.01
2835,Jiangbei District,Chongqing,24.74,0,24.74,0.01,0
2836,Jiangjin District,Chongqing,500.93,0,500.93,0.01,0
2837,Jiulongpo District,Chongqing,75.54,0,75.54,0.01,0
2838,Kaizhou District,Chongqing,573.63,0,573.63,0.01,0
2839,Liangping District,Chongqing,345.84,0,345.84,0.01,0
2840,Nan'an District,Chongqing,46.16,0,46.16,0.01,0
2841,Nanchuan District,Chongqing,201.51,0,201.51,0.01,0
2842,Pengshui Miao and Tujia Autonomous County,Chongqing,0,0,0,0,0
2843,Qijiang District,Chongqing,267.86,1.06,268.92,0.01,0.01
2844,Qianjiang District,Chongqing,0,0,0,0,0
2845,Rongchang District,Chongqing,152.57,0,152.57,0.01,0
2846,Shapingba District,Chongqing,62.84,0,62.84,0.01,0
2847,Shizhu Tujia Autonomous County,Chongqing,338.32,0,338.32,0.01,0
2848,Tongliang District,Chongqing,210.55,0,210.55,0.01,0
2849,Tongnan District,Chongqing,299.42,2.84,302.26,0.01,0.01
2850,Wanzhou District,Chongqing,606.43,0,606.43,0.01,0
2851,WuShan County,Chongqing,4.4,0,4.4,0.01,0
2852,Wuxi County,Chongqing,16.79,0,16.79,0.01,0
2853,Wulong District,Chongqing,139.94,0,139.94,0.01,0
2854,Xiushan Tujia and Miao Autonomous County,Chongqing,0,0,0,0,0
2855,Yongchuan District,Chongqing,243.28,0,243.28,0.01,0
2856,Youyang Tujia and Miao Autonomous County,Chongqing,0,0,0,0,0
2857,Yubei District,Chongqing,232.43,0,232.43,0.01,0
2858,Yuzhong District,Chongqing,8.39,0,8.39,0.01,0
2859,Yunyang County,Chongqing,547.38,0,547.38,0.01,0
2860,Changshou District,Chongqing,241.02,0,241.02,0.01,0
2861,Zhong County,Chongqing,349.14,5.25,354.39,0.01,0.01
2862,Tiexi District,Jilin,34.31,0,34.31,0.25,0
2863,Xinxing City,Xinjiang Uygur Autonomous Region,0,0,0,0,0
2864,Binjiang District,Zhejiang,0,0,0,0,0
2865,Chun'an County,Zhejiang,0,0,0,0,0
2866,Fuyang District,Zhejiang,0,0,0,0,0
2867,Gongshu District,Zhejiang,0,0,0,0,0
2868,Jiande City,Zhejiang,0,0,0,0,0
2869,Qiantang District,Zhejiang,0,0,0,0,0
2870,Lin'an District,Zhejiang,0,0,0,0,0
2871,Shangcheng District,Zhejiang,0,0,0,0,0
2872,Tonglu County,Zhejiang,0,0,0,0,0
2873,Xihu District,Zhejiang,0,0,0,0,0
2874,Xiaoshan District,Zhejiang,0,0,0,0,0
2875,Yuhang District,Zhejiang,0,0,0,0,0
2876,Linping District,Zhejiang,0,0,0,0,0
