level,region,county,storage_potential_all_mt,dsa_injection_rate_avg_mtpa,dsa_injection_rate_min_mtpa,dsa_injection_rate_max_mtpa,eor_injection_rate_avg_mtpa,eor_injection_rate_min_mtpa,eor_injection_rate_max_mtpa,screening_injection_capacity_mtpa,years_to_fill_at_avg_injection,source_url,evidence_grade,notes
province,Anhui,,82371.8,7.49,0.03,38.91,14.3,13.95,14.64,21.79,3780.256998623222,https://www.nature.com/articles/s41597-025-04875-3; https://doi.org/10.6084/m9.figshare.27646707,B,Regional injection-rate capacity from gridded China storage dataset; not a reservoir pressure simulation.
province,Macao Special Administrative Region,,0.0,0.0,0.0,0.0,0.0,0.0,0.0,0.0,inf,https://www.nature.com/articles/s41597-025-04875-3; https://doi.org/10.6084/m9.figshare.27646707,B,Regional injection-rate capacity from gridded China storage dataset; not a reservoir pressure simulation.
province,Beijing,,0.94,0.0,0.0,0.0,26.66,0.0,53.32,26.66,0.035258814703675916,https://www.nature.com/articles/s41597-025-04875-3; https://doi.org/10.6084/m9.figshare.27646707,B,Regional injection-rate capacity from gridded China storage dataset; not a reservoir pressure simulation.
province,Fujian,,0.0,0.0,0.0,0.0,0.0,0.0,0.0,0.0,inf,https://www.nature.com/articles/s41597-025-04875-3; https://doi.org/10.6084/m9.figshare.27646707,B,Regional injection-rate capacity from gridded China storage dataset; not a reservoir pressure simulation.
province,Gansu,,1911.43,0.12,0.01,0.49,1.64,0.01,8.32,1.7599999999999998,1086.039772727273,https://www.nature.com/articles/s41597-025-04875-3; https://doi.org/10.6084/m9.figshare.27646707,B,Regional injection-rate capacity from gridded China storage dataset; not a reservoir pressure simulation.
province,Guangdong,,0.0,0.0,0.0,0.0,0.0,0.0,0.0,0.0,inf,https://www.nature.com/articles/s41597-025-04875-3; https://doi.org/10.6084/m9.figshare.27646707,B,Regional injection-rate capacity from gridded China storage dataset; not a reservoir pressure simulation.
province,Guangxi Zhuang Autonomous Region,,0.0,0.0,0.0,0.0,0.0,0.0,0.0,0.0,inf,https://www.nature.com/articles/s41597-025-04875-3; https://doi.org/10.6084/m9.figshare.27646707,B,Regional injection-rate capacity from gridded China storage dataset; not a reservoir pressure simulation.
province,Guizhou,,479.83,0.01,0.01,0.01,0.01,0.01,0.01,0.02,23991.5,https://www.nature.com/articles/s41597-025-04875-3; https://doi.org/10.6084/m9.figshare.27646707,B,Regional injection-rate capacity from gridded China storage dataset; not a reservoir pressure simulation.
province,Hainan,,0.0,0.0,0.0,0.0,0.0,0.0,0.0,0.0,inf,https://www.nature.com/articles/s41597-025-04875-3; https://doi.org/10.6084/m9.figshare.27646707,B,Regional injection-rate capacity from gridded China storage dataset; not a reservoir pressure simulation.
province,Hebei,,55879.52,29.78,6.25,122.77,27.01,0.0,78.32,56.790000000000006,983.9675999295649,https://www.nature.com/articles/s41597-025-04875-3; https://doi.org/10.6084/m9.figshare.27646707,B,Regional injection-rate capacity from gridded China storage dataset; not a reservoir pressure simulation.
province,Henan,,49419.59,19.23,0.01,124.67,22.64,0.0,52.4,41.870000000000005,1180.310245999522,https://www.nature.com/articles/s41597-025-04875-3; https://doi.org/10.6084/m9.figshare.27646707,B,Regional injection-rate capacity from gridded China storage dataset; not a reservoir pressure simulation.
province,Heilongjiang,,141217.98,8.73,0.08,94.65,7.92,0.0,55.77,16.65,8481.560360360361,https://www.nature.com/articles/s41597-025-04875-3; https://doi.org/10.6084/m9.figshare.27646707,B,Regional injection-rate capacity from gridded China storage dataset; not a reservoir pressure simulation.
province,Hubei,,5907.71,0.35,0.01,3.03,11.01,0.01,69.89,11.36,520.0448943661972,https://www.nature.com/articles/s41597-025-04875-3; https://doi.org/10.6084/m9.figshare.27646707,B,Regional injection-rate capacity from gridded China storage dataset; not a reservoir pressure simulation.
province,Hunan,,7.64,0.05,0.02,0.09,0.0,0.0,0.0,0.05,152.79999999999998,https://www.nature.com/articles/s41597-025-04875-3; https://doi.org/10.6084/m9.figshare.27646707,B,Regional injection-rate capacity from gridded China storage dataset; not a reservoir pressure simulation.
province,Jilin,,43629.73,0.43,0.02,1.08,11.35,0.0,55.77,11.78,3703.712224108659,https://www.nature.com/articles/s41597-025-04875-3; https://doi.org/10.6084/m9.figshare.27646707,B,Regional injection-rate capacity from gridded China storage dataset; not a reservoir pressure simulation.
province,Jiangsu,,75153.02,15.76,5.4,34.07,64.89,0.0,134.77,80.65,931.8415375077495,https://www.nature.com/articles/s41597-025-04875-3; https://doi.org/10.6084/m9.figshare.27646707,B,Regional injection-rate capacity from gridded China storage dataset; not a reservoir pressure simulation.
province,Jiangxi,,0.0,0.0,0.0,0.0,0.0,0.0,0.0,0.0,inf,https://www.nature.com/articles/s41597-025-04875-3; https://doi.org/10.6084/m9.figshare.27646707,B,Regional injection-rate capacity from gridded China storage dataset; not a reservoir pressure simulation.
province,Liaoning,,457.82,0.1,0.1,0.1,32.66,0.0,62.74,32.76,13.974969474969475,https://www.nature.com/articles/s41597-025-04875-3; https://doi.org/10.6084/m9.figshare.27646707,B,Regional injection-rate capacity from gridded China storage dataset; not a reservoir pressure simulation.
province,Inner Mongolia Autonomous Region,,75637.87,3.39,0.0,14.67,3.09,0.0,12.72,6.48,11672.510802469134,https://www.nature.com/articles/s41597-025-04875-3; https://doi.org/10.6084/m9.figshare.27646707,B,Regional injection-rate capacity from gridded China storage dataset; not a reservoir pressure simulation.
province,Ningxia Hui Autonomous Region,,2191.51,0.16,0.0,0.79,1.0,0.0,2.69,1.16,1889.23275862069,https://www.nature.com/articles/s41597-025-04875-3; https://doi.org/10.6084/m9.figshare.27646707,B,Regional injection-rate capacity from gridded China storage dataset; not a reservoir pressure simulation.
province,Qinghai,,41879.95,13.17,8.78,17.56,20.62,20.62,20.62,33.79,1239.4184670020716,https://www.nature.com/articles/s41597-025-04875-3; https://doi.org/10.6084/m9.figshare.27646707,B,Regional injection-rate capacity from gridded China storage dataset; not a reservoir pressure simulation.
province,Shandong,,759.45,15.0,15.0,15.0,39.13,0.0,152.46,54.13,14.030112691668206,https://www.nature.com/articles/s41597-025-04875-3; https://doi.org/10.6084/m9.figshare.27646707,B,Regional injection-rate capacity from gridded China storage dataset; not a reservoir pressure simulation.
province,Shanxi,,12715.7,0.11,0.03,0.17,0.0,0.0,0.0,0.11,115597.27272727274,https://www.nature.com/articles/s41597-025-04875-3; https://doi.org/10.6084/m9.figshare.27646707,B,Regional injection-rate capacity from gridded China storage dataset; not a reservoir pressure simulation.
province,Shaanxi,,6449.89,0.1,0.0,0.79,1.42,0.0,8.32,1.52,4243.348684210527,https://www.nature.com/articles/s41597-025-04875-3; https://doi.org/10.6084/m9.figshare.27646707,B,Regional injection-rate capacity from gridded China storage dataset; not a reservoir pressure simulation.
province,Shanghai,,0.0,0.0,0.0,0.0,0.0,0.0,0.0,0.0,inf,https://www.nature.com/articles/s41597-025-04875-3; https://doi.org/10.6084/m9.figshare.27646707,B,Regional injection-rate capacity from gridded China storage dataset; not a reservoir pressure simulation.
province,Sichuan,,28124.07,0.01,0.01,0.02,0.29,0.01,2.76,0.3,93746.90000000001,https://www.nature.com/articles/s41597-025-04875-3; https://doi.org/10.6084/m9.figshare.27646707,B,Regional injection-rate capacity from gridded China storage dataset; not a reservoir pressure simulation.
province,Taiwan,,0.0,0.0,0.0,0.0,0.0,0.0,0.0,0.0,inf,https://www.nature.com/articles/s41597-025-04875-3; https://doi.org/10.6084/m9.figshare.27646707,B,Regional injection-rate capacity from gridded China storage dataset; not a reservoir pressure simulation.
province,Tianjin,,10346.99,88.41,44.99,122.77,52.51,52.1,53.32,140.92,73.42456713028669,https://www.nature.com/articles/s41597-025-04875-3; https://doi.org/10.6084/m9.figshare.27646707,B,Regional injection-rate capacity from gridded China storage dataset; not a reservoir pressure simulation.
province,Tibet Autonomous Region,,0.0,0.0,0.0,0.0,0.0,0.0,0.0,0.0,inf,https://www.nature.com/articles/s41597-025-04875-3; https://doi.org/10.6084/m9.figshare.27646707,B,Regional injection-rate capacity from gridded China storage dataset; not a reservoir pressure simulation.
province,Hong Kong Special Administrative Region,,0.0,0.0,0.0,0.0,0.0,0.0,0.0,0.0,inf,https://www.nature.com/articles/s41597-025-04875-3; https://doi.org/10.6084/m9.figshare.27646707,B,Regional injection-rate capacity from gridded China storage dataset; not a reservoir pressure simulation.
province,Xinjiang Uygur Autonomous Region,,361877.94,7.38,0.21,32.5,5.92,0.0,27.58,13.3,27208.86766917293,https://www.nature.com/articles/s41597-025-04875-3; https://doi.org/10.6084/m9.figshare.27646707,B,Regional injection-rate capacity from gridded China storage dataset; not a reservoir pressure simulation.
province,Yunnan,,364.6,0.02,0.01,0.02,0.0,0.0,0.0,0.02,18230.0,https://www.nature.com/articles/s41597-025-04875-3; https://doi.org/10.6084/m9.figshare.27646707,B,Regional injection-rate capacity from gridded China storage dataset; not a reservoir pressure simulation.
province,Zhejiang,,0.0,0.0,0.0,0.0,0.0,0.0,0.0,0.0,inf,https://www.nature.com/articles/s41597-025-04875-3; https://doi.org/10.6084/m9.figshare.27646707,B,Regional injection-rate capacity from gridded China storage dataset; not a reservoir pressure simulation.
province,Chongqing,,8036.08,0.01,0.01,0.01,0.01,0.01,0.01,0.02,401804.0,https://www.nature.com/articles/s41597-025-04875-3; https://doi.org/10.6084/m9.figshare.27646707,B,Regional injection-rate capacity from gridded China storage dataset; not a reservoir pressure simulation.
county,Anhui,Daguan District,0.0,0.0,,,0.0,,,0.0,inf,https://www.nature.com/articles/s41597-025-04875-3; https://doi.org/10.6084/m9.figshare.27646707,B,"County-level injection capacity; pressure interference, plume geometry, and well count still need reservoir simulation."
county,Anhui,Huining County,0.0,0.0,,,0.0,,,0.0,inf,https://www.nature.com/articles/s41597-025-04875-3; https://doi.org/10.6084/m9.figshare.27646707,B,"County-level injection capacity; pressure interference, plume geometry, and well count still need reservoir simulation."
county,Anhui,Qianshan City,0.0,0.0,,,0.0,,,0.0,inf,https://www.nature.com/articles/s41597-025-04875-3; https://doi.org/10.6084/m9.figshare.27646707,B,"County-level injection capacity; pressure interference, plume geometry, and well count still need reservoir simulation."
county,Anhui,Susong County,0.0,0.0,,,0.0,,,0.0,inf,https://www.nature.com/articles/s41597-025-04875-3; https://doi.org/10.6084/m9.figshare.27646707,B,"County-level injection capacity; pressure interference, plume geometry, and well count still need reservoir simulation."
county,Anhui,Taihu County,0.0,0.0,,,0.0,,,0.0,inf,https://www.nature.com/articles/s41597-025-04875-3; https://doi.org/10.6084/m9.figshare.27646707,B,"County-level injection capacity; pressure interference, plume geometry, and well count still need reservoir simulation."
county,Anhui,Tongcheng City,0.0,0.0,,,0.0,,,0.0,inf,https://www.nature.com/articles/s41597-025-04875-3; https://doi.org/10.6084/m9.figshare.27646707,B,"County-level injection capacity; pressure interference, plume geometry, and well count still need reservoir simulation."
county,Anhui,Wangjiang County,0.0,0.0,,,0.0,,,0.0,inf,https://www.nature.com/articles/s41597-025-04875-3; https://doi.org/10.6084/m9.figshare.27646707,B,"County-level injection capacity; pressure interference, plume geometry, and well count still need reservoir simulation."
county,Anhui,Yixiu District,0.0,0.0,,,0.0,,,0.0,inf,https://www.nature.com/articles/s41597-025-04875-3; https://doi.org/10.6084/m9.figshare.27646707,B,"County-level injection capacity; pressure interference, plume geometry, and well count still need reservoir simulation."
county,Anhui,Yingjiang District,0.0,0.0,,,0.0,,,0.0,inf,https://www.nature.com/articles/s41597-025-04875-3; https://doi.org/10.6084/m9.figshare.27646707,B,"County-level injection capacity; pressure interference, plume geometry, and well count still need reservoir simulation."
county,Anhui,Yuexi County,0.0,0.0,,,0.0,,,0.0,inf,https://www.nature.com/articles/s41597-025-04875-3; https://doi.org/10.6084/m9.figshare.27646707,B,"County-level injection capacity; pressure interference, plume geometry, and well count still need reservoir simulation."
county,Anhui,Bangshan District,0.0,0.0,,,0.0,,,0.0,inf,https://www.nature.com/articles/s41597-025-04875-3; https://doi.org/10.6084/m9.figshare.27646707,B,"County-level injection capacity; pressure interference, plume geometry, and well count still need reservoir simulation."
county,Anhui,Guzhen County,0.0,0.0,,,0.0,,,0.0,inf,https://www.nature.com/articles/s41597-025-04875-3; https://doi.org/10.6084/m9.figshare.27646707,B,"County-level injection capacity; pressure interference, plume geometry, and well count still need reservoir simulation."
county,Anhui,Huaiyuan County,0.0,0.0,,,0.0,,,0.0,inf,https://www.nature.com/articles/s41597-025-04875-3; https://doi.org/10.6084/m9.figshare.27646707,B,"County-level injection capacity; pressure interference, plume geometry, and well count still need reservoir simulation."
county,Anhui,Huaishang District,0.0,0.0,,,0.0,,,0.0,inf,https://www.nature.com/articles/s41597-025-04875-3; https://doi.org/10.6084/m9.figshare.27646707,B,"County-level injection capacity; pressure interference, plume geometry, and well count still need reservoir simulation."
county,Anhui,Longzi Lake District,0.0,0.0,,,0.0,,,0.0,inf,https://www.nature.com/articles/s41597-025-04875-3; https://doi.org/10.6084/m9.figshare.27646707,B,"County-level injection capacity; pressure interference, plume geometry, and well count still need reservoir simulation."
county,Anhui,Wuhe County,0.0,0.0,,,0.0,,,0.0,inf,https://www.nature.com/articles/s41597-025-04875-3; https://doi.org/10.6084/m9.figshare.27646707,B,"County-level injection capacity; pressure interference, plume geometry, and well count still need reservoir simulation."
county,Anhui,Yuhuai District,0.0,0.0,,,0.0,,,0.0,inf,https://www.nature.com/articles/s41597-025-04875-3; https://doi.org/10.6084/m9.figshare.27646707,B,"County-level injection capacity; pressure interference, plume geometry, and well count still need reservoir simulation."
county,Anhui,Leesing County,3602.43,36.09,,,0.0,,,36.09,99.81795511221944,https://www.nature.com/articles/s41597-025-04875-3; https://doi.org/10.6084/m9.figshare.27646707,B,"County-level injection capacity; pressure interference, plume geometry, and well count still need reservoir simulation."
county,Anhui,Mengcheng County,0.0,0.0,,,0.0,,,0.0,inf,https://www.nature.com/articles/s41597-025-04875-3; https://doi.org/10.6084/m9.figshare.27646707,B,"County-level injection capacity; pressure interference, plume geometry, and well count still need reservoir simulation."
county,Anhui,Qiaocheng District,890.67,38.91,,,0.0,,,38.91,22.8905165767155,https://www.nature.com/articles/s41597-025-04875-3; https://doi.org/10.6084/m9.figshare.27646707,B,"County-level injection capacity; pressure interference, plume geometry, and well count still need reservoir simulation."
county,Anhui,Guoyang County,166.66,10.63,,,0.0,,,10.63,15.678269049858889,https://www.nature.com/articles/s41597-025-04875-3; https://doi.org/10.6084/m9.figshare.27646707,B,"County-level injection capacity; pressure interference, plume geometry, and well count still need reservoir simulation."
county,Anhui,Dongzhi County,0.0,0.0,,,0.0,,,0.0,inf,https://www.nature.com/articles/s41597-025-04875-3; https://doi.org/10.6084/m9.figshare.27646707,B,"County-level injection capacity; pressure interference, plume geometry, and well count still need reservoir simulation."
county,Anhui,Kuichi District,0.0,0.0,,,0.0,,,0.0,inf,https://www.nature.com/articles/s41597-025-04875-3; https://doi.org/10.6084/m9.figshare.27646707,B,"County-level injection capacity; pressure interference, plume geometry, and well count still need reservoir simulation."
county,Anhui,Qingyang County,0.0,0.0,,,0.0,,,0.0,inf,https://www.nature.com/articles/s41597-025-04875-3; https://doi.org/10.6084/m9.figshare.27646707,B,"County-level injection capacity; pressure interference, plume geometry, and well count still need reservoir simulation."
county,Anhui,Shitai County,0.0,0.0,,,0.0,,,0.0,inf,https://www.nature.com/articles/s41597-025-04875-3; https://doi.org/10.6084/m9.figshare.27646707,B,"County-level injection capacity; pressure interference, plume geometry, and well count still need reservoir simulation."
county,Anhui,Dingyuan County,11803.47,1.77,,,0.0,,,1.77,6668.627118644067,https://www.nature.com/articles/s41597-025-04875-3; https://doi.org/10.6084/m9.figshare.27646707,B,"County-level injection capacity; pressure interference, plume geometry, and well count still need reservoir simulation."
county,Anhui,Fengyang County,0.0,0.0,,,0.0,,,0.0,inf,https://www.nature.com/articles/s41597-025-04875-3; https://doi.org/10.6084/m9.figshare.27646707,B,"County-level injection capacity; pressure interference, plume geometry, and well count still need reservoir simulation."
county,Anhui,Lai 'an County,831.63,5.4,,,0.0,,,5.4,154.00555555555553,https://www.nature.com/articles/s41597-025-04875-3; https://doi.org/10.6084/m9.figshare.27646707,B,"County-level injection capacity; pressure interference, plume geometry, and well count still need reservoir simulation."
county,Anhui,Langya District,168.34,3.79,,,0.0,,,3.79,44.41688654353562,https://www.nature.com/articles/s41597-025-04875-3; https://doi.org/10.6084/m9.figshare.27646707,B,"County-level injection capacity; pressure interference, plume geometry, and well count still need reservoir simulation."
county,Anhui,Meizuang City,665.29,3.79,,,0.0,,,3.79,175.5382585751979,https://www.nature.com/articles/s41597-025-04875-3; https://doi.org/10.6084/m9.figshare.27646707,B,"County-level injection capacity; pressure interference, plume geometry, and well count still need reservoir simulation."
county,Anhui,Nanqiao District,230.19,3.79,,,0.0,,,3.79,60.736147757255935,https://www.nature.com/articles/s41597-025-04875-3; https://doi.org/10.6084/m9.figshare.27646707,B,"County-level injection capacity; pressure interference, plume geometry, and well count still need reservoir simulation."
county,Anhui,Quanjiao County,0.0,0.0,,,0.0,,,0.0,inf,https://www.nature.com/articles/s41597-025-04875-3; https://doi.org/10.6084/m9.figshare.27646707,B,"County-level injection capacity; pressure interference, plume geometry, and well count still need reservoir simulation."
county,Anhui,Tianchang City,1132.33,6.79,,,13.95,,,20.74,54.59643201542912,https://www.nature.com/articles/s41597-025-04875-3; https://doi.org/10.6084/m9.figshare.27646707,B,"County-level injection capacity; pressure interference, plume geometry, and well count still need reservoir simulation."
county,Anhui,Funan County,146.34,4.52,,,0.0,,,4.52,32.37610619469027,https://www.nature.com/articles/s41597-025-04875-3; https://doi.org/10.6084/m9.figshare.27646707,B,"County-level injection capacity; pressure interference, plume geometry, and well count still need reservoir simulation."
county,Anhui,Jieshou City,2685.05,23.0,,,0.0,,,23.0,116.7413043478261,https://www.nature.com/articles/s41597-025-04875-3; https://doi.org/10.6084/m9.figshare.27646707,B,"County-level injection capacity; pressure interference, plume geometry, and well count still need reservoir simulation."
county,Anhui,Linquan County,1652.68,33.72,,,0.0,,,33.72,49.01186239620404,https://www.nature.com/articles/s41597-025-04875-3; https://doi.org/10.6084/m9.figshare.27646707,B,"County-level injection capacity; pressure interference, plume geometry, and well count still need reservoir simulation."
county,Anhui,Taihe County,6974.38,27.88,,,14.64,,,42.519999999999996,164.02587017873944,https://www.nature.com/articles/s41597-025-04875-3; https://doi.org/10.6084/m9.figshare.27646707,B,"County-level injection capacity; pressure interference, plume geometry, and well count still need reservoir simulation."
county,Anhui,Yingdong District,207.16,17.83,,,0.0,,,17.83,11.618620302860348,https://www.nature.com/articles/s41597-025-04875-3; https://doi.org/10.6084/m9.figshare.27646707,B,"County-level injection capacity; pressure interference, plume geometry, and well count still need reservoir simulation."
county,Anhui,Yingquan District,557.34,25.94,,,0.0,,,25.94,21.48573631457209,https://www.nature.com/articles/s41597-025-04875-3; https://doi.org/10.6084/m9.figshare.27646707,B,"County-level injection capacity; pressure interference, plume geometry, and well count still need reservoir simulation."
county,Anhui,Yingshang County,1672.7,0.35,,,0.0,,,0.35,4779.142857142858,https://www.nature.com/articles/s41597-025-04875-3; https://doi.org/10.6084/m9.figshare.27646707,B,"County-level injection capacity; pressure interference, plume geometry, and well count still need reservoir simulation."
county,Anhui,Yingzhou District,433.45,11.0,,,0.0,,,11.0,39.404545454545456,https://www.nature.com/articles/s41597-025-04875-3; https://doi.org/10.6084/m9.figshare.27646707,B,"County-level injection capacity; pressure interference, plume geometry, and well count still need reservoir simulation."
county,Anhui,Baohe District,1884.12,0.78,,,0.0,,,0.78,2415.5384615384614,https://www.nature.com/articles/s41597-025-04875-3; https://doi.org/10.6084/m9.figshare.27646707,B,"County-level injection capacity; pressure interference, plume geometry, and well count still need reservoir simulation."
county,Anhui,Chaohu City,0.0,0.0,,,0.0,,,0.0,inf,https://www.nature.com/articles/s41597-025-04875-3; https://doi.org/10.6084/m9.figshare.27646707,B,"County-level injection capacity; pressure interference, plume geometry, and well count still need reservoir simulation."
county,Anhui,Feidong County,12325.68,1.72,,,0.0,,,1.72,7166.093023255814,https://www.nature.com/articles/s41597-025-04875-3; https://doi.org/10.6084/m9.figshare.27646707,B,"County-level injection capacity; pressure interference, plume geometry, and well count still need reservoir simulation."
county,Anhui,Feixi County,4737.42,0.59,,,0.0,,,0.59,8029.5254237288145,https://www.nature.com/articles/s41597-025-04875-3; https://doi.org/10.6084/m9.figshare.27646707,B,"County-level injection capacity; pressure interference, plume geometry, and well count still need reservoir simulation."
county,Anhui,Lujiang County,200.83,0.16,,,0.0,,,0.16,1255.1875,https://www.nature.com/articles/s41597-025-04875-3; https://doi.org/10.6084/m9.figshare.27646707,B,"County-level injection capacity; pressure interference, plume geometry, and well count still need reservoir simulation."
county,Anhui,Luyang District,313.56,0.14,,,0.0,,,0.14,2239.7142857142853,https://www.nature.com/articles/s41597-025-04875-3; https://doi.org/10.6084/m9.figshare.27646707,B,"County-level injection capacity; pressure interference, plume geometry, and well count still need reservoir simulation."
county,Anhui,Shushan District,1653.24,0.27,,,0.0,,,0.27,6123.11111111111,https://www.nature.com/articles/s41597-025-04875-3; https://doi.org/10.6084/m9.figshare.27646707,B,"County-level injection capacity; pressure interference, plume geometry, and well count still need reservoir simulation."
county,Anhui,Yaohai District,1001.99,0.46,,,0.0,,,0.46,2178.2391304347825,https://www.nature.com/articles/s41597-025-04875-3; https://doi.org/10.6084/m9.figshare.27646707,B,"County-level injection capacity; pressure interference, plume geometry, and well count still need reservoir simulation."
county,Anhui,Changfeng County,6432.08,1.14,,,0.0,,,1.14,5642.175438596491,https://www.nature.com/articles/s41597-025-04875-3; https://doi.org/10.6084/m9.figshare.27646707,B,"County-level injection capacity; pressure interference, plume geometry, and well count still need reservoir simulation."
county,Anhui,Dujskiy District,0.0,0.0,,,0.0,,,0.0,inf,https://www.nature.com/articles/s41597-025-04875-3; https://doi.org/10.6084/m9.figshare.27646707,B,"County-level injection capacity; pressure interference, plume geometry, and well count still need reservoir simulation."
county,Anhui,Lieshan District,0.0,0.0,,,0.0,,,0.0,inf,https://www.nature.com/articles/s41597-025-04875-3; https://doi.org/10.6084/m9.figshare.27646707,B,"County-level injection capacity; pressure interference, plume geometry, and well count still need reservoir simulation."
county,Anhui,Suixi County,0.0,0.0,,,0.0,,,0.0,inf,https://www.nature.com/articles/s41597-025-04875-3; https://doi.org/10.6084/m9.figshare.27646707,B,"County-level injection capacity; pressure interference, plume geometry, and well count still need reservoir simulation."
county,Anhui,Xiangshan District,0.0,0.0,,,0.0,,,0.0,inf,https://www.nature.com/articles/s41597-025-04875-3; https://doi.org/10.6084/m9.figshare.27646707,B,"County-level injection capacity; pressure interference, plume geometry, and well count still need reservoir simulation."
county,Anhui,Bagongshan District,0.0,0.0,,,0.0,,,0.0,inf,https://www.nature.com/articles/s41597-025-04875-3; https://doi.org/10.6084/m9.figshare.27646707,B,"County-level injection capacity; pressure interference, plume geometry, and well count still need reservoir simulation."
county,Anhui,Datong District,124.74,0.13,,,0.0,,,0.13,959.5384615384614,https://www.nature.com/articles/s41597-025-04875-3; https://doi.org/10.6084/m9.figshare.27646707,B,"County-level injection capacity; pressure interference, plume geometry, and well count still need reservoir simulation."
county,Anhui,Fengtai County,146.54,0.03,,,0.0,,,0.03,4884.666666666667,https://www.nature.com/articles/s41597-025-04875-3; https://doi.org/10.6084/m9.figshare.27646707,B,"County-level injection capacity; pressure interference, plume geometry, and well count still need reservoir simulation."
county,Anhui,Panjic District,0.0,0.0,,,0.0,,,0.0,inf,https://www.nature.com/articles/s41597-025-04875-3; https://doi.org/10.6084/m9.figshare.27646707,B,"County-level injection capacity; pressure interference, plume geometry, and well count still need reservoir simulation."
county,Anhui,Shou County,4786.71,0.14,,,0.0,,,0.14,34190.78571428571,https://www.nature.com/articles/s41597-025-04875-3; https://doi.org/10.6084/m9.figshare.27646707,B,"County-level injection capacity; pressure interference, plume geometry, and well count still need reservoir simulation."
county,Anhui,Tian Jia 'an District,124.0,0.05,,,0.0,,,0.05,2480.0,https://www.nature.com/articles/s41597-025-04875-3; https://doi.org/10.6084/m9.figshare.27646707,B,"County-level injection capacity; pressure interference, plume geometry, and well count still need reservoir simulation."
county,Anhui,Xie Jia gathering District,248.0,0.05,,,0.0,,,0.05,4960.0,https://www.nature.com/articles/s41597-025-04875-3; https://doi.org/10.6084/m9.figshare.27646707,B,"County-level injection capacity; pressure interference, plume geometry, and well count still need reservoir simulation."
county,Anhui,Huangshan District,0.0,0.0,,,0.0,,,0.0,inf,https://www.nature.com/articles/s41597-025-04875-3; https://doi.org/10.6084/m9.figshare.27646707,B,"County-level injection capacity; pressure interference, plume geometry, and well count still need reservoir simulation."
county,Anhui,Huizhou District,0.0,0.0,,,0.0,,,0.0,inf,https://www.nature.com/articles/s41597-025-04875-3; https://doi.org/10.6084/m9.figshare.27646707,B,"County-level injection capacity; pressure interference, plume geometry, and well count still need reservoir simulation."
county,Anhui,Qimen County,0.0,0.0,,,0.0,,,0.0,inf,https://www.nature.com/articles/s41597-025-04875-3; https://doi.org/10.6084/m9.figshare.27646707,B,"County-level injection capacity; pressure interference, plume geometry, and well count still need reservoir simulation."
county,Anhui,Shexian County (in Anhui Province),0.0,0.0,,,0.0,,,0.0,inf,https://www.nature.com/articles/s41597-025-04875-3; https://doi.org/10.6084/m9.figshare.27646707,B,"County-level injection capacity; pressure interference, plume geometry, and well count still need reservoir simulation."
county,Anhui,Tunxi District,0.0,0.0,,,0.0,,,0.0,inf,https://www.nature.com/articles/s41597-025-04875-3; https://doi.org/10.6084/m9.figshare.27646707,B,"County-level injection capacity; pressure interference, plume geometry, and well count still need reservoir simulation."
county,Anhui,Xiuning County,0.0,0.0,,,0.0,,,0.0,inf,https://www.nature.com/articles/s41597-025-04875-3; https://doi.org/10.6084/m9.figshare.27646707,B,"County-level injection capacity; pressure interference, plume geometry, and well count still need reservoir simulation."
county,Anhui,Yi County,0.0,0.0,,,0.0,,,0.0,inf,https://www.nature.com/articles/s41597-025-04875-3; https://doi.org/10.6084/m9.figshare.27646707,B,"County-level injection capacity; pressure interference, plume geometry, and well count still need reservoir simulation."
county,Anhui,Huoqiu County,5303.01,0.33,,,0.0,,,0.33,16069.727272727272,https://www.nature.com/articles/s41597-025-04875-3; https://doi.org/10.6084/m9.figshare.27646707,B,"County-level injection capacity; pressure interference, plume geometry, and well count still need reservoir simulation."
county,Anhui,Huoshan County,0.0,0.0,,,0.0,,,0.0,inf,https://www.nature.com/articles/s41597-025-04875-3; https://doi.org/10.6084/m9.figshare.27646707,B,"County-level injection capacity; pressure interference, plume geometry, and well count still need reservoir simulation."
county,Anhui,Jin 'an District,2657.09,0.15,,,0.0,,,0.15,17713.933333333334,https://www.nature.com/articles/s41597-025-04875-3; https://doi.org/10.6084/m9.figshare.27646707,B,"County-level injection capacity; pressure interference, plume geometry, and well count still need reservoir simulation."
county,Anhui,Jinzhai County,0.0,0.0,,,0.0,,,0.0,inf,https://www.nature.com/articles/s41597-025-04875-3; https://doi.org/10.6084/m9.figshare.27646707,B,"County-level injection capacity; pressure interference, plume geometry, and well count still need reservoir simulation."
county,Anhui,Shucheng County,1844.45,0.26,,,0.0,,,0.26,7094.038461538462,https://www.nature.com/articles/s41597-025-04875-3; https://doi.org/10.6084/m9.figshare.27646707,B,"County-level injection capacity; pressure interference, plume geometry, and well count still need reservoir simulation."
county,Anhui,Yeji District,1683.87,0.32,,,0.0,,,0.32,5262.09375,https://www.nature.com/articles/s41597-025-04875-3; https://doi.org/10.6084/m9.figshare.27646707,B,"County-level injection capacity; pressure interference, plume geometry, and well count still need reservoir simulation."
county,Anhui,Yu 'an District,3084.33,0.28,,,0.0,,,0.28,11015.464285714284,https://www.nature.com/articles/s41597-025-04875-3; https://doi.org/10.6084/m9.figshare.27646707,B,"County-level injection capacity; pressure interference, plume geometry, and well count still need reservoir simulation."
county,Anhui,Bowang District,0.0,0.0,,,0.0,,,0.0,inf,https://www.nature.com/articles/s41597-025-04875-3; https://doi.org/10.6084/m9.figshare.27646707,B,"County-level injection capacity; pressure interference, plume geometry, and well count still need reservoir simulation."
county,Anhui,Dangtu County,0.0,0.0,,,0.0,,,0.0,inf,https://www.nature.com/articles/s41597-025-04875-3; https://doi.org/10.6084/m9.figshare.27646707,B,"County-level injection capacity; pressure interference, plume geometry, and well count still need reservoir simulation."
county,Anhui,Hanshan County,0.0,0.0,,,0.0,,,0.0,inf,https://www.nature.com/articles/s41597-025-04875-3; https://doi.org/10.6084/m9.figshare.27646707,B,"County-level injection capacity; pressure interference, plume geometry, and well count still need reservoir simulation."
county,Anhui,He County,0.0,0.0,,,0.0,,,0.0,inf,https://www.nature.com/articles/s41597-025-04875-3; https://doi.org/10.6084/m9.figshare.27646707,B,"County-level injection capacity; pressure interference, plume geometry, and well count still need reservoir simulation."
county,Anhui,Huashan District,0.0,0.0,,,0.0,,,0.0,inf,https://www.nature.com/articles/s41597-025-04875-3; https://doi.org/10.6084/m9.figshare.27646707,B,"County-level injection capacity; pressure interference, plume geometry, and well count still need reservoir simulation."
county,Anhui,Imbriated mountain area,0.0,0.0,,,0.0,,,0.0,inf,https://www.nature.com/articles/s41597-025-04875-3; https://doi.org/10.6084/m9.figshare.27646707,B,"County-level injection capacity; pressure interference, plume geometry, and well count still need reservoir simulation."
county,Anhui,Dangshan County,0.0,0.0,,,0.0,,,0.0,inf,https://www.nature.com/articles/s41597-025-04875-3; https://doi.org/10.6084/m9.figshare.27646707,B,"County-level injection capacity; pressure interference, plume geometry, and well count still need reservoir simulation."
county,Anhui,Lingbi County,0.0,0.0,,,0.0,,,0.0,inf,https://www.nature.com/articles/s41597-025-04875-3; https://doi.org/10.6084/m9.figshare.27646707,B,"County-level injection capacity; pressure interference, plume geometry, and well count still need reservoir simulation."
county,Anhui,Sixian County,0.0,0.0,,,0.0,,,0.0,inf,https://www.nature.com/articles/s41597-025-04875-3; https://doi.org/10.6084/m9.figshare.27646707,B,"County-level injection capacity; pressure interference, plume geometry, and well count still need reservoir simulation."
county,Anhui,Xiao County,0.0,0.0,,,0.0,,,0.0,inf,https://www.nature.com/articles/s41597-025-04875-3; https://doi.org/10.6084/m9.figshare.27646707,B,"County-level injection capacity; pressure interference, plume geometry, and well count still need reservoir simulation."
county,Anhui,Yongqiao District,0.0,0.0,,,0.0,,,0.0,inf,https://www.nature.com/articles/s41597-025-04875-3; https://doi.org/10.6084/m9.figshare.27646707,B,"County-level injection capacity; pressure interference, plume geometry, and well count still need reservoir simulation."
county,Anhui,Zongyang County,0.0,0.0,,,0.0,,,0.0,inf,https://www.nature.com/articles/s41597-025-04875-3; https://doi.org/10.6084/m9.figshare.27646707,B,"County-level injection capacity; pressure interference, plume geometry, and well count still need reservoir simulation."
county,Anhui,Jiao District,0.0,0.0,,,0.0,,,0.0,inf,https://www.nature.com/articles/s41597-025-04875-3; https://doi.org/10.6084/m9.figshare.27646707,B,"County-level injection capacity; pressure interference, plume geometry, and well count still need reservoir simulation."
county,Anhui,Tongguan District,0.0,0.0,,,0.0,,,0.0,inf,https://www.nature.com/articles/s41597-025-04875-3; https://doi.org/10.6084/m9.figshare.27646707,B,"County-level injection capacity; pressure interference, plume geometry, and well count still need reservoir simulation."
county,Anhui,Ngee 'an District,0.0,0.0,,,0.0,,,0.0,inf,https://www.nature.com/articles/s41597-025-04875-3; https://doi.org/10.6084/m9.figshare.27646707,B,"County-level injection capacity; pressure interference, plume geometry, and well count still need reservoir simulation."
county,Anhui,Fanchang District,0.0,0.0,,,0.0,,,0.0,inf,https://www.nature.com/articles/s41597-025-04875-3; https://doi.org/10.6084/m9.figshare.27646707,B,"County-level injection capacity; pressure interference, plume geometry, and well count still need reservoir simulation."
county,Anhui,Jinghu District,0.0,0.0,,,0.0,,,0.0,inf,https://www.nature.com/articles/s41597-025-04875-3; https://doi.org/10.6084/m9.figshare.27646707,B,"County-level injection capacity; pressure interference, plume geometry, and well count still need reservoir simulation."
county,Anhui,Jiujiang District,0.0,0.0,,,0.0,,,0.0,inf,https://www.nature.com/articles/s41597-025-04875-3; https://doi.org/10.6084/m9.figshare.27646707,B,"County-level injection capacity; pressure interference, plume geometry, and well count still need reservoir simulation."
county,Anhui,Nanling County,0.0,0.0,,,0.0,,,0.0,inf,https://www.nature.com/articles/s41597-025-04875-3; https://doi.org/10.6084/m9.figshare.27646707,B,"County-level injection capacity; pressure interference, plume geometry, and well count still need reservoir simulation."
county,Anhui,Wanzhi District,0.0,0.0,,,0.0,,,0.0,inf,https://www.nature.com/articles/s41597-025-04875-3; https://doi.org/10.6084/m9.figshare.27646707,B,"County-level injection capacity; pressure interference, plume geometry, and well count still need reservoir simulation."
county,Anhui,Wushi City,0.0,0.0,,,0.0,,,0.0,inf,https://www.nature.com/articles/s41597-025-04875-3; https://doi.org/10.6084/m9.figshare.27646707,B,"County-level injection capacity; pressure interference, plume geometry, and well count still need reservoir simulation."
county,Anhui,Yijiang District,0.0,0.0,,,0.0,,,0.0,inf,https://www.nature.com/articles/s41597-025-04875-3; https://doi.org/10.6084/m9.figshare.27646707,B,"County-level injection capacity; pressure interference, plume geometry, and well count still need reservoir simulation."
county,Anhui,Guangde City,0.0,0.0,,,0.0,,,0.0,inf,https://www.nature.com/articles/s41597-025-04875-3; https://doi.org/10.6084/m9.figshare.27646707,B,"County-level injection capacity; pressure interference, plume geometry, and well count still need reservoir simulation."
county,Anhui,Jixi County,0.0,0.0,,,0.0,,,0.0,inf,https://www.nature.com/articles/s41597-025-04875-3; https://doi.org/10.6084/m9.figshare.27646707,B,"County-level injection capacity; pressure interference, plume geometry, and well count still need reservoir simulation."
county,Anhui,Jing County,0.0,0.0,,,0.0,,,0.0,inf,https://www.nature.com/articles/s41597-025-04875-3; https://doi.org/10.6084/m9.figshare.27646707,B,"County-level injection capacity; pressure interference, plume geometry, and well count still need reservoir simulation."
county,Anhui,Jingde County,0.0,0.0,,,0.0,,,0.0,inf,https://www.nature.com/articles/s41597-025-04875-3; https://doi.org/10.6084/m9.figshare.27646707,B,"County-level injection capacity; pressure interference, plume geometry, and well count still need reservoir simulation."
county,Anhui,Langxi County,0.0,0.0,,,0.0,,,0.0,inf,https://www.nature.com/articles/s41597-025-04875-3; https://doi.org/10.6084/m9.figshare.27646707,B,"County-level injection capacity; pressure interference, plume geometry, and well count still need reservoir simulation."
county,Anhui,Ningguo City,0.0,0.0,,,0.0,,,0.0,inf,https://www.nature.com/articles/s41597-025-04875-3; https://doi.org/10.6084/m9.figshare.27646707,B,"County-level injection capacity; pressure interference, plume geometry, and well count still need reservoir simulation."
county,Anhui,Xuanzhou District,0.0,0.0,,,0.0,,,0.0,inf,https://www.nature.com/articles/s41597-025-04875-3; https://doi.org/10.6084/m9.figshare.27646707,B,"County-level injection capacity; pressure interference, plume geometry, and well count still need reservoir simulation."
county,Macao Special Administrative Region,Datang  District,0.0,0.0,,,0.0,,,0.0,inf,https://www.nature.com/articles/s41597-025-04875-3; https://doi.org/10.6084/m9.figshare.27646707,B,"County-level injection capacity; pressure interference, plume geometry, and well count still need reservoir simulation."
county,Macao Special Administrative Region,Freguesia de S．Lourenço,0.0,0.0,,,0.0,,,0.0,inf,https://www.nature.com/articles/s41597-025-04875-3; https://doi.org/10.6084/m9.figshare.27646707,B,"County-level injection capacity; pressure interference, plume geometry, and well count still need reservoir simulation."
county,Macao Special Administrative Region,Our Lady Fatima Parish,0.0,0.0,,,0.0,,,0.0,inf,https://www.nature.com/articles/s41597-025-04875-3; https://doi.org/10.6084/m9.figshare.27646707,B,"County-level injection capacity; pressure interference, plume geometry, and well count still need reservoir simulation."
county,Macao Special Administrative Region,St. Anthony Parish,0.0,0.0,,,0.0,,,0.0,inf,https://www.nature.com/articles/s41597-025-04875-3; https://doi.org/10.6084/m9.figshare.27646707,B,"County-level injection capacity; pressure interference, plume geometry, and well count still need reservoir simulation."
county,Macao Special Administrative Region,Our Lady Of Carmel's Parish,0.0,0.0,,,0.0,,,0.0,inf,https://www.nature.com/articles/s41597-025-04875-3; https://doi.org/10.6084/m9.figshare.27646707,B,"County-level injection capacity; pressure interference, plume geometry, and well count still need reservoir simulation."
county,Macao Special Administrative Region,Cotai,0.0,0.0,,,0.0,,,0.0,inf,https://www.nature.com/articles/s41597-025-04875-3; https://doi.org/10.6084/m9.figshare.27646707,B,"County-level injection capacity; pressure interference, plume geometry, and well count still need reservoir simulation."
county,Macao Special Administrative Region,St. Francis Parish,0.0,0.0,,,0.0,,,0.0,inf,https://www.nature.com/articles/s41597-025-04875-3; https://doi.org/10.6084/m9.figshare.27646707,B,"County-level injection capacity; pressure interference, plume geometry, and well count still need reservoir simulation."
county,Macao Special Administrative Region,St. Lazarus Parish,0.0,0.0,,,0.0,,,0.0,inf,https://www.nature.com/articles/s41597-025-04875-3; https://doi.org/10.6084/m9.figshare.27646707,B,"County-level injection capacity; pressure interference, plume geometry, and well count still need reservoir simulation."
county,Beijing,Changping District,0.0,0.0,,,0.0,,,0.0,inf,https://www.nature.com/articles/s41597-025-04875-3; https://doi.org/10.6084/m9.figshare.27646707,B,"County-level injection capacity; pressure interference, plume geometry, and well count still need reservoir simulation."
county,Beijing,Chaoyang District,0.0,0.0,,,0.0,,,0.0,inf,https://www.nature.com/articles/s41597-025-04875-3; https://doi.org/10.6084/m9.figshare.27646707,B,"County-level injection capacity; pressure interference, plume geometry, and well count still need reservoir simulation."
county,Beijing,Daxing District,0.83,0.0,,,53.32,,,53.32,0.015566391597899474,https://www.nature.com/articles/s41597-025-04875-3; https://doi.org/10.6084/m9.figshare.27646707,B,"County-level injection capacity; pressure interference, plume geometry, and well count still need reservoir simulation."
county,Beijing,Dongcheng District,0.0,0.0,,,0.0,,,0.0,inf,https://www.nature.com/articles/s41597-025-04875-3; https://doi.org/10.6084/m9.figshare.27646707,B,"County-level injection capacity; pressure interference, plume geometry, and well count still need reservoir simulation."
county,Beijing,Fangshan District,0.0,0.0,,,0.0,,,0.0,inf,https://www.nature.com/articles/s41597-025-04875-3; https://doi.org/10.6084/m9.figshare.27646707,B,"County-level injection capacity; pressure interference, plume geometry, and well count still need reservoir simulation."
county,Beijing,Fengtai District,0.0,0.0,,,0.0,,,0.0,inf,https://www.nature.com/articles/s41597-025-04875-3; https://doi.org/10.6084/m9.figshare.27646707,B,"County-level injection capacity; pressure interference, plume geometry, and well count still need reservoir simulation."
county,Beijing,Haidian District,0.0,0.0,,,0.0,,,0.0,inf,https://www.nature.com/articles/s41597-025-04875-3; https://doi.org/10.6084/m9.figshare.27646707,B,"County-level injection capacity; pressure interference, plume geometry, and well count still need reservoir simulation."
county,Beijing,Huairou District,0.0,0.0,,,0.0,,,0.0,inf,https://www.nature.com/articles/s41597-025-04875-3; https://doi.org/10.6084/m9.figshare.27646707,B,"County-level injection capacity; pressure interference, plume geometry, and well count still need reservoir simulation."
county,Beijing,Mentougou District,0.0,0.0,,,0.0,,,0.0,inf,https://www.nature.com/articles/s41597-025-04875-3; https://doi.org/10.6084/m9.figshare.27646707,B,"County-level injection capacity; pressure interference, plume geometry, and well count still need reservoir simulation."
county,Beijing,Miyun District,0.0,0.0,,,0.0,,,0.0,inf,https://www.nature.com/articles/s41597-025-04875-3; https://doi.org/10.6084/m9.figshare.27646707,B,"County-level injection capacity; pressure interference, plume geometry, and well count still need reservoir simulation."
county,Beijing,Pinggu District,0.0,0.0,,,0.0,,,0.0,inf,https://www.nature.com/articles/s41597-025-04875-3; https://doi.org/10.6084/m9.figshare.27646707,B,"County-level injection capacity; pressure interference, plume geometry, and well count still need reservoir simulation."
county,Beijing,Shijingshan District,0.0,0.0,,,0.0,,,0.0,inf,https://www.nature.com/articles/s41597-025-04875-3; https://doi.org/10.6084/m9.figshare.27646707,B,"County-level injection capacity; pressure interference, plume geometry, and well count still need reservoir simulation."
county,Beijing,Shunyi District,0.0,0.0,,,0.0,,,0.0,inf,https://www.nature.com/articles/s41597-025-04875-3; https://doi.org/10.6084/m9.figshare.27646707,B,"County-level injection capacity; pressure interference, plume geometry, and well count still need reservoir simulation."
county,Beijing,Tongzhou District,0.11,0.0,,,0.0,,,0.0,inf,https://www.nature.com/articles/s41597-025-04875-3; https://doi.org/10.6084/m9.figshare.27646707,B,"County-level injection capacity; pressure interference, plume geometry, and well count still need reservoir simulation."
county,Beijing,Xicheng District,0.0,0.0,,,0.0,,,0.0,inf,https://www.nature.com/articles/s41597-025-04875-3; https://doi.org/10.6084/m9.figshare.27646707,B,"County-level injection capacity; pressure interference, plume geometry, and well count still need reservoir simulation."
county,Beijing,Yanqing District,0.0,0.0,,,0.0,,,0.0,inf,https://www.nature.com/articles/s41597-025-04875-3; https://doi.org/10.6084/m9.figshare.27646707,B,"County-level injection capacity; pressure interference, plume geometry, and well count still need reservoir simulation."
county,Fujian,Cangshan District,0.0,0.0,,,0.0,,,0.0,inf,https://www.nature.com/articles/s41597-025-04875-3; https://doi.org/10.6084/m9.figshare.27646707,B,"County-level injection capacity; pressure interference, plume geometry, and well count still need reservoir simulation."
county,Fujian,Fuqing City,0.0,0.0,,,0.0,,,0.0,inf,https://www.nature.com/articles/s41597-025-04875-3; https://doi.org/10.6084/m9.figshare.27646707,B,"County-level injection capacity; pressure interference, plume geometry, and well count still need reservoir simulation."
county,Fujian,Gulou District,0.0,0.0,,,0.0,,,0.0,inf,https://www.nature.com/articles/s41597-025-04875-3; https://doi.org/10.6084/m9.figshare.27646707,B,"County-level injection capacity; pressure interference, plume geometry, and well count still need reservoir simulation."
county,Fujian,Jin 'an District,0.0,0.0,,,0.0,,,0.0,inf,https://www.nature.com/articles/s41597-025-04875-3; https://doi.org/10.6084/m9.figshare.27646707,B,"County-level injection capacity; pressure interference, plume geometry, and well count still need reservoir simulation."
county,Fujian,Lianjiang County,0.0,0.0,,,0.0,,,0.0,inf,https://www.nature.com/articles/s41597-025-04875-3; https://doi.org/10.6084/m9.figshare.27646707,B,"County-level injection capacity; pressure interference, plume geometry, and well count still need reservoir simulation."
county,Fujian,Luoyuan County,0.0,0.0,,,0.0,,,0.0,inf,https://www.nature.com/articles/s41597-025-04875-3; https://doi.org/10.6084/m9.figshare.27646707,B,"County-level injection capacity; pressure interference, plume geometry, and well count still need reservoir simulation."
county,Fujian,equina,0.0,0.0,,,0.0,,,0.0,inf,https://www.nature.com/articles/s41597-025-04875-3; https://doi.org/10.6084/m9.figshare.27646707,B,"County-level injection capacity; pressure interference, plume geometry, and well count still need reservoir simulation."
county,Fujian,Minhou County,0.0,0.0,,,0.0,,,0.0,inf,https://www.nature.com/articles/s41597-025-04875-3; https://doi.org/10.6084/m9.figshare.27646707,B,"County-level injection capacity; pressure interference, plume geometry, and well count still need reservoir simulation."
county,Fujian,Minqing County,0.0,0.0,,,0.0,,,0.0,inf,https://www.nature.com/articles/s41597-025-04875-3; https://doi.org/10.6084/m9.figshare.27646707,B,"County-level injection capacity; pressure interference, plume geometry, and well count still need reservoir simulation."
county,Fujian,Pingtan County,0.0,0.0,,,0.0,,,0.0,inf,https://www.nature.com/articles/s41597-025-04875-3; https://doi.org/10.6084/m9.figshare.27646707,B,"County-level injection capacity; pressure interference, plume geometry, and well count still need reservoir simulation."
county,Fujian,Taijiang District,0.0,0.0,,,0.0,,,0.0,inf,https://www.nature.com/articles/s41597-025-04875-3; https://doi.org/10.6084/m9.figshare.27646707,B,"County-level injection capacity; pressure interference, plume geometry, and well count still need reservoir simulation."
county,Fujian,Yongtai County,0.0,0.0,,,0.0,,,0.0,inf,https://www.nature.com/articles/s41597-025-04875-3; https://doi.org/10.6084/m9.figshare.27646707,B,"County-level injection capacity; pressure interference, plume geometry, and well count still need reservoir simulation."
county,Fujian,Changle District,0.0,0.0,,,0.0,,,0.0,inf,https://www.nature.com/articles/s41597-025-04875-3; https://doi.org/10.6084/m9.figshare.27646707,B,"County-level injection capacity; pressure interference, plume geometry, and well count still need reservoir simulation."
county,Fujian,Liancheng County,0.0,0.0,,,0.0,,,0.0,inf,https://www.nature.com/articles/s41597-025-04875-3; https://doi.org/10.6084/m9.figshare.27646707,B,"County-level injection capacity; pressure interference, plume geometry, and well count still need reservoir simulation."
county,Fujian,Shanghang County,0.0,0.0,,,0.0,,,0.0,inf,https://www.nature.com/articles/s41597-025-04875-3; https://doi.org/10.6084/m9.figshare.27646707,B,"County-level injection capacity; pressure interference, plume geometry, and well count still need reservoir simulation."
county,Fujian,Wuping County,0.0,0.0,,,0.0,,,0.0,inf,https://www.nature.com/articles/s41597-025-04875-3; https://doi.org/10.6084/m9.figshare.27646707,B,"County-level injection capacity; pressure interference, plume geometry, and well count still need reservoir simulation."
county,Fujian,Xinluo District,0.0,0.0,,,0.0,,,0.0,inf,https://www.nature.com/articles/s41597-025-04875-3; https://doi.org/10.6084/m9.figshare.27646707,B,"County-level injection capacity; pressure interference, plume geometry, and well count still need reservoir simulation."
county,Fujian,Yongding District,0.0,0.0,,,0.0,,,0.0,inf,https://www.nature.com/articles/s41597-025-04875-3; https://doi.org/10.6084/m9.figshare.27646707,B,"County-level injection capacity; pressure interference, plume geometry, and well count still need reservoir simulation."
county,Fujian,Zhangping City,0.0,0.0,,,0.0,,,0.0,inf,https://www.nature.com/articles/s41597-025-04875-3; https://doi.org/10.6084/m9.figshare.27646707,B,"County-level injection capacity; pressure interference, plume geometry, and well count still need reservoir simulation."
county,Fujian,Changting County,0.0,0.0,,,0.0,,,0.0,inf,https://www.nature.com/articles/s41597-025-04875-3; https://doi.org/10.6084/m9.figshare.27646707,B,"County-level injection capacity; pressure interference, plume geometry, and well count still need reservoir simulation."
county,Fujian,Guangze County,0.0,0.0,,,0.0,,,0.0,inf,https://www.nature.com/articles/s41597-025-04875-3; https://doi.org/10.6084/m9.figshare.27646707,B,"County-level injection capacity; pressure interference, plume geometry, and well count still need reservoir simulation."
county,Fujian,Jian 'ou City,0.0,0.0,,,0.0,,,0.0,inf,https://www.nature.com/articles/s41597-025-04875-3; https://doi.org/10.6084/m9.figshare.27646707,B,"County-level injection capacity; pressure interference, plume geometry, and well count still need reservoir simulation."
county,Fujian,Jianyang District,0.0,0.0,,,0.0,,,0.0,inf,https://www.nature.com/articles/s41597-025-04875-3; https://doi.org/10.6084/m9.figshare.27646707,B,"County-level injection capacity; pressure interference, plume geometry, and well count still need reservoir simulation."
county,Fujian,Pucheng County,0.0,0.0,,,0.0,,,0.0,inf,https://www.nature.com/articles/s41597-025-04875-3; https://doi.org/10.6084/m9.figshare.27646707,B,"County-level injection capacity; pressure interference, plume geometry, and well count still need reservoir simulation."
county,Fujian,Shaowu City,0.0,0.0,,,0.0,,,0.0,inf,https://www.nature.com/articles/s41597-025-04875-3; https://doi.org/10.6084/m9.figshare.27646707,B,"County-level injection capacity; pressure interference, plume geometry, and well count still need reservoir simulation."
county,Fujian,Shunchang County,0.0,0.0,,,0.0,,,0.0,inf,https://www.nature.com/articles/s41597-025-04875-3; https://doi.org/10.6084/m9.figshare.27646707,B,"County-level injection capacity; pressure interference, plume geometry, and well count still need reservoir simulation."
county,Fujian,Songxi County,0.0,0.0,,,0.0,,,0.0,inf,https://www.nature.com/articles/s41597-025-04875-3; https://doi.org/10.6084/m9.figshare.27646707,B,"County-level injection capacity; pressure interference, plume geometry, and well count still need reservoir simulation."
county,Fujian,Wuyishan City,0.0,0.0,,,0.0,,,0.0,inf,https://www.nature.com/articles/s41597-025-04875-3; https://doi.org/10.6084/m9.figshare.27646707,B,"County-level injection capacity; pressure interference, plume geometry, and well count still need reservoir simulation."
county,Fujian,Yanping District,0.0,0.0,,,0.0,,,0.0,inf,https://www.nature.com/articles/s41597-025-04875-3; https://doi.org/10.6084/m9.figshare.27646707,B,"County-level injection capacity; pressure interference, plume geometry, and well count still need reservoir simulation."
county,Fujian,Zhenghe County,0.0,0.0,,,0.0,,,0.0,inf,https://www.nature.com/articles/s41597-025-04875-3; https://doi.org/10.6084/m9.figshare.27646707,B,"County-level injection capacity; pressure interference, plume geometry, and well count still need reservoir simulation."
county,Fujian,Fu'an City,0.0,0.0,,,0.0,,,0.0,inf,https://www.nature.com/articles/s41597-025-04875-3; https://doi.org/10.6084/m9.figshare.27646707,B,"County-level injection capacity; pressure interference, plume geometry, and well count still need reservoir simulation."
county,Fujian,Fuding City,0.0,0.0,,,0.0,,,0.0,inf,https://www.nature.com/articles/s41597-025-04875-3; https://doi.org/10.6084/m9.figshare.27646707,B,"County-level injection capacity; pressure interference, plume geometry, and well count still need reservoir simulation."
county,Fujian,Gutian County,0.0,0.0,,,0.0,,,0.0,inf,https://www.nature.com/articles/s41597-025-04875-3; https://doi.org/10.6084/m9.figshare.27646707,B,"County-level injection capacity; pressure interference, plume geometry, and well count still need reservoir simulation."
county,Fujian,Jiaocheng District,0.0,0.0,,,0.0,,,0.0,inf,https://www.nature.com/articles/s41597-025-04875-3; https://doi.org/10.6084/m9.figshare.27646707,B,"County-level injection capacity; pressure interference, plume geometry, and well count still need reservoir simulation."
county,Fujian,Pingnan County,0.0,0.0,,,0.0,,,0.0,inf,https://www.nature.com/articles/s41597-025-04875-3; https://doi.org/10.6084/m9.figshare.27646707,B,"County-level injection capacity; pressure interference, plume geometry, and well count still need reservoir simulation."
county,Fujian,Shouning County,0.0,0.0,,,0.0,,,0.0,inf,https://www.nature.com/articles/s41597-025-04875-3; https://doi.org/10.6084/m9.figshare.27646707,B,"County-level injection capacity; pressure interference, plume geometry, and well count still need reservoir simulation."
county,Fujian,Xiapu County,0.0,0.0,,,0.0,,,0.0,inf,https://www.nature.com/articles/s41597-025-04875-3; https://doi.org/10.6084/m9.figshare.27646707,B,"County-level injection capacity; pressure interference, plume geometry, and well count still need reservoir simulation."
county,Fujian,Zherong County,0.0,0.0,,,0.0,,,0.0,inf,https://www.nature.com/articles/s41597-025-04875-3; https://doi.org/10.6084/m9.figshare.27646707,B,"County-level injection capacity; pressure interference, plume geometry, and well count still need reservoir simulation."
county,Fujian,Zhouning County,0.0,0.0,,,0.0,,,0.0,inf,https://www.nature.com/articles/s41597-025-04875-3; https://doi.org/10.6084/m9.figshare.27646707,B,"County-level injection capacity; pressure interference, plume geometry, and well count still need reservoir simulation."
county,Fujian,Chengxiang District,0.0,0.0,,,0.0,,,0.0,inf,https://www.nature.com/articles/s41597-025-04875-3; https://doi.org/10.6084/m9.figshare.27646707,B,"County-level injection capacity; pressure interference, plume geometry, and well count still need reservoir simulation."
county,Fujian,Hanjiang District,0.0,0.0,,,0.0,,,0.0,inf,https://www.nature.com/articles/s41597-025-04875-3; https://doi.org/10.6084/m9.figshare.27646707,B,"County-level injection capacity; pressure interference, plume geometry, and well count still need reservoir simulation."
county,Fujian,Licheng District,0.0,0.0,,,0.0,,,0.0,inf,https://www.nature.com/articles/s41597-025-04875-3; https://doi.org/10.6084/m9.figshare.27646707,B,"County-level injection capacity; pressure interference, plume geometry, and well count still need reservoir simulation."
county,Fujian,Xianyou County,0.0,0.0,,,0.0,,,0.0,inf,https://www.nature.com/articles/s41597-025-04875-3; https://doi.org/10.6084/m9.figshare.27646707,B,"County-level injection capacity; pressure interference, plume geometry, and well count still need reservoir simulation."
county,Fujian,Xiuyu District,0.0,0.0,,,0.0,,,0.0,inf,https://www.nature.com/articles/s41597-025-04875-3; https://doi.org/10.6084/m9.figshare.27646707,B,"County-level injection capacity; pressure interference, plume geometry, and well count still need reservoir simulation."
county,Fujian,Anxi County,0.0,0.0,,,0.0,,,0.0,inf,https://www.nature.com/articles/s41597-025-04875-3; https://doi.org/10.6084/m9.figshare.27646707,B,"County-level injection capacity; pressure interference, plume geometry, and well count still need reservoir simulation."
county,Fujian,Dehua County,0.0,0.0,,,0.0,,,0.0,inf,https://www.nature.com/articles/s41597-025-04875-3; https://doi.org/10.6084/m9.figshare.27646707,B,"County-level injection capacity; pressure interference, plume geometry, and well count still need reservoir simulation."
county,Fujian,Fengze District,0.0,0.0,,,0.0,,,0.0,inf,https://www.nature.com/articles/s41597-025-04875-3; https://doi.org/10.6084/m9.figshare.27646707,B,"County-level injection capacity; pressure interference, plume geometry, and well count still need reservoir simulation."
county,Fujian,Huian County,0.0,0.0,,,0.0,,,0.0,inf,https://www.nature.com/articles/s41597-025-04875-3; https://doi.org/10.6084/m9.figshare.27646707,B,"County-level injection capacity; pressure interference, plume geometry, and well count still need reservoir simulation."
county,Fujian,Jinmen County,0.0,0.0,,,0.0,,,0.0,inf,https://www.nature.com/articles/s41597-025-04875-3; https://doi.org/10.6084/m9.figshare.27646707,B,"County-level injection capacity; pressure interference, plume geometry, and well count still need reservoir simulation."
county,Fujian,Jinjiang City,0.0,0.0,,,0.0,,,0.0,inf,https://www.nature.com/articles/s41597-025-04875-3; https://doi.org/10.6084/m9.figshare.27646707,B,"County-level injection capacity; pressure interference, plume geometry, and well count still need reservoir simulation."
county,Fujian,Licheng District,0.0,0.0,,,0.0,,,0.0,inf,https://www.nature.com/articles/s41597-025-04875-3; https://doi.org/10.6084/m9.figshare.27646707,B,"County-level injection capacity; pressure interference, plume geometry, and well count still need reservoir simulation."
county,Fujian,Luojiang District,0.0,0.0,,,0.0,,,0.0,inf,https://www.nature.com/articles/s41597-025-04875-3; https://doi.org/10.6084/m9.figshare.27646707,B,"County-level injection capacity; pressure interference, plume geometry, and well count still need reservoir simulation."
county,Fujian,Nan'an City,0.0,0.0,,,0.0,,,0.0,inf,https://www.nature.com/articles/s41597-025-04875-3; https://doi.org/10.6084/m9.figshare.27646707,B,"County-level injection capacity; pressure interference, plume geometry, and well count still need reservoir simulation."
county,Fujian,Quangang District,0.0,0.0,,,0.0,,,0.0,inf,https://www.nature.com/articles/s41597-025-04875-3; https://doi.org/10.6084/m9.figshare.27646707,B,"County-level injection capacity; pressure interference, plume geometry, and well count still need reservoir simulation."
county,Fujian,Shishi City,0.0,0.0,,,0.0,,,0.0,inf,https://www.nature.com/articles/s41597-025-04875-3; https://doi.org/10.6084/m9.figshare.27646707,B,"County-level injection capacity; pressure interference, plume geometry, and well count still need reservoir simulation."
county,Fujian,Yongchun County,0.0,0.0,,,0.0,,,0.0,inf,https://www.nature.com/articles/s41597-025-04875-3; https://doi.org/10.6084/m9.figshare.27646707,B,"County-level injection capacity; pressure interference, plume geometry, and well count still need reservoir simulation."
county,Fujian,Datian County,0.0,0.0,,,0.0,,,0.0,inf,https://www.nature.com/articles/s41597-025-04875-3; https://doi.org/10.6084/m9.figshare.27646707,B,"County-level injection capacity; pressure interference, plume geometry, and well count still need reservoir simulation."
county,Fujian,Jianning County,0.0,0.0,,,0.0,,,0.0,inf,https://www.nature.com/articles/s41597-025-04875-3; https://doi.org/10.6084/m9.figshare.27646707,B,"County-level injection capacity; pressure interference, plume geometry, and well count still need reservoir simulation."
county,Fujian,Jian'ou County,0.0,0.0,,,0.0,,,0.0,inf,https://www.nature.com/articles/s41597-025-04875-3; https://doi.org/10.6084/m9.figshare.27646707,B,"County-level injection capacity; pressure interference, plume geometry, and well count still need reservoir simulation."
county,Fujian,Mingxi County,0.0,0.0,,,0.0,,,0.0,inf,https://www.nature.com/articles/s41597-025-04875-3; https://doi.org/10.6084/m9.figshare.27646707,B,"County-level injection capacity; pressure interference, plume geometry, and well count still need reservoir simulation."
county,Fujian,Ninghua County,0.0,0.0,,,0.0,,,0.0,inf,https://www.nature.com/articles/s41597-025-04875-3; https://doi.org/10.6084/m9.figshare.27646707,B,"County-level injection capacity; pressure interference, plume geometry, and well count still need reservoir simulation."
county,Fujian,Qingliu County,0.0,0.0,,,0.0,,,0.0,inf,https://www.nature.com/articles/s41597-025-04875-3; https://doi.org/10.6084/m9.figshare.27646707,B,"County-level injection capacity; pressure interference, plume geometry, and well count still need reservoir simulation."
county,Fujian,Sanyuan District,0.0,0.0,,,0.0,,,0.0,inf,https://www.nature.com/articles/s41597-025-04875-3; https://doi.org/10.6084/m9.figshare.27646707,B,"County-level injection capacity; pressure interference, plume geometry, and well count still need reservoir simulation."
county,Fujian,Shaxian District,0.0,0.0,,,0.0,,,0.0,inf,https://www.nature.com/articles/s41597-025-04875-3; https://doi.org/10.6084/m9.figshare.27646707,B,"County-level injection capacity; pressure interference, plume geometry, and well count still need reservoir simulation."
county,Fujian,Taining County,0.0,0.0,,,0.0,,,0.0,inf,https://www.nature.com/articles/s41597-025-04875-3; https://doi.org/10.6084/m9.figshare.27646707,B,"County-level injection capacity; pressure interference, plume geometry, and well count still need reservoir simulation."
county,Fujian,Yong'an City,0.0,0.0,,,0.0,,,0.0,inf,https://www.nature.com/articles/s41597-025-04875-3; https://doi.org/10.6084/m9.figshare.27646707,B,"County-level injection capacity; pressure interference, plume geometry, and well count still need reservoir simulation."
county,Fujian,Youxi County,0.0,0.0,,,0.0,,,0.0,inf,https://www.nature.com/articles/s41597-025-04875-3; https://doi.org/10.6084/m9.figshare.27646707,B,"County-level injection capacity; pressure interference, plume geometry, and well count still need reservoir simulation."
county,Fujian,Haicang District,0.0,0.0,,,0.0,,,0.0,inf,https://www.nature.com/articles/s41597-025-04875-3; https://doi.org/10.6084/m9.figshare.27646707,B,"County-level injection capacity; pressure interference, plume geometry, and well count still need reservoir simulation."
county,Fujian,Huli District,0.0,0.0,,,0.0,,,0.0,inf,https://www.nature.com/articles/s41597-025-04875-3; https://doi.org/10.6084/m9.figshare.27646707,B,"County-level injection capacity; pressure interference, plume geometry, and well count still need reservoir simulation."
county,Fujian,Jimei District,0.0,0.0,,,0.0,,,0.0,inf,https://www.nature.com/articles/s41597-025-04875-3; https://doi.org/10.6084/m9.figshare.27646707,B,"County-level injection capacity; pressure interference, plume geometry, and well count still need reservoir simulation."
county,Fujian,Siming District,0.0,0.0,,,0.0,,,0.0,inf,https://www.nature.com/articles/s41597-025-04875-3; https://doi.org/10.6084/m9.figshare.27646707,B,"County-level injection capacity; pressure interference, plume geometry, and well count still need reservoir simulation."
county,Fujian,Tong'an District,0.0,0.0,,,0.0,,,0.0,inf,https://www.nature.com/articles/s41597-025-04875-3; https://doi.org/10.6084/m9.figshare.27646707,B,"County-level injection capacity; pressure interference, plume geometry, and well count still need reservoir simulation."
county,Fujian,Xiang'an District,0.0,0.0,,,0.0,,,0.0,inf,https://www.nature.com/articles/s41597-025-04875-3; https://doi.org/10.6084/m9.figshare.27646707,B,"County-level injection capacity; pressure interference, plume geometry, and well count still need reservoir simulation."
county,Fujian,Dongshan County,0.0,0.0,,,0.0,,,0.0,inf,https://www.nature.com/articles/s41597-025-04875-3; https://doi.org/10.6084/m9.figshare.27646707,B,"County-level injection capacity; pressure interference, plume geometry, and well count still need reservoir simulation."
county,Fujian,Hua'an County,0.0,0.0,,,0.0,,,0.0,inf,https://www.nature.com/articles/s41597-025-04875-3; https://doi.org/10.6084/m9.figshare.27646707,B,"County-level injection capacity; pressure interference, plume geometry, and well count still need reservoir simulation."
county,Fujian,Longhai City,0.0,0.0,,,0.0,,,0.0,inf,https://www.nature.com/articles/s41597-025-04875-3; https://doi.org/10.6084/m9.figshare.27646707,B,"County-level injection capacity; pressure interference, plume geometry, and well count still need reservoir simulation."
county,Fujian,Longwen District,0.0,0.0,,,0.0,,,0.0,inf,https://www.nature.com/articles/s41597-025-04875-3; https://doi.org/10.6084/m9.figshare.27646707,B,"County-level injection capacity; pressure interference, plume geometry, and well count still need reservoir simulation."
county,Fujian,Nanjing County,0.0,0.0,,,0.0,,,0.0,inf,https://www.nature.com/articles/s41597-025-04875-3; https://doi.org/10.6084/m9.figshare.27646707,B,"County-level injection capacity; pressure interference, plume geometry, and well count still need reservoir simulation."
county,Fujian,Pinghe County,0.0,0.0,,,0.0,,,0.0,inf,https://www.nature.com/articles/s41597-025-04875-3; https://doi.org/10.6084/m9.figshare.27646707,B,"County-level injection capacity; pressure interference, plume geometry, and well count still need reservoir simulation."
county,Fujian,Xiangcheng District,0.0,0.0,,,0.0,,,0.0,inf,https://www.nature.com/articles/s41597-025-04875-3; https://doi.org/10.6084/m9.figshare.27646707,B,"County-level injection capacity; pressure interference, plume geometry, and well count still need reservoir simulation."
county,Fujian,Yunxiao County,0.0,0.0,,,0.0,,,0.0,inf,https://www.nature.com/articles/s41597-025-04875-3; https://doi.org/10.6084/m9.figshare.27646707,B,"County-level injection capacity; pressure interference, plume geometry, and well count still need reservoir simulation."
county,Fujian,Zhangpu County,0.0,0.0,,,0.0,,,0.0,inf,https://www.nature.com/articles/s41597-025-04875-3; https://doi.org/10.6084/m9.figshare.27646707,B,"County-level injection capacity; pressure interference, plume geometry, and well count still need reservoir simulation."
county,Fujian,Changtai District,0.0,0.0,,,0.0,,,0.0,inf,https://www.nature.com/articles/s41597-025-04875-3; https://doi.org/10.6084/m9.figshare.27646707,B,"County-level injection capacity; pressure interference, plume geometry, and well count still need reservoir simulation."
county,Fujian,Zhao'an County,0.0,0.0,,,0.0,,,0.0,inf,https://www.nature.com/articles/s41597-025-04875-3; https://doi.org/10.6084/m9.figshare.27646707,B,"County-level injection capacity; pressure interference, plume geometry, and well count still need reservoir simulation."
county,Gansu,Baiyin District,0.0,0.0,,,0.0,,,0.0,inf,https://www.nature.com/articles/s41597-025-04875-3; https://doi.org/10.6084/m9.figshare.27646707,B,"County-level injection capacity; pressure interference, plume geometry, and well count still need reservoir simulation."
county,Gansu,Huining County,0.0,0.0,,,0.0,,,0.0,inf,https://www.nature.com/articles/s41597-025-04875-3; https://doi.org/10.6084/m9.figshare.27646707,B,"County-level injection capacity; pressure interference, plume geometry, and well count still need reservoir simulation."
county,Gansu,Jingtai County,0.0,0.0,,,0.0,,,0.0,inf,https://www.nature.com/articles/s41597-025-04875-3; https://doi.org/10.6084/m9.figshare.27646707,B,"County-level injection capacity; pressure interference, plume geometry, and well count still need reservoir simulation."
county,Gansu,Jingyuan County,0.0,0.0,,,0.0,,,0.0,inf,https://www.nature.com/articles/s41597-025-04875-3; https://doi.org/10.6084/m9.figshare.27646707,B,"County-level injection capacity; pressure interference, plume geometry, and well count still need reservoir simulation."
county,Gansu,Pingchuan District,0.0,0.0,,,0.0,,,0.0,inf,https://www.nature.com/articles/s41597-025-04875-3; https://doi.org/10.6084/m9.figshare.27646707,B,"County-level injection capacity; pressure interference, plume geometry, and well count still need reservoir simulation."
county,Gansu,Anding District,0.0,0.0,,,0.0,,,0.0,inf,https://www.nature.com/articles/s41597-025-04875-3; https://doi.org/10.6084/m9.figshare.27646707,B,"County-level injection capacity; pressure interference, plume geometry, and well count still need reservoir simulation."
county,Gansu,Lintao County,0.0,0.0,,,0.0,,,0.0,inf,https://www.nature.com/articles/s41597-025-04875-3; https://doi.org/10.6084/m9.figshare.27646707,B,"County-level injection capacity; pressure interference, plume geometry, and well count still need reservoir simulation."
county,Gansu,Longxi County,0.0,0.0,,,0.0,,,0.0,inf,https://www.nature.com/articles/s41597-025-04875-3; https://doi.org/10.6084/m9.figshare.27646707,B,"County-level injection capacity; pressure interference, plume geometry, and well count still need reservoir simulation."
county,Gansu,Min County,0.0,0.0,,,0.0,,,0.0,inf,https://www.nature.com/articles/s41597-025-04875-3; https://doi.org/10.6084/m9.figshare.27646707,B,"County-level injection capacity; pressure interference, plume geometry, and well count still need reservoir simulation."
county,Gansu,Tongwei County,0.0,0.0,,,0.0,,,0.0,inf,https://www.nature.com/articles/s41597-025-04875-3; https://doi.org/10.6084/m9.figshare.27646707,B,"County-level injection capacity; pressure interference, plume geometry, and well count still need reservoir simulation."
county,Gansu,Weiyuan County,0.0,0.0,,,0.0,,,0.0,inf,https://www.nature.com/articles/s41597-025-04875-3; https://doi.org/10.6084/m9.figshare.27646707,B,"County-level injection capacity; pressure interference, plume geometry, and well count still need reservoir simulation."
county,Gansu,Zhang County,0.0,0.0,,,0.0,,,0.0,inf,https://www.nature.com/articles/s41597-025-04875-3; https://doi.org/10.6084/m9.figshare.27646707,B,"County-level injection capacity; pressure interference, plume geometry, and well count still need reservoir simulation."
county,Gansu,Diebu County,0.0,0.0,,,0.0,,,0.0,inf,https://www.nature.com/articles/s41597-025-04875-3; https://doi.org/10.6084/m9.figshare.27646707,B,"County-level injection capacity; pressure interference, plume geometry, and well count still need reservoir simulation."
county,Gansu,Hezuo City,0.0,0.0,,,0.0,,,0.0,inf,https://www.nature.com/articles/s41597-025-04875-3; https://doi.org/10.6084/m9.figshare.27646707,B,"County-level injection capacity; pressure interference, plume geometry, and well count still need reservoir simulation."
county,Gansu,Lintan County,0.0,0.0,,,0.0,,,0.0,inf,https://www.nature.com/articles/s41597-025-04875-3; https://doi.org/10.6084/m9.figshare.27646707,B,"County-level injection capacity; pressure interference, plume geometry, and well count still need reservoir simulation."
county,Gansu,Luqu County,0.0,0.0,,,0.0,,,0.0,inf,https://www.nature.com/articles/s41597-025-04875-3; https://doi.org/10.6084/m9.figshare.27646707,B,"County-level injection capacity; pressure interference, plume geometry, and well count still need reservoir simulation."
county,Gansu,Maqu County,0.0,0.0,,,0.0,,,0.0,inf,https://www.nature.com/articles/s41597-025-04875-3; https://doi.org/10.6084/m9.figshare.27646707,B,"County-level injection capacity; pressure interference, plume geometry, and well count still need reservoir simulation."
county,Gansu,Xiahe County,0.0,0.0,,,0.0,,,0.0,inf,https://www.nature.com/articles/s41597-025-04875-3; https://doi.org/10.6084/m9.figshare.27646707,B,"County-level injection capacity; pressure interference, plume geometry, and well count still need reservoir simulation."
county,Gansu,Zhouqu County,0.0,0.0,,,0.0,,,0.0,inf,https://www.nature.com/articles/s41597-025-04875-3; https://doi.org/10.6084/m9.figshare.27646707,B,"County-level injection capacity; pressure interference, plume geometry, and well count still need reservoir simulation."
county,Gansu,Zhuoni County,0.0,0.0,,,0.0,,,0.0,inf,https://www.nature.com/articles/s41597-025-04875-3; https://doi.org/10.6084/m9.figshare.27646707,B,"County-level injection capacity; pressure interference, plume geometry, and well count still need reservoir simulation."
county,Gansu,Jiayuguan City,0.0,0.0,,,0.0,,,0.0,inf,https://www.nature.com/articles/s41597-025-04875-3; https://doi.org/10.6084/m9.figshare.27646707,B,"County-level injection capacity; pressure interference, plume geometry, and well count still need reservoir simulation."
county,Gansu,Jinchuan District,0.0,0.0,,,0.0,,,0.0,inf,https://www.nature.com/articles/s41597-025-04875-3; https://doi.org/10.6084/m9.figshare.27646707,B,"County-level injection capacity; pressure interference, plume geometry, and well count still need reservoir simulation."
county,Gansu,Yongchang County,0.0,0.0,,,0.0,,,0.0,inf,https://www.nature.com/articles/s41597-025-04875-3; https://doi.org/10.6084/m9.figshare.27646707,B,"County-level injection capacity; pressure interference, plume geometry, and well count still need reservoir simulation."
county,Gansu,Aksai Kazakh Autonomous County,0.0,0.0,,,0.0,,,0.0,inf,https://www.nature.com/articles/s41597-025-04875-3; https://doi.org/10.6084/m9.figshare.27646707,B,"County-level injection capacity; pressure interference, plume geometry, and well count still need reservoir simulation."
county,Gansu,Dunhuang City,0.0,0.0,,,0.0,,,0.0,inf,https://www.nature.com/articles/s41597-025-04875-3; https://doi.org/10.6084/m9.figshare.27646707,B,"County-level injection capacity; pressure interference, plume geometry, and well count still need reservoir simulation."
county,Gansu,Guazhou County,0.0,0.0,,,0.0,,,0.0,inf,https://www.nature.com/articles/s41597-025-04875-3; https://doi.org/10.6084/m9.figshare.27646707,B,"County-level injection capacity; pressure interference, plume geometry, and well count still need reservoir simulation."
county,Gansu,Jinta County,464.51,0.09,,,0.0,,,0.09,5161.222222222223,https://www.nature.com/articles/s41597-025-04875-3; https://doi.org/10.6084/m9.figshare.27646707,B,"County-level injection capacity; pressure interference, plume geometry, and well count still need reservoir simulation."
county,Gansu,Subei Mongolian Autonomous County,0.0,0.0,,,0.0,,,0.0,inf,https://www.nature.com/articles/s41597-025-04875-3; https://doi.org/10.6084/m9.figshare.27646707,B,"County-level injection capacity; pressure interference, plume geometry, and well count still need reservoir simulation."
county,Gansu,Suzhou District,0.0,0.0,,,0.0,,,0.0,inf,https://www.nature.com/articles/s41597-025-04875-3; https://doi.org/10.6084/m9.figshare.27646707,B,"County-level injection capacity; pressure interference, plume geometry, and well count still need reservoir simulation."
county,Gansu,Yumen City,0.0,0.0,,,0.0,,,0.0,inf,https://www.nature.com/articles/s41597-025-04875-3; https://doi.org/10.6084/m9.figshare.27646707,B,"County-level injection capacity; pressure interference, plume geometry, and well count still need reservoir simulation."
county,Gansu,Anning District,0.0,0.0,,,0.0,,,0.0,inf,https://www.nature.com/articles/s41597-025-04875-3; https://doi.org/10.6084/m9.figshare.27646707,B,"County-level injection capacity; pressure interference, plume geometry, and well count still need reservoir simulation."
county,Gansu,Chengguan District,0.0,0.0,,,0.0,,,0.0,inf,https://www.nature.com/articles/s41597-025-04875-3; https://doi.org/10.6084/m9.figshare.27646707,B,"County-level injection capacity; pressure interference, plume geometry, and well count still need reservoir simulation."
county,Gansu,Gaolan County,0.0,0.0,,,0.0,,,0.0,inf,https://www.nature.com/articles/s41597-025-04875-3; https://doi.org/10.6084/m9.figshare.27646707,B,"County-level injection capacity; pressure interference, plume geometry, and well count still need reservoir simulation."
county,Gansu,Honggu District,0.0,0.0,,,0.0,,,0.0,inf,https://www.nature.com/articles/s41597-025-04875-3; https://doi.org/10.6084/m9.figshare.27646707,B,"County-level injection capacity; pressure interference, plume geometry, and well count still need reservoir simulation."
county,Gansu,Qilihe District,0.0,0.0,,,0.0,,,0.0,inf,https://www.nature.com/articles/s41597-025-04875-3; https://doi.org/10.6084/m9.figshare.27646707,B,"County-level injection capacity; pressure interference, plume geometry, and well count still need reservoir simulation."
county,Gansu,Xigu District,0.0,0.0,,,0.0,,,0.0,inf,https://www.nature.com/articles/s41597-025-04875-3; https://doi.org/10.6084/m9.figshare.27646707,B,"County-level injection capacity; pressure interference, plume geometry, and well count still need reservoir simulation."
county,Gansu,Yongdeng County,0.0,0.0,,,0.0,,,0.0,inf,https://www.nature.com/articles/s41597-025-04875-3; https://doi.org/10.6084/m9.figshare.27646707,B,"County-level injection capacity; pressure interference, plume geometry, and well count still need reservoir simulation."
county,Gansu,Yuzhong County,0.0,0.0,,,0.0,,,0.0,inf,https://www.nature.com/articles/s41597-025-04875-3; https://doi.org/10.6084/m9.figshare.27646707,B,"County-level injection capacity; pressure interference, plume geometry, and well count still need reservoir simulation."
county,Gansu,Dongxiang Autonomous County,0.0,0.0,,,0.0,,,0.0,inf,https://www.nature.com/articles/s41597-025-04875-3; https://doi.org/10.6084/m9.figshare.27646707,B,"County-level injection capacity; pressure interference, plume geometry, and well count still need reservoir simulation."
county,Gansu,Guanghe County,0.0,0.0,,,0.0,,,0.0,inf,https://www.nature.com/articles/s41597-025-04875-3; https://doi.org/10.6084/m9.figshare.27646707,B,"County-level injection capacity; pressure interference, plume geometry, and well count still need reservoir simulation."
county,Gansu,Hezuo County,0.0,0.0,,,0.0,,,0.0,inf,https://www.nature.com/articles/s41597-025-04875-3; https://doi.org/10.6084/m9.figshare.27646707,B,"County-level injection capacity; pressure interference, plume geometry, and well count still need reservoir simulation."
county,Gansu,Jishishan Bao'an Dongxiang Salar Autonomous County,0.0,0.0,,,0.0,,,0.0,inf,https://www.nature.com/articles/s41597-025-04875-3; https://doi.org/10.6084/m9.figshare.27646707,B,"County-level injection capacity; pressure interference, plume geometry, and well count still need reservoir simulation."
county,Gansu,Kangle County,0.0,0.0,,,0.0,,,0.0,inf,https://www.nature.com/articles/s41597-025-04875-3; https://doi.org/10.6084/m9.figshare.27646707,B,"County-level injection capacity; pressure interference, plume geometry, and well count still need reservoir simulation."
county,Gansu,Linxia City,0.0,0.0,,,0.0,,,0.0,inf,https://www.nature.com/articles/s41597-025-04875-3; https://doi.org/10.6084/m9.figshare.27646707,B,"County-level injection capacity; pressure interference, plume geometry, and well count still need reservoir simulation."
county,Gansu,Linxia County,0.0,0.0,,,0.0,,,0.0,inf,https://www.nature.com/articles/s41597-025-04875-3; https://doi.org/10.6084/m9.figshare.27646707,B,"County-level injection capacity; pressure interference, plume geometry, and well count still need reservoir simulation."
county,Gansu,Yongjing County,0.0,0.0,,,0.0,,,0.0,inf,https://www.nature.com/articles/s41597-025-04875-3; https://doi.org/10.6084/m9.figshare.27646707,B,"County-level injection capacity; pressure interference, plume geometry, and well count still need reservoir simulation."
county,Gansu,Cheng County,0.0,0.0,,,0.0,,,0.0,inf,https://www.nature.com/articles/s41597-025-04875-3; https://doi.org/10.6084/m9.figshare.27646707,B,"County-level injection capacity; pressure interference, plume geometry, and well count still need reservoir simulation."
county,Gansu,Dangchang County,0.0,0.0,,,0.0,,,0.0,inf,https://www.nature.com/articles/s41597-025-04875-3; https://doi.org/10.6084/m9.figshare.27646707,B,"County-level injection capacity; pressure interference, plume geometry, and well count still need reservoir simulation."
county,Gansu,Hui County,0.0,0.0,,,0.0,,,0.0,inf,https://www.nature.com/articles/s41597-025-04875-3; https://doi.org/10.6084/m9.figshare.27646707,B,"County-level injection capacity; pressure interference, plume geometry, and well count still need reservoir simulation."
county,Gansu,Kang County,0.0,0.0,,,0.0,,,0.0,inf,https://www.nature.com/articles/s41597-025-04875-3; https://doi.org/10.6084/m9.figshare.27646707,B,"County-level injection capacity; pressure interference, plume geometry, and well count still need reservoir simulation."
county,Gansu,Li County,0.0,0.0,,,0.0,,,0.0,inf,https://www.nature.com/articles/s41597-025-04875-3; https://doi.org/10.6084/m9.figshare.27646707,B,"County-level injection capacity; pressure interference, plume geometry, and well count still need reservoir simulation."
county,Gansu,Liangdang County,0.0,0.0,,,0.0,,,0.0,inf,https://www.nature.com/articles/s41597-025-04875-3; https://doi.org/10.6084/m9.figshare.27646707,B,"County-level injection capacity; pressure interference, plume geometry, and well count still need reservoir simulation."
county,Gansu,Wen County,0.0,0.0,,,0.0,,,0.0,inf,https://www.nature.com/articles/s41597-025-04875-3; https://doi.org/10.6084/m9.figshare.27646707,B,"County-level injection capacity; pressure interference, plume geometry, and well count still need reservoir simulation."
county,Gansu,Wudu District,0.0,0.0,,,0.0,,,0.0,inf,https://www.nature.com/articles/s41597-025-04875-3; https://doi.org/10.6084/m9.figshare.27646707,B,"County-level injection capacity; pressure interference, plume geometry, and well count still need reservoir simulation."
county,Gansu,Xihe County,0.0,0.0,,,0.0,,,0.0,inf,https://www.nature.com/articles/s41597-025-04875-3; https://doi.org/10.6084/m9.figshare.27646707,B,"County-level injection capacity; pressure interference, plume geometry, and well count still need reservoir simulation."
county,Gansu,Chongxin County,0.0,0.0,,,0.0,,,0.0,inf,https://www.nature.com/articles/s41597-025-04875-3; https://doi.org/10.6084/m9.figshare.27646707,B,"County-level injection capacity; pressure interference, plume geometry, and well count still need reservoir simulation."
county,Gansu,Huating City,0.0,0.0,,,0.0,,,0.0,inf,https://www.nature.com/articles/s41597-025-04875-3; https://doi.org/10.6084/m9.figshare.27646707,B,"County-level injection capacity; pressure interference, plume geometry, and well count still need reservoir simulation."
county,Gansu,Jingchuan County,3.37,0.01,,,0.0,,,0.01,337.0,https://www.nature.com/articles/s41597-025-04875-3; https://doi.org/10.6084/m9.figshare.27646707,B,"County-level injection capacity; pressure interference, plume geometry, and well count still need reservoir simulation."
county,Gansu,Jingning County,0.0,0.0,,,0.0,,,0.0,inf,https://www.nature.com/articles/s41597-025-04875-3; https://doi.org/10.6084/m9.figshare.27646707,B,"County-level injection capacity; pressure interference, plume geometry, and well count still need reservoir simulation."
county,Gansu,Kongtong District,0.0,0.0,,,0.0,,,0.0,inf,https://www.nature.com/articles/s41597-025-04875-3; https://doi.org/10.6084/m9.figshare.27646707,B,"County-level injection capacity; pressure interference, plume geometry, and well count still need reservoir simulation."
county,Gansu,Lingtai County,0.0,0.0,,,0.0,,,0.0,inf,https://www.nature.com/articles/s41597-025-04875-3; https://doi.org/10.6084/m9.figshare.27646707,B,"County-level injection capacity; pressure interference, plume geometry, and well count still need reservoir simulation."
county,Gansu,Zhuanglang County,0.0,0.0,,,0.0,,,0.0,inf,https://www.nature.com/articles/s41597-025-04875-3; https://doi.org/10.6084/m9.figshare.27646707,B,"County-level injection capacity; pressure interference, plume geometry, and well count still need reservoir simulation."
county,Gansu,Heshui County,151.98,0.09,,,0.04,,,0.13,1169.0769230769229,https://www.nature.com/articles/s41597-025-04875-3; https://doi.org/10.6084/m9.figshare.27646707,B,"County-level injection capacity; pressure interference, plume geometry, and well count still need reservoir simulation."
county,Gansu,Huachi County,500.11,0.29,,,8.32,,,8.61,58.084785133565624,https://www.nature.com/articles/s41597-025-04875-3; https://doi.org/10.6084/m9.figshare.27646707,B,"County-level injection capacity; pressure interference, plume geometry, and well count still need reservoir simulation."
county,Gansu,Huan County,581.34,0.49,,,1.29,,,1.78,326.59550561797755,https://www.nature.com/articles/s41597-025-04875-3; https://doi.org/10.6084/m9.figshare.27646707,B,"County-level injection capacity; pressure interference, plume geometry, and well count still need reservoir simulation."
county,Gansu,Ning County,26.4,0.06,,,0.03,,,0.09,293.3333333333333,https://www.nature.com/articles/s41597-025-04875-3; https://doi.org/10.6084/m9.figshare.27646707,B,"County-level injection capacity; pressure interference, plume geometry, and well count still need reservoir simulation."
county,Gansu,Qingcheng County,124.66,0.06,,,0.14,,,0.2,623.3,https://www.nature.com/articles/s41597-025-04875-3; https://doi.org/10.6084/m9.figshare.27646707,B,"County-level injection capacity; pressure interference, plume geometry, and well count still need reservoir simulation."
county,Gansu,Xifeng District,11.88,0.02,,,0.0,,,0.02,594.0,https://www.nature.com/articles/s41597-025-04875-3; https://doi.org/10.6084/m9.figshare.27646707,B,"County-level injection capacity; pressure interference, plume geometry, and well count still need reservoir simulation."
county,Gansu,Zhenyuan County,37.3,0.02,,,0.01,,,0.03,1243.3333333333333,https://www.nature.com/articles/s41597-025-04875-3; https://doi.org/10.6084/m9.figshare.27646707,B,"County-level injection capacity; pressure interference, plume geometry, and well count still need reservoir simulation."
county,Gansu,Zhengning County,9.9,0.02,,,0.0,,,0.02,495.0,https://www.nature.com/articles/s41597-025-04875-3; https://doi.org/10.6084/m9.figshare.27646707,B,"County-level injection capacity; pressure interference, plume geometry, and well count still need reservoir simulation."
county,Gansu,Gangu County,0.0,0.0,,,0.0,,,0.0,inf,https://www.nature.com/articles/s41597-025-04875-3; https://doi.org/10.6084/m9.figshare.27646707,B,"County-level injection capacity; pressure interference, plume geometry, and well count still need reservoir simulation."
county,Gansu,Maiji District,0.0,0.0,,,0.0,,,0.0,inf,https://www.nature.com/articles/s41597-025-04875-3; https://doi.org/10.6084/m9.figshare.27646707,B,"County-level injection capacity; pressure interference, plume geometry, and well count still need reservoir simulation."
county,Gansu,Qin'an County,0.0,0.0,,,0.0,,,0.0,inf,https://www.nature.com/articles/s41597-025-04875-3; https://doi.org/10.6084/m9.figshare.27646707,B,"County-level injection capacity; pressure interference, plume geometry, and well count still need reservoir simulation."
county,Gansu,Qinzhou District,0.0,0.0,,,0.0,,,0.0,inf,https://www.nature.com/articles/s41597-025-04875-3; https://doi.org/10.6084/m9.figshare.27646707,B,"County-level injection capacity; pressure interference, plume geometry, and well count still need reservoir simulation."
county,Gansu,Qingshui County,0.0,0.0,,,0.0,,,0.0,inf,https://www.nature.com/articles/s41597-025-04875-3; https://doi.org/10.6084/m9.figshare.27646707,B,"County-level injection capacity; pressure interference, plume geometry, and well count still need reservoir simulation."
county,Gansu,Wushan County,0.0,0.0,,,0.0,,,0.0,inf,https://www.nature.com/articles/s41597-025-04875-3; https://doi.org/10.6084/m9.figshare.27646707,B,"County-level injection capacity; pressure interference, plume geometry, and well count still need reservoir simulation."
county,Gansu,Zhangjiachuan Hui Autonomous County,0.0,0.0,,,0.0,,,0.0,inf,https://www.nature.com/articles/s41597-025-04875-3; https://doi.org/10.6084/m9.figshare.27646707,B,"County-level injection capacity; pressure interference, plume geometry, and well count still need reservoir simulation."
county,Gansu,Gulang County,0.0,0.0,,,0.0,,,0.0,inf,https://www.nature.com/articles/s41597-025-04875-3; https://doi.org/10.6084/m9.figshare.27646707,B,"County-level injection capacity; pressure interference, plume geometry, and well count still need reservoir simulation."
county,Gansu,Liangzhou District,0.0,0.0,,,0.0,,,0.0,inf,https://www.nature.com/articles/s41597-025-04875-3; https://doi.org/10.6084/m9.figshare.27646707,B,"County-level injection capacity; pressure interference, plume geometry, and well count still need reservoir simulation."
county,Gansu,Minqin County,0.0,0.0,,,0.0,,,0.0,inf,https://www.nature.com/articles/s41597-025-04875-3; https://doi.org/10.6084/m9.figshare.27646707,B,"County-level injection capacity; pressure interference, plume geometry, and well count still need reservoir simulation."
county,Gansu,Tianzhu Tibetan Autonomous County,0.0,0.0,,,0.0,,,0.0,inf,https://www.nature.com/articles/s41597-025-04875-3; https://doi.org/10.6084/m9.figshare.27646707,B,"County-level injection capacity; pressure interference, plume geometry, and well count still need reservoir simulation."
county,Gansu,Ganzhou District,0.0,0.0,,,0.0,,,0.0,inf,https://www.nature.com/articles/s41597-025-04875-3; https://doi.org/10.6084/m9.figshare.27646707,B,"County-level injection capacity; pressure interference, plume geometry, and well count still need reservoir simulation."
county,Gansu,Gaotai County,0.0,0.0,,,0.0,,,0.0,inf,https://www.nature.com/articles/s41597-025-04875-3; https://doi.org/10.6084/m9.figshare.27646707,B,"County-level injection capacity; pressure interference, plume geometry, and well count still need reservoir simulation."
county,Gansu,Linze County,0.0,0.0,,,0.0,,,0.0,inf,https://www.nature.com/articles/s41597-025-04875-3; https://doi.org/10.6084/m9.figshare.27646707,B,"County-level injection capacity; pressure interference, plume geometry, and well count still need reservoir simulation."
county,Gansu,Minle County,0.0,0.0,,,0.0,,,0.0,inf,https://www.nature.com/articles/s41597-025-04875-3; https://doi.org/10.6084/m9.figshare.27646707,B,"County-level injection capacity; pressure interference, plume geometry, and well count still need reservoir simulation."
county,Gansu,Shandan County,0.0,0.0,,,0.0,,,0.0,inf,https://www.nature.com/articles/s41597-025-04875-3; https://doi.org/10.6084/m9.figshare.27646707,B,"County-level injection capacity; pressure interference, plume geometry, and well count still need reservoir simulation."
county,Gansu,Sunan Yugur Autonomous County,0.0,0.0,,,0.0,,,0.0,inf,https://www.nature.com/articles/s41597-025-04875-3; https://doi.org/10.6084/m9.figshare.27646707,B,"County-level injection capacity; pressure interference, plume geometry, and well count still need reservoir simulation."
county,Guangdong,Chao'an District,0.0,0.0,,,0.0,,,0.0,inf,https://www.nature.com/articles/s41597-025-04875-3; https://doi.org/10.6084/m9.figshare.27646707,B,"County-level injection capacity; pressure interference, plume geometry, and well count still need reservoir simulation."
county,Guangdong,Raoping County,0.0,0.0,,,0.0,,,0.0,inf,https://www.nature.com/articles/s41597-025-04875-3; https://doi.org/10.6084/m9.figshare.27646707,B,"County-level injection capacity; pressure interference, plume geometry, and well count still need reservoir simulation."
county,Guangdong,Xiangqiao District,0.0,0.0,,,0.0,,,0.0,inf,https://www.nature.com/articles/s41597-025-04875-3; https://doi.org/10.6084/m9.figshare.27646707,B,"County-level injection capacity; pressure interference, plume geometry, and well count still need reservoir simulation."
county,Guangdong,Dongguan City,0.0,0.0,,,0.0,,,0.0,inf,https://www.nature.com/articles/s41597-025-04875-3; https://doi.org/10.6084/m9.figshare.27646707,B,"County-level injection capacity; pressure interference, plume geometry, and well count still need reservoir simulation."
county,Guangdong,Chancheng District,0.0,0.0,,,0.0,,,0.0,inf,https://www.nature.com/articles/s41597-025-04875-3; https://doi.org/10.6084/m9.figshare.27646707,B,"County-level injection capacity; pressure interference, plume geometry, and well count still need reservoir simulation."
county,Guangdong,Gaoming District,0.0,0.0,,,0.0,,,0.0,inf,https://www.nature.com/articles/s41597-025-04875-3; https://doi.org/10.6084/m9.figshare.27646707,B,"County-level injection capacity; pressure interference, plume geometry, and well count still need reservoir simulation."
county,Guangdong,Nanhai District,0.0,0.0,,,0.0,,,0.0,inf,https://www.nature.com/articles/s41597-025-04875-3; https://doi.org/10.6084/m9.figshare.27646707,B,"County-level injection capacity; pressure interference, plume geometry, and well count still need reservoir simulation."
county,Guangdong,Sanshui District,0.0,0.0,,,0.0,,,0.0,inf,https://www.nature.com/articles/s41597-025-04875-3; https://doi.org/10.6084/m9.figshare.27646707,B,"County-level injection capacity; pressure interference, plume geometry, and well count still need reservoir simulation."
county,Guangdong,Shunde District,0.0,0.0,,,0.0,,,0.0,inf,https://www.nature.com/articles/s41597-025-04875-3; https://doi.org/10.6084/m9.figshare.27646707,B,"County-level injection capacity; pressure interference, plume geometry, and well count still need reservoir simulation."
county,Guangdong,Baiyun District,0.0,0.0,,,0.0,,,0.0,inf,https://www.nature.com/articles/s41597-025-04875-3; https://doi.org/10.6084/m9.figshare.27646707,B,"County-level injection capacity; pressure interference, plume geometry, and well count still need reservoir simulation."
county,Guangdong,Conghua District,0.0,0.0,,,0.0,,,0.0,inf,https://www.nature.com/articles/s41597-025-04875-3; https://doi.org/10.6084/m9.figshare.27646707,B,"County-level injection capacity; pressure interference, plume geometry, and well count still need reservoir simulation."
county,Guangdong,Panyu District,0.0,0.0,,,0.0,,,0.0,inf,https://www.nature.com/articles/s41597-025-04875-3; https://doi.org/10.6084/m9.figshare.27646707,B,"County-level injection capacity; pressure interference, plume geometry, and well count still need reservoir simulation."
county,Guangdong,Haizhu District,0.0,0.0,,,0.0,,,0.0,inf,https://www.nature.com/articles/s41597-025-04875-3; https://doi.org/10.6084/m9.figshare.27646707,B,"County-level injection capacity; pressure interference, plume geometry, and well count still need reservoir simulation."
county,Guangdong,Huadu District,0.0,0.0,,,0.0,,,0.0,inf,https://www.nature.com/articles/s41597-025-04875-3; https://doi.org/10.6084/m9.figshare.27646707,B,"County-level injection capacity; pressure interference, plume geometry, and well count still need reservoir simulation."
county,Guangdong,Huangpu District,0.0,0.0,,,0.0,,,0.0,inf,https://www.nature.com/articles/s41597-025-04875-3; https://doi.org/10.6084/m9.figshare.27646707,B,"County-level injection capacity; pressure interference, plume geometry, and well count still need reservoir simulation."
county,Guangdong,Liwan District,0.0,0.0,,,0.0,,,0.0,inf,https://www.nature.com/articles/s41597-025-04875-3; https://doi.org/10.6084/m9.figshare.27646707,B,"County-level injection capacity; pressure interference, plume geometry, and well count still need reservoir simulation."
county,Guangdong,Nansha District,0.0,0.0,,,0.0,,,0.0,inf,https://www.nature.com/articles/s41597-025-04875-3; https://doi.org/10.6084/m9.figshare.27646707,B,"County-level injection capacity; pressure interference, plume geometry, and well count still need reservoir simulation."
county,Guangdong,Tianhe District,0.0,0.0,,,0.0,,,0.0,inf,https://www.nature.com/articles/s41597-025-04875-3; https://doi.org/10.6084/m9.figshare.27646707,B,"County-level injection capacity; pressure interference, plume geometry, and well count still need reservoir simulation."
county,Guangdong,Yuexiu District,0.0,0.0,,,0.0,,,0.0,inf,https://www.nature.com/articles/s41597-025-04875-3; https://doi.org/10.6084/m9.figshare.27646707,B,"County-level injection capacity; pressure interference, plume geometry, and well count still need reservoir simulation."
county,Guangdong,Zengcheng District,0.0,0.0,,,0.0,,,0.0,inf,https://www.nature.com/articles/s41597-025-04875-3; https://doi.org/10.6084/m9.figshare.27646707,B,"County-level injection capacity; pressure interference, plume geometry, and well count still need reservoir simulation."
county,Guangdong,Dongyuan County,0.0,0.0,,,0.0,,,0.0,inf,https://www.nature.com/articles/s41597-025-04875-3; https://doi.org/10.6084/m9.figshare.27646707,B,"County-level injection capacity; pressure interference, plume geometry, and well count still need reservoir simulation."
county,Guangdong,Heping County,0.0,0.0,,,0.0,,,0.0,inf,https://www.nature.com/articles/s41597-025-04875-3; https://doi.org/10.6084/m9.figshare.27646707,B,"County-level injection capacity; pressure interference, plume geometry, and well count still need reservoir simulation."
county,Guangdong,Lianping County,0.0,0.0,,,0.0,,,0.0,inf,https://www.nature.com/articles/s41597-025-04875-3; https://doi.org/10.6084/m9.figshare.27646707,B,"County-level injection capacity; pressure interference, plume geometry, and well count still need reservoir simulation."
county,Guangdong,Longchuan County,0.0,0.0,,,0.0,,,0.0,inf,https://www.nature.com/articles/s41597-025-04875-3; https://doi.org/10.6084/m9.figshare.27646707,B,"County-level injection capacity; pressure interference, plume geometry, and well count still need reservoir simulation."
county,Guangdong,Yuancheng District,0.0,0.0,,,0.0,,,0.0,inf,https://www.nature.com/articles/s41597-025-04875-3; https://doi.org/10.6084/m9.figshare.27646707,B,"County-level injection capacity; pressure interference, plume geometry, and well count still need reservoir simulation."
county,Guangdong,Zijin County,0.0,0.0,,,0.0,,,0.0,inf,https://www.nature.com/articles/s41597-025-04875-3; https://doi.org/10.6084/m9.figshare.27646707,B,"County-level injection capacity; pressure interference, plume geometry, and well count still need reservoir simulation."
county,Guangdong,Boluo County,0.0,0.0,,,0.0,,,0.0,inf,https://www.nature.com/articles/s41597-025-04875-3; https://doi.org/10.6084/m9.figshare.27646707,B,"County-level injection capacity; pressure interference, plume geometry, and well count still need reservoir simulation."
county,Guangdong,Huicheng District,0.0,0.0,,,0.0,,,0.0,inf,https://www.nature.com/articles/s41597-025-04875-3; https://doi.org/10.6084/m9.figshare.27646707,B,"County-level injection capacity; pressure interference, plume geometry, and well count still need reservoir simulation."
county,Guangdong,Huidong County,0.0,0.0,,,0.0,,,0.0,inf,https://www.nature.com/articles/s41597-025-04875-3; https://doi.org/10.6084/m9.figshare.27646707,B,"County-level injection capacity; pressure interference, plume geometry, and well count still need reservoir simulation."
county,Guangdong,Huiyang District,0.0,0.0,,,0.0,,,0.0,inf,https://www.nature.com/articles/s41597-025-04875-3; https://doi.org/10.6084/m9.figshare.27646707,B,"County-level injection capacity; pressure interference, plume geometry, and well count still need reservoir simulation."
county,Guangdong,Longmen County,0.0,0.0,,,0.0,,,0.0,inf,https://www.nature.com/articles/s41597-025-04875-3; https://doi.org/10.6084/m9.figshare.27646707,B,"County-level injection capacity; pressure interference, plume geometry, and well count still need reservoir simulation."
county,Guangdong,Enping City,0.0,0.0,,,0.0,,,0.0,inf,https://www.nature.com/articles/s41597-025-04875-3; https://doi.org/10.6084/m9.figshare.27646707,B,"County-level injection capacity; pressure interference, plume geometry, and well count still need reservoir simulation."
county,Guangdong,Heshan City,0.0,0.0,,,0.0,,,0.0,inf,https://www.nature.com/articles/s41597-025-04875-3; https://doi.org/10.6084/m9.figshare.27646707,B,"County-level injection capacity; pressure interference, plume geometry, and well count still need reservoir simulation."
county,Guangdong,Jianghai District,0.0,0.0,,,0.0,,,0.0,inf,https://www.nature.com/articles/s41597-025-04875-3; https://doi.org/10.6084/m9.figshare.27646707,B,"County-level injection capacity; pressure interference, plume geometry, and well count still need reservoir simulation."
county,Guangdong,Kaiping City,0.0,0.0,,,0.0,,,0.0,inf,https://www.nature.com/articles/s41597-025-04875-3; https://doi.org/10.6084/m9.figshare.27646707,B,"County-level injection capacity; pressure interference, plume geometry, and well count still need reservoir simulation."
county,Guangdong,Pengjiang District,0.0,0.0,,,0.0,,,0.0,inf,https://www.nature.com/articles/s41597-025-04875-3; https://doi.org/10.6084/m9.figshare.27646707,B,"County-level injection capacity; pressure interference, plume geometry, and well count still need reservoir simulation."
county,Guangdong,Taishan City,0.0,0.0,,,0.0,,,0.0,inf,https://www.nature.com/articles/s41597-025-04875-3; https://doi.org/10.6084/m9.figshare.27646707,B,"County-level injection capacity; pressure interference, plume geometry, and well count still need reservoir simulation."
county,Guangdong,Xinhui District,0.0,0.0,,,0.0,,,0.0,inf,https://www.nature.com/articles/s41597-025-04875-3; https://doi.org/10.6084/m9.figshare.27646707,B,"County-level injection capacity; pressure interference, plume geometry, and well count still need reservoir simulation."
county,Guangdong,Huilai County,0.0,0.0,,,0.0,,,0.0,inf,https://www.nature.com/articles/s41597-025-04875-3; https://doi.org/10.6084/m9.figshare.27646707,B,"County-level injection capacity; pressure interference, plume geometry, and well count still need reservoir simulation."
county,Guangdong,Jiedong District,0.0,0.0,,,0.0,,,0.0,inf,https://www.nature.com/articles/s41597-025-04875-3; https://doi.org/10.6084/m9.figshare.27646707,B,"County-level injection capacity; pressure interference, plume geometry, and well count still need reservoir simulation."
county,Guangdong,Jiexi County,0.0,0.0,,,0.0,,,0.0,inf,https://www.nature.com/articles/s41597-025-04875-3; https://doi.org/10.6084/m9.figshare.27646707,B,"County-level injection capacity; pressure interference, plume geometry, and well count still need reservoir simulation."
county,Guangdong,Puning City,0.0,0.0,,,0.0,,,0.0,inf,https://www.nature.com/articles/s41597-025-04875-3; https://doi.org/10.6084/m9.figshare.27646707,B,"County-level injection capacity; pressure interference, plume geometry, and well count still need reservoir simulation."
county,Guangdong,Rongcheng District,0.0,0.0,,,0.0,,,0.0,inf,https://www.nature.com/articles/s41597-025-04875-3; https://doi.org/10.6084/m9.figshare.27646707,B,"County-level injection capacity; pressure interference, plume geometry, and well count still need reservoir simulation."
county,Guangdong,Dianbai District,0.0,0.0,,,0.0,,,0.0,inf,https://www.nature.com/articles/s41597-025-04875-3; https://doi.org/10.6084/m9.figshare.27646707,B,"County-level injection capacity; pressure interference, plume geometry, and well count still need reservoir simulation."
county,Guangdong,Gaozhou City,0.0,0.0,,,0.0,,,0.0,inf,https://www.nature.com/articles/s41597-025-04875-3; https://doi.org/10.6084/m9.figshare.27646707,B,"County-level injection capacity; pressure interference, plume geometry, and well count still need reservoir simulation."
county,Guangdong,Huazhou City,0.0,0.0,,,0.0,,,0.0,inf,https://www.nature.com/articles/s41597-025-04875-3; https://doi.org/10.6084/m9.figshare.27646707,B,"County-level injection capacity; pressure interference, plume geometry, and well count still need reservoir simulation."
county,Guangdong,Maonan District,0.0,0.0,,,0.0,,,0.0,inf,https://www.nature.com/articles/s41597-025-04875-3; https://doi.org/10.6084/m9.figshare.27646707,B,"County-level injection capacity; pressure interference, plume geometry, and well count still need reservoir simulation."
county,Guangdong,Xinyi City,0.0,0.0,,,0.0,,,0.0,inf,https://www.nature.com/articles/s41597-025-04875-3; https://doi.org/10.6084/m9.figshare.27646707,B,"County-level injection capacity; pressure interference, plume geometry, and well count still need reservoir simulation."
county,Guangdong,Dabu County,0.0,0.0,,,0.0,,,0.0,inf,https://www.nature.com/articles/s41597-025-04875-3; https://doi.org/10.6084/m9.figshare.27646707,B,"County-level injection capacity; pressure interference, plume geometry, and well count still need reservoir simulation."
county,Guangdong,Fengshun County,0.0,0.0,,,0.0,,,0.0,inf,https://www.nature.com/articles/s41597-025-04875-3; https://doi.org/10.6084/m9.figshare.27646707,B,"County-level injection capacity; pressure interference, plume geometry, and well count still need reservoir simulation."
county,Guangdong,Jiaoling County,0.0,0.0,,,0.0,,,0.0,inf,https://www.nature.com/articles/s41597-025-04875-3; https://doi.org/10.6084/m9.figshare.27646707,B,"County-level injection capacity; pressure interference, plume geometry, and well count still need reservoir simulation."
county,Guangdong,Meijiang District,0.0,0.0,,,0.0,,,0.0,inf,https://www.nature.com/articles/s41597-025-04875-3; https://doi.org/10.6084/m9.figshare.27646707,B,"County-level injection capacity; pressure interference, plume geometry, and well count still need reservoir simulation."
county,Guangdong,Meixian District,0.0,0.0,,,0.0,,,0.0,inf,https://www.nature.com/articles/s41597-025-04875-3; https://doi.org/10.6084/m9.figshare.27646707,B,"County-level injection capacity; pressure interference, plume geometry, and well count still need reservoir simulation."
county,Guangdong,Pingyuan County,0.0,0.0,,,0.0,,,0.0,inf,https://www.nature.com/articles/s41597-025-04875-3; https://doi.org/10.6084/m9.figshare.27646707,B,"County-level injection capacity; pressure interference, plume geometry, and well count still need reservoir simulation."
county,Guangdong,Wuhua County,0.0,0.0,,,0.0,,,0.0,inf,https://www.nature.com/articles/s41597-025-04875-3; https://doi.org/10.6084/m9.figshare.27646707,B,"County-level injection capacity; pressure interference, plume geometry, and well count still need reservoir simulation."
county,Guangdong,Xingning City,0.0,0.0,,,0.0,,,0.0,inf,https://www.nature.com/articles/s41597-025-04875-3; https://doi.org/10.6084/m9.figshare.27646707,B,"County-level injection capacity; pressure interference, plume geometry, and well count still need reservoir simulation."
county,Guangdong,Fogan County,0.0,0.0,,,0.0,,,0.0,inf,https://www.nature.com/articles/s41597-025-04875-3; https://doi.org/10.6084/m9.figshare.27646707,B,"County-level injection capacity; pressure interference, plume geometry, and well count still need reservoir simulation."
county,Guangdong,Liannan Yao Autonomous County,0.0,0.0,,,0.0,,,0.0,inf,https://www.nature.com/articles/s41597-025-04875-3; https://doi.org/10.6084/m9.figshare.27646707,B,"County-level injection capacity; pressure interference, plume geometry, and well count still need reservoir simulation."
county,Guangdong,Lianshan Zhuang and Yao Autonomous County,0.0,0.0,,,0.0,,,0.0,inf,https://www.nature.com/articles/s41597-025-04875-3; https://doi.org/10.6084/m9.figshare.27646707,B,"County-level injection capacity; pressure interference, plume geometry, and well count still need reservoir simulation."
county,Guangdong,Lianzhou City,0.0,0.0,,,0.0,,,0.0,inf,https://www.nature.com/articles/s41597-025-04875-3; https://doi.org/10.6084/m9.figshare.27646707,B,"County-level injection capacity; pressure interference, plume geometry, and well count still need reservoir simulation."
county,Guangdong,Qingcheng District,0.0,0.0,,,0.0,,,0.0,inf,https://www.nature.com/articles/s41597-025-04875-3; https://doi.org/10.6084/m9.figshare.27646707,B,"County-level injection capacity; pressure interference, plume geometry, and well count still need reservoir simulation."
county,Guangdong,Qingxin District,0.0,0.0,,,0.0,,,0.0,inf,https://www.nature.com/articles/s41597-025-04875-3; https://doi.org/10.6084/m9.figshare.27646707,B,"County-level injection capacity; pressure interference, plume geometry, and well count still need reservoir simulation."
county,Guangdong,Yangshan County,0.0,0.0,,,0.0,,,0.0,inf,https://www.nature.com/articles/s41597-025-04875-3; https://doi.org/10.6084/m9.figshare.27646707,B,"County-level injection capacity; pressure interference, plume geometry, and well count still need reservoir simulation."
county,Guangdong,Yingde City,0.0,0.0,,,0.0,,,0.0,inf,https://www.nature.com/articles/s41597-025-04875-3; https://doi.org/10.6084/m9.figshare.27646707,B,"County-level injection capacity; pressure interference, plume geometry, and well count still need reservoir simulation."
county,Guangdong,Chaonan District,0.0,0.0,,,0.0,,,0.0,inf,https://www.nature.com/articles/s41597-025-04875-3; https://doi.org/10.6084/m9.figshare.27646707,B,"County-level injection capacity; pressure interference, plume geometry, and well count still need reservoir simulation."
county,Guangdong,Chaoyang District,0.0,0.0,,,0.0,,,0.0,inf,https://www.nature.com/articles/s41597-025-04875-3; https://doi.org/10.6084/m9.figshare.27646707,B,"County-level injection capacity; pressure interference, plume geometry, and well count still need reservoir simulation."
county,Guangdong,Chenghai District,0.0,0.0,,,0.0,,,0.0,inf,https://www.nature.com/articles/s41597-025-04875-3; https://doi.org/10.6084/m9.figshare.27646707,B,"County-level injection capacity; pressure interference, plume geometry, and well count still need reservoir simulation."
county,Guangdong,Haojiang District,0.0,0.0,,,0.0,,,0.0,inf,https://www.nature.com/articles/s41597-025-04875-3; https://doi.org/10.6084/m9.figshare.27646707,B,"County-level injection capacity; pressure interference, plume geometry, and well count still need reservoir simulation."
county,Guangdong,Jinping District,0.0,0.0,,,0.0,,,0.0,inf,https://www.nature.com/articles/s41597-025-04875-3; https://doi.org/10.6084/m9.figshare.27646707,B,"County-level injection capacity; pressure interference, plume geometry, and well count still need reservoir simulation."
county,Guangdong,Longhu District,0.0,0.0,,,0.0,,,0.0,inf,https://www.nature.com/articles/s41597-025-04875-3; https://doi.org/10.6084/m9.figshare.27646707,B,"County-level injection capacity; pressure interference, plume geometry, and well count still need reservoir simulation."
county,Guangdong,Nanao County,0.0,0.0,,,0.0,,,0.0,inf,https://www.nature.com/articles/s41597-025-04875-3; https://doi.org/10.6084/m9.figshare.27646707,B,"County-level injection capacity; pressure interference, plume geometry, and well count still need reservoir simulation."
county,Guangdong,Chengqu District,0.0,0.0,,,0.0,,,0.0,inf,https://www.nature.com/articles/s41597-025-04875-3; https://doi.org/10.6084/m9.figshare.27646707,B,"County-level injection capacity; pressure interference, plume geometry, and well count still need reservoir simulation."
county,Guangdong,Haifeng County,0.0,0.0,,,0.0,,,0.0,inf,https://www.nature.com/articles/s41597-025-04875-3; https://doi.org/10.6084/m9.figshare.27646707,B,"County-level injection capacity; pressure interference, plume geometry, and well count still need reservoir simulation."
county,Guangdong,Lufeng City,0.0,0.0,,,0.0,,,0.0,inf,https://www.nature.com/articles/s41597-025-04875-3; https://doi.org/10.6084/m9.figshare.27646707,B,"County-level injection capacity; pressure interference, plume geometry, and well count still need reservoir simulation."
county,Guangdong,Luhe County,0.0,0.0,,,0.0,,,0.0,inf,https://www.nature.com/articles/s41597-025-04875-3; https://doi.org/10.6084/m9.figshare.27646707,B,"County-level injection capacity; pressure interference, plume geometry, and well count still need reservoir simulation."
county,Guangdong,Lechang City,0.0,0.0,,,0.0,,,0.0,inf,https://www.nature.com/articles/s41597-025-04875-3; https://doi.org/10.6084/m9.figshare.27646707,B,"County-level injection capacity; pressure interference, plume geometry, and well count still need reservoir simulation."
county,Guangdong,Nanxiong City,0.0,0.0,,,0.0,,,0.0,inf,https://www.nature.com/articles/s41597-025-04875-3; https://doi.org/10.6084/m9.figshare.27646707,B,"County-level injection capacity; pressure interference, plume geometry, and well count still need reservoir simulation."
county,Guangdong,Qujiang District,0.0,0.0,,,0.0,,,0.0,inf,https://www.nature.com/articles/s41597-025-04875-3; https://doi.org/10.6084/m9.figshare.27646707,B,"County-level injection capacity; pressure interference, plume geometry, and well count still need reservoir simulation."
county,Guangdong,Renhua County,0.0,0.0,,,0.0,,,0.0,inf,https://www.nature.com/articles/s41597-025-04875-3; https://doi.org/10.6084/m9.figshare.27646707,B,"County-level injection capacity; pressure interference, plume geometry, and well count still need reservoir simulation."
county,Guangdong,Ruyuan Yao Autonomous County,0.0,0.0,,,0.0,,,0.0,inf,https://www.nature.com/articles/s41597-025-04875-3; https://doi.org/10.6084/m9.figshare.27646707,B,"County-level injection capacity; pressure interference, plume geometry, and well count still need reservoir simulation."
county,Guangdong,Shixing County,0.0,0.0,,,0.0,,,0.0,inf,https://www.nature.com/articles/s41597-025-04875-3; https://doi.org/10.6084/m9.figshare.27646707,B,"County-level injection capacity; pressure interference, plume geometry, and well count still need reservoir simulation."
county,Guangdong,Wengyuan County,0.0,0.0,,,0.0,,,0.0,inf,https://www.nature.com/articles/s41597-025-04875-3; https://doi.org/10.6084/m9.figshare.27646707,B,"County-level injection capacity; pressure interference, plume geometry, and well count still need reservoir simulation."
county,Guangdong,Wujiang District,0.0,0.0,,,0.0,,,0.0,inf,https://www.nature.com/articles/s41597-025-04875-3; https://doi.org/10.6084/m9.figshare.27646707,B,"County-level injection capacity; pressure interference, plume geometry, and well count still need reservoir simulation."
county,Guangdong,Xinfeng County,0.0,0.0,,,0.0,,,0.0,inf,https://www.nature.com/articles/s41597-025-04875-3; https://doi.org/10.6084/m9.figshare.27646707,B,"County-level injection capacity; pressure interference, plume geometry, and well count still need reservoir simulation."
county,Guangdong,Zhenjiang District,0.0,0.0,,,0.0,,,0.0,inf,https://www.nature.com/articles/s41597-025-04875-3; https://doi.org/10.6084/m9.figshare.27646707,B,"County-level injection capacity; pressure interference, plume geometry, and well count still need reservoir simulation."
county,Guangdong,Bao'an District,0.0,0.0,,,0.0,,,0.0,inf,https://www.nature.com/articles/s41597-025-04875-3; https://doi.org/10.6084/m9.figshare.27646707,B,"County-level injection capacity; pressure interference, plume geometry, and well count still need reservoir simulation."
county,Guangdong,Futian District,0.0,0.0,,,0.0,,,0.0,inf,https://www.nature.com/articles/s41597-025-04875-3; https://doi.org/10.6084/m9.figshare.27646707,B,"County-level injection capacity; pressure interference, plume geometry, and well count still need reservoir simulation."
county,Guangdong,Guangming District,0.0,0.0,,,0.0,,,0.0,inf,https://www.nature.com/articles/s41597-025-04875-3; https://doi.org/10.6084/m9.figshare.27646707,B,"County-level injection capacity; pressure interference, plume geometry, and well count still need reservoir simulation."
county,Guangdong,Longgang District,0.0,0.0,,,0.0,,,0.0,inf,https://www.nature.com/articles/s41597-025-04875-3; https://doi.org/10.6084/m9.figshare.27646707,B,"County-level injection capacity; pressure interference, plume geometry, and well count still need reservoir simulation."
county,Guangdong,Longhua District,0.0,0.0,,,0.0,,,0.0,inf,https://www.nature.com/articles/s41597-025-04875-3; https://doi.org/10.6084/m9.figshare.27646707,B,"County-level injection capacity; pressure interference, plume geometry, and well count still need reservoir simulation."
county,Guangdong,Luohu District,0.0,0.0,,,0.0,,,0.0,inf,https://www.nature.com/articles/s41597-025-04875-3; https://doi.org/10.6084/m9.figshare.27646707,B,"County-level injection capacity; pressure interference, plume geometry, and well count still need reservoir simulation."
county,Guangdong,Nanshan District,0.0,0.0,,,0.0,,,0.0,inf,https://www.nature.com/articles/s41597-025-04875-3; https://doi.org/10.6084/m9.figshare.27646707,B,"County-level injection capacity; pressure interference, plume geometry, and well count still need reservoir simulation."
county,Guangdong,Pingshan District,0.0,0.0,,,0.0,,,0.0,inf,https://www.nature.com/articles/s41597-025-04875-3; https://doi.org/10.6084/m9.figshare.27646707,B,"County-level injection capacity; pressure interference, plume geometry, and well count still need reservoir simulation."
county,Guangdong,Yantian District,0.0,0.0,,,0.0,,,0.0,inf,https://www.nature.com/articles/s41597-025-04875-3; https://doi.org/10.6084/m9.figshare.27646707,B,"County-level injection capacity; pressure interference, plume geometry, and well count still need reservoir simulation."
county,Guangdong,Jiangcheng District,0.0,0.0,,,0.0,,,0.0,inf,https://www.nature.com/articles/s41597-025-04875-3; https://doi.org/10.6084/m9.figshare.27646707,B,"County-level injection capacity; pressure interference, plume geometry, and well count still need reservoir simulation."
county,Guangdong,Yangchun City,0.0,0.0,,,0.0,,,0.0,inf,https://www.nature.com/articles/s41597-025-04875-3; https://doi.org/10.6084/m9.figshare.27646707,B,"County-level injection capacity; pressure interference, plume geometry, and well count still need reservoir simulation."
county,Guangdong,Yangdong District,0.0,0.0,,,0.0,,,0.0,inf,https://www.nature.com/articles/s41597-025-04875-3; https://doi.org/10.6084/m9.figshare.27646707,B,"County-level injection capacity; pressure interference, plume geometry, and well count still need reservoir simulation."
county,Guangdong,Yangxi County,0.0,0.0,,,0.0,,,0.0,inf,https://www.nature.com/articles/s41597-025-04875-3; https://doi.org/10.6084/m9.figshare.27646707,B,"County-level injection capacity; pressure interference, plume geometry, and well count still need reservoir simulation."
county,Guangdong,Luoding City,0.0,0.0,,,0.0,,,0.0,inf,https://www.nature.com/articles/s41597-025-04875-3; https://doi.org/10.6084/m9.figshare.27646707,B,"County-level injection capacity; pressure interference, plume geometry, and well count still need reservoir simulation."
county,Guangdong,Xinxing County,0.0,0.0,,,0.0,,,0.0,inf,https://www.nature.com/articles/s41597-025-04875-3; https://doi.org/10.6084/m9.figshare.27646707,B,"County-level injection capacity; pressure interference, plume geometry, and well count still need reservoir simulation."
county,Guangdong,Yu'nan County,0.0,0.0,,,0.0,,,0.0,inf,https://www.nature.com/articles/s41597-025-04875-3; https://doi.org/10.6084/m9.figshare.27646707,B,"County-level injection capacity; pressure interference, plume geometry, and well count still need reservoir simulation."
county,Guangdong,Yu'nan District,0.0,0.0,,,0.0,,,0.0,inf,https://www.nature.com/articles/s41597-025-04875-3; https://doi.org/10.6084/m9.figshare.27646707,B,"County-level injection capacity; pressure interference, plume geometry, and well count still need reservoir simulation."
county,Guangdong,Yuncheng District,0.0,0.0,,,0.0,,,0.0,inf,https://www.nature.com/articles/s41597-025-04875-3; https://doi.org/10.6084/m9.figshare.27646707,B,"County-level injection capacity; pressure interference, plume geometry, and well count still need reservoir simulation."
county,Guangdong,Chikan District,0.0,0.0,,,0.0,,,0.0,inf,https://www.nature.com/articles/s41597-025-04875-3; https://doi.org/10.6084/m9.figshare.27646707,B,"County-level injection capacity; pressure interference, plume geometry, and well count still need reservoir simulation."
county,Guangdong,Leizhou City,0.0,0.0,,,0.0,,,0.0,inf,https://www.nature.com/articles/s41597-025-04875-3; https://doi.org/10.6084/m9.figshare.27646707,B,"County-level injection capacity; pressure interference, plume geometry, and well count still need reservoir simulation."
county,Guangdong,Lianjiang City,0.0,0.0,,,0.0,,,0.0,inf,https://www.nature.com/articles/s41597-025-04875-3; https://doi.org/10.6084/m9.figshare.27646707,B,"County-level injection capacity; pressure interference, plume geometry, and well count still need reservoir simulation."
county,Guangdong,Mazhang District,0.0,0.0,,,0.0,,,0.0,inf,https://www.nature.com/articles/s41597-025-04875-3; https://doi.org/10.6084/m9.figshare.27646707,B,"County-level injection capacity; pressure interference, plume geometry, and well count still need reservoir simulation."
county,Guangdong,Potou District,0.0,0.0,,,0.0,,,0.0,inf,https://www.nature.com/articles/s41597-025-04875-3; https://doi.org/10.6084/m9.figshare.27646707,B,"County-level injection capacity; pressure interference, plume geometry, and well count still need reservoir simulation."
county,Guangdong,Suixi County,0.0,0.0,,,0.0,,,0.0,inf,https://www.nature.com/articles/s41597-025-04875-3; https://doi.org/10.6084/m9.figshare.27646707,B,"County-level injection capacity; pressure interference, plume geometry, and well count still need reservoir simulation."
county,Guangdong,Wuchuan City,0.0,0.0,,,0.0,,,0.0,inf,https://www.nature.com/articles/s41597-025-04875-3; https://doi.org/10.6084/m9.figshare.27646707,B,"County-level injection capacity; pressure interference, plume geometry, and well count still need reservoir simulation."
county,Guangdong,Xiashan District,0.0,0.0,,,0.0,,,0.0,inf,https://www.nature.com/articles/s41597-025-04875-3; https://doi.org/10.6084/m9.figshare.27646707,B,"County-level injection capacity; pressure interference, plume geometry, and well count still need reservoir simulation."
county,Guangdong,Xuwen County,0.0,0.0,,,0.0,,,0.0,inf,https://www.nature.com/articles/s41597-025-04875-3; https://doi.org/10.6084/m9.figshare.27646707,B,"County-level injection capacity; pressure interference, plume geometry, and well count still need reservoir simulation."
county,Guangdong,Deqing County,0.0,0.0,,,0.0,,,0.0,inf,https://www.nature.com/articles/s41597-025-04875-3; https://doi.org/10.6084/m9.figshare.27646707,B,"County-level injection capacity; pressure interference, plume geometry, and well count still need reservoir simulation."
county,Guangdong,Dinghu District,0.0,0.0,,,0.0,,,0.0,inf,https://www.nature.com/articles/s41597-025-04875-3; https://doi.org/10.6084/m9.figshare.27646707,B,"County-level injection capacity; pressure interference, plume geometry, and well count still need reservoir simulation."
county,Guangdong,Duanzhou District,0.0,0.0,,,0.0,,,0.0,inf,https://www.nature.com/articles/s41597-025-04875-3; https://doi.org/10.6084/m9.figshare.27646707,B,"County-level injection capacity; pressure interference, plume geometry, and well count still need reservoir simulation."
county,Guangdong,Fengkai County,0.0,0.0,,,0.0,,,0.0,inf,https://www.nature.com/articles/s41597-025-04875-3; https://doi.org/10.6084/m9.figshare.27646707,B,"County-level injection capacity; pressure interference, plume geometry, and well count still need reservoir simulation."
county,Guangdong,Gaoyao District,0.0,0.0,,,0.0,,,0.0,inf,https://www.nature.com/articles/s41597-025-04875-3; https://doi.org/10.6084/m9.figshare.27646707,B,"County-level injection capacity; pressure interference, plume geometry, and well count still need reservoir simulation."
county,Guangdong,Guangning County,0.0,0.0,,,0.0,,,0.0,inf,https://www.nature.com/articles/s41597-025-04875-3; https://doi.org/10.6084/m9.figshare.27646707,B,"County-level injection capacity; pressure interference, plume geometry, and well count still need reservoir simulation."
county,Guangdong,Huaji County,0.0,0.0,,,0.0,,,0.0,inf,https://www.nature.com/articles/s41597-025-04875-3; https://doi.org/10.6084/m9.figshare.27646707,B,"County-level injection capacity; pressure interference, plume geometry, and well count still need reservoir simulation."
county,Guangdong,Sihui City,0.0,0.0,,,0.0,,,0.0,inf,https://www.nature.com/articles/s41597-025-04875-3; https://doi.org/10.6084/m9.figshare.27646707,B,"County-level injection capacity; pressure interference, plume geometry, and well count still need reservoir simulation."
county,Guangdong,Zhongshan City,0.0,0.0,,,0.0,,,0.0,inf,https://www.nature.com/articles/s41597-025-04875-3; https://doi.org/10.6084/m9.figshare.27646707,B,"County-level injection capacity; pressure interference, plume geometry, and well count still need reservoir simulation."
county,Guangdong,Doumen District,0.0,0.0,,,0.0,,,0.0,inf,https://www.nature.com/articles/s41597-025-04875-3; https://doi.org/10.6084/m9.figshare.27646707,B,"County-level injection capacity; pressure interference, plume geometry, and well count still need reservoir simulation."
county,Guangdong,Jinwan District,0.0,0.0,,,0.0,,,0.0,inf,https://www.nature.com/articles/s41597-025-04875-3; https://doi.org/10.6084/m9.figshare.27646707,B,"County-level injection capacity; pressure interference, plume geometry, and well count still need reservoir simulation."
county,Guangdong,Xiangzhou District,0.0,0.0,,,0.0,,,0.0,inf,https://www.nature.com/articles/s41597-025-04875-3; https://doi.org/10.6084/m9.figshare.27646707,B,"County-level injection capacity; pressure interference, plume geometry, and well count still need reservoir simulation."
county,Guangxi Zhuang Autonomous Region,Debao County,0.0,0.0,,,0.0,,,0.0,inf,https://www.nature.com/articles/s41597-025-04875-3; https://doi.org/10.6084/m9.figshare.27646707,B,"County-level injection capacity; pressure interference, plume geometry, and well count still need reservoir simulation."
county,Guangxi Zhuang Autonomous Region,Jingxi City,0.0,0.0,,,0.0,,,0.0,inf,https://www.nature.com/articles/s41597-025-04875-3; https://doi.org/10.6084/m9.figshare.27646707,B,"County-level injection capacity; pressure interference, plume geometry, and well count still need reservoir simulation."
county,Guangxi Zhuang Autonomous Region,Leye County,0.0,0.0,,,0.0,,,0.0,inf,https://www.nature.com/articles/s41597-025-04875-3; https://doi.org/10.6084/m9.figshare.27646707,B,"County-level injection capacity; pressure interference, plume geometry, and well count still need reservoir simulation."
county,Guangxi Zhuang Autonomous Region,Lingyun County,0.0,0.0,,,0.0,,,0.0,inf,https://www.nature.com/articles/s41597-025-04875-3; https://doi.org/10.6084/m9.figshare.27646707,B,"County-level injection capacity; pressure interference, plume geometry, and well count still need reservoir simulation."
county,Guangxi Zhuang Autonomous Region,Longlin Autonomous County,0.0,0.0,,,0.0,,,0.0,inf,https://www.nature.com/articles/s41597-025-04875-3; https://doi.org/10.6084/m9.figshare.27646707,B,"County-level injection capacity; pressure interference, plume geometry, and well count still need reservoir simulation."
county,Guangxi Zhuang Autonomous Region,Napo County,0.0,0.0,,,0.0,,,0.0,inf,https://www.nature.com/articles/s41597-025-04875-3; https://doi.org/10.6084/m9.figshare.27646707,B,"County-level injection capacity; pressure interference, plume geometry, and well count still need reservoir simulation."
county,Guangxi Zhuang Autonomous Region,Pingguo City,0.0,0.0,,,0.0,,,0.0,inf,https://www.nature.com/articles/s41597-025-04875-3; https://doi.org/10.6084/m9.figshare.27646707,B,"County-level injection capacity; pressure interference, plume geometry, and well count still need reservoir simulation."
county,Guangxi Zhuang Autonomous Region,Tiandong County,0.0,0.0,,,0.0,,,0.0,inf,https://www.nature.com/articles/s41597-025-04875-3; https://doi.org/10.6084/m9.figshare.27646707,B,"County-level injection capacity; pressure interference, plume geometry, and well count still need reservoir simulation."
county,Guangxi Zhuang Autonomous Region,Tianlin County,0.0,0.0,,,0.0,,,0.0,inf,https://www.nature.com/articles/s41597-025-04875-3; https://doi.org/10.6084/m9.figshare.27646707,B,"County-level injection capacity; pressure interference, plume geometry, and well count still need reservoir simulation."
county,Guangxi Zhuang Autonomous Region,Tianyang District,0.0,0.0,,,0.0,,,0.0,inf,https://www.nature.com/articles/s41597-025-04875-3; https://doi.org/10.6084/m9.figshare.27646707,B,"County-level injection capacity; pressure interference, plume geometry, and well count still need reservoir simulation."
county,Guangxi Zhuang Autonomous Region,Xilin County,0.0,0.0,,,0.0,,,0.0,inf,https://www.nature.com/articles/s41597-025-04875-3; https://doi.org/10.6084/m9.figshare.27646707,B,"County-level injection capacity; pressure interference, plume geometry, and well count still need reservoir simulation."
county,Guangxi Zhuang Autonomous Region,Yuijiang District,0.0,0.0,,,0.0,,,0.0,inf,https://www.nature.com/articles/s41597-025-04875-3; https://doi.org/10.6084/m9.figshare.27646707,B,"County-level injection capacity; pressure interference, plume geometry, and well count still need reservoir simulation."
county,Guangxi Zhuang Autonomous Region,Haicheng District,0.0,0.0,,,0.0,,,0.0,inf,https://www.nature.com/articles/s41597-025-04875-3; https://doi.org/10.6084/m9.figshare.27646707,B,"County-level injection capacity; pressure interference, plume geometry, and well count still need reservoir simulation."
county,Guangxi Zhuang Autonomous Region,Hepu County,0.0,0.0,,,0.0,,,0.0,inf,https://www.nature.com/articles/s41597-025-04875-3; https://doi.org/10.6084/m9.figshare.27646707,B,"County-level injection capacity; pressure interference, plume geometry, and well count still need reservoir simulation."
county,Guangxi Zhuang Autonomous Region,Tieshangang District,0.0,0.0,,,0.0,,,0.0,inf,https://www.nature.com/articles/s41597-025-04875-3; https://doi.org/10.6084/m9.figshare.27646707,B,"County-level injection capacity; pressure interference, plume geometry, and well count still need reservoir simulation."
county,Guangxi Zhuang Autonomous Region,Yinhai District,0.0,0.0,,,0.0,,,0.0,inf,https://www.nature.com/articles/s41597-025-04875-3; https://doi.org/10.6084/m9.figshare.27646707,B,"County-level injection capacity; pressure interference, plume geometry, and well count still need reservoir simulation."
county,Guangxi Zhuang Autonomous Region,Daxin County,0.0,0.0,,,0.0,,,0.0,inf,https://www.nature.com/articles/s41597-025-04875-3; https://doi.org/10.6084/m9.figshare.27646707,B,"County-level injection capacity; pressure interference, plume geometry, and well count still need reservoir simulation."
county,Guangxi Zhuang Autonomous Region,Fusui County,0.0,0.0,,,0.0,,,0.0,inf,https://www.nature.com/articles/s41597-025-04875-3; https://doi.org/10.6084/m9.figshare.27646707,B,"County-level injection capacity; pressure interference, plume geometry, and well count still need reservoir simulation."
county,Guangxi Zhuang Autonomous Region,Jiangzhou District,0.0,0.0,,,0.0,,,0.0,inf,https://www.nature.com/articles/s41597-025-04875-3; https://doi.org/10.6084/m9.figshare.27646707,B,"County-level injection capacity; pressure interference, plume geometry, and well count still need reservoir simulation."
county,Guangxi Zhuang Autonomous Region,Longzhou County,0.0,0.0,,,0.0,,,0.0,inf,https://www.nature.com/articles/s41597-025-04875-3; https://doi.org/10.6084/m9.figshare.27646707,B,"County-level injection capacity; pressure interference, plume geometry, and well count still need reservoir simulation."
county,Guangxi Zhuang Autonomous Region,Ningming County,0.0,0.0,,,0.0,,,0.0,inf,https://www.nature.com/articles/s41597-025-04875-3; https://doi.org/10.6084/m9.figshare.27646707,B,"County-level injection capacity; pressure interference, plume geometry, and well count still need reservoir simulation."
county,Guangxi Zhuang Autonomous Region,Pingxiang,0.0,0.0,,,0.0,,,0.0,inf,https://www.nature.com/articles/s41597-025-04875-3; https://doi.org/10.6084/m9.figshare.27646707,B,"County-level injection capacity; pressure interference, plume geometry, and well count still need reservoir simulation."
county,Guangxi Zhuang Autonomous Region,Tianying County,0.0,0.0,,,0.0,,,0.0,inf,https://www.nature.com/articles/s41597-025-04875-3; https://doi.org/10.6084/m9.figshare.27646707,B,"County-level injection capacity; pressure interference, plume geometry, and well count still need reservoir simulation."
county,Guangxi Zhuang Autonomous Region,Dongxing,0.0,0.0,,,0.0,,,0.0,inf,https://www.nature.com/articles/s41597-025-04875-3; https://doi.org/10.6084/m9.figshare.27646707,B,"County-level injection capacity; pressure interference, plume geometry, and well count still need reservoir simulation."
county,Guangxi Zhuang Autonomous Region,Fangcheng District,0.0,0.0,,,0.0,,,0.0,inf,https://www.nature.com/articles/s41597-025-04875-3; https://doi.org/10.6084/m9.figshare.27646707,B,"County-level injection capacity; pressure interference, plume geometry, and well count still need reservoir simulation."
county,Guangxi Zhuang Autonomous Region,Harbor District,0.0,0.0,,,0.0,,,0.0,inf,https://www.nature.com/articles/s41597-025-04875-3; https://doi.org/10.6084/m9.figshare.27646707,B,"County-level injection capacity; pressure interference, plume geometry, and well count still need reservoir simulation."
county,Guangxi Zhuang Autonomous Region,Shangsi County,0.0,0.0,,,0.0,,,0.0,inf,https://www.nature.com/articles/s41597-025-04875-3; https://doi.org/10.6084/m9.figshare.27646707,B,"County-level injection capacity; pressure interference, plume geometry, and well count still need reservoir simulation."
county,Guangxi Zhuang Autonomous Region,Gangbei District,0.0,0.0,,,0.0,,,0.0,inf,https://www.nature.com/articles/s41597-025-04875-3; https://doi.org/10.6084/m9.figshare.27646707,B,"County-level injection capacity; pressure interference, plume geometry, and well count still need reservoir simulation."
county,Guangxi Zhuang Autonomous Region,Gangnan District,0.0,0.0,,,0.0,,,0.0,inf,https://www.nature.com/articles/s41597-025-04875-3; https://doi.org/10.6084/m9.figshare.27646707,B,"County-level injection capacity; pressure interference, plume geometry, and well count still need reservoir simulation."
county,Guangxi Zhuang Autonomous Region,Guiping,0.0,0.0,,,0.0,,,0.0,inf,https://www.nature.com/articles/s41597-025-04875-3; https://doi.org/10.6084/m9.figshare.27646707,B,"County-level injection capacity; pressure interference, plume geometry, and well count still need reservoir simulation."
county,Guangxi Zhuang Autonomous Region,Pingnan County,0.0,0.0,,,0.0,,,0.0,inf,https://www.nature.com/articles/s41597-025-04875-3; https://doi.org/10.6084/m9.figshare.27646707,B,"County-level injection capacity; pressure interference, plume geometry, and well count still need reservoir simulation."
county,Guangxi Zhuang Autonomous Region,Qintang District,0.0,0.0,,,0.0,,,0.0,inf,https://www.nature.com/articles/s41597-025-04875-3; https://doi.org/10.6084/m9.figshare.27646707,B,"County-level injection capacity; pressure interference, plume geometry, and well count still need reservoir simulation."
county,Guangxi Zhuang Autonomous Region,Yuicai District,0.0,0.0,,,0.0,,,0.0,inf,https://www.nature.com/articles/s41597-025-04875-3; https://doi.org/10.6084/m9.figshare.27646707,B,"County-level injection capacity; pressure interference, plume geometry, and well count still need reservoir simulation."
county,Guangxi Zhuang Autonomous Region,Gongcheng Yao Autonomous County,0.0,0.0,,,0.0,,,0.0,inf,https://www.nature.com/articles/s41597-025-04875-3; https://doi.org/10.6084/m9.figshare.27646707,B,"County-level injection capacity; pressure interference, plume geometry, and well count still need reservoir simulation."
county,Guangxi Zhuang Autonomous Region,Guanyang County,0.0,0.0,,,0.0,,,0.0,inf,https://www.nature.com/articles/s41597-025-04875-3; https://doi.org/10.6084/m9.figshare.27646707,B,"County-level injection capacity; pressure interference, plume geometry, and well count still need reservoir simulation."
county,Guangxi Zhuang Autonomous Region,Lipu City,0.0,0.0,,,0.0,,,0.0,inf,https://www.nature.com/articles/s41597-025-04875-3; https://doi.org/10.6084/m9.figshare.27646707,B,"County-level injection capacity; pressure interference, plume geometry, and well count still need reservoir simulation."
county,Guangxi Zhuang Autonomous Region,Lingui District,0.0,0.0,,,0.0,,,0.0,inf,https://www.nature.com/articles/s41597-025-04875-3; https://doi.org/10.6084/m9.figshare.27646707,B,"County-level injection capacity; pressure interference, plume geometry, and well count still need reservoir simulation."
county,Guangxi Zhuang Autonomous Region,Lingchuan County,0.0,0.0,,,0.0,,,0.0,inf,https://www.nature.com/articles/s41597-025-04875-3; https://doi.org/10.6084/m9.figshare.27646707,B,"County-level injection capacity; pressure interference, plume geometry, and well count still need reservoir simulation."
county,Guangxi Zhuang Autonomous Region,Longsheng Autonomous County,0.0,0.0,,,0.0,,,0.0,inf,https://www.nature.com/articles/s41597-025-04875-3; https://doi.org/10.6084/m9.figshare.27646707,B,"County-level injection capacity; pressure interference, plume geometry, and well count still need reservoir simulation."
county,Guangxi Zhuang Autonomous Region,Pingle County,0.0,0.0,,,0.0,,,0.0,inf,https://www.nature.com/articles/s41597-025-04875-3; https://doi.org/10.6084/m9.figshare.27646707,B,"County-level injection capacity; pressure interference, plume geometry, and well count still need reservoir simulation."
county,Guangxi Zhuang Autonomous Region,Qixing District,0.0,0.0,,,0.0,,,0.0,inf,https://www.nature.com/articles/s41597-025-04875-3; https://doi.org/10.6084/m9.figshare.27646707,B,"County-level injection capacity; pressure interference, plume geometry, and well count still need reservoir simulation."
county,Guangxi Zhuang Autonomous Region,Quanzhou County,0.0,0.0,,,0.0,,,0.0,inf,https://www.nature.com/articles/s41597-025-04875-3; https://doi.org/10.6084/m9.figshare.27646707,B,"County-level injection capacity; pressure interference, plume geometry, and well count still need reservoir simulation."
county,Guangxi Zhuang Autonomous Region,Xiangshan District,0.0,0.0,,,0.0,,,0.0,inf,https://www.nature.com/articles/s41597-025-04875-3; https://doi.org/10.6084/m9.figshare.27646707,B,"County-level injection capacity; pressure interference, plume geometry, and well count still need reservoir simulation."
county,Guangxi Zhuang Autonomous Region,Xing'an County,0.0,0.0,,,0.0,,,0.0,inf,https://www.nature.com/articles/s41597-025-04875-3; https://doi.org/10.6084/m9.figshare.27646707,B,"County-level injection capacity; pressure interference, plume geometry, and well count still need reservoir simulation."
county,Guangxi Zhuang Autonomous Region,Xiufeng District,0.0,0.0,,,0.0,,,0.0,inf,https://www.nature.com/articles/s41597-025-04875-3; https://doi.org/10.6084/m9.figshare.27646707,B,"County-level injection capacity; pressure interference, plume geometry, and well count still need reservoir simulation."
county,Guangxi Zhuang Autonomous Region,Yanshan District,0.0,0.0,,,0.0,,,0.0,inf,https://www.nature.com/articles/s41597-025-04875-3; https://doi.org/10.6084/m9.figshare.27646707,B,"County-level injection capacity; pressure interference, plume geometry, and well count still need reservoir simulation."
county,Guangxi Zhuang Autonomous Region,Yangshuo County,0.0,0.0,,,0.0,,,0.0,inf,https://www.nature.com/articles/s41597-025-04875-3; https://doi.org/10.6084/m9.figshare.27646707,B,"County-level injection capacity; pressure interference, plume geometry, and well count still need reservoir simulation."
county,Guangxi Zhuang Autonomous Region,Yongfu County,0.0,0.0,,,0.0,,,0.0,inf,https://www.nature.com/articles/s41597-025-04875-3; https://doi.org/10.6084/m9.figshare.27646707,B,"County-level injection capacity; pressure interference, plume geometry, and well count still need reservoir simulation."
county,Guangxi Zhuang Autonomous Region,Resources County,0.0,0.0,,,0.0,,,0.0,inf,https://www.nature.com/articles/s41597-025-04875-3; https://doi.org/10.6084/m9.figshare.27646707,B,"County-level injection capacity; pressure interference, plume geometry, and well count still need reservoir simulation."
county,Guangxi Zhuang Autonomous Region,Bama Yao Autonomous County,0.0,0.0,,,0.0,,,0.0,inf,https://www.nature.com/articles/s41597-025-04875-3; https://doi.org/10.6084/m9.figshare.27646707,B,"County-level injection capacity; pressure interference, plume geometry, and well count still need reservoir simulation."
county,Guangxi Zhuang Autonomous Region,Dahua Yao Autonomous County,0.0,0.0,,,0.0,,,0.0,inf,https://www.nature.com/articles/s41597-025-04875-3; https://doi.org/10.6084/m9.figshare.27646707,B,"County-level injection capacity; pressure interference, plume geometry, and well count still need reservoir simulation."
county,Guangxi Zhuang Autonomous Region,Donglan County,0.0,0.0,,,0.0,,,0.0,inf,https://www.nature.com/articles/s41597-025-04875-3; https://doi.org/10.6084/m9.figshare.27646707,B,"County-level injection capacity; pressure interference, plume geometry, and well count still need reservoir simulation."
county,Guangxi Zhuang Autonomous Region,Du'an Yao Autonomous County,0.0,0.0,,,0.0,,,0.0,inf,https://www.nature.com/articles/s41597-025-04875-3; https://doi.org/10.6084/m9.figshare.27646707,B,"County-level injection capacity; pressure interference, plume geometry, and well count still need reservoir simulation."
county,Guangxi Zhuang Autonomous Region,Fengshan County,0.0,0.0,,,0.0,,,0.0,inf,https://www.nature.com/articles/s41597-025-04875-3; https://doi.org/10.6084/m9.figshare.27646707,B,"County-level injection capacity; pressure interference, plume geometry, and well count still need reservoir simulation."
county,Guangxi Zhuang Autonomous Region,Huanjiang Maonan Autonomous County,0.0,0.0,,,0.0,,,0.0,inf,https://www.nature.com/articles/s41597-025-04875-3; https://doi.org/10.6084/m9.figshare.27646707,B,"County-level injection capacity; pressure interference, plume geometry, and well count still need reservoir simulation."
county,Guangxi Zhuang Autonomous Region,Jinchengjiang District,0.0,0.0,,,0.0,,,0.0,inf,https://www.nature.com/articles/s41597-025-04875-3; https://doi.org/10.6084/m9.figshare.27646707,B,"County-level injection capacity; pressure interference, plume geometry, and well count still need reservoir simulation."
county,Guangxi Zhuang Autonomous Region,Luocheng Mulao Autonomous County,0.0,0.0,,,0.0,,,0.0,inf,https://www.nature.com/articles/s41597-025-04875-3; https://doi.org/10.6084/m9.figshare.27646707,B,"County-level injection capacity; pressure interference, plume geometry, and well count still need reservoir simulation."
county,Guangxi Zhuang Autonomous Region,Nandan County,0.0,0.0,,,0.0,,,0.0,inf,https://www.nature.com/articles/s41597-025-04875-3; https://doi.org/10.6084/m9.figshare.27646707,B,"County-level injection capacity; pressure interference, plume geometry, and well count still need reservoir simulation."
county,Guangxi Zhuang Autonomous Region,Tian'e County,0.0,0.0,,,0.0,,,0.0,inf,https://www.nature.com/articles/s41597-025-04875-3; https://doi.org/10.6084/m9.figshare.27646707,B,"County-level injection capacity; pressure interference, plume geometry, and well count still need reservoir simulation."
county,Guangxi Zhuang Autonomous Region,Yizhou District,0.0,0.0,,,0.0,,,0.0,inf,https://www.nature.com/articles/s41597-025-04875-3; https://doi.org/10.6084/m9.figshare.27646707,B,"County-level injection capacity; pressure interference, plume geometry, and well count still need reservoir simulation."
county,Guangxi Zhuang Autonomous Region,Babu District,0.0,0.0,,,0.0,,,0.0,inf,https://www.nature.com/articles/s41597-025-04875-3; https://doi.org/10.6084/m9.figshare.27646707,B,"County-level injection capacity; pressure interference, plume geometry, and well count still need reservoir simulation."
county,Guangxi Zhuang Autonomous Region,Buchuan Yao Autonomous County,0.0,0.0,,,0.0,,,0.0,inf,https://www.nature.com/articles/s41597-025-04875-3; https://doi.org/10.6084/m9.figshare.27646707,B,"County-level injection capacity; pressure interference, plume geometry, and well count still need reservoir simulation."
county,Guangxi Zhuang Autonomous Region,Pinggui District,0.0,0.0,,,0.0,,,0.0,inf,https://www.nature.com/articles/s41597-025-04875-3; https://doi.org/10.6084/m9.figshare.27646707,B,"County-level injection capacity; pressure interference, plume geometry, and well count still need reservoir simulation."
county,Guangxi Zhuang Autonomous Region,Zhaoping County,0.0,0.0,,,0.0,,,0.0,inf,https://www.nature.com/articles/s41597-025-04875-3; https://doi.org/10.6084/m9.figshare.27646707,B,"County-level injection capacity; pressure interference, plume geometry, and well count still need reservoir simulation."
county,Guangxi Zhuang Autonomous Region,Zhongshan,0.0,0.0,,,0.0,,,0.0,inf,https://www.nature.com/articles/s41597-025-04875-3; https://doi.org/10.6084/m9.figshare.27646707,B,"County-level injection capacity; pressure interference, plume geometry, and well count still need reservoir simulation."
county,Guangxi Zhuang Autonomous Region,Heshan City,0.0,0.0,,,0.0,,,0.0,inf,https://www.nature.com/articles/s41597-025-04875-3; https://doi.org/10.6084/m9.figshare.27646707,B,"County-level injection capacity; pressure interference, plume geometry, and well count still need reservoir simulation."
county,Guangxi Zhuang Autonomous Region,Jinxiu Yao Autonomous County,0.0,0.0,,,0.0,,,0.0,inf,https://www.nature.com/articles/s41597-025-04875-3; https://doi.org/10.6084/m9.figshare.27646707,B,"County-level injection capacity; pressure interference, plume geometry, and well count still need reservoir simulation."
county,Guangxi Zhuang Autonomous Region,Wuxuan County,0.0,0.0,,,0.0,,,0.0,inf,https://www.nature.com/articles/s41597-025-04875-3; https://doi.org/10.6084/m9.figshare.27646707,B,"County-level injection capacity; pressure interference, plume geometry, and well count still need reservoir simulation."
county,Guangxi Zhuang Autonomous Region,Xiangzhou County,0.0,0.0,,,0.0,,,0.0,inf,https://www.nature.com/articles/s41597-025-04875-3; https://doi.org/10.6084/m9.figshare.27646707,B,"County-level injection capacity; pressure interference, plume geometry, and well count still need reservoir simulation."
county,Guangxi Zhuang Autonomous Region,Xincheng County,0.0,0.0,,,0.0,,,0.0,inf,https://www.nature.com/articles/s41597-025-04875-3; https://doi.org/10.6084/m9.figshare.27646707,B,"County-level injection capacity; pressure interference, plume geometry, and well count still need reservoir simulation."
county,Guangxi Zhuang Autonomous Region,Xingbin District,0.0,0.0,,,0.0,,,0.0,inf,https://www.nature.com/articles/s41597-025-04875-3; https://doi.org/10.6084/m9.figshare.27646707,B,"County-level injection capacity; pressure interference, plume geometry, and well count still need reservoir simulation."
county,Guangxi Zhuang Autonomous Region,Chengzhong District,0.0,0.0,,,0.0,,,0.0,inf,https://www.nature.com/articles/s41597-025-04875-3; https://doi.org/10.6084/m9.figshare.27646707,B,"County-level injection capacity; pressure interference, plume geometry, and well count still need reservoir simulation."
county,Guangxi Zhuang Autonomous Region,Liubei District,0.0,0.0,,,0.0,,,0.0,inf,https://www.nature.com/articles/s41597-025-04875-3; https://doi.org/10.6084/m9.figshare.27646707,B,"County-level injection capacity; pressure interference, plume geometry, and well count still need reservoir simulation."
county,Guangxi Zhuang Autonomous Region,Liucheng County,0.0,0.0,,,0.0,,,0.0,inf,https://www.nature.com/articles/s41597-025-04875-3; https://doi.org/10.6084/m9.figshare.27646707,B,"County-level injection capacity; pressure interference, plume geometry, and well count still need reservoir simulation."
county,Guangxi Zhuang Autonomous Region,Liujiang District,0.0,0.0,,,0.0,,,0.0,inf,https://www.nature.com/articles/s41597-025-04875-3; https://doi.org/10.6084/m9.figshare.27646707,B,"County-level injection capacity; pressure interference, plume geometry, and well count still need reservoir simulation."
county,Guangxi Zhuang Autonomous Region,Liunan District,0.0,0.0,,,0.0,,,0.0,inf,https://www.nature.com/articles/s41597-025-04875-3; https://doi.org/10.6084/m9.figshare.27646707,B,"County-level injection capacity; pressure interference, plume geometry, and well count still need reservoir simulation."
county,Guangxi Zhuang Autonomous Region,Luzhai County,0.0,0.0,,,0.0,,,0.0,inf,https://www.nature.com/articles/s41597-025-04875-3; https://doi.org/10.6084/m9.figshare.27646707,B,"County-level injection capacity; pressure interference, plume geometry, and well count still need reservoir simulation."
county,Guangxi Zhuang Autonomous Region,Rong'an County,0.0,0.0,,,0.0,,,0.0,inf,https://www.nature.com/articles/s41597-025-04875-3; https://doi.org/10.6084/m9.figshare.27646707,B,"County-level injection capacity; pressure interference, plume geometry, and well count still need reservoir simulation."
county,Guangxi Zhuang Autonomous Region,Miao Autonomous County of Rongshui,0.0,0.0,,,0.0,,,0.0,inf,https://www.nature.com/articles/s41597-025-04875-3; https://doi.org/10.6084/m9.figshare.27646707,B,"County-level injection capacity; pressure interference, plume geometry, and well count still need reservoir simulation."
county,Guangxi Zhuang Autonomous Region,Dong Autonomous County of Sanjiang,0.0,0.0,,,0.0,,,0.0,inf,https://www.nature.com/articles/s41597-025-04875-3; https://doi.org/10.6084/m9.figshare.27646707,B,"County-level injection capacity; pressure interference, plume geometry, and well count still need reservoir simulation."
county,Guangxi Zhuang Autonomous Region,Yufeng District,0.0,0.0,,,0.0,,,0.0,inf,https://www.nature.com/articles/s41597-025-04875-3; https://doi.org/10.6084/m9.figshare.27646707,B,"County-level injection capacity; pressure interference, plume geometry, and well count still need reservoir simulation."
county,Guangxi Zhuang Autonomous Region,Binyang County,0.0,0.0,,,0.0,,,0.0,inf,https://www.nature.com/articles/s41597-025-04875-3; https://doi.org/10.6084/m9.figshare.27646707,B,"County-level injection capacity; pressure interference, plume geometry, and well count still need reservoir simulation."
county,Guangxi Zhuang Autonomous Region,Hengzhou City,0.0,0.0,,,0.0,,,0.0,inf,https://www.nature.com/articles/s41597-025-04875-3; https://doi.org/10.6084/m9.figshare.27646707,B,"County-level injection capacity; pressure interference, plume geometry, and well count still need reservoir simulation."
county,Guangxi Zhuang Autonomous Region,Jiangnan District,0.0,0.0,,,0.0,,,0.0,inf,https://www.nature.com/articles/s41597-025-04875-3; https://doi.org/10.6084/m9.figshare.27646707,B,"County-level injection capacity; pressure interference, plume geometry, and well count still need reservoir simulation."
county,Guangxi Zhuang Autonomous Region,Liangqing District,0.0,0.0,,,0.0,,,0.0,inf,https://www.nature.com/articles/s41597-025-04875-3; https://doi.org/10.6084/m9.figshare.27646707,B,"County-level injection capacity; pressure interference, plume geometry, and well count still need reservoir simulation."
county,Guangxi Zhuang Autonomous Region,Longan County,0.0,0.0,,,0.0,,,0.0,inf,https://www.nature.com/articles/s41597-025-04875-3; https://doi.org/10.6084/m9.figshare.27646707,B,"County-level injection capacity; pressure interference, plume geometry, and well count still need reservoir simulation."
county,Guangxi Zhuang Autonomous Region,Mashan County,0.0,0.0,,,0.0,,,0.0,inf,https://www.nature.com/articles/s41597-025-04875-3; https://doi.org/10.6084/m9.figshare.27646707,B,"County-level injection capacity; pressure interference, plume geometry, and well count still need reservoir simulation."
county,Guangxi Zhuang Autonomous Region,Qingxiu District,0.0,0.0,,,0.0,,,0.0,inf,https://www.nature.com/articles/s41597-025-04875-3; https://doi.org/10.6084/m9.figshare.27646707,B,"County-level injection capacity; pressure interference, plume geometry, and well count still need reservoir simulation."
county,Guangxi Zhuang Autonomous Region,Shanglin County,0.0,0.0,,,0.0,,,0.0,inf,https://www.nature.com/articles/s41597-025-04875-3; https://doi.org/10.6084/m9.figshare.27646707,B,"County-level injection capacity; pressure interference, plume geometry, and well count still need reservoir simulation."
county,Guangxi Zhuang Autonomous Region,Wuming District,0.0,0.0,,,0.0,,,0.0,inf,https://www.nature.com/articles/s41597-025-04875-3; https://doi.org/10.6084/m9.figshare.27646707,B,"County-level injection capacity; pressure interference, plume geometry, and well count still need reservoir simulation."
county,Guangxi Zhuang Autonomous Region,Xixiangtang District,0.0,0.0,,,0.0,,,0.0,inf,https://www.nature.com/articles/s41597-025-04875-3; https://doi.org/10.6084/m9.figshare.27646707,B,"County-level injection capacity; pressure interference, plume geometry, and well count still need reservoir simulation."
county,Guangxi Zhuang Autonomous Region,Xingning District,0.0,0.0,,,0.0,,,0.0,inf,https://www.nature.com/articles/s41597-025-04875-3; https://doi.org/10.6084/m9.figshare.27646707,B,"County-level injection capacity; pressure interference, plume geometry, and well count still need reservoir simulation."
county,Guangxi Zhuang Autonomous Region,Yongning District,0.0,0.0,,,0.0,,,0.0,inf,https://www.nature.com/articles/s41597-025-04875-3; https://doi.org/10.6084/m9.figshare.27646707,B,"County-level injection capacity; pressure interference, plume geometry, and well count still need reservoir simulation."
county,Guangxi Zhuang Autonomous Region,Lingshan County,0.0,0.0,,,0.0,,,0.0,inf,https://www.nature.com/articles/s41597-025-04875-3; https://doi.org/10.6084/m9.figshare.27646707,B,"County-level injection capacity; pressure interference, plume geometry, and well count still need reservoir simulation."
county,Guangxi Zhuang Autonomous Region,Pubei County,0.0,0.0,,,0.0,,,0.0,inf,https://www.nature.com/articles/s41597-025-04875-3; https://doi.org/10.6084/m9.figshare.27646707,B,"County-level injection capacity; pressure interference, plume geometry, and well count still need reservoir simulation."
county,Guangxi Zhuang Autonomous Region,Qinbei District,0.0,0.0,,,0.0,,,0.0,inf,https://www.nature.com/articles/s41597-025-04875-3; https://doi.org/10.6084/m9.figshare.27646707,B,"County-level injection capacity; pressure interference, plume geometry, and well count still need reservoir simulation."
county,Guangxi Zhuang Autonomous Region,Qinnan District,0.0,0.0,,,0.0,,,0.0,inf,https://www.nature.com/articles/s41597-025-04875-3; https://doi.org/10.6084/m9.figshare.27646707,B,"County-level injection capacity; pressure interference, plume geometry, and well count still need reservoir simulation."
county,Guangxi Zhuang Autonomous Region,Cangwu County,0.0,0.0,,,0.0,,,0.0,inf,https://www.nature.com/articles/s41597-025-04875-3; https://doi.org/10.6084/m9.figshare.27646707,B,"County-level injection capacity; pressure interference, plume geometry, and well count still need reservoir simulation."
county,Guangxi Zhuang Autonomous Region,Cenxi,0.0,0.0,,,0.0,,,0.0,inf,https://www.nature.com/articles/s41597-025-04875-3; https://doi.org/10.6084/m9.figshare.27646707,B,"County-level injection capacity; pressure interference, plume geometry, and well count still need reservoir simulation."
county,Guangxi Zhuang Autonomous Region,Longxu District,0.0,0.0,,,0.0,,,0.0,inf,https://www.nature.com/articles/s41597-025-04875-3; https://doi.org/10.6084/m9.figshare.27646707,B,"County-level injection capacity; pressure interference, plume geometry, and well count still need reservoir simulation."
county,Guangxi Zhuang Autonomous Region,Mengshan County,0.0,0.0,,,0.0,,,0.0,inf,https://www.nature.com/articles/s41597-025-04875-3; https://doi.org/10.6084/m9.figshare.27646707,B,"County-level injection capacity; pressure interference, plume geometry, and well count still need reservoir simulation."
county,Guangxi Zhuang Autonomous Region,Fuji County,0.0,0.0,,,0.0,,,0.0,inf,https://www.nature.com/articles/s41597-025-04875-3; https://doi.org/10.6084/m9.figshare.27646707,B,"County-level injection capacity; pressure interference, plume geometry, and well count still need reservoir simulation."
county,Guangxi Zhuang Autonomous Region,Wanxiu District,0.0,0.0,,,0.0,,,0.0,inf,https://www.nature.com/articles/s41597-025-04875-3; https://doi.org/10.6084/m9.figshare.27646707,B,"County-level injection capacity; pressure interference, plume geometry, and well count still need reservoir simulation."
county,Guangxi Zhuang Autonomous Region,Changzhou District,0.0,0.0,,,0.0,,,0.0,inf,https://www.nature.com/articles/s41597-025-04875-3; https://doi.org/10.6084/m9.figshare.27646707,B,"County-level injection capacity; pressure interference, plume geometry, and well count still need reservoir simulation."
county,Guangxi Zhuang Autonomous Region,Beiliu,0.0,0.0,,,0.0,,,0.0,inf,https://www.nature.com/articles/s41597-025-04875-3; https://doi.org/10.6084/m9.figshare.27646707,B,"County-level injection capacity; pressure interference, plume geometry, and well count still need reservoir simulation."
county,Guangxi Zhuang Autonomous Region,Bobai County,0.0,0.0,,,0.0,,,0.0,inf,https://www.nature.com/articles/s41597-025-04875-3; https://doi.org/10.6084/m9.figshare.27646707,B,"County-level injection capacity; pressure interference, plume geometry, and well count still need reservoir simulation."
county,Guangxi Zhuang Autonomous Region,Fumian District,0.0,0.0,,,0.0,,,0.0,inf,https://www.nature.com/articles/s41597-025-04875-3; https://doi.org/10.6084/m9.figshare.27646707,B,"County-level injection capacity; pressure interference, plume geometry, and well count still need reservoir simulation."
county,Guangxi Zhuang Autonomous Region,Luchuan County,0.0,0.0,,,0.0,,,0.0,inf,https://www.nature.com/articles/s41597-025-04875-3; https://doi.org/10.6084/m9.figshare.27646707,B,"County-level injection capacity; pressure interference, plume geometry, and well count still need reservoir simulation."
county,Guangxi Zhuang Autonomous Region,Rong County,0.0,0.0,,,0.0,,,0.0,inf,https://www.nature.com/articles/s41597-025-04875-3; https://doi.org/10.6084/m9.figshare.27646707,B,"County-level injection capacity; pressure interference, plume geometry, and well count still need reservoir simulation."
county,Guangxi Zhuang Autonomous Region,Xingye County,0.0,0.0,,,0.0,,,0.0,inf,https://www.nature.com/articles/s41597-025-04875-3; https://doi.org/10.6084/m9.figshare.27646707,B,"County-level injection capacity; pressure interference, plume geometry, and well count still need reservoir simulation."
county,Guangxi Zhuang Autonomous Region,Yuzhou District,0.0,0.0,,,0.0,,,0.0,inf,https://www.nature.com/articles/s41597-025-04875-3; https://doi.org/10.6084/m9.figshare.27646707,B,"County-level injection capacity; pressure interference, plume geometry, and well count still need reservoir simulation."
county,Guizhou,Guanling Buyi Miao Autonomous County,0.0,0.0,,,0.0,,,0.0,inf,https://www.nature.com/articles/s41597-025-04875-3; https://doi.org/10.6084/m9.figshare.27646707,B,"County-level injection capacity; pressure interference, plume geometry, and well count still need reservoir simulation."
county,Guizhou,Pingba District,0.0,0.0,,,0.0,,,0.0,inf,https://www.nature.com/articles/s41597-025-04875-3; https://doi.org/10.6084/m9.figshare.27646707,B,"County-level injection capacity; pressure interference, plume geometry, and well count still need reservoir simulation."
county,Guizhou,Puding County,0.0,0.0,,,0.0,,,0.0,inf,https://www.nature.com/articles/s41597-025-04875-3; https://doi.org/10.6084/m9.figshare.27646707,B,"County-level injection capacity; pressure interference, plume geometry, and well count still need reservoir simulation."
county,Guizhou,Xixiu District,0.0,0.0,,,0.0,,,0.0,inf,https://www.nature.com/articles/s41597-025-04875-3; https://doi.org/10.6084/m9.figshare.27646707,B,"County-level injection capacity; pressure interference, plume geometry, and well count still need reservoir simulation."
county,Guizhou,Zhenning Buyi Hmong Autonomous County,0.0,0.0,,,0.0,,,0.0,inf,https://www.nature.com/articles/s41597-025-04875-3; https://doi.org/10.6084/m9.figshare.27646707,B,"County-level injection capacity; pressure interference, plume geometry, and well count still need reservoir simulation."
county,Guizhou,Ziyun Miao and Buyi Autonomous County,0.0,0.0,,,0.0,,,0.0,inf,https://www.nature.com/articles/s41597-025-04875-3; https://doi.org/10.6084/m9.figshare.27646707,B,"County-level injection capacity; pressure interference, plume geometry, and well count still need reservoir simulation."
county,Guizhou,Dafang County,0.0,0.0,,,0.0,,,0.0,inf,https://www.nature.com/articles/s41597-025-04875-3; https://doi.org/10.6084/m9.figshare.27646707,B,"County-level injection capacity; pressure interference, plume geometry, and well count still need reservoir simulation."
county,Guizhou,Hezhang County,0.0,0.0,,,0.0,,,0.0,inf,https://www.nature.com/articles/s41597-025-04875-3; https://doi.org/10.6084/m9.figshare.27646707,B,"County-level injection capacity; pressure interference, plume geometry, and well count still need reservoir simulation."
county,Guizhou,Jinsha County,0.0,0.0,,,0.0,,,0.0,inf,https://www.nature.com/articles/s41597-025-04875-3; https://doi.org/10.6084/m9.figshare.27646707,B,"County-level injection capacity; pressure interference, plume geometry, and well count still need reservoir simulation."
county,Guizhou,Nayong County,0.0,0.0,,,0.0,,,0.0,inf,https://www.nature.com/articles/s41597-025-04875-3; https://doi.org/10.6084/m9.figshare.27646707,B,"County-level injection capacity; pressure interference, plume geometry, and well count still need reservoir simulation."
county,Guizhou,Qixingguan District,0.0,0.0,,,0.0,,,0.0,inf,https://www.nature.com/articles/s41597-025-04875-3; https://doi.org/10.6084/m9.figshare.27646707,B,"County-level injection capacity; pressure interference, plume geometry, and well count still need reservoir simulation."
county,Guizhou,Qianxi City,0.0,0.0,,,0.0,,,0.0,inf,https://www.nature.com/articles/s41597-025-04875-3; https://doi.org/10.6084/m9.figshare.27646707,B,"County-level injection capacity; pressure interference, plume geometry, and well count still need reservoir simulation."
county,Guizhou,Weining Yi Hui and Miao Autonomous County,0.0,0.0,,,0.0,,,0.0,inf,https://www.nature.com/articles/s41597-025-04875-3; https://doi.org/10.6084/m9.figshare.27646707,B,"County-level injection capacity; pressure interference, plume geometry, and well count still need reservoir simulation."
county,Guizhou,Zijin County,0.0,0.0,,,0.0,,,0.0,inf,https://www.nature.com/articles/s41597-025-04875-3; https://doi.org/10.6084/m9.figshare.27646707,B,"County-level injection capacity; pressure interference, plume geometry, and well count still need reservoir simulation."
county,Guizhou,Baiyun District,0.0,0.0,,,0.0,,,0.0,inf,https://www.nature.com/articles/s41597-025-04875-3; https://doi.org/10.6084/m9.figshare.27646707,B,"County-level injection capacity; pressure interference, plume geometry, and well count still need reservoir simulation."
county,Guizhou,Guanshanhu District,0.0,0.0,,,0.0,,,0.0,inf,https://www.nature.com/articles/s41597-025-04875-3; https://doi.org/10.6084/m9.figshare.27646707,B,"County-level injection capacity; pressure interference, plume geometry, and well count still need reservoir simulation."
county,Guizhou,Huaxi District,0.0,0.0,,,0.0,,,0.0,inf,https://www.nature.com/articles/s41597-025-04875-3; https://doi.org/10.6084/m9.figshare.27646707,B,"County-level injection capacity; pressure interference, plume geometry, and well count still need reservoir simulation."
county,Guizhou,Kaiyang County,0.0,0.0,,,0.0,,,0.0,inf,https://www.nature.com/articles/s41597-025-04875-3; https://doi.org/10.6084/m9.figshare.27646707,B,"County-level injection capacity; pressure interference, plume geometry, and well count still need reservoir simulation."
county,Guizhou,Nanming District,0.0,0.0,,,0.0,,,0.0,inf,https://www.nature.com/articles/s41597-025-04875-3; https://doi.org/10.6084/m9.figshare.27646707,B,"County-level injection capacity; pressure interference, plume geometry, and well count still need reservoir simulation."
county,Guizhou,Qingzhen,0.0,0.0,,,0.0,,,0.0,inf,https://www.nature.com/articles/s41597-025-04875-3; https://doi.org/10.6084/m9.figshare.27646707,B,"County-level injection capacity; pressure interference, plume geometry, and well count still need reservoir simulation."
county,Guizhou,Wudang District,0.0,0.0,,,0.0,,,0.0,inf,https://www.nature.com/articles/s41597-025-04875-3; https://doi.org/10.6084/m9.figshare.27646707,B,"County-level injection capacity; pressure interference, plume geometry, and well count still need reservoir simulation."
county,Guizhou,Xifeng County,0.0,0.0,,,0.0,,,0.0,inf,https://www.nature.com/articles/s41597-025-04875-3; https://doi.org/10.6084/m9.figshare.27646707,B,"County-level injection capacity; pressure interference, plume geometry, and well count still need reservoir simulation."
county,Guizhou,Xiuwen County,0.0,0.0,,,0.0,,,0.0,inf,https://www.nature.com/articles/s41597-025-04875-3; https://doi.org/10.6084/m9.figshare.27646707,B,"County-level injection capacity; pressure interference, plume geometry, and well count still need reservoir simulation."
county,Guizhou,Yunyan District,0.0,0.0,,,0.0,,,0.0,inf,https://www.nature.com/articles/s41597-025-04875-3; https://doi.org/10.6084/m9.figshare.27646707,B,"County-level injection capacity; pressure interference, plume geometry, and well count still need reservoir simulation."
county,Guizhou,Liuzhi Special Zone,0.0,0.0,,,0.0,,,0.0,inf,https://www.nature.com/articles/s41597-025-04875-3; https://doi.org/10.6084/m9.figshare.27646707,B,"County-level injection capacity; pressure interference, plume geometry, and well count still need reservoir simulation."
county,Guizhou,Panzhou,0.0,0.0,,,0.0,,,0.0,inf,https://www.nature.com/articles/s41597-025-04875-3; https://doi.org/10.6084/m9.figshare.27646707,B,"County-level injection capacity; pressure interference, plume geometry, and well count still need reservoir simulation."
county,Guizhou,Shuicheng District,0.0,0.0,,,0.0,,,0.0,inf,https://www.nature.com/articles/s41597-025-04875-3; https://doi.org/10.6084/m9.figshare.27646707,B,"County-level injection capacity; pressure interference, plume geometry, and well count still need reservoir simulation."
county,Guizhou,Zhongshan District,0.0,0.0,,,0.0,,,0.0,inf,https://www.nature.com/articles/s41597-025-04875-3; https://doi.org/10.6084/m9.figshare.27646707,B,"County-level injection capacity; pressure interference, plume geometry, and well count still need reservoir simulation."
county,Guizhou,Cengong County,0.0,0.0,,,0.0,,,0.0,inf,https://www.nature.com/articles/s41597-025-04875-3; https://doi.org/10.6084/m9.figshare.27646707,B,"County-level injection capacity; pressure interference, plume geometry, and well count still need reservoir simulation."
county,Guizhou,Congjiang County,0.0,0.0,,,0.0,,,0.0,inf,https://www.nature.com/articles/s41597-025-04875-3; https://doi.org/10.6084/m9.figshare.27646707,B,"County-level injection capacity; pressure interference, plume geometry, and well count still need reservoir simulation."
county,Guizhou,Danzhai County,0.0,0.0,,,0.0,,,0.0,inf,https://www.nature.com/articles/s41597-025-04875-3; https://doi.org/10.6084/m9.figshare.27646707,B,"County-level injection capacity; pressure interference, plume geometry, and well count still need reservoir simulation."
county,Guizhou,Huangping County,0.0,0.0,,,0.0,,,0.0,inf,https://www.nature.com/articles/s41597-025-04875-3; https://doi.org/10.6084/m9.figshare.27646707,B,"County-level injection capacity; pressure interference, plume geometry, and well count still need reservoir simulation."
county,Guizhou,Jianhe County,0.0,0.0,,,0.0,,,0.0,inf,https://www.nature.com/articles/s41597-025-04875-3; https://doi.org/10.6084/m9.figshare.27646707,B,"County-level injection capacity; pressure interference, plume geometry, and well count still need reservoir simulation."
county,Guizhou,Jinping County,0.0,0.0,,,0.0,,,0.0,inf,https://www.nature.com/articles/s41597-025-04875-3; https://doi.org/10.6084/m9.figshare.27646707,B,"County-level injection capacity; pressure interference, plume geometry, and well count still need reservoir simulation."
county,Guizhou,Kaili,0.0,0.0,,,0.0,,,0.0,inf,https://www.nature.com/articles/s41597-025-04875-3; https://doi.org/10.6084/m9.figshare.27646707,B,"County-level injection capacity; pressure interference, plume geometry, and well count still need reservoir simulation."
county,Guizhou,Leishan County,0.0,0.0,,,0.0,,,0.0,inf,https://www.nature.com/articles/s41597-025-04875-3; https://doi.org/10.6084/m9.figshare.27646707,B,"County-level injection capacity; pressure interference, plume geometry, and well count still need reservoir simulation."
county,Guizhou,Liping County,0.0,0.0,,,0.0,,,0.0,inf,https://www.nature.com/articles/s41597-025-04875-3; https://doi.org/10.6084/m9.figshare.27646707,B,"County-level injection capacity; pressure interference, plume geometry, and well count still need reservoir simulation."
county,Guizhou,Majiang County,0.0,0.0,,,0.0,,,0.0,inf,https://www.nature.com/articles/s41597-025-04875-3; https://doi.org/10.6084/m9.figshare.27646707,B,"County-level injection capacity; pressure interference, plume geometry, and well count still need reservoir simulation."
county,Guizhou,Rongjiang County,0.0,0.0,,,0.0,,,0.0,inf,https://www.nature.com/articles/s41597-025-04875-3; https://doi.org/10.6084/m9.figshare.27646707,B,"County-level injection capacity; pressure interference, plume geometry, and well count still need reservoir simulation."
county,Guizhou,Sanhui County,0.0,0.0,,,0.0,,,0.0,inf,https://www.nature.com/articles/s41597-025-04875-3; https://doi.org/10.6084/m9.figshare.27646707,B,"County-level injection capacity; pressure interference, plume geometry, and well count still need reservoir simulation."
county,Guizhou,Shibing County,0.0,0.0,,,0.0,,,0.0,inf,https://www.nature.com/articles/s41597-025-04875-3; https://doi.org/10.6084/m9.figshare.27646707,B,"County-level injection capacity; pressure interference, plume geometry, and well count still need reservoir simulation."
county,Guizhou,Taijiang County,0.0,0.0,,,0.0,,,0.0,inf,https://www.nature.com/articles/s41597-025-04875-3; https://doi.org/10.6084/m9.figshare.27646707,B,"County-level injection capacity; pressure interference, plume geometry, and well count still need reservoir simulation."
county,Guizhou,Tianzhu County,0.0,0.0,,,0.0,,,0.0,inf,https://www.nature.com/articles/s41597-025-04875-3; https://doi.org/10.6084/m9.figshare.27646707,B,"County-level injection capacity; pressure interference, plume geometry, and well count still need reservoir simulation."
county,Guizhou,Zhenyuan County,0.0,0.0,,,0.0,,,0.0,inf,https://www.nature.com/articles/s41597-025-04875-3; https://doi.org/10.6084/m9.figshare.27646707,B,"County-level injection capacity; pressure interference, plume geometry, and well count still need reservoir simulation."
county,Guizhou,Duyun,0.0,0.0,,,0.0,,,0.0,inf,https://www.nature.com/articles/s41597-025-04875-3; https://doi.org/10.6084/m9.figshare.27646707,B,"County-level injection capacity; pressure interference, plume geometry, and well count still need reservoir simulation."
county,Guizhou,Dushan County,0.0,0.0,,,0.0,,,0.0,inf,https://www.nature.com/articles/s41597-025-04875-3; https://doi.org/10.6084/m9.figshare.27646707,B,"County-level injection capacity; pressure interference, plume geometry, and well count still need reservoir simulation."
county,Guizhou,Fuquan,0.0,0.0,,,0.0,,,0.0,inf,https://www.nature.com/articles/s41597-025-04875-3; https://doi.org/10.6084/m9.figshare.27646707,B,"County-level injection capacity; pressure interference, plume geometry, and well count still need reservoir simulation."
county,Guizhou,Guiding County,0.0,0.0,,,0.0,,,0.0,inf,https://www.nature.com/articles/s41597-025-04875-3; https://doi.org/10.6084/m9.figshare.27646707,B,"County-level injection capacity; pressure interference, plume geometry, and well count still need reservoir simulation."
county,Guizhou,Huishui County,0.0,0.0,,,0.0,,,0.0,inf,https://www.nature.com/articles/s41597-025-04875-3; https://doi.org/10.6084/m9.figshare.27646707,B,"County-level injection capacity; pressure interference, plume geometry, and well count still need reservoir simulation."
county,Guizhou,Libo County,0.0,0.0,,,0.0,,,0.0,inf,https://www.nature.com/articles/s41597-025-04875-3; https://doi.org/10.6084/m9.figshare.27646707,B,"County-level injection capacity; pressure interference, plume geometry, and well count still need reservoir simulation."
county,Guizhou,Longli County,0.0,0.0,,,0.0,,,0.0,inf,https://www.nature.com/articles/s41597-025-04875-3; https://doi.org/10.6084/m9.figshare.27646707,B,"County-level injection capacity; pressure interference, plume geometry, and well count still need reservoir simulation."
county,Guizhou,Luodian County,0.0,0.0,,,0.0,,,0.0,inf,https://www.nature.com/articles/s41597-025-04875-3; https://doi.org/10.6084/m9.figshare.27646707,B,"County-level injection capacity; pressure interference, plume geometry, and well count still need reservoir simulation."
county,Guizhou,Pingtang County,0.0,0.0,,,0.0,,,0.0,inf,https://www.nature.com/articles/s41597-025-04875-3; https://doi.org/10.6084/m9.figshare.27646707,B,"County-level injection capacity; pressure interference, plume geometry, and well count still need reservoir simulation."
county,Guizhou,Sandu Shui Autonomous County,0.0,0.0,,,0.0,,,0.0,inf,https://www.nature.com/articles/s41597-025-04875-3; https://doi.org/10.6084/m9.figshare.27646707,B,"County-level injection capacity; pressure interference, plume geometry, and well count still need reservoir simulation."
county,Guizhou,urnan County,0.0,0.0,,,0.0,,,0.0,inf,https://www.nature.com/articles/s41597-025-04875-3; https://doi.org/10.6084/m9.figshare.27646707,B,"County-level injection capacity; pressure interference, plume geometry, and well count still need reservoir simulation."
county,Guizhou,Changshun County,0.0,0.0,,,0.0,,,0.0,inf,https://www.nature.com/articles/s41597-025-04875-3; https://doi.org/10.6084/m9.figshare.27646707,B,"County-level injection capacity; pressure interference, plume geometry, and well count still need reservoir simulation."
county,Guizhou,Anlong County,0.0,0.0,,,0.0,,,0.0,inf,https://www.nature.com/articles/s41597-025-04875-3; https://doi.org/10.6084/m9.figshare.27646707,B,"County-level injection capacity; pressure interference, plume geometry, and well count still need reservoir simulation."
county,Guizhou,Ceheng County,0.0,0.0,,,0.0,,,0.0,inf,https://www.nature.com/articles/s41597-025-04875-3; https://doi.org/10.6084/m9.figshare.27646707,B,"County-level injection capacity; pressure interference, plume geometry, and well count still need reservoir simulation."
county,Guizhou,Pu'an County,0.0,0.0,,,0.0,,,0.0,inf,https://www.nature.com/articles/s41597-025-04875-3; https://doi.org/10.6084/m9.figshare.27646707,B,"County-level injection capacity; pressure interference, plume geometry, and well count still need reservoir simulation."
county,Guizhou,Qinglong County,0.0,0.0,,,0.0,,,0.0,inf,https://www.nature.com/articles/s41597-025-04875-3; https://doi.org/10.6084/m9.figshare.27646707,B,"County-level injection capacity; pressure interference, plume geometry, and well count still need reservoir simulation."
county,Guizhou,Wangmu County,0.0,0.0,,,0.0,,,0.0,inf,https://www.nature.com/articles/s41597-025-04875-3; https://doi.org/10.6084/m9.figshare.27646707,B,"County-level injection capacity; pressure interference, plume geometry, and well count still need reservoir simulation."
county,Guizhou,Xingren,0.0,0.0,,,0.0,,,0.0,inf,https://www.nature.com/articles/s41597-025-04875-3; https://doi.org/10.6084/m9.figshare.27646707,B,"County-level injection capacity; pressure interference, plume geometry, and well count still need reservoir simulation."
county,Guizhou,Xingyi,0.0,0.0,,,0.0,,,0.0,inf,https://www.nature.com/articles/s41597-025-04875-3; https://doi.org/10.6084/m9.figshare.27646707,B,"County-level injection capacity; pressure interference, plume geometry, and well count still need reservoir simulation."
county,Guizhou,zhenfeng County,0.0,0.0,,,0.0,,,0.0,inf,https://www.nature.com/articles/s41597-025-04875-3; https://doi.org/10.6084/m9.figshare.27646707,B,"County-level injection capacity; pressure interference, plume geometry, and well count still need reservoir simulation."
county,Guizhou,Bijiang District,0.0,0.0,,,0.0,,,0.0,inf,https://www.nature.com/articles/s41597-025-04875-3; https://doi.org/10.6084/m9.figshare.27646707,B,"County-level injection capacity; pressure interference, plume geometry, and well count still need reservoir simulation."
county,Guizhou,Dejiang County,0.0,0.0,,,0.0,,,0.0,inf,https://www.nature.com/articles/s41597-025-04875-3; https://doi.org/10.6084/m9.figshare.27646707,B,"County-level injection capacity; pressure interference, plume geometry, and well count still need reservoir simulation."
county,Guizhou,Jiangkou County,0.0,0.0,,,0.0,,,0.0,inf,https://www.nature.com/articles/s41597-025-04875-3; https://doi.org/10.6084/m9.figshare.27646707,B,"County-level injection capacity; pressure interference, plume geometry, and well count still need reservoir simulation."
county,Guizhou,Shichian County,0.0,0.0,,,0.0,,,0.0,inf,https://www.nature.com/articles/s41597-025-04875-3; https://doi.org/10.6084/m9.figshare.27646707,B,"County-level injection capacity; pressure interference, plume geometry, and well count still need reservoir simulation."
county,Guizhou,Sinan County,0.0,0.0,,,0.0,,,0.0,inf,https://www.nature.com/articles/s41597-025-04875-3; https://doi.org/10.6084/m9.figshare.27646707,B,"County-level injection capacity; pressure interference, plume geometry, and well count still need reservoir simulation."
county,Guizhou,Songtao Miao Autonomous County,0.0,0.0,,,0.0,,,0.0,inf,https://www.nature.com/articles/s41597-025-04875-3; https://doi.org/10.6084/m9.figshare.27646707,B,"County-level injection capacity; pressure interference, plume geometry, and well count still need reservoir simulation."
county,Guizhou,Wanshan District,0.0,0.0,,,0.0,,,0.0,inf,https://www.nature.com/articles/s41597-025-04875-3; https://doi.org/10.6084/m9.figshare.27646707,B,"County-level injection capacity; pressure interference, plume geometry, and well count still need reservoir simulation."
county,Guizhou,Yanhe Tujia Autonomous County,0.0,0.0,,,0.0,,,0.0,inf,https://www.nature.com/articles/s41597-025-04875-3; https://doi.org/10.6084/m9.figshare.27646707,B,"County-level injection capacity; pressure interference, plume geometry, and well count still need reservoir simulation."
county,Guizhou,Yanjiang Miao and Tujia Autonomous County,0.0,0.0,,,0.0,,,0.0,inf,https://www.nature.com/articles/s41597-025-04875-3; https://doi.org/10.6084/m9.figshare.27646707,B,"County-level injection capacity; pressure interference, plume geometry, and well count still need reservoir simulation."
county,Guizhou,Yuping Dong Autonomous County,0.0,0.0,,,0.0,,,0.0,inf,https://www.nature.com/articles/s41597-025-04875-3; https://doi.org/10.6084/m9.figshare.27646707,B,"County-level injection capacity; pressure interference, plume geometry, and well count still need reservoir simulation."
county,Guizhou,Baozhou District,0.0,0.0,,,0.0,,,0.0,inf,https://www.nature.com/articles/s41597-025-04875-3; https://doi.org/10.6084/m9.figshare.27646707,B,"County-level injection capacity; pressure interference, plume geometry, and well count still need reservoir simulation."
county,Guizhou,Chishui,272.81,0.01,,,0.01,,,0.02,13640.5,https://www.nature.com/articles/s41597-025-04875-3; https://doi.org/10.6084/m9.figshare.27646707,B,"County-level injection capacity; pressure interference, plume geometry, and well count still need reservoir simulation."
county,Guizhou,Daozhen Gelaozu Miaozu Autonomous County,0.0,0.0,,,0.0,,,0.0,inf,https://www.nature.com/articles/s41597-025-04875-3; https://doi.org/10.6084/m9.figshare.27646707,B,"County-level injection capacity; pressure interference, plume geometry, and well count still need reservoir simulation."
county,Guizhou,Fenggang County,0.0,0.0,,,0.0,,,0.0,inf,https://www.nature.com/articles/s41597-025-04875-3; https://doi.org/10.6084/m9.figshare.27646707,B,"County-level injection capacity; pressure interference, plume geometry, and well count still need reservoir simulation."
county,Guizhou,Honghuagang District,0.0,0.0,,,0.0,,,0.0,inf,https://www.nature.com/articles/s41597-025-04875-3; https://doi.org/10.6084/m9.figshare.27646707,B,"County-level injection capacity; pressure interference, plume geometry, and well count still need reservoir simulation."
county,Guizhou,Huichuan District,0.0,0.0,,,0.0,,,0.0,inf,https://www.nature.com/articles/s41597-025-04875-3; https://doi.org/10.6084/m9.figshare.27646707,B,"County-level injection capacity; pressure interference, plume geometry, and well count still need reservoir simulation."
county,Guizhou,Meitan County,0.0,0.0,,,0.0,,,0.0,inf,https://www.nature.com/articles/s41597-025-04875-3; https://doi.org/10.6084/m9.figshare.27646707,B,"County-level injection capacity; pressure interference, plume geometry, and well count still need reservoir simulation."
county,Guizhou,Renhuai City,0.0,0.0,,,0.0,,,0.0,inf,https://www.nature.com/articles/s41597-025-04875-3; https://doi.org/10.6084/m9.figshare.27646707,B,"County-level injection capacity; pressure interference, plume geometry, and well count still need reservoir simulation."
county,Guizhou,Suiyang County,0.0,0.0,,,0.0,,,0.0,inf,https://www.nature.com/articles/s41597-025-04875-3; https://doi.org/10.6084/m9.figshare.27646707,B,"County-level injection capacity; pressure interference, plume geometry, and well count still need reservoir simulation."
county,Guizhou,Tongzi County,0.0,0.0,,,0.0,,,0.0,inf,https://www.nature.com/articles/s41597-025-04875-3; https://doi.org/10.6084/m9.figshare.27646707,B,"County-level injection capacity; pressure interference, plume geometry, and well count still need reservoir simulation."
county,Guizhou,Wuchuan Mulao nationality Miao autonomous County,0.0,0.0,,,0.0,,,0.0,inf,https://www.nature.com/articles/s41597-025-04875-3; https://doi.org/10.6084/m9.figshare.27646707,B,"County-level injection capacity; pressure interference, plume geometry, and well count still need reservoir simulation."
county,Guizhou,Xishui County,207.02,0.01,,,0.0,,,0.01,20702.0,https://www.nature.com/articles/s41597-025-04875-3; https://doi.org/10.6084/m9.figshare.27646707,B,"County-level injection capacity; pressure interference, plume geometry, and well count still need reservoir simulation."
county,Guizhou,Yuqing County,0.0,0.0,,,0.0,,,0.0,inf,https://www.nature.com/articles/s41597-025-04875-3; https://doi.org/10.6084/m9.figshare.27646707,B,"County-level injection capacity; pressure interference, plume geometry, and well count still need reservoir simulation."
county,Guizhou,Zheng'an County,0.0,0.0,,,0.0,,,0.0,inf,https://www.nature.com/articles/s41597-025-04875-3; https://doi.org/10.6084/m9.figshare.27646707,B,"County-level injection capacity; pressure interference, plume geometry, and well count still need reservoir simulation."
county,Hainan,Baisha Lizu autonomous County,0.0,0.0,,,0.0,,,0.0,inf,https://www.nature.com/articles/s41597-025-04875-3; https://doi.org/10.6084/m9.figshare.27646707,B,"County-level injection capacity; pressure interference, plume geometry, and well count still need reservoir simulation."
county,Hainan,Baoting Li and Miao Autonomous County,0.0,0.0,,,0.0,,,0.0,inf,https://www.nature.com/articles/s41597-025-04875-3; https://doi.org/10.6084/m9.figshare.27646707,B,"County-level injection capacity; pressure interference, plume geometry, and well count still need reservoir simulation."
county,Hainan,Changjiang Lizu autonomous County,0.0,0.0,,,0.0,,,0.0,inf,https://www.nature.com/articles/s41597-025-04875-3; https://doi.org/10.6084/m9.figshare.27646707,B,"County-level injection capacity; pressure interference, plume geometry, and well count still need reservoir simulation."
county,Hainan,Chengmai County,0.0,0.0,,,0.0,,,0.0,inf,https://www.nature.com/articles/s41597-025-04875-3; https://doi.org/10.6084/m9.figshare.27646707,B,"County-level injection capacity; pressure interference, plume geometry, and well count still need reservoir simulation."
county,Hainan,Danzhou,0.0,0.0,,,0.0,,,0.0,inf,https://www.nature.com/articles/s41597-025-04875-3; https://doi.org/10.6084/m9.figshare.27646707,B,"County-level injection capacity; pressure interference, plume geometry, and well count still need reservoir simulation."
county,Hainan,Ding'an County,0.0,0.0,,,0.0,,,0.0,inf,https://www.nature.com/articles/s41597-025-04875-3; https://doi.org/10.6084/m9.figshare.27646707,B,"County-level injection capacity; pressure interference, plume geometry, and well count still need reservoir simulation."
county,Hainan,Dongfang City,0.0,0.0,,,0.0,,,0.0,inf,https://www.nature.com/articles/s41597-025-04875-3; https://doi.org/10.6084/m9.figshare.27646707,B,"County-level injection capacity; pressure interference, plume geometry, and well count still need reservoir simulation."
county,Hainan,Longhua District,0.0,0.0,,,0.0,,,0.0,inf,https://www.nature.com/articles/s41597-025-04875-3; https://doi.org/10.6084/m9.figshare.27646707,B,"County-level injection capacity; pressure interference, plume geometry, and well count still need reservoir simulation."
county,Hainan,Meilan District,0.0,0.0,,,0.0,,,0.0,inf,https://www.nature.com/articles/s41597-025-04875-3; https://doi.org/10.6084/m9.figshare.27646707,B,"County-level injection capacity; pressure interference, plume geometry, and well count still need reservoir simulation."
county,Hainan,Qiongshan District,0.0,0.0,,,0.0,,,0.0,inf,https://www.nature.com/articles/s41597-025-04875-3; https://doi.org/10.6084/m9.figshare.27646707,B,"County-level injection capacity; pressure interference, plume geometry, and well count still need reservoir simulation."
county,Hainan,Xiuying District,0.0,0.0,,,0.0,,,0.0,inf,https://www.nature.com/articles/s41597-025-04875-3; https://doi.org/10.6084/m9.figshare.27646707,B,"County-level injection capacity; pressure interference, plume geometry, and well count still need reservoir simulation."
county,Hainan,Ledong Lizu autonomous County,0.0,0.0,,,0.0,,,0.0,inf,https://www.nature.com/articles/s41597-025-04875-3; https://doi.org/10.6084/m9.figshare.27646707,B,"County-level injection capacity; pressure interference, plume geometry, and well count still need reservoir simulation."
county,Hainan,Lingao County,0.0,0.0,,,0.0,,,0.0,inf,https://www.nature.com/articles/s41597-025-04875-3; https://doi.org/10.6084/m9.figshare.27646707,B,"County-level injection capacity; pressure interference, plume geometry, and well count still need reservoir simulation."
county,Hainan,Lingshui Lizu autonomous County,0.0,0.0,,,0.0,,,0.0,inf,https://www.nature.com/articles/s41597-025-04875-3; https://doi.org/10.6084/m9.figshare.27646707,B,"County-level injection capacity; pressure interference, plume geometry, and well count still need reservoir simulation."
county,Hainan,Qionghai City,0.0,0.0,,,0.0,,,0.0,inf,https://www.nature.com/articles/s41597-025-04875-3; https://doi.org/10.6084/m9.figshare.27646707,B,"County-level injection capacity; pressure interference, plume geometry, and well count still need reservoir simulation."
county,Hainan,Qiongzhong Li and Miao Autonomous County,0.0,0.0,,,0.0,,,0.0,inf,https://www.nature.com/articles/s41597-025-04875-3; https://doi.org/10.6084/m9.figshare.27646707,B,"County-level injection capacity; pressure interference, plume geometry, and well count still need reservoir simulation."
county,Hainan,Nansha District,0.0,0.0,,,0.0,,,0.0,inf,https://www.nature.com/articles/s41597-025-04875-3; https://doi.org/10.6084/m9.figshare.27646707,B,"County-level injection capacity; pressure interference, plume geometry, and well count still need reservoir simulation."
county,Hainan,Xisha District,0.0,0.0,,,0.0,,,0.0,inf,https://www.nature.com/articles/s41597-025-04875-3; https://doi.org/10.6084/m9.figshare.27646707,B,"County-level injection capacity; pressure interference, plume geometry, and well count still need reservoir simulation."
county,Hainan,Haitang District,0.0,0.0,,,0.0,,,0.0,inf,https://www.nature.com/articles/s41597-025-04875-3; https://doi.org/10.6084/m9.figshare.27646707,B,"County-level injection capacity; pressure interference, plume geometry, and well count still need reservoir simulation."
county,Hainan,Jiyang District,0.0,0.0,,,0.0,,,0.0,inf,https://www.nature.com/articles/s41597-025-04875-3; https://doi.org/10.6084/m9.figshare.27646707,B,"County-level injection capacity; pressure interference, plume geometry, and well count still need reservoir simulation."
county,Hainan,Tianya District,0.0,0.0,,,0.0,,,0.0,inf,https://www.nature.com/articles/s41597-025-04875-3; https://doi.org/10.6084/m9.figshare.27646707,B,"County-level injection capacity; pressure interference, plume geometry, and well count still need reservoir simulation."
county,Hainan,Yazhou District,0.0,0.0,,,0.0,,,0.0,inf,https://www.nature.com/articles/s41597-025-04875-3; https://doi.org/10.6084/m9.figshare.27646707,B,"County-level injection capacity; pressure interference, plume geometry, and well count still need reservoir simulation."
county,Hainan,Tunchang County,0.0,0.0,,,0.0,,,0.0,inf,https://www.nature.com/articles/s41597-025-04875-3; https://doi.org/10.6084/m9.figshare.27646707,B,"County-level injection capacity; pressure interference, plume geometry, and well count still need reservoir simulation."
county,Hainan,Wanning,0.0,0.0,,,0.0,,,0.0,inf,https://www.nature.com/articles/s41597-025-04875-3; https://doi.org/10.6084/m9.figshare.27646707,B,"County-level injection capacity; pressure interference, plume geometry, and well count still need reservoir simulation."
county,Hainan,Wenchang,0.0,0.0,,,0.0,,,0.0,inf,https://www.nature.com/articles/s41597-025-04875-3; https://doi.org/10.6084/m9.figshare.27646707,B,"County-level injection capacity; pressure interference, plume geometry, and well count still need reservoir simulation."
county,Hainan,Wuzhishan City,0.0,0.0,,,0.0,,,0.0,inf,https://www.nature.com/articles/s41597-025-04875-3; https://doi.org/10.6084/m9.figshare.27646707,B,"County-level injection capacity; pressure interference, plume geometry, and well count still need reservoir simulation."
county,Hebei,Anguo City,794.42,15.66,,,0.0,,,15.66,50.72924648786717,https://www.nature.com/articles/s41597-025-04875-3; https://doi.org/10.6084/m9.figshare.27646707,B,"County-level injection capacity; pressure interference, plume geometry, and well count still need reservoir simulation."
county,Hebei,Anxin County,777.55,8.18,,,9.14,,,17.32,44.89318706697459,https://www.nature.com/articles/s41597-025-04875-3; https://doi.org/10.6084/m9.figshare.27646707,B,"County-level injection capacity; pressure interference, plume geometry, and well count still need reservoir simulation."
county,Hebei,Bono County,658.53,15.66,,,0.0,,,15.66,42.05172413793103,https://www.nature.com/articles/s41597-025-04875-3; https://doi.org/10.6084/m9.figshare.27646707,B,"County-level injection capacity; pressure interference, plume geometry, and well count still need reservoir simulation."
county,Hebei,Dingxing County,49.18,6.25,,,0.0,,,6.25,7.8688,https://www.nature.com/articles/s41597-025-04875-3; https://doi.org/10.6084/m9.figshare.27646707,B,"County-level injection capacity; pressure interference, plume geometry, and well count still need reservoir simulation."
county,Hebei,Dingzhou,506.03,12.33,,,0.0,,,12.33,41.04055150040551,https://www.nature.com/articles/s41597-025-04875-3; https://doi.org/10.6084/m9.figshare.27646707,B,"County-level injection capacity; pressure interference, plume geometry, and well count still need reservoir simulation."
county,Hebei,Fuping County,0.0,0.0,,,0.0,,,0.0,inf,https://www.nature.com/articles/s41597-025-04875-3; https://doi.org/10.6084/m9.figshare.27646707,B,"County-level injection capacity; pressure interference, plume geometry, and well count still need reservoir simulation."
county,Hebei,Gaobeidian,98.35,6.25,,,0.0,,,6.25,15.735999999999999,https://www.nature.com/articles/s41597-025-04875-3; https://doi.org/10.6084/m9.figshare.27646707,B,"County-level injection capacity; pressure interference, plume geometry, and well count still need reservoir simulation."
county,Hebei,Gaoyang County,891.01,14.28,,,78.32,,,92.6,9.622138228941685,https://www.nature.com/articles/s41597-025-04875-3; https://doi.org/10.6084/m9.figshare.27646707,B,"County-level injection capacity; pressure interference, plume geometry, and well count still need reservoir simulation."
county,Hebei,Jingxiu District,0.0,0.0,,,0.0,,,0.0,inf,https://www.nature.com/articles/s41597-025-04875-3; https://doi.org/10.6084/m9.figshare.27646707,B,"County-level injection capacity; pressure interference, plume geometry, and well count still need reservoir simulation."
county,Hebei,Laixiu County,0.0,0.0,,,0.0,,,0.0,inf,https://www.nature.com/articles/s41597-025-04875-3; https://doi.org/10.6084/m9.figshare.27646707,B,"County-level injection capacity; pressure interference, plume geometry, and well count still need reservoir simulation."
county,Hebei,Laiyuan County,0.0,0.0,,,0.0,,,0.0,inf,https://www.nature.com/articles/s41597-025-04875-3; https://doi.org/10.6084/m9.figshare.27646707,B,"County-level injection capacity; pressure interference, plume geometry, and well count still need reservoir simulation."
county,Hebei,Li County,1052.77,15.66,,,8.14,,,23.8,44.234033613445376,https://www.nature.com/articles/s41597-025-04875-3; https://doi.org/10.6084/m9.figshare.27646707,B,"County-level injection capacity; pressure interference, plume geometry, and well count still need reservoir simulation."
county,Hebei,Lianchi District,61.08,8.18,,,0.0,,,8.18,7.466992665036675,https://www.nature.com/articles/s41597-025-04875-3; https://doi.org/10.6084/m9.figshare.27646707,B,"County-level injection capacity; pressure interference, plume geometry, and well count still need reservoir simulation."
county,Hebei,Mancheng District,0.0,0.0,,,0.0,,,0.0,inf,https://www.nature.com/articles/s41597-025-04875-3; https://doi.org/10.6084/m9.figshare.27646707,B,"County-level injection capacity; pressure interference, plume geometry, and well count still need reservoir simulation."
county,Hebei,Qingyuan District,608.31,8.18,,,0.0,,,8.18,74.36552567237163,https://www.nature.com/articles/s41597-025-04875-3; https://doi.org/10.6084/m9.figshare.27646707,B,"County-level injection capacity; pressure interference, plume geometry, and well count still need reservoir simulation."
county,Hebei,Quyang County,0.0,0.0,,,0.0,,,0.0,inf,https://www.nature.com/articles/s41597-025-04875-3; https://doi.org/10.6084/m9.figshare.27646707,B,"County-level injection capacity; pressure interference, plume geometry, and well count still need reservoir simulation."
county,Hebei,Rongcheng County,18.44,6.25,,,0.0,,,6.25,2.9504,https://www.nature.com/articles/s41597-025-04875-3; https://doi.org/10.6084/m9.figshare.27646707,B,"County-level injection capacity; pressure interference, plume geometry, and well count still need reservoir simulation."
county,Hebei,Shunping County,0.0,0.0,,,0.0,,,0.0,inf,https://www.nature.com/articles/s41597-025-04875-3; https://doi.org/10.6084/m9.figshare.27646707,B,"County-level injection capacity; pressure interference, plume geometry, and well count still need reservoir simulation."
county,Hebei,Tang County,0.0,0.0,,,0.0,,,0.0,inf,https://www.nature.com/articles/s41597-025-04875-3; https://doi.org/10.6084/m9.figshare.27646707,B,"County-level injection capacity; pressure interference, plume geometry, and well count still need reservoir simulation."
county,Hebei,Wangdu County,24.59,6.25,,,0.0,,,6.25,3.9344,https://www.nature.com/articles/s41597-025-04875-3; https://doi.org/10.6084/m9.figshare.27646707,B,"County-level injection capacity; pressure interference, plume geometry, and well count still need reservoir simulation."
county,Hebei,Xiong County,331.7,16.13,,,53.32,,,69.45,4.776097912167026,https://www.nature.com/articles/s41597-025-04875-3; https://doi.org/10.6084/m9.figshare.27646707,B,"County-level injection capacity; pressure interference, plume geometry, and well count still need reservoir simulation."
county,Hebei,Xushui District,88.55,8.18,,,0.0,,,8.18,10.82518337408313,https://www.nature.com/articles/s41597-025-04875-3; https://doi.org/10.6084/m9.figshare.27646707,B,"County-level injection capacity; pressure interference, plume geometry, and well count still need reservoir simulation."
county,Hebei,Yi County,0.0,0.0,,,0.0,,,0.0,inf,https://www.nature.com/articles/s41597-025-04875-3; https://doi.org/10.6084/m9.figshare.27646707,B,"County-level injection capacity; pressure interference, plume geometry, and well count still need reservoir simulation."
county,Hebei,Zhuozhou,6.15,6.25,,,0.0,,,6.25,0.9840000000000001,https://www.nature.com/articles/s41597-025-04875-3; https://doi.org/10.6084/m9.figshare.27646707,B,"County-level injection capacity; pressure interference, plume geometry, and well count still need reservoir simulation."
county,Hebei,Cang County,890.87,44.99,,,26.05,,,71.04,12.540399774774773,https://www.nature.com/articles/s41597-025-04875-3; https://doi.org/10.6084/m9.figshare.27646707,B,"County-level injection capacity; pressure interference, plume geometry, and well count still need reservoir simulation."
county,Hebei,Dongguang County,428.53,22.49,,,0.0,,,22.49,19.05424633170298,https://www.nature.com/articles/s41597-025-04875-3; https://doi.org/10.6084/m9.figshare.27646707,B,"County-level injection capacity; pressure interference, plume geometry, and well count still need reservoir simulation."
county,Hebei,Haixing County,121.11,29.99,,,0.0,,,29.99,4.038346115371791,https://www.nature.com/articles/s41597-025-04875-3; https://doi.org/10.6084/m9.figshare.27646707,B,"County-level injection capacity; pressure interference, plume geometry, and well count still need reservoir simulation."
county,Hebei,Hezhang,1342.72,14.28,,,78.32,,,92.6,14.500215982721384,https://www.nature.com/articles/s41597-025-04875-3; https://doi.org/10.6084/m9.figshare.27646707,B,"County-level injection capacity; pressure interference, plume geometry, and well count still need reservoir simulation."
county,Hebei,huanghua city,2149.12,44.99,,,52.1,,,97.09,22.13533834586466,https://www.nature.com/articles/s41597-025-04875-3; https://doi.org/10.6084/m9.figshare.27646707,B,"County-level injection capacity; pressure interference, plume geometry, and well count still need reservoir simulation."
county,Hebei,Mengcunhuizuzizhixian,316.74,29.99,,,0.0,,,29.99,10.561520506835613,https://www.nature.com/articles/s41597-025-04875-3; https://doi.org/10.6084/m9.figshare.27646707,B,"County-level injection capacity; pressure interference, plume geometry, and well count still need reservoir simulation."
county,Hebei,Nampi County,752.59,22.49,,,19.54,,,42.03,17.9060195098739,https://www.nature.com/articles/s41597-025-04875-3; https://doi.org/10.6084/m9.figshare.27646707,B,"County-level injection capacity; pressure interference, plume geometry, and well count still need reservoir simulation."
county,Hebei,Botou city,0.0,0.0,,,0.0,,,0.0,inf,https://www.nature.com/articles/s41597-025-04875-3; https://doi.org/10.6084/m9.figshare.27646707,B,"County-level injection capacity; pressure interference, plume geometry, and well count still need reservoir simulation."
county,Hebei,Qing County,316.74,44.99,,,0.0,,,44.99,7.040231162480551,https://www.nature.com/articles/s41597-025-04875-3; https://doi.org/10.6084/m9.figshare.27646707,B,"County-level injection capacity; pressure interference, plume geometry, and well count still need reservoir simulation."
county,Hebei,Renqiu,3025.83,121.06,,,78.32,,,199.38,15.17619620824556,https://www.nature.com/articles/s41597-025-04875-3; https://doi.org/10.6084/m9.figshare.27646707,B,"County-level injection capacity; pressure interference, plume geometry, and well count still need reservoir simulation."
county,Hebei,Suning County,1403.34,19.04,,,10.86,,,29.9,46.93444816053512,https://www.nature.com/articles/s41597-025-04875-3; https://doi.org/10.6084/m9.figshare.27646707,B,"County-level injection capacity; pressure interference, plume geometry, and well count still need reservoir simulation."
county,Hebei,Wuqiao County,0.0,0.0,,,0.0,,,0.0,inf,https://www.nature.com/articles/s41597-025-04875-3; https://doi.org/10.6084/m9.figshare.27646707,B,"County-level injection capacity; pressure interference, plume geometry, and well count still need reservoir simulation."
county,Hebei,Xian County,1156.53,19.04,,,10.86,,,29.9,38.67993311036789,https://www.nature.com/articles/s41597-025-04875-3; https://doi.org/10.6084/m9.figshare.27646707,B,"County-level injection capacity; pressure interference, plume geometry, and well count still need reservoir simulation."
county,Hebei,Xinhua District,124.18,22.49,,,19.54,,,42.03,2.9545562693314302,https://www.nature.com/articles/s41597-025-04875-3; https://doi.org/10.6084/m9.figshare.27646707,B,"County-level injection capacity; pressure interference, plume geometry, and well count still need reservoir simulation."
county,Hebei,Yanshan County,376.28,29.99,,,13.03,,,43.019999999999996,8.746629474662948,https://www.nature.com/articles/s41597-025-04875-3; https://doi.org/10.6084/m9.figshare.27646707,B,"County-level injection capacity; pressure interference, plume geometry, and well count still need reservoir simulation."
county,Hebei,Yunhe District,27.95,22.49,,,0.0,,,22.49,1.2427745664739884,https://www.nature.com/articles/s41597-025-04875-3; https://doi.org/10.6084/m9.figshare.27646707,B,"County-level injection capacity; pressure interference, plume geometry, and well count still need reservoir simulation."
county,Hebei,Chengde County,0.0,0.0,,,0.0,,,0.0,inf,https://www.nature.com/articles/s41597-025-04875-3; https://doi.org/10.6084/m9.figshare.27646707,B,"County-level injection capacity; pressure interference, plume geometry, and well count still need reservoir simulation."
county,Hebei,Fengning Manzu Autonomous County,0.0,0.0,,,0.0,,,0.0,inf,https://www.nature.com/articles/s41597-025-04875-3; https://doi.org/10.6084/m9.figshare.27646707,B,"County-level injection capacity; pressure interference, plume geometry, and well count still need reservoir simulation."
county,Hebei,Kuancheng Manzu Autonomous County,0.0,0.0,,,0.0,,,0.0,inf,https://www.nature.com/articles/s41597-025-04875-3; https://doi.org/10.6084/m9.figshare.27646707,B,"County-level injection capacity; pressure interference, plume geometry, and well count still need reservoir simulation."
county,Hebei,Longhua County,0.0,0.0,,,0.0,,,0.0,inf,https://www.nature.com/articles/s41597-025-04875-3; https://doi.org/10.6084/m9.figshare.27646707,B,"County-level injection capacity; pressure interference, plume geometry, and well count still need reservoir simulation."
county,Hebei,Luanping County,0.0,0.0,,,0.0,,,0.0,inf,https://www.nature.com/articles/s41597-025-04875-3; https://doi.org/10.6084/m9.figshare.27646707,B,"County-level injection capacity; pressure interference, plume geometry, and well count still need reservoir simulation."
county,Hebei,Pingquan,0.0,0.0,,,0.0,,,0.0,inf,https://www.nature.com/articles/s41597-025-04875-3; https://doi.org/10.6084/m9.figshare.27646707,B,"County-level injection capacity; pressure interference, plume geometry, and well count still need reservoir simulation."
county,Hebei,Shuangluan District,0.0,0.0,,,0.0,,,0.0,inf,https://www.nature.com/articles/s41597-025-04875-3; https://doi.org/10.6084/m9.figshare.27646707,B,"County-level injection capacity; pressure interference, plume geometry, and well count still need reservoir simulation."
county,Hebei,Shuangqiao District,0.0,0.0,,,0.0,,,0.0,inf,https://www.nature.com/articles/s41597-025-04875-3; https://doi.org/10.6084/m9.figshare.27646707,B,"County-level injection capacity; pressure interference, plume geometry, and well count still need reservoir simulation."
county,Hebei,Weichang Manzu and Mongol Autonomous County,0.0,0.0,,,0.0,,,0.0,inf,https://www.nature.com/articles/s41597-025-04875-3; https://doi.org/10.6084/m9.figshare.27646707,B,"County-level injection capacity; pressure interference, plume geometry, and well count still need reservoir simulation."
county,Hebei,Xinglong County,0.0,0.0,,,0.0,,,0.0,inf,https://www.nature.com/articles/s41597-025-04875-3; https://doi.org/10.6084/m9.figshare.27646707,B,"County-level injection capacity; pressure interference, plume geometry, and well count still need reservoir simulation."
county,Hebei,Yingtaiyingzi Mining District,0.0,0.0,,,0.0,,,0.0,inf,https://www.nature.com/articles/s41597-025-04875-3; https://doi.org/10.6084/m9.figshare.27646707,B,"County-level injection capacity; pressure interference, plume geometry, and well count still need reservoir simulation."
county,Hebei,Cheng'an County,0.0,0.0,,,0.0,,,0.0,inf,https://www.nature.com/articles/s41597-025-04875-3; https://doi.org/10.6084/m9.figshare.27646707,B,"County-level injection capacity; pressure interference, plume geometry, and well count still need reservoir simulation."
county,Hebei,Magnetism County,0.0,0.0,,,0.0,,,0.0,inf,https://www.nature.com/articles/s41597-025-04875-3; https://doi.org/10.6084/m9.figshare.27646707,B,"County-level injection capacity; pressure interference, plume geometry, and well count still need reservoir simulation."
county,Hebei,Congtai District,0.0,0.0,,,0.0,,,0.0,inf,https://www.nature.com/articles/s41597-025-04875-3; https://doi.org/10.6084/m9.figshare.27646707,B,"County-level injection capacity; pressure interference, plume geometry, and well count still need reservoir simulation."
county,Hebei,Da Ming County,0.0,0.0,,,0.0,,,0.0,inf,https://www.nature.com/articles/s41597-025-04875-3; https://doi.org/10.6084/m9.figshare.27646707,B,"County-level injection capacity; pressure interference, plume geometry, and well count still need reservoir simulation."
county,Hebei,Feixiang District,0.0,0.0,,,0.0,,,0.0,inf,https://www.nature.com/articles/s41597-025-04875-3; https://doi.org/10.6084/m9.figshare.27646707,B,"County-level injection capacity; pressure interference, plume geometry, and well count still need reservoir simulation."
county,Hebei,Fengfeng Mining District,0.0,0.0,,,0.0,,,0.0,inf,https://www.nature.com/articles/s41597-025-04875-3; https://doi.org/10.6084/m9.figshare.27646707,B,"County-level injection capacity; pressure interference, plume geometry, and well count still need reservoir simulation."
county,Hebei,Fuxing District,0.0,0.0,,,0.0,,,0.0,inf,https://www.nature.com/articles/s41597-025-04875-3; https://doi.org/10.6084/m9.figshare.27646707,B,"County-level injection capacity; pressure interference, plume geometry, and well count still need reservoir simulation."
county,Hebei,Tantao County,0.0,0.0,,,0.0,,,0.0,inf,https://www.nature.com/articles/s41597-025-04875-3; https://doi.org/10.6084/m9.figshare.27646707,B,"County-level injection capacity; pressure interference, plume geometry, and well count still need reservoir simulation."
county,Hebei,Guangping County,0.0,0.0,,,0.0,,,0.0,inf,https://www.nature.com/articles/s41597-025-04875-3; https://doi.org/10.6084/m9.figshare.27646707,B,"County-level injection capacity; pressure interference, plume geometry, and well count still need reservoir simulation."
county,Hebei,Handanshan District,0.0,0.0,,,0.0,,,0.0,inf,https://www.nature.com/articles/s41597-025-04875-3; https://doi.org/10.6084/m9.figshare.27646707,B,"County-level injection capacity; pressure interference, plume geometry, and well count still need reservoir simulation."
county,Hebei,Jize County,0.0,0.0,,,0.0,,,0.0,inf,https://www.nature.com/articles/s41597-025-04875-3; https://doi.org/10.6084/m9.figshare.27646707,B,"County-level injection capacity; pressure interference, plume geometry, and well count still need reservoir simulation."
county,Hebei,Linzhang County,0.0,0.0,,,0.0,,,0.0,inf,https://www.nature.com/articles/s41597-025-04875-3; https://doi.org/10.6084/m9.figshare.27646707,B,"County-level injection capacity; pressure interference, plume geometry, and well count still need reservoir simulation."
county,Hebei,Qiu County,0.0,0.0,,,0.0,,,0.0,inf,https://www.nature.com/articles/s41597-025-04875-3; https://doi.org/10.6084/m9.figshare.27646707,B,"County-level injection capacity; pressure interference, plume geometry, and well count still need reservoir simulation."
county,Hebei,Quzhou County,0.0,0.0,,,0.0,,,0.0,inf,https://www.nature.com/articles/s41597-025-04875-3; https://doi.org/10.6084/m9.figshare.27646707,B,"County-level injection capacity; pressure interference, plume geometry, and well count still need reservoir simulation."
county,Hebei,Shibi County,0.0,0.0,,,0.0,,,0.0,inf,https://www.nature.com/articles/s41597-025-04875-3; https://doi.org/10.6084/m9.figshare.27646707,B,"County-level injection capacity; pressure interference, plume geometry, and well count still need reservoir simulation."
county,Hebei,Wei County,0.0,0.0,,,0.0,,,0.0,inf,https://www.nature.com/articles/s41597-025-04875-3; https://doi.org/10.6084/m9.figshare.27646707,B,"County-level injection capacity; pressure interference, plume geometry, and well count still need reservoir simulation."
county,Hebei,Wuan City,0.0,0.0,,,0.0,,,0.0,inf,https://www.nature.com/articles/s41597-025-04875-3; https://doi.org/10.6084/m9.figshare.27646707,B,"County-level injection capacity; pressure interference, plume geometry, and well count still need reservoir simulation."
county,Hebei,Yongnian District,0.0,0.0,,,0.0,,,0.0,inf,https://www.nature.com/articles/s41597-025-04875-3; https://doi.org/10.6084/m9.figshare.27646707,B,"County-level injection capacity; pressure interference, plume geometry, and well count still need reservoir simulation."
county,Hebei,Anping County,1262.13,20.1,,,0.0,,,20.1,62.79253731343284,https://www.nature.com/articles/s41597-025-04875-3; https://doi.org/10.6084/m9.figshare.27646707,B,"County-level injection capacity; pressure interference, plume geometry, and well count still need reservoir simulation."
county,Hebei,Fucheng County,0.0,0.0,,,0.0,,,0.0,inf,https://www.nature.com/articles/s41597-025-04875-3; https://doi.org/10.6084/m9.figshare.27646707,B,"County-level injection capacity; pressure interference, plume geometry, and well count still need reservoir simulation."
county,Hebei,Gucheng County,0.0,0.0,,,0.0,,,0.0,inf,https://www.nature.com/articles/s41597-025-04875-3; https://doi.org/10.6084/m9.figshare.27646707,B,"County-level injection capacity; pressure interference, plume geometry, and well count still need reservoir simulation."
county,Hebei,Jizhou District,0.0,0.0,,,0.0,,,0.0,inf,https://www.nature.com/articles/s41597-025-04875-3; https://doi.org/10.6084/m9.figshare.27646707,B,"County-level injection capacity; pressure interference, plume geometry, and well count still need reservoir simulation."
county,Hebei,Jing County,0.0,0.0,,,0.0,,,0.0,inf,https://www.nature.com/articles/s41597-025-04875-3; https://doi.org/10.6084/m9.figshare.27646707,B,"County-level injection capacity; pressure interference, plume geometry, and well count still need reservoir simulation."
county,Hebei,Raoyang County,1897.98,21.66,,,10.86,,,32.519999999999996,58.363468634686356,https://www.nature.com/articles/s41597-025-04875-3; https://doi.org/10.6084/m9.figshare.27646707,B,"County-level injection capacity; pressure interference, plume geometry, and well count still need reservoir simulation."
county,Hebei,Shenzhou,2868.43,24.55,,,10.86,,,35.41,81.00621293419938,https://www.nature.com/articles/s41597-025-04875-3; https://doi.org/10.6084/m9.figshare.27646707,B,"County-level injection capacity; pressure interference, plume geometry, and well count still need reservoir simulation."
county,Hebei,Taocheng District,274.66,16.37,,,0.0,,,16.37,16.77825290164936,https://www.nature.com/articles/s41597-025-04875-3; https://doi.org/10.6084/m9.figshare.27646707,B,"County-level injection capacity; pressure interference, plume geometry, and well count still need reservoir simulation."
county,Hebei,Wuqiang County,779.41,19.04,,,10.86,,,29.9,26.067224080267557,https://www.nature.com/articles/s41597-025-04875-3; https://doi.org/10.6084/m9.figshare.27646707,B,"County-level injection capacity; pressure interference, plume geometry, and well count still need reservoir simulation."
county,Hebei,Wuyi County,494.39,16.37,,,0.0,,,16.37,30.200977397678678,https://www.nature.com/articles/s41597-025-04875-3; https://doi.org/10.6084/m9.figshare.27646707,B,"County-level injection capacity; pressure interference, plume geometry, and well count still need reservoir simulation."
county,Hebei,Zaoqiang County,0.0,0.0,,,0.0,,,0.0,inf,https://www.nature.com/articles/s41597-025-04875-3; https://doi.org/10.6084/m9.figshare.27646707,B,"County-level injection capacity; pressure interference, plume geometry, and well count still need reservoir simulation."
county,Hebei,Anji District,3471.7,119.58,,,0.0,,,119.58,29.032446897474493,https://www.nature.com/articles/s41597-025-04875-3; https://doi.org/10.6084/m9.figshare.27646707,B,"County-level injection capacity; pressure interference, plume geometry, and well count still need reservoir simulation."
county,Hebei,Bazhou City,7398.62,122.77,,,53.32,,,176.09,42.01612811630416,https://www.nature.com/articles/s41597-025-04875-3; https://doi.org/10.6084/m9.figshare.27646707,B,"County-level injection capacity; pressure interference, plume geometry, and well count still need reservoir simulation."
county,Hebei,Dachang Hui Autonomous County,0.0,0.0,,,0.0,,,0.0,inf,https://www.nature.com/articles/s41597-025-04875-3; https://doi.org/10.6084/m9.figshare.27646707,B,"County-level injection capacity; pressure interference, plume geometry, and well count still need reservoir simulation."
county,Hebei,Dacheng County,54.93,8.18,,,0.0,,,8.18,6.7151589242053795,https://www.nature.com/articles/s41597-025-04875-3; https://doi.org/10.6084/m9.figshare.27646707,B,"County-level injection capacity; pressure interference, plume geometry, and well count still need reservoir simulation."
county,Hebei,Gu'an County,52.92,6.25,,,53.32,,,59.57,0.8883666274970623,https://www.nature.com/articles/s41597-025-04875-3; https://doi.org/10.6084/m9.figshare.27646707,B,"County-level injection capacity; pressure interference, plume geometry, and well count still need reservoir simulation."
county,Hebei,Guangyang District,128.7,18.75,,,0.0,,,18.75,6.863999999999999,https://www.nature.com/articles/s41597-025-04875-3; https://doi.org/10.6084/m9.figshare.27646707,B,"County-level injection capacity; pressure interference, plume geometry, and well count still need reservoir simulation."
county,Hebei,Sanhe City,0.0,0.0,,,0.0,,,0.0,inf,https://www.nature.com/articles/s41597-025-04875-3; https://doi.org/10.6084/m9.figshare.27646707,B,"County-level injection capacity; pressure interference, plume geometry, and well count still need reservoir simulation."
county,Hebei,Wen'an County,8730.89,121.06,,,53.32,,,174.38,50.06818442481936,https://www.nature.com/articles/s41597-025-04875-3; https://doi.org/10.6084/m9.figshare.27646707,B,"County-level injection capacity; pressure interference, plume geometry, and well count still need reservoir simulation."
county,Hebei,Xianghe County,823.98,122.77,,,0.0,,,122.77,6.711574488881649,https://www.nature.com/articles/s41597-025-04875-3; https://doi.org/10.6084/m9.figshare.27646707,B,"County-level injection capacity; pressure interference, plume geometry, and well count still need reservoir simulation."
county,Hebei,Yongqing County,2305.44,119.58,,,53.32,,,172.9,13.33395026026605,https://www.nature.com/articles/s41597-025-04875-3; https://doi.org/10.6084/m9.figshare.27646707,B,"County-level injection capacity; pressure interference, plume geometry, and well count still need reservoir simulation."
county,Hebei,Beidaihe District,0.0,0.0,,,0.0,,,0.0,inf,https://www.nature.com/articles/s41597-025-04875-3; https://doi.org/10.6084/m9.figshare.27646707,B,"County-level injection capacity; pressure interference, plume geometry, and well count still need reservoir simulation."
county,Hebei,Changli County,0.0,0.0,,,0.0,,,0.0,inf,https://www.nature.com/articles/s41597-025-04875-3; https://doi.org/10.6084/m9.figshare.27646707,B,"County-level injection capacity; pressure interference, plume geometry, and well count still need reservoir simulation."
county,Hebei,Funing District,0.0,0.0,,,0.0,,,0.0,inf,https://www.nature.com/articles/s41597-025-04875-3; https://doi.org/10.6084/m9.figshare.27646707,B,"County-level injection capacity; pressure interference, plume geometry, and well count still need reservoir simulation."
county,Hebei,Harbor District,0.0,0.0,,,0.0,,,0.0,inf,https://www.nature.com/articles/s41597-025-04875-3; https://doi.org/10.6084/m9.figshare.27646707,B,"County-level injection capacity; pressure interference, plume geometry, and well count still need reservoir simulation."
county,Hebei,Lulong County,0.0,0.0,,,0.0,,,0.0,inf,https://www.nature.com/articles/s41597-025-04875-3; https://doi.org/10.6084/m9.figshare.27646707,B,"County-level injection capacity; pressure interference, plume geometry, and well count still need reservoir simulation."
county,Hebei,Qinglong Manzu autonomous County,0.0,0.0,,,0.0,,,0.0,inf,https://www.nature.com/articles/s41597-025-04875-3; https://doi.org/10.6084/m9.figshare.27646707,B,"County-level injection capacity; pressure interference, plume geometry, and well count still need reservoir simulation."
county,Hebei,Shanhaiguan District,0.0,0.0,,,0.0,,,0.0,inf,https://www.nature.com/articles/s41597-025-04875-3; https://doi.org/10.6084/m9.figshare.27646707,B,"County-level injection capacity; pressure interference, plume geometry, and well count still need reservoir simulation."
county,Hebei,Gaoyi County,0.75,0.0,,,5.43,,,5.43,0.13812154696132597,https://www.nature.com/articles/s41597-025-04875-3; https://doi.org/10.6084/m9.figshare.27646707,B,"County-level injection capacity; pressure interference, plume geometry, and well count still need reservoir simulation."
county,Hebei,Gao Cheng District,810.0,12.33,,,5.43,,,17.759999999999998,45.60810810810811,https://www.nature.com/articles/s41597-025-04875-3; https://doi.org/10.6084/m9.figshare.27646707,B,"County-level injection capacity; pressure interference, plume geometry, and well count still need reservoir simulation."
county,Hebei,Jinzhou City,841.37,16.37,,,0.0,,,16.37,51.39706780696395,https://www.nature.com/articles/s41597-025-04875-3; https://doi.org/10.6084/m9.figshare.27646707,B,"County-level injection capacity; pressure interference, plume geometry, and well count still need reservoir simulation."
county,Hebei,Jingfu Mining District,0.0,0.0,,,0.0,,,0.0,inf,https://www.nature.com/articles/s41597-025-04875-3; https://doi.org/10.6084/m9.figshare.27646707,B,"County-level injection capacity; pressure interference, plume geometry, and well count still need reservoir simulation."
county,Hebei,Jingfu County,0.0,0.0,,,0.0,,,0.0,inf,https://www.nature.com/articles/s41597-025-04875-3; https://doi.org/10.6084/m9.figshare.27646707,B,"County-level injection capacity; pressure interference, plume geometry, and well count still need reservoir simulation."
county,Hebei,Lingshou County,0.0,0.0,,,0.0,,,0.0,inf,https://www.nature.com/articles/s41597-025-04875-3; https://doi.org/10.6084/m9.figshare.27646707,B,"County-level injection capacity; pressure interference, plume geometry, and well count still need reservoir simulation."
county,Hebei,Luquan District,0.0,0.0,,,0.0,,,0.0,inf,https://www.nature.com/articles/s41597-025-04875-3; https://doi.org/10.6084/m9.figshare.27646707,B,"County-level injection capacity; pressure interference, plume geometry, and well count still need reservoir simulation."
county,Hebei,Luancheng District,67.23,9.52,,,0.0,,,9.52,7.0619747899159675,https://www.nature.com/articles/s41597-025-04875-3; https://doi.org/10.6084/m9.figshare.27646707,B,"County-level injection capacity; pressure interference, plume geometry, and well count still need reservoir simulation."
county,Hebei,Pingshan County,0.0,0.0,,,0.0,,,0.0,inf,https://www.nature.com/articles/s41597-025-04875-3; https://doi.org/10.6084/m9.figshare.27646707,B,"County-level injection capacity; pressure interference, plume geometry, and well count still need reservoir simulation."
county,Hebei,Qiaoxi District,0.0,0.0,,,0.0,,,0.0,inf,https://www.nature.com/articles/s41597-025-04875-3; https://doi.org/10.6084/m9.figshare.27646707,B,"County-level injection capacity; pressure interference, plume geometry, and well count still need reservoir simulation."
county,Hebei,Shenze County,858.77,15.66,,,0.0,,,15.66,54.838441890166024,https://www.nature.com/articles/s41597-025-04875-3; https://doi.org/10.6084/m9.figshare.27646707,B,"County-level injection capacity; pressure interference, plume geometry, and well count still need reservoir simulation."
county,Hebei,Wuji County,762.64,12.33,,,0.0,,,12.33,61.85239253852392,https://www.nature.com/articles/s41597-025-04875-3; https://doi.org/10.6084/m9.figshare.27646707,B,"County-level injection capacity; pressure interference, plume geometry, and well count still need reservoir simulation."
county,Hebei,Xinji City,2253.11,24.55,,,10.66,,,35.21,63.990627662595855,https://www.nature.com/articles/s41597-025-04875-3; https://doi.org/10.6084/m9.figshare.27646707,B,"County-level injection capacity; pressure interference, plume geometry, and well count still need reservoir simulation."
county,Hebei,Xinhua District,0.0,0.0,,,0.0,,,0.0,inf,https://www.nature.com/articles/s41597-025-04875-3; https://doi.org/10.6084/m9.figshare.27646707,B,"County-level injection capacity; pressure interference, plume geometry, and well count still need reservoir simulation."
county,Hebei,Xinle City,0.0,0.0,,,0.0,,,0.0,inf,https://www.nature.com/articles/s41597-025-04875-3; https://doi.org/10.6084/m9.figshare.27646707,B,"County-level injection capacity; pressure interference, plume geometry, and well count still need reservoir simulation."
county,Hebei,Xingtang County,0.0,0.0,,,0.0,,,0.0,inf,https://www.nature.com/articles/s41597-025-04875-3; https://doi.org/10.6084/m9.figshare.27646707,B,"County-level injection capacity; pressure interference, plume geometry, and well count still need reservoir simulation."
county,Hebei,Yuhua District,0.0,0.0,,,0.0,,,0.0,inf,https://www.nature.com/articles/s41597-025-04875-3; https://doi.org/10.6084/m9.figshare.27646707,B,"County-level injection capacity; pressure interference, plume geometry, and well count still need reservoir simulation."
county,Hebei,Yuanshi County,0.0,0.0,,,0.0,,,0.0,inf,https://www.nature.com/articles/s41597-025-04875-3; https://doi.org/10.6084/m9.figshare.27646707,B,"County-level injection capacity; pressure interference, plume geometry, and well count still need reservoir simulation."
county,Hebei,Zhanhuang County,0.0,0.0,,,0.0,,,0.0,inf,https://www.nature.com/articles/s41597-025-04875-3; https://doi.org/10.6084/m9.figshare.27646707,B,"County-level injection capacity; pressure interference, plume geometry, and well count still need reservoir simulation."
county,Hebei,Chang'an District,0.0,0.0,,,0.0,,,0.0,inf,https://www.nature.com/articles/s41597-025-04875-3; https://doi.org/10.6084/m9.figshare.27646707,B,"County-level injection capacity; pressure interference, plume geometry, and well count still need reservoir simulation."
county,Hebei,Zhao County,878.11,12.33,,,5.43,,,17.759999999999998,49.443130630630634,https://www.nature.com/articles/s41597-025-04875-3; https://doi.org/10.6084/m9.figshare.27646707,B,"County-level injection capacity; pressure interference, plume geometry, and well count still need reservoir simulation."
county,Hebei,Zhengding County,0.0,0.0,,,0.0,,,0.0,inf,https://www.nature.com/articles/s41597-025-04875-3; https://doi.org/10.6084/m9.figshare.27646707,B,"County-level injection capacity; pressure interference, plume geometry, and well count still need reservoir simulation."
county,Hebei,Caofeidian District,8.88,0.0,,,8.47,,,8.47,1.0484061393152302,https://www.nature.com/articles/s41597-025-04875-3; https://doi.org/10.6084/m9.figshare.27646707,B,"County-level injection capacity; pressure interference, plume geometry, and well count still need reservoir simulation."
county,Hebei,Fengnan District,0.0,0.0,,,0.0,,,0.0,inf,https://www.nature.com/articles/s41597-025-04875-3; https://doi.org/10.6084/m9.figshare.27646707,B,"County-level injection capacity; pressure interference, plume geometry, and well count still need reservoir simulation."
county,Hebei,Fengrun District,0.0,0.0,,,0.0,,,0.0,inf,https://www.nature.com/articles/s41597-025-04875-3; https://doi.org/10.6084/m9.figshare.27646707,B,"County-level injection capacity; pressure interference, plume geometry, and well count still need reservoir simulation."
county,Hebei,Guye District,0.0,0.0,,,0.0,,,0.0,inf,https://www.nature.com/articles/s41597-025-04875-3; https://doi.org/10.6084/m9.figshare.27646707,B,"County-level injection capacity; pressure interference, plume geometry, and well count still need reservoir simulation."
county,Hebei,Kaiping District,0.0,0.0,,,0.0,,,0.0,inf,https://www.nature.com/articles/s41597-025-04875-3; https://doi.org/10.6084/m9.figshare.27646707,B,"County-level injection capacity; pressure interference, plume geometry, and well count still need reservoir simulation."
county,Hebei,Leting County,6.35,0.0,,,8.47,,,8.47,0.7497048406139314,https://www.nature.com/articles/s41597-025-04875-3; https://doi.org/10.6084/m9.figshare.27646707,B,"County-level injection capacity; pressure interference, plume geometry, and well count still need reservoir simulation."
county,Hebei,Lubei District,0.0,0.0,,,0.0,,,0.0,inf,https://www.nature.com/articles/s41597-025-04875-3; https://doi.org/10.6084/m9.figshare.27646707,B,"County-level injection capacity; pressure interference, plume geometry, and well count still need reservoir simulation."
county,Hebei,Lunan District,0.0,0.0,,,0.0,,,0.0,inf,https://www.nature.com/articles/s41597-025-04875-3; https://doi.org/10.6084/m9.figshare.27646707,B,"County-level injection capacity; pressure interference, plume geometry, and well count still need reservoir simulation."
county,Hebei,Luannan County,0.17,0.0,,,0.0,,,0.0,inf,https://www.nature.com/articles/s41597-025-04875-3; https://doi.org/10.6084/m9.figshare.27646707,B,"County-level injection capacity; pressure interference, plume geometry, and well count still need reservoir simulation."
county,Hebei,Luanzhou City,0.0,0.0,,,0.0,,,0.0,inf,https://www.nature.com/articles/s41597-025-04875-3; https://doi.org/10.6084/m9.figshare.27646707,B,"County-level injection capacity; pressure interference, plume geometry, and well count still need reservoir simulation."
county,Hebei,Qian'an City,0.0,0.0,,,0.0,,,0.0,inf,https://www.nature.com/articles/s41597-025-04875-3; https://doi.org/10.6084/m9.figshare.27646707,B,"County-level injection capacity; pressure interference, plume geometry, and well count still need reservoir simulation."
county,Hebei,Qianxi County,0.0,0.0,,,0.0,,,0.0,inf,https://www.nature.com/articles/s41597-025-04875-3; https://doi.org/10.6084/m9.figshare.27646707,B,"County-level injection capacity; pressure interference, plume geometry, and well count still need reservoir simulation."
county,Hebei,Yutian County,0.0,0.0,,,0.0,,,0.0,inf,https://www.nature.com/articles/s41597-025-04875-3; https://doi.org/10.6084/m9.figshare.27646707,B,"County-level injection capacity; pressure interference, plume geometry, and well count still need reservoir simulation."
county,Hebei,Zunhua City,0.0,0.0,,,0.0,,,0.0,inf,https://www.nature.com/articles/s41597-025-04875-3; https://doi.org/10.6084/m9.figshare.27646707,B,"County-level injection capacity; pressure interference, plume geometry, and well count still need reservoir simulation."
county,Hebei,Baixiang County,0.0,0.0,,,0.0,,,0.0,inf,https://www.nature.com/articles/s41597-025-04875-3; https://doi.org/10.6084/m9.figshare.27646707,B,"County-level injection capacity; pressure interference, plume geometry, and well count still need reservoir simulation."
county,Hebei,Guangzong County,0.0,0.0,,,0.0,,,0.0,inf,https://www.nature.com/articles/s41597-025-04875-3; https://doi.org/10.6084/m9.figshare.27646707,B,"County-level injection capacity; pressure interference, plume geometry, and well count still need reservoir simulation."
county,Hebei,Julu County,0.0,0.0,,,0.0,,,0.0,inf,https://www.nature.com/articles/s41597-025-04875-3; https://doi.org/10.6084/m9.figshare.27646707,B,"County-level injection capacity; pressure interference, plume geometry, and well count still need reservoir simulation."
county,Hebei,Lincheng County,0.0,0.0,,,0.0,,,0.0,inf,https://www.nature.com/articles/s41597-025-04875-3; https://doi.org/10.6084/m9.figshare.27646707,B,"County-level injection capacity; pressure interference, plume geometry, and well count still need reservoir simulation."
county,Hebei,Linci County,0.0,0.0,,,0.0,,,0.0,inf,https://www.nature.com/articles/s41597-025-04875-3; https://doi.org/10.6084/m9.figshare.27646707,B,"County-level injection capacity; pressure interference, plume geometry, and well count still need reservoir simulation."
county,Hebei,Longyao County,0.0,0.0,,,0.0,,,0.0,inf,https://www.nature.com/articles/s41597-025-04875-3; https://doi.org/10.6084/m9.figshare.27646707,B,"County-level injection capacity; pressure interference, plume geometry, and well count still need reservoir simulation."
county,Hebei,Nangong City,0.0,0.0,,,0.0,,,0.0,inf,https://www.nature.com/articles/s41597-025-04875-3; https://doi.org/10.6084/m9.figshare.27646707,B,"County-level injection capacity; pressure interference, plume geometry, and well count still need reservoir simulation."
county,Hebei,Nanhe District,0.0,0.0,,,0.0,,,0.0,inf,https://www.nature.com/articles/s41597-025-04875-3; https://doi.org/10.6084/m9.figshare.27646707,B,"County-level injection capacity; pressure interference, plume geometry, and well count still need reservoir simulation."
county,Hebei,Neiqiu County,0.0,0.0,,,0.0,,,0.0,inf,https://www.nature.com/articles/s41597-025-04875-3; https://doi.org/10.6084/m9.figshare.27646707,B,"County-level injection capacity; pressure interference, plume geometry, and well count still need reservoir simulation."
county,Hebei,Ningjin County,448.81,16.37,,,8.89,,,25.26,17.76761678543151,https://www.nature.com/articles/s41597-025-04875-3; https://doi.org/10.6084/m9.figshare.27646707,B,"County-level injection capacity; pressure interference, plume geometry, and well count still need reservoir simulation."
county,Hebei,Pingxiang County,0.0,0.0,,,0.0,,,0.0,inf,https://www.nature.com/articles/s41597-025-04875-3; https://doi.org/10.6084/m9.figshare.27646707,B,"County-level injection capacity; pressure interference, plume geometry, and well count still need reservoir simulation."
county,Hebei,Qinghe County,0.0,0.0,,,0.0,,,0.0,inf,https://www.nature.com/articles/s41597-025-04875-3; https://doi.org/10.6084/m9.figshare.27646707,B,"County-level injection capacity; pressure interference, plume geometry, and well count still need reservoir simulation."
county,Hebei,Renze District,0.0,0.0,,,0.0,,,0.0,inf,https://www.nature.com/articles/s41597-025-04875-3; https://doi.org/10.6084/m9.figshare.27646707,B,"County-level injection capacity; pressure interference, plume geometry, and well count still need reservoir simulation."
county,Hebei,Shahe City,0.0,0.0,,,0.0,,,0.0,inf,https://www.nature.com/articles/s41597-025-04875-3; https://doi.org/10.6084/m9.figshare.27646707,B,"County-level injection capacity; pressure interference, plume geometry, and well count still need reservoir simulation."
county,Hebei,Wei County,0.0,0.0,,,0.0,,,0.0,inf,https://www.nature.com/articles/s41597-025-04875-3; https://doi.org/10.6084/m9.figshare.27646707,B,"County-level injection capacity; pressure interference, plume geometry, and well count still need reservoir simulation."
county,Hebei,Xiangdu District,0.0,0.0,,,0.0,,,0.0,inf,https://www.nature.com/articles/s41597-025-04875-3; https://doi.org/10.6084/m9.figshare.27646707,B,"County-level injection capacity; pressure interference, plume geometry, and well count still need reservoir simulation."
county,Hebei,Xinhe County,0.0,0.0,,,0.0,,,0.0,inf,https://www.nature.com/articles/s41597-025-04875-3; https://doi.org/10.6084/m9.figshare.27646707,B,"County-level injection capacity; pressure interference, plume geometry, and well count still need reservoir simulation."
county,Hebei,Xindu District,0.0,0.0,,,0.0,,,0.0,inf,https://www.nature.com/articles/s41597-025-04875-3; https://doi.org/10.6084/m9.figshare.27646707,B,"County-level injection capacity; pressure interference, plume geometry, and well count still need reservoir simulation."
county,Hebei,Chicheng County,0.0,0.0,,,0.0,,,0.0,inf,https://www.nature.com/articles/s41597-025-04875-3; https://doi.org/10.6084/m9.figshare.27646707,B,"County-level injection capacity; pressure interference, plume geometry, and well count still need reservoir simulation."
county,Hebei,Chongli District,0.0,0.0,,,0.0,,,0.0,inf,https://www.nature.com/articles/s41597-025-04875-3; https://doi.org/10.6084/m9.figshare.27646707,B,"County-level injection capacity; pressure interference, plume geometry, and well count still need reservoir simulation."
county,Hebei,Guyuan County,0.0,0.0,,,0.0,,,0.0,inf,https://www.nature.com/articles/s41597-025-04875-3; https://doi.org/10.6084/m9.figshare.27646707,B,"County-level injection capacity; pressure interference, plume geometry, and well count still need reservoir simulation."
county,Hebei,Huai'an County,0.0,0.0,,,0.0,,,0.0,inf,https://www.nature.com/articles/s41597-025-04875-3; https://doi.org/10.6084/m9.figshare.27646707,B,"County-level injection capacity; pressure interference, plume geometry, and well count still need reservoir simulation."
county,Hebei,Huailai County,0.0,0.0,,,0.0,,,0.0,inf,https://www.nature.com/articles/s41597-025-04875-3; https://doi.org/10.6084/m9.figshare.27646707,B,"County-level injection capacity; pressure interference, plume geometry, and well count still need reservoir simulation."
county,Hebei,Kangbao County,0.0,0.0,,,0.0,,,0.0,inf,https://www.nature.com/articles/s41597-025-04875-3; https://doi.org/10.6084/m9.figshare.27646707,B,"County-level injection capacity; pressure interference, plume geometry, and well count still need reservoir simulation."
county,Hebei,Qiaodong District,0.0,0.0,,,0.0,,,0.0,inf,https://www.nature.com/articles/s41597-025-04875-3; https://doi.org/10.6084/m9.figshare.27646707,B,"County-level injection capacity; pressure interference, plume geometry, and well count still need reservoir simulation."
county,Hebei,Qiaoxi District,0.0,0.0,,,0.0,,,0.0,inf,https://www.nature.com/articles/s41597-025-04875-3; https://doi.org/10.6084/m9.figshare.27646707,B,"County-level injection capacity; pressure interference, plume geometry, and well count still need reservoir simulation."
county,Hebei,Shangyi County,0.0,0.0,,,0.0,,,0.0,inf,https://www.nature.com/articles/s41597-025-04875-3; https://doi.org/10.6084/m9.figshare.27646707,B,"County-level injection capacity; pressure interference, plume geometry, and well count still need reservoir simulation."
county,Hebei,Wanquan District,0.0,0.0,,,0.0,,,0.0,inf,https://www.nature.com/articles/s41597-025-04875-3; https://doi.org/10.6084/m9.figshare.27646707,B,"County-level injection capacity; pressure interference, plume geometry, and well count still need reservoir simulation."
county,Hebei,Wei County,0.0,0.0,,,0.0,,,0.0,inf,https://www.nature.com/articles/s41597-025-04875-3; https://doi.org/10.6084/m9.figshare.27646707,B,"County-level injection capacity; pressure interference, plume geometry, and well count still need reservoir simulation."
county,Hebei,Xiahuayuan District,0.0,0.0,,,0.0,,,0.0,inf,https://www.nature.com/articles/s41597-025-04875-3; https://doi.org/10.6084/m9.figshare.27646707,B,"County-level injection capacity; pressure interference, plume geometry, and well count still need reservoir simulation."
county,Hebei,Xuanhua District,0.0,0.0,,,0.0,,,0.0,inf,https://www.nature.com/articles/s41597-025-04875-3; https://doi.org/10.6084/m9.figshare.27646707,B,"County-level injection capacity; pressure interference, plume geometry, and well count still need reservoir simulation."
county,Hebei,Yangyuan County,0.0,0.0,,,0.0,,,0.0,inf,https://www.nature.com/articles/s41597-025-04875-3; https://doi.org/10.6084/m9.figshare.27646707,B,"County-level injection capacity; pressure interference, plume geometry, and well count still need reservoir simulation."
county,Hebei,Zhangbei County,0.0,0.0,,,0.0,,,0.0,inf,https://www.nature.com/articles/s41597-025-04875-3; https://doi.org/10.6084/m9.figshare.27646707,B,"County-level injection capacity; pressure interference, plume geometry, and well count still need reservoir simulation."
county,Hebei,Zhuolu County,0.0,0.0,,,0.0,,,0.0,inf,https://www.nature.com/articles/s41597-025-04875-3; https://doi.org/10.6084/m9.figshare.27646707,B,"County-level injection capacity; pressure interference, plume geometry, and well count still need reservoir simulation."
county,Henan,Anyang County,0.0,0.0,,,0.0,,,0.0,inf,https://www.nature.com/articles/s41597-025-04875-3; https://doi.org/10.6084/m9.figshare.27646707,B,"County-level injection capacity; pressure interference, plume geometry, and well count still need reservoir simulation."
county,Henan,Beiguan District,0.0,0.0,,,0.0,,,0.0,inf,https://www.nature.com/articles/s41597-025-04875-3; https://doi.org/10.6084/m9.figshare.27646707,B,"County-level injection capacity; pressure interference, plume geometry, and well count still need reservoir simulation."
county,Henan,Hua County,0.0,0.0,,,0.0,,,0.0,inf,https://www.nature.com/articles/s41597-025-04875-3; https://doi.org/10.6084/m9.figshare.27646707,B,"County-level injection capacity; pressure interference, plume geometry, and well count still need reservoir simulation."
county,Henan,Linzhou City,0.0,0.0,,,0.0,,,0.0,inf,https://www.nature.com/articles/s41597-025-04875-3; https://doi.org/10.6084/m9.figshare.27646707,B,"County-level injection capacity; pressure interference, plume geometry, and well count still need reservoir simulation."
county,Henan,Long'an District,0.0,0.0,,,0.0,,,0.0,inf,https://www.nature.com/articles/s41597-025-04875-3; https://doi.org/10.6084/m9.figshare.27646707,B,"County-level injection capacity; pressure interference, plume geometry, and well count still need reservoir simulation."
county,Henan,Neihuang County,0.0,0.0,,,0.0,,,0.0,inf,https://www.nature.com/articles/s41597-025-04875-3; https://doi.org/10.6084/m9.figshare.27646707,B,"County-level injection capacity; pressure interference, plume geometry, and well count still need reservoir simulation."
county,Henan,Tangyin County,0.0,0.0,,,0.0,,,0.0,inf,https://www.nature.com/articles/s41597-025-04875-3; https://doi.org/10.6084/m9.figshare.27646707,B,"County-level injection capacity; pressure interference, plume geometry, and well count still need reservoir simulation."
county,Henan,Wenfeng District,0.0,0.0,,,0.0,,,0.0,inf,https://www.nature.com/articles/s41597-025-04875-3; https://doi.org/10.6084/m9.figshare.27646707,B,"County-level injection capacity; pressure interference, plume geometry, and well count still need reservoir simulation."
county,Henan,Yindu District,0.0,0.0,,,0.0,,,0.0,inf,https://www.nature.com/articles/s41597-025-04875-3; https://doi.org/10.6084/m9.figshare.27646707,B,"County-level injection capacity; pressure interference, plume geometry, and well count still need reservoir simulation."
county,Henan,Heshan District,0.0,0.0,,,0.0,,,0.0,inf,https://www.nature.com/articles/s41597-025-04875-3; https://doi.org/10.6084/m9.figshare.27646707,B,"County-level injection capacity; pressure interference, plume geometry, and well count still need reservoir simulation."
county,Henan,Joon County,0.0,0.0,,,0.0,,,0.0,inf,https://www.nature.com/articles/s41597-025-04875-3; https://doi.org/10.6084/m9.figshare.27646707,B,"County-level injection capacity; pressure interference, plume geometry, and well count still need reservoir simulation."
county,Henan,Qibin District,0.0,0.0,,,0.0,,,0.0,inf,https://www.nature.com/articles/s41597-025-04875-3; https://doi.org/10.6084/m9.figshare.27646707,B,"County-level injection capacity; pressure interference, plume geometry, and well count still need reservoir simulation."
county,Henan,Qi County,0.0,0.0,,,0.0,,,0.0,inf,https://www.nature.com/articles/s41597-025-04875-3; https://doi.org/10.6084/m9.figshare.27646707,B,"County-level injection capacity; pressure interference, plume geometry, and well count still need reservoir simulation."
county,Henan,Shancheng District,0.0,0.0,,,0.0,,,0.0,inf,https://www.nature.com/articles/s41597-025-04875-3; https://doi.org/10.6084/m9.figshare.27646707,B,"County-level injection capacity; pressure interference, plume geometry, and well count still need reservoir simulation."
county,Henan,Jiyuan City,0.0,0.0,,,0.0,,,0.0,inf,https://www.nature.com/articles/s41597-025-04875-3; https://doi.org/10.6084/m9.figshare.27646707,B,"County-level injection capacity; pressure interference, plume geometry, and well count still need reservoir simulation."
county,Henan,Boai County,0.0,0.0,,,0.0,,,0.0,inf,https://www.nature.com/articles/s41597-025-04875-3; https://doi.org/10.6084/m9.figshare.27646707,B,"County-level injection capacity; pressure interference, plume geometry, and well count still need reservoir simulation."
county,Henan,Jiefang District,0.0,0.0,,,0.0,,,0.0,inf,https://www.nature.com/articles/s41597-025-04875-3; https://doi.org/10.6084/m9.figshare.27646707,B,"County-level injection capacity; pressure interference, plume geometry, and well count still need reservoir simulation."
county,Henan,Macun District,0.0,0.0,,,0.0,,,0.0,inf,https://www.nature.com/articles/s41597-025-04875-3; https://doi.org/10.6084/m9.figshare.27646707,B,"County-level injection capacity; pressure interference, plume geometry, and well count still need reservoir simulation."
county,Henan,Mengzhou,0.0,0.0,,,0.0,,,0.0,inf,https://www.nature.com/articles/s41597-025-04875-3; https://doi.org/10.6084/m9.figshare.27646707,B,"County-level injection capacity; pressure interference, plume geometry, and well count still need reservoir simulation."
county,Henan,Qinyang,0.0,0.0,,,0.0,,,0.0,inf,https://www.nature.com/articles/s41597-025-04875-3; https://doi.org/10.6084/m9.figshare.27646707,B,"County-level injection capacity; pressure interference, plume geometry, and well count still need reservoir simulation."
county,Henan,Shanyang District,0.0,0.0,,,0.0,,,0.0,inf,https://www.nature.com/articles/s41597-025-04875-3; https://doi.org/10.6084/m9.figshare.27646707,B,"County-level injection capacity; pressure interference, plume geometry, and well count still need reservoir simulation."
county,Henan,Wenxian,0.0,0.0,,,0.0,,,0.0,inf,https://www.nature.com/articles/s41597-025-04875-3; https://doi.org/10.6084/m9.figshare.27646707,B,"County-level injection capacity; pressure interference, plume geometry, and well count still need reservoir simulation."
county,Henan,Wuzhi County,0.0,0.0,,,0.0,,,0.0,inf,https://www.nature.com/articles/s41597-025-04875-3; https://doi.org/10.6084/m9.figshare.27646707,B,"County-level injection capacity; pressure interference, plume geometry, and well count still need reservoir simulation."
county,Henan,Xiwu County,0.0,0.0,,,0.0,,,0.0,inf,https://www.nature.com/articles/s41597-025-04875-3; https://doi.org/10.6084/m9.figshare.27646707,B,"County-level injection capacity; pressure interference, plume geometry, and well count still need reservoir simulation."
county,Henan,Zhongzhan District,0.0,0.0,,,0.0,,,0.0,inf,https://www.nature.com/articles/s41597-025-04875-3; https://doi.org/10.6084/m9.figshare.27646707,B,"County-level injection capacity; pressure interference, plume geometry, and well count still need reservoir simulation."
county,Henan,Gulou District,0.0,0.0,,,0.0,,,0.0,inf,https://www.nature.com/articles/s41597-025-04875-3; https://doi.org/10.6084/m9.figshare.27646707,B,"County-level injection capacity; pressure interference, plume geometry, and well count still need reservoir simulation."
county,Henan,Lankao County,3.42,0.0,,,0.0,,,0.0,inf,https://www.nature.com/articles/s41597-025-04875-3; https://doi.org/10.6084/m9.figshare.27646707,B,"County-level injection capacity; pressure interference, plume geometry, and well count still need reservoir simulation."
county,Henan,Longting District,0.0,0.0,,,0.0,,,0.0,inf,https://www.nature.com/articles/s41597-025-04875-3; https://doi.org/10.6084/m9.figshare.27646707,B,"County-level injection capacity; pressure interference, plume geometry, and well count still need reservoir simulation."
county,Henan,Qi County,0.0,0.0,,,0.0,,,0.0,inf,https://www.nature.com/articles/s41597-025-04875-3; https://doi.org/10.6084/m9.figshare.27646707,B,"County-level injection capacity; pressure interference, plume geometry, and well count still need reservoir simulation."
county,Henan,Shunhehuizuzu District,0.0,0.0,,,0.0,,,0.0,inf,https://www.nature.com/articles/s41597-025-04875-3; https://doi.org/10.6084/m9.figshare.27646707,B,"County-level injection capacity; pressure interference, plume geometry, and well count still need reservoir simulation."
county,Henan,Tongxu County,0.0,0.0,,,0.0,,,0.0,inf,https://www.nature.com/articles/s41597-025-04875-3; https://doi.org/10.6084/m9.figshare.27646707,B,"County-level injection capacity; pressure interference, plume geometry, and well count still need reservoir simulation."
county,Henan,Yushi County,0.0,0.0,,,0.0,,,0.0,inf,https://www.nature.com/articles/s41597-025-04875-3; https://doi.org/10.6084/m9.figshare.27646707,B,"County-level injection capacity; pressure interference, plume geometry, and well count still need reservoir simulation."
county,Henan,Xiangfu District,0.0,0.0,,,0.0,,,0.0,inf,https://www.nature.com/articles/s41597-025-04875-3; https://doi.org/10.6084/m9.figshare.27646707,B,"County-level injection capacity; pressure interference, plume geometry, and well count still need reservoir simulation."
county,Henan,Yuwantai District,0.0,0.0,,,0.0,,,0.0,inf,https://www.nature.com/articles/s41597-025-04875-3; https://doi.org/10.6084/m9.figshare.27646707,B,"County-level injection capacity; pressure interference, plume geometry, and well count still need reservoir simulation."
county,Henan,Chanshuihehuizuzizhiqu,0.0,0.0,,,0.0,,,0.0,inf,https://www.nature.com/articles/s41597-025-04875-3; https://doi.org/10.6084/m9.figshare.27646707,B,"County-level injection capacity; pressure interference, plume geometry, and well count still need reservoir simulation."
county,Henan,Mengjin District,0.0,0.0,,,0.0,,,0.0,inf,https://www.nature.com/articles/s41597-025-04875-3; https://doi.org/10.6084/m9.figshare.27646707,B,"County-level injection capacity; pressure interference, plume geometry, and well count still need reservoir simulation."
county,Henan,Jianxi District,0.0,0.0,,,0.0,,,0.0,inf,https://www.nature.com/articles/s41597-025-04875-3; https://doi.org/10.6084/m9.figshare.27646707,B,"County-level injection capacity; pressure interference, plume geometry, and well count still need reservoir simulation."
county,Henan,Laocheng District,0.0,0.0,,,0.0,,,0.0,inf,https://www.nature.com/articles/s41597-025-04875-3; https://doi.org/10.6084/m9.figshare.27646707,B,"County-level injection capacity; pressure interference, plume geometry, and well count still need reservoir simulation."
county,Henan,Luanchuan District,0.0,0.0,,,0.0,,,0.0,inf,https://www.nature.com/articles/s41597-025-04875-3; https://doi.org/10.6084/m9.figshare.27646707,B,"County-level injection capacity; pressure interference, plume geometry, and well count still need reservoir simulation."
county,Henan,Luolong District,0.0,0.0,,,0.0,,,0.0,inf,https://www.nature.com/articles/s41597-025-04875-3; https://doi.org/10.6084/m9.figshare.27646707,B,"County-level injection capacity; pressure interference, plume geometry, and well count still need reservoir simulation."
county,Henan,Luoning County,0.0,0.0,,,0.0,,,0.0,inf,https://www.nature.com/articles/s41597-025-04875-3; https://doi.org/10.6084/m9.figshare.27646707,B,"County-level injection capacity; pressure interference, plume geometry, and well count still need reservoir simulation."
county,Henan,Ruyang County,0.0,0.0,,,0.0,,,0.0,inf,https://www.nature.com/articles/s41597-025-04875-3; https://doi.org/10.6084/m9.figshare.27646707,B,"County-level injection capacity; pressure interference, plume geometry, and well count still need reservoir simulation."
county,Henan,Song County,0.0,0.0,,,0.0,,,0.0,inf,https://www.nature.com/articles/s41597-025-04875-3; https://doi.org/10.6084/m9.figshare.27646707,B,"County-level injection capacity; pressure interference, plume geometry, and well count still need reservoir simulation."
county,Henan,Xigong District,0.0,0.0,,,0.0,,,0.0,inf,https://www.nature.com/articles/s41597-025-04875-3; https://doi.org/10.6084/m9.figshare.27646707,B,"County-level injection capacity; pressure interference, plume geometry, and well count still need reservoir simulation."
county,Henan,Xin'an County,0.0,0.0,,,0.0,,,0.0,inf,https://www.nature.com/articles/s41597-025-04875-3; https://doi.org/10.6084/m9.figshare.27646707,B,"County-level injection capacity; pressure interference, plume geometry, and well count still need reservoir simulation."
county,Henan,Yanshi District,0.0,0.0,,,0.0,,,0.0,inf,https://www.nature.com/articles/s41597-025-04875-3; https://doi.org/10.6084/m9.figshare.27646707,B,"County-level injection capacity; pressure interference, plume geometry, and well count still need reservoir simulation."
county,Henan,Yichuan County,0.0,0.0,,,0.0,,,0.0,inf,https://www.nature.com/articles/s41597-025-04875-3; https://doi.org/10.6084/m9.figshare.27646707,B,"County-level injection capacity; pressure interference, plume geometry, and well count still need reservoir simulation."
county,Henan,Yiyang County,0.0,0.0,,,0.0,,,0.0,inf,https://www.nature.com/articles/s41597-025-04875-3; https://doi.org/10.6084/m9.figshare.27646707,B,"County-level injection capacity; pressure interference, plume geometry, and well count still need reservoir simulation."
county,Henan,Linying County,829.82,12.91,,,0.0,,,12.91,64.27730441518203,https://www.nature.com/articles/s41597-025-04875-3; https://doi.org/10.6084/m9.figshare.27646707,B,"County-level injection capacity; pressure interference, plume geometry, and well count still need reservoir simulation."
county,Henan,Wanyang County,1096.54,12.91,,,0.0,,,12.91,84.93725793958171,https://www.nature.com/articles/s41597-025-04875-3; https://doi.org/10.6084/m9.figshare.27646707,B,"County-level injection capacity; pressure interference, plume geometry, and well count still need reservoir simulation."
county,Henan,Yancheng District,399.76,23.25,,,0.0,,,23.25,17.193978494623657,https://www.nature.com/articles/s41597-025-04875-3; https://doi.org/10.6084/m9.figshare.27646707,B,"County-level injection capacity; pressure interference, plume geometry, and well count still need reservoir simulation."
county,Henan,Yuanhui District,472.87,12.91,,,0.0,,,12.91,36.6281951975213,https://www.nature.com/articles/s41597-025-04875-3; https://doi.org/10.6084/m9.figshare.27646707,B,"County-level injection capacity; pressure interference, plume geometry, and well count still need reservoir simulation."
county,Henan,Zhaoling District,690.15,11.0,,,0.0,,,11.0,62.74090909090909,https://www.nature.com/articles/s41597-025-04875-3; https://doi.org/10.6084/m9.figshare.27646707,B,"County-level injection capacity; pressure interference, plume geometry, and well count still need reservoir simulation."
county,Henan,Dengzhou City,1868.78,17.57,,,0.0,,,17.57,106.36198064883324,https://www.nature.com/articles/s41597-025-04875-3; https://doi.org/10.6084/m9.figshare.27646707,B,"County-level injection capacity; pressure interference, plume geometry, and well count still need reservoir simulation."
county,Henan,Fangcheng County,0.0,0.0,,,0.0,,,0.0,inf,https://www.nature.com/articles/s41597-025-04875-3; https://doi.org/10.6084/m9.figshare.27646707,B,"County-level injection capacity; pressure interference, plume geometry, and well count still need reservoir simulation."
county,Henan,Nanzhao County,0.0,0.0,,,0.0,,,0.0,inf,https://www.nature.com/articles/s41597-025-04875-3; https://doi.org/10.6084/m9.figshare.27646707,B,"County-level injection capacity; pressure interference, plume geometry, and well count still need reservoir simulation."
county,Henan,Neixiang County,0.0,0.0,,,0.0,,,0.0,inf,https://www.nature.com/articles/s41597-025-04875-3; https://doi.org/10.6084/m9.figshare.27646707,B,"County-level injection capacity; pressure interference, plume geometry, and well count still need reservoir simulation."
county,Henan,Sheqi County,246.23,14.28,,,0.0,,,14.28,17.242997198879554,https://www.nature.com/articles/s41597-025-04875-3; https://doi.org/10.6084/m9.figshare.27646707,B,"County-level injection capacity; pressure interference, plume geometry, and well count still need reservoir simulation."
county,Henan,Tanghe County,5380.33,110.82,,,52.4,,,163.22,32.963668668055384,https://www.nature.com/articles/s41597-025-04875-3; https://doi.org/10.6084/m9.figshare.27646707,B,"County-level injection capacity; pressure interference, plume geometry, and well count still need reservoir simulation."
county,Henan,Tongbai County,1192.35,124.67,,,48.13,,,172.8,6.90017361111111,https://www.nature.com/articles/s41597-025-04875-3; https://doi.org/10.6084/m9.figshare.27646707,B,"County-level injection capacity; pressure interference, plume geometry, and well count still need reservoir simulation."
county,Henan,Wancheng District,2245.51,19.39,,,0.0,,,19.39,115.80763280041259,https://www.nature.com/articles/s41597-025-04875-3; https://doi.org/10.6084/m9.figshare.27646707,B,"County-level injection capacity; pressure interference, plume geometry, and well count still need reservoir simulation."
county,Henan,Wolong District,563.51,16.77,,,0.0,,,16.77,33.60226595110316,https://www.nature.com/articles/s41597-025-04875-3; https://doi.org/10.6084/m9.figshare.27646707,B,"County-level injection capacity; pressure interference, plume geometry, and well count still need reservoir simulation."
county,Henan,Xixia County,0.0,0.0,,,0.0,,,0.0,inf,https://www.nature.com/articles/s41597-025-04875-3; https://doi.org/10.6084/m9.figshare.27646707,B,"County-level injection capacity; pressure interference, plume geometry, and well count still need reservoir simulation."
county,Henan,Xichuan County,0.0,0.0,,,0.0,,,0.0,inf,https://www.nature.com/articles/s41597-025-04875-3; https://doi.org/10.6084/m9.figshare.27646707,B,"County-level injection capacity; pressure interference, plume geometry, and well count still need reservoir simulation."
county,Henan,Xinye County,3671.68,32.68,,,52.4,,,85.08,43.15561824165491,https://www.nature.com/articles/s41597-025-04875-3; https://doi.org/10.6084/m9.figshare.27646707,B,"County-level injection capacity; pressure interference, plume geometry, and well count still need reservoir simulation."
county,Henan,Zhenping County,37.73,9.41,,,0.0,,,9.41,4.009564293304995,https://www.nature.com/articles/s41597-025-04875-3; https://doi.org/10.6084/m9.figshare.27646707,B,"County-level injection capacity; pressure interference, plume geometry, and well count still need reservoir simulation."
county,Henan,Baofeng County,0.0,0.0,,,0.0,,,0.0,inf,https://www.nature.com/articles/s41597-025-04875-3; https://doi.org/10.6084/m9.figshare.27646707,B,"County-level injection capacity; pressure interference, plume geometry, and well count still need reservoir simulation."
county,Henan,Jia County,69.82,10.63,,,0.0,,,10.63,6.568203198494825,https://www.nature.com/articles/s41597-025-04875-3; https://doi.org/10.6084/m9.figshare.27646707,B,"County-level injection capacity; pressure interference, plume geometry, and well count still need reservoir simulation."
county,Henan,Lushan County,0.0,0.0,,,0.0,,,0.0,inf,https://www.nature.com/articles/s41597-025-04875-3; https://doi.org/10.6084/m9.figshare.27646707,B,"County-level injection capacity; pressure interference, plume geometry, and well count still need reservoir simulation."
county,Henan,Ruzhou,0.0,0.0,,,0.0,,,0.0,inf,https://www.nature.com/articles/s41597-025-04875-3; https://doi.org/10.6084/m9.figshare.27646707,B,"County-level injection capacity; pressure interference, plume geometry, and well count still need reservoir simulation."
county,Henan,Shilong District,0.0,0.0,,,0.0,,,0.0,inf,https://www.nature.com/articles/s41597-025-04875-3; https://doi.org/10.6084/m9.figshare.27646707,B,"County-level injection capacity; pressure interference, plume geometry, and well count still need reservoir simulation."
county,Henan,Weidong District,0.0,0.0,,,0.0,,,0.0,inf,https://www.nature.com/articles/s41597-025-04875-3; https://doi.org/10.6084/m9.figshare.27646707,B,"County-level injection capacity; pressure interference, plume geometry, and well count still need reservoir simulation."
county,Henan,Wugang,0.0,0.0,,,0.0,,,0.0,inf,https://www.nature.com/articles/s41597-025-04875-3; https://doi.org/10.6084/m9.figshare.27646707,B,"County-level injection capacity; pressure interference, plume geometry, and well count still need reservoir simulation."
county,Henan,Xinhua District,0.0,0.0,,,0.0,,,0.0,inf,https://www.nature.com/articles/s41597-025-04875-3; https://doi.org/10.6084/m9.figshare.27646707,B,"County-level injection capacity; pressure interference, plume geometry, and well count still need reservoir simulation."
county,Henan,Ye County,1434.32,23.0,,,0.0,,,23.0,62.36173913043478,https://www.nature.com/articles/s41597-025-04875-3; https://doi.org/10.6084/m9.figshare.27646707,B,"County-level injection capacity; pressure interference, plume geometry, and well count still need reservoir simulation."
county,Henan,Zhanhe District,18.02,3.57,,,0.0,,,3.57,5.0476190476190474,https://www.nature.com/articles/s41597-025-04875-3; https://doi.org/10.6084/m9.figshare.27646707,B,"County-level injection capacity; pressure interference, plume geometry, and well count still need reservoir simulation."
county,Henan,Fanxian,37.02,0.0,,,7.51,,,7.51,4.9294274300932095,https://www.nature.com/articles/s41597-025-04875-3; https://doi.org/10.6084/m9.figshare.27646707,B,"County-level injection capacity; pressure interference, plume geometry, and well count still need reservoir simulation."
county,Henan,Hualong District,0.0,0.0,,,0.0,,,0.0,inf,https://www.nature.com/articles/s41597-025-04875-3; https://doi.org/10.6084/m9.figshare.27646707,B,"County-level injection capacity; pressure interference, plume geometry, and well count still need reservoir simulation."
county,Henan,Nanle County,0.0,0.0,,,0.0,,,0.0,inf,https://www.nature.com/articles/s41597-025-04875-3; https://doi.org/10.6084/m9.figshare.27646707,B,"County-level injection capacity; pressure interference, plume geometry, and well count still need reservoir simulation."
county,Henan,Puyang County,99.41,0.0,,,7.51,,,7.51,13.237017310252996,https://www.nature.com/articles/s41597-025-04875-3; https://doi.org/10.6084/m9.figshare.27646707,B,"County-level injection capacity; pressure interference, plume geometry, and well count still need reservoir simulation."
county,Henan,Qingfeng County,0.0,0.0,,,0.0,,,0.0,inf,https://www.nature.com/articles/s41597-025-04875-3; https://doi.org/10.6084/m9.figshare.27646707,B,"County-level injection capacity; pressure interference, plume geometry, and well count still need reservoir simulation."
county,Henan,Taizian County,0.0,0.0,,,0.0,,,0.0,inf,https://www.nature.com/articles/s41597-025-04875-3; https://doi.org/10.6084/m9.figshare.27646707,B,"County-level injection capacity; pressure interference, plume geometry, and well count still need reservoir simulation."
county,Henan,Hubin District,0.0,0.0,,,0.0,,,0.0,inf,https://www.nature.com/articles/s41597-025-04875-3; https://doi.org/10.6084/m9.figshare.27646707,B,"County-level injection capacity; pressure interference, plume geometry, and well count still need reservoir simulation."
county,Henan,Lingbao,0.0,0.0,,,0.0,,,0.0,inf,https://www.nature.com/articles/s41597-025-04875-3; https://doi.org/10.6084/m9.figshare.27646707,B,"County-level injection capacity; pressure interference, plume geometry, and well count still need reservoir simulation."
county,Henan,Lushi County,0.0,0.0,,,0.0,,,0.0,inf,https://www.nature.com/articles/s41597-025-04875-3; https://doi.org/10.6084/m9.figshare.27646707,B,"County-level injection capacity; pressure interference, plume geometry, and well count still need reservoir simulation."
county,Henan,Mianchi County,0.0,0.0,,,0.0,,,0.0,inf,https://www.nature.com/articles/s41597-025-04875-3; https://doi.org/10.6084/m9.figshare.27646707,B,"County-level injection capacity; pressure interference, plume geometry, and well count still need reservoir simulation."
county,Henan,Shanzhou District,0.0,0.0,,,0.0,,,0.0,inf,https://www.nature.com/articles/s41597-025-04875-3; https://doi.org/10.6084/m9.figshare.27646707,B,"County-level injection capacity; pressure interference, plume geometry, and well count still need reservoir simulation."
county,Henan,Yima City,0.0,0.0,,,0.0,,,0.0,inf,https://www.nature.com/articles/s41597-025-04875-3; https://doi.org/10.6084/m9.figshare.27646707,B,"County-level injection capacity; pressure interference, plume geometry, and well count still need reservoir simulation."
county,Henan,Liangyuan District,0.0,0.0,,,0.0,,,0.0,inf,https://www.nature.com/articles/s41597-025-04875-3; https://doi.org/10.6084/m9.figshare.27646707,B,"County-level injection capacity; pressure interference, plume geometry, and well count still need reservoir simulation."
county,Henan,Minquan County,0.0,0.0,,,0.0,,,0.0,inf,https://www.nature.com/articles/s41597-025-04875-3; https://doi.org/10.6084/m9.figshare.27646707,B,"County-level injection capacity; pressure interference, plume geometry, and well count still need reservoir simulation."
county,Henan,Ningling County,0.0,0.0,,,0.0,,,0.0,inf,https://www.nature.com/articles/s41597-025-04875-3; https://doi.org/10.6084/m9.figshare.27646707,B,"County-level injection capacity; pressure interference, plume geometry, and well count still need reservoir simulation."
county,Henan,Suining County,0.0,0.0,,,0.0,,,0.0,inf,https://www.nature.com/articles/s41597-025-04875-3; https://doi.org/10.6084/m9.figshare.27646707,B,"County-level injection capacity; pressure interference, plume geometry, and well count still need reservoir simulation."
county,Henan,Suiningyang District,0.0,0.0,,,0.0,,,0.0,inf,https://www.nature.com/articles/s41597-025-04875-3; https://doi.org/10.6084/m9.figshare.27646707,B,"County-level injection capacity; pressure interference, plume geometry, and well count still need reservoir simulation."
county,Henan,Xiayi County,0.0,0.0,,,0.0,,,0.0,inf,https://www.nature.com/articles/s41597-025-04875-3; https://doi.org/10.6084/m9.figshare.27646707,B,"County-level injection capacity; pressure interference, plume geometry, and well count still need reservoir simulation."
county,Henan,Yongcheng City,0.0,0.0,,,0.0,,,0.0,inf,https://www.nature.com/articles/s41597-025-04875-3; https://doi.org/10.6084/m9.figshare.27646707,B,"County-level injection capacity; pressure interference, plume geometry, and well count still need reservoir simulation."
county,Henan,Yucheng County,0.0,0.0,,,0.0,,,0.0,inf,https://www.nature.com/articles/s41597-025-04875-3; https://doi.org/10.6084/m9.figshare.27646707,B,"County-level injection capacity; pressure interference, plume geometry, and well count still need reservoir simulation."
county,Henan,Zhecheng County,67.54,8.6,,,0.0,,,8.6,7.853488372093024,https://www.nature.com/articles/s41597-025-04875-3; https://doi.org/10.6084/m9.figshare.27646707,B,"County-level injection capacity; pressure interference, plume geometry, and well count still need reservoir simulation."
county,Henan,Fengqiu County,0.0,0.0,,,0.0,,,0.0,inf,https://www.nature.com/articles/s41597-025-04875-3; https://doi.org/10.6084/m9.figshare.27646707,B,"County-level injection capacity; pressure interference, plume geometry, and well count still need reservoir simulation."
county,Henan,Fengquan District,0.0,0.0,,,0.0,,,0.0,inf,https://www.nature.com/articles/s41597-025-04875-3; https://doi.org/10.6084/m9.figshare.27646707,B,"County-level injection capacity; pressure interference, plume geometry, and well count still need reservoir simulation."
county,Henan,Hongqi District,0.0,0.0,,,0.0,,,0.0,inf,https://www.nature.com/articles/s41597-025-04875-3; https://doi.org/10.6084/m9.figshare.27646707,B,"County-level injection capacity; pressure interference, plume geometry, and well count still need reservoir simulation."
county,Henan,Huixian,0.0,0.0,,,0.0,,,0.0,inf,https://www.nature.com/articles/s41597-025-04875-3; https://doi.org/10.6084/m9.figshare.27646707,B,"County-level injection capacity; pressure interference, plume geometry, and well count still need reservoir simulation."
county,Henan,yuejia County,0.0,0.0,,,0.0,,,0.0,inf,https://www.nature.com/articles/s41597-025-04875-3; https://doi.org/10.6084/m9.figshare.27646707,B,"County-level injection capacity; pressure interference, plume geometry, and well count still need reservoir simulation."
county,Henan,Muye District,0.0,0.0,,,0.0,,,0.0,inf,https://www.nature.com/articles/s41597-025-04875-3; https://doi.org/10.6084/m9.figshare.27646707,B,"County-level injection capacity; pressure interference, plume geometry, and well count still need reservoir simulation."
county,Henan,Weibin District,0.0,0.0,,,0.0,,,0.0,inf,https://www.nature.com/articles/s41597-025-04875-3; https://doi.org/10.6084/m9.figshare.27646707,B,"County-level injection capacity; pressure interference, plume geometry, and well count still need reservoir simulation."
county,Henan,Weihui,0.0,0.0,,,0.0,,,0.0,inf,https://www.nature.com/articles/s41597-025-04875-3; https://doi.org/10.6084/m9.figshare.27646707,B,"County-level injection capacity; pressure interference, plume geometry, and well count still need reservoir simulation."
county,Henan,Xinxiang County,0.0,0.0,,,0.0,,,0.0,inf,https://www.nature.com/articles/s41597-025-04875-3; https://doi.org/10.6084/m9.figshare.27646707,B,"County-level injection capacity; pressure interference, plume geometry, and well count still need reservoir simulation."
county,Henan,Yanjin County,0.0,0.0,,,0.0,,,0.0,inf,https://www.nature.com/articles/s41597-025-04875-3; https://doi.org/10.6084/m9.figshare.27646707,B,"County-level injection capacity; pressure interference, plume geometry, and well count still need reservoir simulation."
county,Henan,Yuanyang County,0.0,0.0,,,0.0,,,0.0,inf,https://www.nature.com/articles/s41597-025-04875-3; https://doi.org/10.6084/m9.figshare.27646707,B,"County-level injection capacity; pressure interference, plume geometry, and well count still need reservoir simulation."
county,Henan,Changyuan,0.04,0.0,,,7.51,,,7.51,0.005326231691078562,https://www.nature.com/articles/s41597-025-04875-3; https://doi.org/10.6084/m9.figshare.27646707,B,"County-level injection capacity; pressure interference, plume geometry, and well count still need reservoir simulation."
county,Henan,Gu Shi County,1597.94,0.25,,,0.0,,,0.25,6391.76,https://www.nature.com/articles/s41597-025-04875-3; https://doi.org/10.6084/m9.figshare.27646707,B,"County-level injection capacity; pressure interference, plume geometry, and well count still need reservoir simulation."
county,Henan,Guangshan County,180.36,0.01,,,0.0,,,0.01,18036.0,https://www.nature.com/articles/s41597-025-04875-3; https://doi.org/10.6084/m9.figshare.27646707,B,"County-level injection capacity; pressure interference, plume geometry, and well count still need reservoir simulation."
county,Henan,Huaibin County,78.91,0.01,,,0.0,,,0.01,7890.999999999999,https://www.nature.com/articles/s41597-025-04875-3; https://doi.org/10.6084/m9.figshare.27646707,B,"County-level injection capacity; pressure interference, plume geometry, and well count still need reservoir simulation."
county,Henan,Diaochuan County,343.81,0.01,,,0.0,,,0.01,34381.0,https://www.nature.com/articles/s41597-025-04875-3; https://doi.org/10.6084/m9.figshare.27646707,B,"County-level injection capacity; pressure interference, plume geometry, and well count still need reservoir simulation."
county,Henan,Luoshan County,225.45,0.01,,,0.0,,,0.01,22545.0,https://www.nature.com/articles/s41597-025-04875-3; https://doi.org/10.6084/m9.figshare.27646707,B,"County-level injection capacity; pressure interference, plume geometry, and well count still need reservoir simulation."
county,Henan,Pingqiao District,270.54,0.01,,,0.0,,,0.01,27054.0,https://www.nature.com/articles/s41597-025-04875-3; https://doi.org/10.6084/m9.figshare.27646707,B,"County-level injection capacity; pressure interference, plume geometry, and well count still need reservoir simulation."
county,Henan,Shangcheng County,84.54,0.01,,,0.0,,,0.01,8454.0,https://www.nature.com/articles/s41597-025-04875-3; https://doi.org/10.6084/m9.figshare.27646707,B,"County-level injection capacity; pressure interference, plume geometry, and well count still need reservoir simulation."
county,Henan,Shihe District,33.82,0.01,,,0.0,,,0.01,3382.0,https://www.nature.com/articles/s41597-025-04875-3; https://doi.org/10.6084/m9.figshare.27646707,B,"County-level injection capacity; pressure interference, plume geometry, and well count still need reservoir simulation."
county,Henan,Xi County,135.27,0.01,,,0.0,,,0.01,13527.0,https://www.nature.com/articles/s41597-025-04875-3; https://doi.org/10.6084/m9.figshare.27646707,B,"County-level injection capacity; pressure interference, plume geometry, and well count still need reservoir simulation."
county,Henan,Xin County,0.0,0.0,,,0.0,,,0.0,inf,https://www.nature.com/articles/s41597-025-04875-3; https://doi.org/10.6084/m9.figshare.27646707,B,"County-level injection capacity; pressure interference, plume geometry, and well count still need reservoir simulation."
county,Henan,Jian'an District,332.18,10.63,,,0.0,,,10.63,31.249294449670742,https://www.nature.com/articles/s41597-025-04875-3; https://doi.org/10.6084/m9.figshare.27646707,B,"County-level injection capacity; pressure interference, plume geometry, and well count still need reservoir simulation."
county,Henan,Weidu District,0.0,0.0,,,0.0,,,0.0,inf,https://www.nature.com/articles/s41597-025-04875-3; https://doi.org/10.6084/m9.figshare.27646707,B,"County-level injection capacity; pressure interference, plume geometry, and well count still need reservoir simulation."
county,Henan,Xiangcheng County,1131.63,16.48,,,0.0,,,16.48,68.66686893203884,https://www.nature.com/articles/s41597-025-04875-3; https://doi.org/10.6084/m9.figshare.27646707,B,"County-level injection capacity; pressure interference, plume geometry, and well count still need reservoir simulation."
county,Henan,Yanling County,270.19,5.19,,,0.0,,,5.19,52.05973025048169,https://www.nature.com/articles/s41597-025-04875-3; https://doi.org/10.6084/m9.figshare.27646707,B,"County-level injection capacity; pressure interference, plume geometry, and well count still need reservoir simulation."
county,Henan,Yuzhou City,0.0,0.0,,,0.0,,,0.0,inf,https://www.nature.com/articles/s41597-025-04875-3; https://doi.org/10.6084/m9.figshare.27646707,B,"County-level injection capacity; pressure interference, plume geometry, and well count still need reservoir simulation."
county,Henan,Changge City,0.0,0.0,,,0.0,,,0.0,inf,https://www.nature.com/articles/s41597-025-04875-3; https://doi.org/10.6084/m9.figshare.27646707,B,"County-level injection capacity; pressure interference, plume geometry, and well count still need reservoir simulation."
county,Henan,Dengfeng City,0.0,0.0,,,0.0,,,0.0,inf,https://www.nature.com/articles/s41597-025-04875-3; https://doi.org/10.6084/m9.figshare.27646707,B,"County-level injection capacity; pressure interference, plume geometry, and well count still need reservoir simulation."
county,Henan,Erqi District,0.0,0.0,,,0.0,,,0.0,inf,https://www.nature.com/articles/s41597-025-04875-3; https://doi.org/10.6084/m9.figshare.27646707,B,"County-level injection capacity; pressure interference, plume geometry, and well count still need reservoir simulation."
county,Henan,Gongyi City,0.0,0.0,,,0.0,,,0.0,inf,https://www.nature.com/articles/s41597-025-04875-3; https://doi.org/10.6084/m9.figshare.27646707,B,"County-level injection capacity; pressure interference, plume geometry, and well count still need reservoir simulation."
county,Henan,Guancheng District,0.0,0.0,,,0.0,,,0.0,inf,https://www.nature.com/articles/s41597-025-04875-3; https://doi.org/10.6084/m9.figshare.27646707,B,"County-level injection capacity; pressure interference, plume geometry, and well count still need reservoir simulation."
county,Henan,Huiji District,0.0,0.0,,,0.0,,,0.0,inf,https://www.nature.com/articles/s41597-025-04875-3; https://doi.org/10.6084/m9.figshare.27646707,B,"County-level injection capacity; pressure interference, plume geometry, and well count still need reservoir simulation."
county,Henan,Jinshui District,0.0,0.0,,,0.0,,,0.0,inf,https://www.nature.com/articles/s41597-025-04875-3; https://doi.org/10.6084/m9.figshare.27646707,B,"County-level injection capacity; pressure interference, plume geometry, and well count still need reservoir simulation."
county,Henan,upblock,0.0,0.0,,,0.0,,,0.0,inf,https://www.nature.com/articles/s41597-025-04875-3; https://doi.org/10.6084/m9.figshare.27646707,B,"County-level injection capacity; pressure interference, plume geometry, and well count still need reservoir simulation."
county,Henan,Xinmi City,0.0,0.0,,,0.0,,,0.0,inf,https://www.nature.com/articles/s41597-025-04875-3; https://doi.org/10.6084/m9.figshare.27646707,B,"County-level injection capacity; pressure interference, plume geometry, and well count still need reservoir simulation."
county,Henan,Xinzheng City,0.0,0.0,,,0.0,,,0.0,inf,https://www.nature.com/articles/s41597-025-04875-3; https://doi.org/10.6084/m9.figshare.27646707,B,"County-level injection capacity; pressure interference, plume geometry, and well count still need reservoir simulation."
county,Henan,Xingyang City,0.0,0.0,,,0.0,,,0.0,inf,https://www.nature.com/articles/s41597-025-04875-3; https://doi.org/10.6084/m9.figshare.27646707,B,"County-level injection capacity; pressure interference, plume geometry, and well count still need reservoir simulation."
county,Henan,Zhongmu County,0.0,0.0,,,0.0,,,0.0,inf,https://www.nature.com/articles/s41597-025-04875-3; https://doi.org/10.6084/m9.figshare.27646707,B,"County-level injection capacity; pressure interference, plume geometry, and well count still need reservoir simulation."
county,Henan,Zhongyuan District,0.0,0.0,,,0.0,,,0.0,inf,https://www.nature.com/articles/s41597-025-04875-3; https://doi.org/10.6084/m9.figshare.27646707,B,"County-level injection capacity; pressure interference, plume geometry, and well count still need reservoir simulation."
county,Henan,Chuanhui District,303.92,12.9,,,0.0,,,12.9,23.559689922480622,https://www.nature.com/articles/s41597-025-04875-3; https://doi.org/10.6084/m9.figshare.27646707,B,"County-level injection capacity; pressure interference, plume geometry, and well count still need reservoir simulation."
county,Henan,Dancheng County,1632.59,51.87,,,0.0,,,51.87,31.474648158858685,https://www.nature.com/articles/s41597-025-04875-3; https://doi.org/10.6084/m9.figshare.27646707,B,"County-level injection capacity; pressure interference, plume geometry, and well count still need reservoir simulation."
county,Henan,Fugou County,135.07,4.3,,,0.0,,,4.3,31.411627906976744,https://www.nature.com/articles/s41597-025-04875-3; https://doi.org/10.6084/m9.figshare.27646707,B,"County-level injection capacity; pressure interference, plume geometry, and well count still need reservoir simulation."
county,Henan,Huaiyang District,2335.89,27.3,,,0.0,,,27.3,85.56373626373626,https://www.nature.com/articles/s41597-025-04875-3; https://doi.org/10.6084/m9.figshare.27646707,B,"County-level injection capacity; pressure interference, plume geometry, and well count still need reservoir simulation."
county,Henan,Luyi County,3895.65,37.98,,,0.0,,,37.98,102.57109004739337,https://www.nature.com/articles/s41597-025-04875-3; https://doi.org/10.6084/m9.figshare.27646707,B,"County-level injection capacity; pressure interference, plume geometry, and well count still need reservoir simulation."
county,Henan,Shangshui County,3438.3,21.5,,,0.0,,,21.5,159.92093023255813,https://www.nature.com/articles/s41597-025-04875-3; https://doi.org/10.6084/m9.figshare.27646707,B,"County-level injection capacity; pressure interference, plume geometry, and well count still need reservoir simulation."
county,Henan,Shenqiu County,3812.97,23.86,,,0.0,,,23.86,159.80595138306788,https://www.nature.com/articles/s41597-025-04875-3; https://doi.org/10.6084/m9.figshare.27646707,B,"County-level injection capacity; pressure interference, plume geometry, and well count still need reservoir simulation."
county,Henan,Taikang County,303.92,8.6,,,0.0,,,8.6,35.33953488372094,https://www.nature.com/articles/s41597-025-04875-3; https://doi.org/10.6084/m9.figshare.27646707,B,"County-level injection capacity; pressure interference, plume geometry, and well count still need reservoir simulation."
county,Henan,Xihua County,637.14,12.97,,,0.0,,,12.97,49.12413261372397,https://www.nature.com/articles/s41597-025-04875-3; https://doi.org/10.6084/m9.figshare.27646707,B,"County-level injection capacity; pressure interference, plume geometry, and well count still need reservoir simulation."
county,Henan,Xiangcheng,3539.98,21.84,,,5.63,,,27.47,128.86712777575536,https://www.nature.com/articles/s41597-025-04875-3; https://doi.org/10.6084/m9.figshare.27646707,B,"County-level injection capacity; pressure interference, plume geometry, and well count still need reservoir simulation."
county,Henan,Uyang County,745.27,110.82,,,0.0,,,110.82,6.72504963003068,https://www.nature.com/articles/s41597-025-04875-3; https://doi.org/10.6084/m9.figshare.27646707,B,"County-level injection capacity; pressure interference, plume geometry, and well count still need reservoir simulation."
county,Henan,Pingyi County,1084.11,18.87,,,0.0,,,18.87,57.45151033386327,https://www.nature.com/articles/s41597-025-04875-3; https://doi.org/10.6084/m9.figshare.27646707,B,"County-level injection capacity; pressure interference, plume geometry, and well count still need reservoir simulation."
county,Henan,Chushan County,22.55,0.01,,,0.0,,,0.01,2255.0,https://www.nature.com/articles/s41597-025-04875-3; https://doi.org/10.6084/m9.figshare.27646707,B,"County-level injection capacity; pressure interference, plume geometry, and well count still need reservoir simulation."
county,Henan,Runan County,308.43,16.61,,,0.0,,,16.61,18.568934376881398,https://www.nature.com/articles/s41597-025-04875-3; https://doi.org/10.6084/m9.figshare.27646707,B,"County-level injection capacity; pressure interference, plume geometry, and well count still need reservoir simulation."
county,Henan,Shangcai County,749.81,11.18,,,0.0,,,11.18,67.06708407871199,https://www.nature.com/articles/s41597-025-04875-3; https://doi.org/10.6084/m9.figshare.27646707,B,"County-level injection capacity; pressure interference, plume geometry, and well count still need reservoir simulation."
county,Henan,Suiping County,0.0,0.0,,,0.0,,,0.0,inf,https://www.nature.com/articles/s41597-025-04875-3; https://doi.org/10.6084/m9.figshare.27646707,B,"County-level injection capacity; pressure interference, plume geometry, and well count still need reservoir simulation."
county,Henan,Xiping County,335.53,10.63,,,0.0,,,10.63,31.56444026340545,https://www.nature.com/articles/s41597-025-04875-3; https://doi.org/10.6084/m9.figshare.27646707,B,"County-level injection capacity; pressure interference, plume geometry, and well count still need reservoir simulation."
county,Henan,Xincai County,898.25,11.18,,,0.0,,,11.18,80.34436493738819,https://www.nature.com/articles/s41597-025-04875-3; https://doi.org/10.6084/m9.figshare.27646707,B,"County-level injection capacity; pressure interference, plume geometry, and well count still need reservoir simulation."
county,Henan,Yicheng District,0.0,0.0,,,0.0,,,0.0,inf,https://www.nature.com/articles/s41597-025-04875-3; https://doi.org/10.6084/m9.figshare.27646707,B,"County-level injection capacity; pressure interference, plume geometry, and well count still need reservoir simulation."
county,Henan,Zhengyang County,130.7,4.3,,,0.0,,,4.3,30.3953488372093,https://www.nature.com/articles/s41597-025-04875-3; https://doi.org/10.6084/m9.figshare.27646707,B,"County-level injection capacity; pressure interference, plume geometry, and well count still need reservoir simulation."
county,Heilongjiang,Datong District,2948.48,0.6,,,4.55,,,5.1499999999999995,572.5203883495146,https://www.nature.com/articles/s41597-025-04875-3; https://doi.org/10.6084/m9.figshare.27646707,B,"County-level injection capacity; pressure interference, plume geometry, and well count still need reservoir simulation."
county,Heilongjiang,Dulbert Mongolian Autonomous County,7378.04,0.77,,,55.77,,,56.540000000000006,130.49239476476828,https://www.nature.com/articles/s41597-025-04875-3; https://doi.org/10.6084/m9.figshare.27646707,B,"County-level injection capacity; pressure interference, plume geometry, and well count still need reservoir simulation."
county,Heilongjiang,Honggang District,1746.62,0.63,,,5.33,,,5.96,293.05704697986573,https://www.nature.com/articles/s41597-025-04875-3; https://doi.org/10.6084/m9.figshare.27646707,B,"County-level injection capacity; pressure interference, plume geometry, and well count still need reservoir simulation."
county,Heilongjiang,Lindian County,5767.4,0.76,,,0.0,,,0.76,7588.684210526315,https://www.nature.com/articles/s41597-025-04875-3; https://doi.org/10.6084/m9.figshare.27646707,B,"County-level injection capacity; pressure interference, plume geometry, and well count still need reservoir simulation."
county,Heilongjiang,Longfeng District,632.22,0.74,,,0.0,,,0.74,854.3513513513514,https://www.nature.com/articles/s41597-025-04875-3; https://doi.org/10.6084/m9.figshare.27646707,B,"County-level injection capacity; pressure interference, plume geometry, and well count still need reservoir simulation."
county,Heilongjiang,Jeanhulu District,1889.63,0.67,,,3.67,,,4.34,435.3986175115208,https://www.nature.com/articles/s41597-025-04875-3; https://doi.org/10.6084/m9.figshare.27646707,B,"County-level injection capacity; pressure interference, plume geometry, and well count still need reservoir simulation."
county,Heilongjiang,Saltu District,952.95,0.75,,,0.0,,,0.75,1270.6000000000001,https://www.nature.com/articles/s41597-025-04875-3; https://doi.org/10.6084/m9.figshare.27646707,B,"County-level injection capacity; pressure interference, plume geometry, and well count still need reservoir simulation."
county,Heilongjiang,Zhaoyuan County,5838.15,0.77,,,5.5,,,6.27,931.1244019138757,https://www.nature.com/articles/s41597-025-04875-3; https://doi.org/10.6084/m9.figshare.27646707,B,"County-level injection capacity; pressure interference, plume geometry, and well count still need reservoir simulation."
county,Heilongjiang,Zhaozhou County,2992.52,0.64,,,5.5,,,6.14,487.3811074918567,https://www.nature.com/articles/s41597-025-04875-3; https://doi.org/10.6084/m9.figshare.27646707,B,"County-level injection capacity; pressure interference, plume geometry, and well count still need reservoir simulation."
county,Heilongjiang,Huma County,0.0,0.0,,,0.0,,,0.0,inf,https://www.nature.com/articles/s41597-025-04875-3; https://doi.org/10.6084/m9.figshare.27646707,B,"County-level injection capacity; pressure interference, plume geometry, and well count still need reservoir simulation."
county,Heilongjiang,Gagdachi District,0.0,0.0,,,0.0,,,0.0,inf,https://www.nature.com/articles/s41597-025-04875-3; https://doi.org/10.6084/m9.figshare.27646707,B,"County-level injection capacity; pressure interference, plume geometry, and well count still need reservoir simulation."
county,Heilongjiang,Mohe City,0.0,0.0,,,0.0,,,0.0,inf,https://www.nature.com/articles/s41597-025-04875-3; https://doi.org/10.6084/m9.figshare.27646707,B,"County-level injection capacity; pressure interference, plume geometry, and well count still need reservoir simulation."
county,Heilongjiang,Tahe County,0.0,0.0,,,0.0,,,0.0,inf,https://www.nature.com/articles/s41597-025-04875-3; https://doi.org/10.6084/m9.figshare.27646707,B,"County-level injection capacity; pressure interference, plume geometry, and well count still need reservoir simulation."
county,Heilongjiang,Acheng District,1375.63,1.64,,,0.0,,,1.64,838.798780487805,https://www.nature.com/articles/s41597-025-04875-3; https://doi.org/10.6084/m9.figshare.27646707,B,"County-level injection capacity; pressure interference, plume geometry, and well count still need reservoir simulation."
county,Heilongjiang,Bayan County,1777.66,1.3,,,0.0,,,1.3,1367.4307692307693,https://www.nature.com/articles/s41597-025-04875-3; https://doi.org/10.6084/m9.figshare.27646707,B,"County-level injection capacity; pressure interference, plume geometry, and well count still need reservoir simulation."
county,Heilongjiang,Bin County,2037.39,1.51,,,0.0,,,1.51,1349.2649006622516,https://www.nature.com/articles/s41597-025-04875-3; https://doi.org/10.6084/m9.figshare.27646707,B,"County-level injection capacity; pressure interference, plume geometry, and well count still need reservoir simulation."
county,Heilongjiang,Daoli District,595.73,1.64,,,0.83,,,2.4699999999999998,241.18623481781378,https://www.nature.com/articles/s41597-025-04875-3; https://doi.org/10.6084/m9.figshare.27646707,B,"County-level injection capacity; pressure interference, plume geometry, and well count still need reservoir simulation."
county,Heilongjiang,Daowai District,900.32,1.54,,,0.0,,,1.54,584.6233766233767,https://www.nature.com/articles/s41597-025-04875-3; https://doi.org/10.6084/m9.figshare.27646707,B,"County-level injection capacity; pressure interference, plume geometry, and well count still need reservoir simulation."
county,Heilongjiang,Fangzheng County,0.0,0.0,,,0.0,,,0.0,inf,https://www.nature.com/articles/s41597-025-04875-3; https://doi.org/10.6084/m9.figshare.27646707,B,"County-level injection capacity; pressure interference, plume geometry, and well count still need reservoir simulation."
county,Heilongjiang,Hulan District,2667.01,1.54,,,0.0,,,1.54,1731.8246753246754,https://www.nature.com/articles/s41597-025-04875-3; https://doi.org/10.6084/m9.figshare.27646707,B,"County-level injection capacity; pressure interference, plume geometry, and well count still need reservoir simulation."
county,Heilongjiang,Mulan County,121.78,1.13,,,0.0,,,1.13,107.76991150442478,https://www.nature.com/articles/s41597-025-04875-3; https://doi.org/10.6084/m9.figshare.27646707,B,"County-level injection capacity; pressure interference, plume geometry, and well count still need reservoir simulation."
county,Heilongjiang,Nangang District,304.35,1.64,,,0.0,,,1.64,185.57926829268294,https://www.nature.com/articles/s41597-025-04875-3; https://doi.org/10.6084/m9.figshare.27646707,B,"County-level injection capacity; pressure interference, plume geometry, and well count still need reservoir simulation."
county,Heilongjiang,Pingfang District,181.3,1.64,,,0.0,,,1.64,110.54878048780489,https://www.nature.com/articles/s41597-025-04875-3; https://doi.org/10.6084/m9.figshare.27646707,B,"County-level injection capacity; pressure interference, plume geometry, and well count still need reservoir simulation."
county,Heilongjiang,Shangzhi,1.77,0.08,,,0.0,,,0.08,22.125,https://www.nature.com/articles/s41597-025-04875-3; https://doi.org/10.6084/m9.figshare.27646707,B,"County-level injection capacity; pressure interference, plume geometry, and well count still need reservoir simulation."
county,Heilongjiang,Shuangcheng District,2489.02,1.47,,,0.75,,,2.2199999999999998,1121.1801801801803,https://www.nature.com/articles/s41597-025-04875-3; https://doi.org/10.6084/m9.figshare.27646707,B,"County-level injection capacity; pressure interference, plume geometry, and well count still need reservoir simulation."
county,Heilongjiang,Songbei District,980.25,1.54,,,0.0,,,1.54,636.525974025974,https://www.nature.com/articles/s41597-025-04875-3; https://doi.org/10.6084/m9.figshare.27646707,B,"County-level injection capacity; pressure interference, plume geometry, and well count still need reservoir simulation."
county,Heilongjiang,Tonghe County,0.08,0.0,,,0.0,,,0.0,inf,https://www.nature.com/articles/s41597-025-04875-3; https://doi.org/10.6084/m9.figshare.27646707,B,"County-level injection capacity; pressure interference, plume geometry, and well count still need reservoir simulation."
county,Heilongjiang,Wuchang City,1613.47,1.47,,,0.0,,,1.47,1097.5986394557824,https://www.nature.com/articles/s41597-025-04875-3; https://doi.org/10.6084/m9.figshare.27646707,B,"County-level injection capacity; pressure interference, plume geometry, and well count still need reservoir simulation."
county,Heilongjiang,Xiangfang District,553.61,1.64,,,0.0,,,1.64,337.56707317073176,https://www.nature.com/articles/s41597-025-04875-3; https://doi.org/10.6084/m9.figshare.27646707,B,"County-level injection capacity; pressure interference, plume geometry, and well count still need reservoir simulation."
county,Heilongjiang,Yanshou County,0.0,0.0,,,0.0,,,0.0,inf,https://www.nature.com/articles/s41597-025-04875-3; https://doi.org/10.6084/m9.figshare.27646707,B,"County-level injection capacity; pressure interference, plume geometry, and well count still need reservoir simulation."
county,Heilongjiang,Yilan County,0.0,0.0,,,0.0,,,0.0,inf,https://www.nature.com/articles/s41597-025-04875-3; https://doi.org/10.6084/m9.figshare.27646707,B,"County-level injection capacity; pressure interference, plume geometry, and well count still need reservoir simulation."
county,Heilongjiang,Dongshan District,0.0,0.0,,,0.0,,,0.0,inf,https://www.nature.com/articles/s41597-025-04875-3; https://doi.org/10.6084/m9.figshare.27646707,B,"County-level injection capacity; pressure interference, plume geometry, and well count still need reservoir simulation."
county,Heilongjiang,Gongnong District,0.0,0.0,,,0.0,,,0.0,inf,https://www.nature.com/articles/s41597-025-04875-3; https://doi.org/10.6084/m9.figshare.27646707,B,"County-level injection capacity; pressure interference, plume geometry, and well count still need reservoir simulation."
county,Heilongjiang,Luobei County,4836.02,82.82,,,0.0,,,82.82,58.39193431538277,https://www.nature.com/articles/s41597-025-04875-3; https://doi.org/10.6084/m9.figshare.27646707,B,"County-level injection capacity; pressure interference, plume geometry, and well count still need reservoir simulation."
county,Heilongjiang,Nanshan District,0.0,0.0,,,0.0,,,0.0,inf,https://www.nature.com/articles/s41597-025-04875-3; https://doi.org/10.6084/m9.figshare.27646707,B,"County-level injection capacity; pressure interference, plume geometry, and well count still need reservoir simulation."
county,Heilongjiang,Suibin County,3865.52,70.99,,,0.0,,,70.99,54.45161290322581,https://www.nature.com/articles/s41597-025-04875-3; https://doi.org/10.6084/m9.figshare.27646707,B,"County-level injection capacity; pressure interference, plume geometry, and well count still need reservoir simulation."
county,Heilongjiang,Xiangyang District,0.0,0.0,,,0.0,,,0.0,inf,https://www.nature.com/articles/s41597-025-04875-3; https://doi.org/10.6084/m9.figshare.27646707,B,"County-level injection capacity; pressure interference, plume geometry, and well count still need reservoir simulation."
county,Heilongjiang,Xing'an District,0.0,0.0,,,0.0,,,0.0,inf,https://www.nature.com/articles/s41597-025-04875-3; https://doi.org/10.6084/m9.figshare.27646707,B,"County-level injection capacity; pressure interference, plume geometry, and well count still need reservoir simulation."
county,Heilongjiang,Xingshan District,0.0,0.0,,,0.0,,,0.0,inf,https://www.nature.com/articles/s41597-025-04875-3; https://doi.org/10.6084/m9.figshare.27646707,B,"County-level injection capacity; pressure interference, plume geometry, and well count still need reservoir simulation."
county,Heilongjiang,Aihui District,0.0,0.0,,,0.0,,,0.0,inf,https://www.nature.com/articles/s41597-025-04875-3; https://doi.org/10.6084/m9.figshare.27646707,B,"County-level injection capacity; pressure interference, plume geometry, and well count still need reservoir simulation."
county,Heilongjiang,Beian City,4547.44,0.69,,,0.0,,,0.69,6590.492753623188,https://www.nature.com/articles/s41597-025-04875-3; https://doi.org/10.6084/m9.figshare.27646707,B,"County-level injection capacity; pressure interference, plume geometry, and well count still need reservoir simulation."
county,Heilongjiang,Nenjiang City,1365.56,0.62,,,0.0,,,0.62,2202.516129032258,https://www.nature.com/articles/s41597-025-04875-3; https://doi.org/10.6084/m9.figshare.27646707,B,"County-level injection capacity; pressure interference, plume geometry, and well count still need reservoir simulation."
county,Heilongjiang,Sunwu County,0.0,0.0,,,0.0,,,0.0,inf,https://www.nature.com/articles/s41597-025-04875-3; https://doi.org/10.6084/m9.figshare.27646707,B,"County-level injection capacity; pressure interference, plume geometry, and well count still need reservoir simulation."
county,Heilongjiang,Wudalianchi City,3793.48,0.71,,,0.0,,,0.71,5342.929577464789,https://www.nature.com/articles/s41597-025-04875-3; https://doi.org/10.6084/m9.figshare.27646707,B,"County-level injection capacity; pressure interference, plume geometry, and well count still need reservoir simulation."
county,Heilongjiang,Xunke County,0.0,0.0,,,0.0,,,0.0,inf,https://www.nature.com/articles/s41597-025-04875-3; https://doi.org/10.6084/m9.figshare.27646707,B,"County-level injection capacity; pressure interference, plume geometry, and well count still need reservoir simulation."
county,Heilongjiang,Chengzihe District,0.0,0.0,,,0.0,,,0.0,inf,https://www.nature.com/articles/s41597-025-04875-3; https://doi.org/10.6084/m9.figshare.27646707,B,"County-level injection capacity; pressure interference, plume geometry, and well count still need reservoir simulation."
county,Heilongjiang,Didao District,0.0,0.0,,,0.0,,,0.0,inf,https://www.nature.com/articles/s41597-025-04875-3; https://doi.org/10.6084/m9.figshare.27646707,B,"County-level injection capacity; pressure interference, plume geometry, and well count still need reservoir simulation."
county,Heilongjiang,Hengshan District,0.0,0.0,,,0.0,,,0.0,inf,https://www.nature.com/articles/s41597-025-04875-3; https://doi.org/10.6084/m9.figshare.27646707,B,"County-level injection capacity; pressure interference, plume geometry, and well count still need reservoir simulation."
county,Heilongjiang,Hulin City,0.0,0.0,,,0.0,,,0.0,inf,https://www.nature.com/articles/s41597-025-04875-3; https://doi.org/10.6084/m9.figshare.27646707,B,"County-level injection capacity; pressure interference, plume geometry, and well count still need reservoir simulation."
county,Heilongjiang,Jidong County,0.0,0.0,,,0.0,,,0.0,inf,https://www.nature.com/articles/s41597-025-04875-3; https://doi.org/10.6084/m9.figshare.27646707,B,"County-level injection capacity; pressure interference, plume geometry, and well count still need reservoir simulation."
county,Heilongjiang,Jiguan District,0.0,0.0,,,0.0,,,0.0,inf,https://www.nature.com/articles/s41597-025-04875-3; https://doi.org/10.6084/m9.figshare.27646707,B,"County-level injection capacity; pressure interference, plume geometry, and well count still need reservoir simulation."
county,Heilongjiang,Lishu District,0.0,0.0,,,0.0,,,0.0,inf,https://www.nature.com/articles/s41597-025-04875-3; https://doi.org/10.6084/m9.figshare.27646707,B,"County-level injection capacity; pressure interference, plume geometry, and well count still need reservoir simulation."
county,Heilongjiang,Mashan District,0.0,0.0,,,0.0,,,0.0,inf,https://www.nature.com/articles/s41597-025-04875-3; https://doi.org/10.6084/m9.figshare.27646707,B,"County-level injection capacity; pressure interference, plume geometry, and well count still need reservoir simulation."
county,Heilongjiang,Mishan City,0.0,0.0,,,0.0,,,0.0,inf,https://www.nature.com/articles/s41597-025-04875-3; https://doi.org/10.6084/m9.figshare.27646707,B,"County-level injection capacity; pressure interference, plume geometry, and well count still need reservoir simulation."
county,Heilongjiang,Dongfeng District,0.0,0.0,,,0.0,,,0.0,inf,https://www.nature.com/articles/s41597-025-04875-3; https://doi.org/10.6084/m9.figshare.27646707,B,"County-level injection capacity; pressure interference, plume geometry, and well count still need reservoir simulation."
county,Heilongjiang,Fuyuan City,0.0,0.0,,,0.0,,,0.0,inf,https://www.nature.com/articles/s41597-025-04875-3; https://doi.org/10.6084/m9.figshare.27646707,B,"County-level injection capacity; pressure interference, plume geometry, and well count still need reservoir simulation."
county,Heilongjiang,Fujin City,1295.36,59.16,,,0.0,,,59.16,21.895875591615955,https://www.nature.com/articles/s41597-025-04875-3; https://doi.org/10.6084/m9.figshare.27646707,B,"County-level injection capacity; pressure interference, plume geometry, and well count still need reservoir simulation."
county,Heilongjiang,Huachuan County,3186.99,94.65,,,0.0,,,94.65,33.671315372424715,https://www.nature.com/articles/s41597-025-04875-3; https://doi.org/10.6084/m9.figshare.27646707,B,"County-level injection capacity; pressure interference, plume geometry, and well count still need reservoir simulation."
county,Heilongjiang,Huainan County,0.0,0.0,,,0.0,,,0.0,inf,https://www.nature.com/articles/s41597-025-04875-3; https://doi.org/10.6084/m9.figshare.27646707,B,"County-level injection capacity; pressure interference, plume geometry, and well count still need reservoir simulation."
county,Heilongjiang,Jiao District,0.0,0.0,,,0.0,,,0.0,inf,https://www.nature.com/articles/s41597-025-04875-3; https://doi.org/10.6084/m9.figshare.27646707,B,"County-level injection capacity; pressure interference, plume geometry, and well count still need reservoir simulation."
county,Heilongjiang,Qianjin District,0.0,0.0,,,0.0,,,0.0,inf,https://www.nature.com/articles/s41597-025-04875-3; https://doi.org/10.6084/m9.figshare.27646707,B,"County-level injection capacity; pressure interference, plume geometry, and well count still need reservoir simulation."
county,Heilongjiang,Tangyuan County,123.37,35.49,,,0.0,,,35.49,3.4761904761904763,https://www.nature.com/articles/s41597-025-04875-3; https://doi.org/10.6084/m9.figshare.27646707,B,"County-level injection capacity; pressure interference, plume geometry, and well count still need reservoir simulation."
county,Heilongjiang,Tongjiang,0.0,0.0,,,0.0,,,0.0,inf,https://www.nature.com/articles/s41597-025-04875-3; https://doi.org/10.6084/m9.figshare.27646707,B,"County-level injection capacity; pressure interference, plume geometry, and well count still need reservoir simulation."
county,Heilongjiang,Xiangyang District,0.0,0.0,,,0.0,,,0.0,inf,https://www.nature.com/articles/s41597-025-04875-3; https://doi.org/10.6084/m9.figshare.27646707,B,"County-level injection capacity; pressure interference, plume geometry, and well count still need reservoir simulation."
county,Heilongjiang,Aimin District,0.0,0.0,,,0.0,,,0.0,inf,https://www.nature.com/articles/s41597-025-04875-3; https://doi.org/10.6084/m9.figshare.27646707,B,"County-level injection capacity; pressure interference, plume geometry, and well count still need reservoir simulation."
county,Heilongjiang,Dong'an District,0.0,0.0,,,0.0,,,0.0,inf,https://www.nature.com/articles/s41597-025-04875-3; https://doi.org/10.6084/m9.figshare.27646707,B,"County-level injection capacity; pressure interference, plume geometry, and well count still need reservoir simulation."
county,Heilongjiang,Dongning City,0.0,0.0,,,0.0,,,0.0,inf,https://www.nature.com/articles/s41597-025-04875-3; https://doi.org/10.6084/m9.figshare.27646707,B,"County-level injection capacity; pressure interference, plume geometry, and well count still need reservoir simulation."
county,Heilongjiang,Hailin City,0.0,0.0,,,0.0,,,0.0,inf,https://www.nature.com/articles/s41597-025-04875-3; https://doi.org/10.6084/m9.figshare.27646707,B,"County-level injection capacity; pressure interference, plume geometry, and well count still need reservoir simulation."
county,Heilongjiang,Linkou County,0.0,0.0,,,0.0,,,0.0,inf,https://www.nature.com/articles/s41597-025-04875-3; https://doi.org/10.6084/m9.figshare.27646707,B,"County-level injection capacity; pressure interference, plume geometry, and well count still need reservoir simulation."
county,Heilongjiang,Muling City,0.0,0.0,,,0.0,,,0.0,inf,https://www.nature.com/articles/s41597-025-04875-3; https://doi.org/10.6084/m9.figshare.27646707,B,"County-level injection capacity; pressure interference, plume geometry, and well count still need reservoir simulation."
county,Heilongjiang,Ning'an City,0.0,0.0,,,0.0,,,0.0,inf,https://www.nature.com/articles/s41597-025-04875-3; https://doi.org/10.6084/m9.figshare.27646707,B,"County-level injection capacity; pressure interference, plume geometry, and well count still need reservoir simulation."
county,Heilongjiang,Suifenhe City,0.0,0.0,,,0.0,,,0.0,inf,https://www.nature.com/articles/s41597-025-04875-3; https://doi.org/10.6084/m9.figshare.27646707,B,"County-level injection capacity; pressure interference, plume geometry, and well count still need reservoir simulation."
county,Heilongjiang,Xi'an District,0.0,0.0,,,0.0,,,0.0,inf,https://www.nature.com/articles/s41597-025-04875-3; https://doi.org/10.6084/m9.figshare.27646707,B,"County-level injection capacity; pressure interference, plume geometry, and well count still need reservoir simulation."
county,Heilongjiang,Yangming District,0.0,0.0,,,0.0,,,0.0,inf,https://www.nature.com/articles/s41597-025-04875-3; https://doi.org/10.6084/m9.figshare.27646707,B,"County-level injection capacity; pressure interference, plume geometry, and well count still need reservoir simulation."
county,Heilongjiang,Boli County,0.0,0.0,,,0.0,,,0.0,inf,https://www.nature.com/articles/s41597-025-04875-3; https://doi.org/10.6084/m9.figshare.27646707,B,"County-level injection capacity; pressure interference, plume geometry, and well count still need reservoir simulation."
county,Heilongjiang,Qiezihe District,0.0,0.0,,,0.0,,,0.0,inf,https://www.nature.com/articles/s41597-025-04875-3; https://doi.org/10.6084/m9.figshare.27646707,B,"County-level injection capacity; pressure interference, plume geometry, and well count still need reservoir simulation."
county,Heilongjiang,Taoshan District,0.0,0.0,,,0.0,,,0.0,inf,https://www.nature.com/articles/s41597-025-04875-3; https://doi.org/10.6084/m9.figshare.27646707,B,"County-level injection capacity; pressure interference, plume geometry, and well count still need reservoir simulation."
county,Heilongjiang,Xinxing District,0.0,0.0,,,0.0,,,0.0,inf,https://www.nature.com/articles/s41597-025-04875-3; https://doi.org/10.6084/m9.figshare.27646707,B,"County-level injection capacity; pressure interference, plume geometry, and well count still need reservoir simulation."
county,Heilongjiang,Angangxi District,546.67,0.21,,,0.0,,,0.21,2603.190476190476,https://www.nature.com/articles/s41597-025-04875-3; https://doi.org/10.6084/m9.figshare.27646707,B,"County-level injection capacity; pressure interference, plume geometry, and well count still need reservoir simulation."
county,Heilongjiang,Baizhan District,6777.2,0.93,,,0.0,,,0.93,7287.311827956989,https://www.nature.com/articles/s41597-025-04875-3; https://doi.org/10.6084/m9.figshare.27646707,B,"County-level injection capacity; pressure interference, plume geometry, and well count still need reservoir simulation."
county,Heilongjiang,Furalki District,142.08,0.21,,,0.0,,,0.21,676.5714285714287,https://www.nature.com/articles/s41597-025-04875-3; https://doi.org/10.6084/m9.figshare.27646707,B,"County-level injection capacity; pressure interference, plume geometry, and well count still need reservoir simulation."
county,Heilongjiang,Fuyu County,5002.37,0.67,,,0.0,,,0.67,7466.223880597015,https://www.nature.com/articles/s41597-025-04875-3; https://doi.org/10.6084/m9.figshare.27646707,B,"County-level injection capacity; pressure interference, plume geometry, and well count still need reservoir simulation."
county,Heilongjiang,Gannan County,437.59,0.38,,,0.0,,,0.38,1151.5526315789473,https://www.nature.com/articles/s41597-025-04875-3; https://doi.org/10.6084/m9.figshare.27646707,B,"County-level injection capacity; pressure interference, plume geometry, and well count still need reservoir simulation."
county,Heilongjiang,Jianhua District,118.91,0.21,,,0.0,,,0.21,566.2380952380953,https://www.nature.com/articles/s41597-025-04875-3; https://doi.org/10.6084/m9.figshare.27646707,B,"County-level injection capacity; pressure interference, plume geometry, and well count still need reservoir simulation."
county,Heilongjiang,Kedong County,4034.59,0.84,,,0.0,,,0.84,4803.083333333334,https://www.nature.com/articles/s41597-025-04875-3; https://doi.org/10.6084/m9.figshare.27646707,B,"County-level injection capacity; pressure interference, plume geometry, and well count still need reservoir simulation."
county,Heilongjiang,Keshan County,6796.76,0.93,,,0.0,,,0.93,7308.344086021505,https://www.nature.com/articles/s41597-025-04875-3; https://doi.org/10.6084/m9.figshare.27646707,B,"County-level injection capacity; pressure interference, plume geometry, and well count still need reservoir simulation."
county,Heilongjiang,Longjiang County,161.33,0.08,,,0.0,,,0.08,2016.6250000000002,https://www.nature.com/articles/s41597-025-04875-3; https://doi.org/10.6084/m9.figshare.27646707,B,"County-level injection capacity; pressure interference, plume geometry, and well count still need reservoir simulation."
county,Heilongjiang,Longsha District,74.63,0.21,,,0.0,,,0.21,355.38095238095235,https://www.nature.com/articles/s41597-025-04875-3; https://doi.org/10.6084/m9.figshare.27646707,B,"County-level injection capacity; pressure interference, plume geometry, and well count still need reservoir simulation."
county,Heilongjiang,Meirisdaur District,1019.93,0.21,,,0.0,,,0.21,4856.809523809524,https://www.nature.com/articles/s41597-025-04875-3; https://doi.org/10.6084/m9.figshare.27646707,B,"County-level injection capacity; pressure interference, plume geometry, and well count still need reservoir simulation."
county,Heilongjiang,Nehe City,6794.84,0.65,,,0.0,,,0.65,10453.6,https://www.nature.com/articles/s41597-025-04875-3; https://doi.org/10.6084/m9.figshare.27646707,B,"County-level injection capacity; pressure interference, plume geometry, and well count still need reservoir simulation."
county,Heilongjiang,Mianzishan District,0.0,0.0,,,0.0,,,0.0,inf,https://www.nature.com/articles/s41597-025-04875-3; https://doi.org/10.6084/m9.figshare.27646707,B,"County-level injection capacity; pressure interference, plume geometry, and well count still need reservoir simulation."
county,Heilongjiang,Tailai County,2253.46,0.54,,,5.98,,,6.5200000000000005,345.62269938650303,https://www.nature.com/articles/s41597-025-04875-3; https://doi.org/10.6084/m9.figshare.27646707,B,"County-level injection capacity; pressure interference, plume geometry, and well count still need reservoir simulation."
county,Heilongjiang,Tiefeng District,842.57,0.51,,,0.0,,,0.51,1652.0980392156864,https://www.nature.com/articles/s41597-025-04875-3; https://doi.org/10.6084/m9.figshare.27646707,B,"County-level injection capacity; pressure interference, plume geometry, and well count still need reservoir simulation."
county,Heilongjiang,Yian County,7004.75,0.93,,,0.0,,,0.93,7531.989247311828,https://www.nature.com/articles/s41597-025-04875-3; https://doi.org/10.6084/m9.figshare.27646707,B,"County-level injection capacity; pressure interference, plume geometry, and well count still need reservoir simulation."
county,Heilongjiang,Baocheng County,0.0,0.0,,,0.0,,,0.0,inf,https://www.nature.com/articles/s41597-025-04875-3; https://doi.org/10.6084/m9.figshare.27646707,B,"County-level injection capacity; pressure interference, plume geometry, and well count still need reservoir simulation."
county,Heilongjiang,Baoshan District,0.0,0.0,,,0.0,,,0.0,inf,https://www.nature.com/articles/s41597-025-04875-3; https://doi.org/10.6084/m9.figshare.27646707,B,"County-level injection capacity; pressure interference, plume geometry, and well count still need reservoir simulation."
county,Heilongjiang,Jixian County,3289.8,70.99,,,0.0,,,70.99,46.3417382729962,https://www.nature.com/articles/s41597-025-04875-3; https://doi.org/10.6084/m9.figshare.27646707,B,"County-level injection capacity; pressure interference, plume geometry, and well count still need reservoir simulation."
county,Heilongjiang,Jianshan District,0.0,0.0,,,0.0,,,0.0,inf,https://www.nature.com/articles/s41597-025-04875-3; https://doi.org/10.6084/m9.figshare.27646707,B,"County-level injection capacity; pressure interference, plume geometry, and well count still need reservoir simulation."
county,Heilongjiang,Lingdong District,0.0,0.0,,,0.0,,,0.0,inf,https://www.nature.com/articles/s41597-025-04875-3; https://doi.org/10.6084/m9.figshare.27646707,B,"County-level injection capacity; pressure interference, plume geometry, and well count still need reservoir simulation."
county,Heilongjiang,Raohe County,0.0,0.0,,,0.0,,,0.0,inf,https://www.nature.com/articles/s41597-025-04875-3; https://doi.org/10.6084/m9.figshare.27646707,B,"County-level injection capacity; pressure interference, plume geometry, and well count still need reservoir simulation."
county,Heilongjiang,Sifangtai District,102.81,59.16,,,0.0,,,59.16,1.7378296146044625,https://www.nature.com/articles/s41597-025-04875-3; https://doi.org/10.6084/m9.figshare.27646707,B,"County-level injection capacity; pressure interference, plume geometry, and well count still need reservoir simulation."
county,Heilongjiang,Youyi County,0.0,0.0,,,0.0,,,0.0,inf,https://www.nature.com/articles/s41597-025-04875-3; https://doi.org/10.6084/m9.figshare.27646707,B,"County-level injection capacity; pressure interference, plume geometry, and well count still need reservoir simulation."
county,Heilongjiang,Anda City,4998.3,0.74,,,4.22,,,4.96,1007.7217741935484,https://www.nature.com/articles/s41597-025-04875-3; https://doi.org/10.6084/m9.figshare.27646707,B,"County-level injection capacity; pressure interference, plume geometry, and well count still need reservoir simulation."
county,Heilongjiang,Beilin District,1623.38,0.56,,,0.0,,,0.56,2898.892857142857,https://www.nature.com/articles/s41597-025-04875-3; https://doi.org/10.6084/m9.figshare.27646707,B,"County-level injection capacity; pressure interference, plume geometry, and well count still need reservoir simulation."
county,Heilongjiang,Hailun City,3180.58,0.39,,,0.0,,,0.39,8155.333333333333,https://www.nature.com/articles/s41597-025-04875-3; https://doi.org/10.6084/m9.figshare.27646707,B,"County-level injection capacity; pressure interference, plume geometry, and well count still need reservoir simulation."
county,Heilongjiang,Lanxi County,2385.71,0.68,,,0.0,,,0.68,3508.3970588235293,https://www.nature.com/articles/s41597-025-04875-3; https://doi.org/10.6084/m9.figshare.27646707,B,"County-level injection capacity; pressure interference, plume geometry, and well count still need reservoir simulation."
county,Heilongjiang,Mingshui County,3602.33,0.75,,,0.0,,,0.75,4803.106666666667,https://www.nature.com/articles/s41597-025-04875-3; https://doi.org/10.6084/m9.figshare.27646707,B,"County-level injection capacity; pressure interference, plume geometry, and well count still need reservoir simulation."
county,Heilongjiang,Qinggang County,3051.8,0.74,,,0.0,,,0.74,4124.054054054054,https://www.nature.com/articles/s41597-025-04875-3; https://doi.org/10.6084/m9.figshare.27646707,B,"County-level injection capacity; pressure interference, plume geometry, and well count still need reservoir simulation."
county,Heilongjiang,Qing'an County,1132.8,0.86,,,0.0,,,0.86,1317.2093023255813,https://www.nature.com/articles/s41597-025-04875-3; https://doi.org/10.6084/m9.figshare.27646707,B,"County-level injection capacity; pressure interference, plume geometry, and well count still need reservoir simulation."
county,Heilongjiang,Suiling County,824.0,0.19,,,0.0,,,0.19,4336.8421052631575,https://www.nature.com/articles/s41597-025-04875-3; https://doi.org/10.6084/m9.figshare.27646707,B,"County-level injection capacity; pressure interference, plume geometry, and well count still need reservoir simulation."
county,Heilongjiang,Wangkui County,1364.27,0.19,,,0.0,,,0.19,7180.368421052632,https://www.nature.com/articles/s41597-025-04875-3; https://doi.org/10.6084/m9.figshare.27646707,B,"County-level injection capacity; pressure interference, plume geometry, and well count still need reservoir simulation."
county,Heilongjiang,Zhaodong City,4568.62,0.62,,,2.94,,,3.56,1283.3202247191011,https://www.nature.com/articles/s41597-025-04875-3; https://doi.org/10.6084/m9.figshare.27646707,B,"County-level injection capacity; pressure interference, plume geometry, and well count still need reservoir simulation."
county,Heilongjiang,Daxiashan County,0.0,0.0,,,0.0,,,0.0,inf,https://www.nature.com/articles/s41597-025-04875-3; https://doi.org/10.6084/m9.figshare.27646707,B,"County-level injection capacity; pressure interference, plume geometry, and well count still need reservoir simulation."
county,Heilongjiang,Fenglin County,0.0,0.0,,,0.0,,,0.0,inf,https://www.nature.com/articles/s41597-025-04875-3; https://doi.org/10.6084/m9.figshare.27646707,B,"County-level injection capacity; pressure interference, plume geometry, and well count still need reservoir simulation."
county,Heilongjiang,Jiayin County,0.0,0.0,,,0.0,,,0.0,inf,https://www.nature.com/articles/s41597-025-04875-3; https://doi.org/10.6084/m9.figshare.27646707,B,"County-level injection capacity; pressure interference, plume geometry, and well count still need reservoir simulation."
county,Heilongjiang,Jinlin District,0.0,0.0,,,0.0,,,0.0,inf,https://www.nature.com/articles/s41597-025-04875-3; https://doi.org/10.6084/m9.figshare.27646707,B,"County-level injection capacity; pressure interference, plume geometry, and well count still need reservoir simulation."
county,Heilongjiang,Nanqiao County,0.0,0.0,,,0.0,,,0.0,inf,https://www.nature.com/articles/s41597-025-04875-3; https://doi.org/10.6084/m9.figshare.27646707,B,"County-level injection capacity; pressure interference, plume geometry, and well count still need reservoir simulation."
county,Heilongjiang,Tangwang County,0.0,0.0,,,0.0,,,0.0,inf,https://www.nature.com/articles/s41597-025-04875-3; https://doi.org/10.6084/m9.figshare.27646707,B,"County-level injection capacity; pressure interference, plume geometry, and well count still need reservoir simulation."
county,Heilongjiang,Tieli City,326.79,0.6,,,0.0,,,0.6,544.6500000000001,https://www.nature.com/articles/s41597-025-04875-3; https://doi.org/10.6084/m9.figshare.27646707,B,"County-level injection capacity; pressure interference, plume geometry, and well count still need reservoir simulation."
county,Heilongjiang,Wucui District,0.0,0.0,,,0.0,,,0.0,inf,https://www.nature.com/articles/s41597-025-04875-3; https://doi.org/10.6084/m9.figshare.27646707,B,"County-level injection capacity; pressure interference, plume geometry, and well count still need reservoir simulation."
county,Heilongjiang,Yimei District,0.0,0.0,,,0.0,,,0.0,inf,https://www.nature.com/articles/s41597-025-04875-3; https://doi.org/10.6084/m9.figshare.27646707,B,"County-level injection capacity; pressure interference, plume geometry, and well count still need reservoir simulation."
county,Heilongjiang,Youyi District,0.0,0.0,,,0.0,,,0.0,inf,https://www.nature.com/articles/s41597-025-04875-3; https://doi.org/10.6084/m9.figshare.27646707,B,"County-level injection capacity; pressure interference, plume geometry, and well count still need reservoir simulation."
county,Hubei,Eucheng District,0.0,0.0,,,0.0,,,0.0,inf,https://www.nature.com/articles/s41597-025-04875-3; https://doi.org/10.6084/m9.figshare.27646707,B,"County-level injection capacity; pressure interference, plume geometry, and well count still need reservoir simulation."
county,Hubei,Huarong District,0.0,0.0,,,0.0,,,0.0,inf,https://www.nature.com/articles/s41597-025-04875-3; https://doi.org/10.6084/m9.figshare.27646707,B,"County-level injection capacity; pressure interference, plume geometry, and well count still need reservoir simulation."
county,Hubei,Liangzihu District,0.0,0.0,,,0.0,,,0.0,inf,https://www.nature.com/articles/s41597-025-04875-3; https://doi.org/10.6084/m9.figshare.27646707,B,"County-level injection capacity; pressure interference, plume geometry, and well count still need reservoir simulation."
county,Hubei,Badong County,0.0,0.0,,,0.0,,,0.0,inf,https://www.nature.com/articles/s41597-025-04875-3; https://doi.org/10.6084/m9.figshare.27646707,B,"County-level injection capacity; pressure interference, plume geometry, and well count still need reservoir simulation."
county,Hubei,Enshi City,0.0,0.0,,,0.0,,,0.0,inf,https://www.nature.com/articles/s41597-025-04875-3; https://doi.org/10.6084/m9.figshare.27646707,B,"County-level injection capacity; pressure interference, plume geometry, and well count still need reservoir simulation."
county,Hubei,Hefeng County,0.0,0.0,,,0.0,,,0.0,inf,https://www.nature.com/articles/s41597-025-04875-3; https://doi.org/10.6084/m9.figshare.27646707,B,"County-level injection capacity; pressure interference, plume geometry, and well count still need reservoir simulation."
county,Hubei,Jianshi County,0.0,0.0,,,0.0,,,0.0,inf,https://www.nature.com/articles/s41597-025-04875-3; https://doi.org/10.6084/m9.figshare.27646707,B,"County-level injection capacity; pressure interference, plume geometry, and well count still need reservoir simulation."
county,Hubei,Laifeng County,0.0,0.0,,,0.0,,,0.0,inf,https://www.nature.com/articles/s41597-025-04875-3; https://doi.org/10.6084/m9.figshare.27646707,B,"County-level injection capacity; pressure interference, plume geometry, and well count still need reservoir simulation."
county,Hubei,Lichuan City,109.16,0.01,,,0.0,,,0.01,10916.0,https://www.nature.com/articles/s41597-025-04875-3; https://doi.org/10.6084/m9.figshare.27646707,B,"County-level injection capacity; pressure interference, plume geometry, and well count still need reservoir simulation."
county,Hubei,Xianfeng County,0.0,0.0,,,0.0,,,0.0,inf,https://www.nature.com/articles/s41597-025-04875-3; https://doi.org/10.6084/m9.figshare.27646707,B,"County-level injection capacity; pressure interference, plume geometry, and well count still need reservoir simulation."
county,Hubei,Xuanen County,0.0,0.0,,,0.0,,,0.0,inf,https://www.nature.com/articles/s41597-025-04875-3; https://doi.org/10.6084/m9.figshare.27646707,B,"County-level injection capacity; pressure interference, plume geometry, and well count still need reservoir simulation."
county,Hubei,Hong'an County,0.0,0.0,,,0.0,,,0.0,inf,https://www.nature.com/articles/s41597-025-04875-3; https://doi.org/10.6084/m9.figshare.27646707,B,"County-level injection capacity; pressure interference, plume geometry, and well count still need reservoir simulation."
county,Hubei,Huangmei County,0.0,0.0,,,0.0,,,0.0,inf,https://www.nature.com/articles/s41597-025-04875-3; https://doi.org/10.6084/m9.figshare.27646707,B,"County-level injection capacity; pressure interference, plume geometry, and well count still need reservoir simulation."
county,Hubei,Huangzhou District,0.0,0.0,,,0.0,,,0.0,inf,https://www.nature.com/articles/s41597-025-04875-3; https://doi.org/10.6084/m9.figshare.27646707,B,"County-level injection capacity; pressure interference, plume geometry, and well count still need reservoir simulation."
county,Hubei,Lutian County,0.0,0.0,,,0.0,,,0.0,inf,https://www.nature.com/articles/s41597-025-04875-3; https://doi.org/10.6084/m9.figshare.27646707,B,"County-level injection capacity; pressure interference, plume geometry, and well count still need reservoir simulation."
county,Hubei,Macheng City,0.0,0.0,,,0.0,,,0.0,inf,https://www.nature.com/articles/s41597-025-04875-3; https://doi.org/10.6084/m9.figshare.27646707,B,"County-level injection capacity; pressure interference, plume geometry, and well count still need reservoir simulation."
county,Hubei,Herb County,0.0,0.0,,,0.0,,,0.0,inf,https://www.nature.com/articles/s41597-025-04875-3; https://doi.org/10.6084/m9.figshare.27646707,B,"County-level injection capacity; pressure interference, plume geometry, and well count still need reservoir simulation."
county,Hubei,Tuanfeng County,0.0,0.0,,,0.0,,,0.0,inf,https://www.nature.com/articles/s41597-025-04875-3; https://doi.org/10.6084/m9.figshare.27646707,B,"County-level injection capacity; pressure interference, plume geometry, and well count still need reservoir simulation."
county,Hubei,Wuxi City,0.0,0.0,,,0.0,,,0.0,inf,https://www.nature.com/articles/s41597-025-04875-3; https://doi.org/10.6084/m9.figshare.27646707,B,"County-level injection capacity; pressure interference, plume geometry, and well count still need reservoir simulation."
county,Hubei,Xishui County,0.0,0.0,,,0.0,,,0.0,inf,https://www.nature.com/articles/s41597-025-04875-3; https://doi.org/10.6084/m9.figshare.27646707,B,"County-level injection capacity; pressure interference, plume geometry, and well count still need reservoir simulation."
county,Hubei,yingshan County,0.0,0.0,,,0.0,,,0.0,inf,https://www.nature.com/articles/s41597-025-04875-3; https://doi.org/10.6084/m9.figshare.27646707,B,"County-level injection capacity; pressure interference, plume geometry, and well count still need reservoir simulation."
county,Hubei,Daye City,0.0,0.0,,,0.0,,,0.0,inf,https://www.nature.com/articles/s41597-025-04875-3; https://doi.org/10.6084/m9.figshare.27646707,B,"County-level injection capacity; pressure interference, plume geometry, and well count still need reservoir simulation."
county,Hubei,Huangshi Harbor District,0.0,0.0,,,0.0,,,0.0,inf,https://www.nature.com/articles/s41597-025-04875-3; https://doi.org/10.6084/m9.figshare.27646707,B,"County-level injection capacity; pressure interference, plume geometry, and well count still need reservoir simulation."
county,Hubei,Tieshan District,0.0,0.0,,,0.0,,,0.0,inf,https://www.nature.com/articles/s41597-025-04875-3; https://doi.org/10.6084/m9.figshare.27646707,B,"County-level injection capacity; pressure interference, plume geometry, and well count still need reservoir simulation."
county,Hubei,Xisishan District,0.0,0.0,,,0.0,,,0.0,inf,https://www.nature.com/articles/s41597-025-04875-3; https://doi.org/10.6084/m9.figshare.27646707,B,"County-level injection capacity; pressure interference, plume geometry, and well count still need reservoir simulation."
county,Hubei,Xilu District,0.0,0.0,,,0.0,,,0.0,inf,https://www.nature.com/articles/s41597-025-04875-3; https://doi.org/10.6084/m9.figshare.27646707,B,"County-level injection capacity; pressure interference, plume geometry, and well count still need reservoir simulation."
county,Hubei,Yangxin County,0.0,0.0,,,0.0,,,0.0,inf,https://www.nature.com/articles/s41597-025-04875-3; https://doi.org/10.6084/m9.figshare.27646707,B,"County-level injection capacity; pressure interference, plume geometry, and well count still need reservoir simulation."
county,Hubei,Dongbao District,0.0,0.0,,,0.0,,,0.0,inf,https://www.nature.com/articles/s41597-025-04875-3; https://doi.org/10.6084/m9.figshare.27646707,B,"County-level injection capacity; pressure interference, plume geometry, and well count still need reservoir simulation."
county,Hubei,Duodao District,0.0,0.0,,,0.0,,,0.0,inf,https://www.nature.com/articles/s41597-025-04875-3; https://doi.org/10.6084/m9.figshare.27646707,B,"County-level injection capacity; pressure interference, plume geometry, and well count still need reservoir simulation."
county,Hubei,jingshan city,0.0,0.0,,,0.0,,,0.0,inf,https://www.nature.com/articles/s41597-025-04875-3; https://doi.org/10.6084/m9.figshare.27646707,B,"County-level injection capacity; pressure interference, plume geometry, and well count still need reservoir simulation."
county,Hubei,Shayang County,264.14,0.29,,,0.0,,,0.29,910.8275862068965,https://www.nature.com/articles/s41597-025-04875-3; https://doi.org/10.6084/m9.figshare.27646707,B,"County-level injection capacity; pressure interference, plume geometry, and well count still need reservoir simulation."
county,Hubei,Zhongxiang City,0.0,0.0,,,0.0,,,0.0,inf,https://www.nature.com/articles/s41597-025-04875-3; https://doi.org/10.6084/m9.figshare.27646707,B,"County-level injection capacity; pressure interference, plume geometry, and well count still need reservoir simulation."
county,Hubei,Gong'an County,429.66,0.16,,,8.04,,,8.2,52.397560975609764,https://www.nature.com/articles/s41597-025-04875-3; https://doi.org/10.6084/m9.figshare.27646707,B,"County-level injection capacity; pressure interference, plume geometry, and well count still need reservoir simulation."
county,Hubei,Honghu City,45.54,0.03,,,0.01,,,0.04,1138.5,https://www.nature.com/articles/s41597-025-04875-3; https://doi.org/10.6084/m9.figshare.27646707,B,"County-level injection capacity; pressure interference, plume geometry, and well count still need reservoir simulation."
county,Hubei,Jianli City,59.82,0.06,,,0.1,,,0.16,373.875,https://www.nature.com/articles/s41597-025-04875-3; https://doi.org/10.6084/m9.figshare.27646707,B,"County-level injection capacity; pressure interference, plume geometry, and well count still need reservoir simulation."
county,Hubei,Jiangling County,105.95,0.09,,,0.04,,,0.13,815.0,https://www.nature.com/articles/s41597-025-04875-3; https://doi.org/10.6084/m9.figshare.27646707,B,"County-level injection capacity; pressure interference, plume geometry, and well count still need reservoir simulation."
county,Hubei,Jingzhou District,619.19,0.29,,,8.04,,,8.329999999999998,74.3325330132053,https://www.nature.com/articles/s41597-025-04875-3; https://doi.org/10.6084/m9.figshare.27646707,B,"County-level injection capacity; pressure interference, plume geometry, and well count still need reservoir simulation."
county,Hubei,Shashi District,456.33,0.22,,,5.31,,,5.529999999999999,82.51898734177216,https://www.nature.com/articles/s41597-025-04875-3; https://doi.org/10.6084/m9.figshare.27646707,B,"County-level injection capacity; pressure interference, plume geometry, and well count still need reservoir simulation."
county,Hubei,Shishou City,34.14,0.09,,,0.0,,,0.09,379.33333333333337,https://www.nature.com/articles/s41597-025-04875-3; https://doi.org/10.6084/m9.figshare.27646707,B,"County-level injection capacity; pressure interference, plume geometry, and well count still need reservoir simulation."
county,Hubei,Songzi City,942.74,0.24,,,8.04,,,8.28,113.85748792270532,https://www.nature.com/articles/s41597-025-04875-3; https://doi.org/10.6084/m9.figshare.27646707,B,"County-level injection capacity; pressure interference, plume geometry, and well count still need reservoir simulation."
county,Hubei,Qianjiang City,917.35,0.24,,,5.31,,,5.55,165.2882882882883,https://www.nature.com/articles/s41597-025-04875-3; https://doi.org/10.6084/m9.figshare.27646707,B,"County-level injection capacity; pressure interference, plume geometry, and well count still need reservoir simulation."
county,Hubei,Shennongjia Forestry District,0.0,0.0,,,0.0,,,0.0,inf,https://www.nature.com/articles/s41597-025-04875-3; https://doi.org/10.6084/m9.figshare.27646707,B,"County-level injection capacity; pressure interference, plume geometry, and well count still need reservoir simulation."
county,Hubei,Danjiangkou City,0.0,0.0,,,0.0,,,0.0,inf,https://www.nature.com/articles/s41597-025-04875-3; https://doi.org/10.6084/m9.figshare.27646707,B,"County-level injection capacity; pressure interference, plume geometry, and well count still need reservoir simulation."
county,Hubei,Fang County,0.0,0.0,,,0.0,,,0.0,inf,https://www.nature.com/articles/s41597-025-04875-3; https://doi.org/10.6084/m9.figshare.27646707,B,"County-level injection capacity; pressure interference, plume geometry, and well count still need reservoir simulation."
county,Hubei,Maojian District,0.0,0.0,,,0.0,,,0.0,inf,https://www.nature.com/articles/s41597-025-04875-3; https://doi.org/10.6084/m9.figshare.27646707,B,"County-level injection capacity; pressure interference, plume geometry, and well count still need reservoir simulation."
county,Hubei,Yunxi County,0.0,0.0,,,0.0,,,0.0,inf,https://www.nature.com/articles/s41597-025-04875-3; https://doi.org/10.6084/m9.figshare.27646707,B,"County-level injection capacity; pressure interference, plume geometry, and well count still need reservoir simulation."
county,Hubei,Yunyang District,0.0,0.0,,,0.0,,,0.0,inf,https://www.nature.com/articles/s41597-025-04875-3; https://doi.org/10.6084/m9.figshare.27646707,B,"County-level injection capacity; pressure interference, plume geometry, and well count still need reservoir simulation."
county,Hubei,Zhangwan District,0.0,0.0,,,0.0,,,0.0,inf,https://www.nature.com/articles/s41597-025-04875-3; https://doi.org/10.6084/m9.figshare.27646707,B,"County-level injection capacity; pressure interference, plume geometry, and well count still need reservoir simulation."
county,Hubei,Zhushan County,0.0,0.0,,,0.0,,,0.0,inf,https://www.nature.com/articles/s41597-025-04875-3; https://doi.org/10.6084/m9.figshare.27646707,B,"County-level injection capacity; pressure interference, plume geometry, and well count still need reservoir simulation."
county,Hubei,Zhuxi County,0.0,0.0,,,0.0,,,0.0,inf,https://www.nature.com/articles/s41597-025-04875-3; https://doi.org/10.6084/m9.figshare.27646707,B,"County-level injection capacity; pressure interference, plume geometry, and well count still need reservoir simulation."
county,Hubei,Zengdu District,0.0,0.0,,,0.0,,,0.0,inf,https://www.nature.com/articles/s41597-025-04875-3; https://doi.org/10.6084/m9.figshare.27646707,B,"County-level injection capacity; pressure interference, plume geometry, and well count still need reservoir simulation."
county,Hubei,Guangshui City,0.0,0.0,,,0.0,,,0.0,inf,https://www.nature.com/articles/s41597-025-04875-3; https://doi.org/10.6084/m9.figshare.27646707,B,"County-level injection capacity; pressure interference, plume geometry, and well count still need reservoir simulation."
county,Hubei,Sui County,0.0,0.0,,,0.0,,,0.0,inf,https://www.nature.com/articles/s41597-025-04875-3; https://doi.org/10.6084/m9.figshare.27646707,B,"County-level injection capacity; pressure interference, plume geometry, and well count still need reservoir simulation."
county,Hubei,Tianmen City,469.55,0.31,,,5.31,,,5.619999999999999,83.54982206405695,https://www.nature.com/articles/s41597-025-04875-3; https://doi.org/10.6084/m9.figshare.27646707,B,"County-level injection capacity; pressure interference, plume geometry, and well count still need reservoir simulation."
county,Hubei,Caidian District,4.49,0.03,,,0.0,,,0.03,149.66666666666669,https://www.nature.com/articles/s41597-025-04875-3; https://doi.org/10.6084/m9.figshare.27646707,B,"County-level injection capacity; pressure interference, plume geometry, and well count still need reservoir simulation."
county,Hubei,Dongxihu District,0.0,0.0,,,0.0,,,0.0,inf,https://www.nature.com/articles/s41597-025-04875-3; https://doi.org/10.6084/m9.figshare.27646707,B,"County-level injection capacity; pressure interference, plume geometry, and well count still need reservoir simulation."
county,Hubei,Hannan District,3.14,0.01,,,0.0,,,0.01,314.0,https://www.nature.com/articles/s41597-025-04875-3; https://doi.org/10.6084/m9.figshare.27646707,B,"County-level injection capacity; pressure interference, plume geometry, and well count still need reservoir simulation."
county,Hubei,Hanyang District,0.0,0.0,,,0.0,,,0.0,inf,https://www.nature.com/articles/s41597-025-04875-3; https://doi.org/10.6084/m9.figshare.27646707,B,"County-level injection capacity; pressure interference, plume geometry, and well count still need reservoir simulation."
county,Hubei,Hongshan District,0.0,0.0,,,0.0,,,0.0,inf,https://www.nature.com/articles/s41597-025-04875-3; https://doi.org/10.6084/m9.figshare.27646707,B,"County-level injection capacity; pressure interference, plume geometry, and well count still need reservoir simulation."
county,Hubei,Huangpi District,0.0,0.0,,,0.0,,,0.0,inf,https://www.nature.com/articles/s41597-025-04875-3; https://doi.org/10.6084/m9.figshare.27646707,B,"County-level injection capacity; pressure interference, plume geometry, and well count still need reservoir simulation."
county,Hubei,Jiang'an District,0.0,0.0,,,0.0,,,0.0,inf,https://www.nature.com/articles/s41597-025-04875-3; https://doi.org/10.6084/m9.figshare.27646707,B,"County-level injection capacity; pressure interference, plume geometry, and well count still need reservoir simulation."
county,Hubei,Jianghan District,0.0,0.0,,,0.0,,,0.0,inf,https://www.nature.com/articles/s41597-025-04875-3; https://doi.org/10.6084/m9.figshare.27646707,B,"County-level injection capacity; pressure interference, plume geometry, and well count still need reservoir simulation."
county,Hubei,Jiangxia District,0.0,0.0,,,0.0,,,0.0,inf,https://www.nature.com/articles/s41597-025-04875-3; https://doi.org/10.6084/m9.figshare.27646707,B,"County-level injection capacity; pressure interference, plume geometry, and well count still need reservoir simulation."
county,Hubei,Qiaokou District,0.0,0.0,,,0.0,,,0.0,inf,https://www.nature.com/articles/s41597-025-04875-3; https://doi.org/10.6084/m9.figshare.27646707,B,"County-level injection capacity; pressure interference, plume geometry, and well count still need reservoir simulation."
county,Hubei,Qingshan District,0.0,0.0,,,0.0,,,0.0,inf,https://www.nature.com/articles/s41597-025-04875-3; https://doi.org/10.6084/m9.figshare.27646707,B,"County-level injection capacity; pressure interference, plume geometry, and well count still need reservoir simulation."
county,Hubei,Wuchang District,0.0,0.0,,,0.0,,,0.0,inf,https://www.nature.com/articles/s41597-025-04875-3; https://doi.org/10.6084/m9.figshare.27646707,B,"County-level injection capacity; pressure interference, plume geometry, and well count still need reservoir simulation."
county,Hubei,Xinzhou District,0.0,0.0,,,0.0,,,0.0,inf,https://www.nature.com/articles/s41597-025-04875-3; https://doi.org/10.6084/m9.figshare.27646707,B,"County-level injection capacity; pressure interference, plume geometry, and well count still need reservoir simulation."
county,Hubei,Xiantao City,278.11,0.25,,,69.89,,,70.14,3.965069860279441,https://www.nature.com/articles/s41597-025-04875-3; https://doi.org/10.6084/m9.figshare.27646707,B,"County-level injection capacity; pressure interference, plume geometry, and well count still need reservoir simulation."
county,Hubei,Chibi City,0.0,0.0,,,0.0,,,0.0,inf,https://www.nature.com/articles/s41597-025-04875-3; https://doi.org/10.6084/m9.figshare.27646707,B,"County-level injection capacity; pressure interference, plume geometry, and well count still need reservoir simulation."
county,Hubei,Chongyang County,0.0,0.0,,,0.0,,,0.0,inf,https://www.nature.com/articles/s41597-025-04875-3; https://doi.org/10.6084/m9.figshare.27646707,B,"County-level injection capacity; pressure interference, plume geometry, and well count still need reservoir simulation."
county,Hubei,Jiayu County,2.7,0.01,,,0.0,,,0.01,270.0,https://www.nature.com/articles/s41597-025-04875-3; https://doi.org/10.6084/m9.figshare.27646707,B,"County-level injection capacity; pressure interference, plume geometry, and well count still need reservoir simulation."
county,Hubei,Tongcheng County,0.0,0.0,,,0.0,,,0.0,inf,https://www.nature.com/articles/s41597-025-04875-3; https://doi.org/10.6084/m9.figshare.27646707,B,"County-level injection capacity; pressure interference, plume geometry, and well count still need reservoir simulation."
county,Hubei,Tongshan County,0.0,0.0,,,0.0,,,0.0,inf,https://www.nature.com/articles/s41597-025-04875-3; https://doi.org/10.6084/m9.figshare.27646707,B,"County-level injection capacity; pressure interference, plume geometry, and well count still need reservoir simulation."
county,Hubei,Xian'an District,0.0,0.0,,,0.0,,,0.0,inf,https://www.nature.com/articles/s41597-025-04875-3; https://doi.org/10.6084/m9.figshare.27646707,B,"County-level injection capacity; pressure interference, plume geometry, and well count still need reservoir simulation."
county,Hubei,Baokang County,0.0,0.0,,,0.0,,,0.0,inf,https://www.nature.com/articles/s41597-025-04875-3; https://doi.org/10.6084/m9.figshare.27646707,B,"County-level injection capacity; pressure interference, plume geometry, and well count still need reservoir simulation."
county,Hubei,Fancheng District,4.94,0.07,,,0.0,,,0.07,70.57142857142857,https://www.nature.com/articles/s41597-025-04875-3; https://doi.org/10.6084/m9.figshare.27646707,B,"County-level injection capacity; pressure interference, plume geometry, and well count still need reservoir simulation."
county,Hubei,Gucheng County,0.0,0.0,,,0.0,,,0.0,inf,https://www.nature.com/articles/s41597-025-04875-3; https://doi.org/10.6084/m9.figshare.27646707,B,"County-level injection capacity; pressure interference, plume geometry, and well count still need reservoir simulation."
county,Hubei,Laohekou City,1.85,0.07,,,0.0,,,0.07,26.428571428571427,https://www.nature.com/articles/s41597-025-04875-3; https://doi.org/10.6084/m9.figshare.27646707,B,"County-level injection capacity; pressure interference, plume geometry, and well count still need reservoir simulation."
county,Hubei,Nanzhang County,0.0,0.0,,,0.0,,,0.0,inf,https://www.nature.com/articles/s41597-025-04875-3; https://doi.org/10.6084/m9.figshare.27646707,B,"County-level injection capacity; pressure interference, plume geometry, and well count still need reservoir simulation."
county,Hubei,Xiangcheng District,0.0,0.0,,,0.0,,,0.0,inf,https://www.nature.com/articles/s41597-025-04875-3; https://doi.org/10.6084/m9.figshare.27646707,B,"County-level injection capacity; pressure interference, plume geometry, and well count still need reservoir simulation."
county,Hubei,Xiangzhou District,116.66,1.87,,,0.0,,,1.87,62.38502673796791,https://www.nature.com/articles/s41597-025-04875-3; https://doi.org/10.6084/m9.figshare.27646707,B,"County-level injection capacity; pressure interference, plume geometry, and well count still need reservoir simulation."
county,Hubei,Yicheng City,0.0,0.0,,,0.0,,,0.0,inf,https://www.nature.com/articles/s41597-025-04875-3; https://doi.org/10.6084/m9.figshare.27646707,B,"County-level injection capacity; pressure interference, plume geometry, and well count still need reservoir simulation."
county,Hubei,Zaoyang City,531.47,3.03,,,0.0,,,3.03,175.40264026402642,https://www.nature.com/articles/s41597-025-04875-3; https://doi.org/10.6084/m9.figshare.27646707,B,"County-level injection capacity; pressure interference, plume geometry, and well count still need reservoir simulation."
county,Hubei,Anlu City,0.0,0.0,,,0.0,,,0.0,inf,https://www.nature.com/articles/s41597-025-04875-3; https://doi.org/10.6084/m9.figshare.27646707,B,"County-level injection capacity; pressure interference, plume geometry, and well count still need reservoir simulation."
county,Hubei,Dawu County,0.0,0.0,,,0.0,,,0.0,inf,https://www.nature.com/articles/s41597-025-04875-3; https://doi.org/10.6084/m9.figshare.27646707,B,"County-level injection capacity; pressure interference, plume geometry, and well count still need reservoir simulation."
county,Hubei,Hanchuan City,242.57,0.31,,,0.0,,,0.31,782.483870967742,https://www.nature.com/articles/s41597-025-04875-3; https://doi.org/10.6084/m9.figshare.27646707,B,"County-level injection capacity; pressure interference, plume geometry, and well count still need reservoir simulation."
county,Hubei,Xiaochang County,0.0,0.0,,,0.0,,,0.0,inf,https://www.nature.com/articles/s41597-025-04875-3; https://doi.org/10.6084/m9.figshare.27646707,B,"County-level injection capacity; pressure interference, plume geometry, and well count still need reservoir simulation."
county,Hubei,Xiaonan District,0.0,0.0,,,0.0,,,0.0,inf,https://www.nature.com/articles/s41597-025-04875-3; https://doi.org/10.6084/m9.figshare.27646707,B,"County-level injection capacity; pressure interference, plume geometry, and well count still need reservoir simulation."
county,Hubei,Yingcheng City,0.0,0.0,,,0.0,,,0.0,inf,https://www.nature.com/articles/s41597-025-04875-3; https://doi.org/10.6084/m9.figshare.27646707,B,"County-level injection capacity; pressure interference, plume geometry, and well count still need reservoir simulation."
county,Hubei,Yunmeng County,0.0,0.0,,,0.0,,,0.0,inf,https://www.nature.com/articles/s41597-025-04875-3; https://doi.org/10.6084/m9.figshare.27646707,B,"County-level injection capacity; pressure interference, plume geometry, and well count still need reservoir simulation."
county,Hubei,Dangyang City,11.68,0.09,,,0.0,,,0.09,129.77777777777777,https://www.nature.com/articles/s41597-025-04875-3; https://doi.org/10.6084/m9.figshare.27646707,B,"County-level injection capacity; pressure interference, plume geometry, and well count still need reservoir simulation."
county,Hubei,Dianjun District,0.0,0.0,,,0.0,,,0.0,inf,https://www.nature.com/articles/s41597-025-04875-3; https://doi.org/10.6084/m9.figshare.27646707,B,"County-level injection capacity; pressure interference, plume geometry, and well count still need reservoir simulation."
county,Hubei,Wufeng Tujia Autonomous County,0.0,0.0,,,0.0,,,0.0,inf,https://www.nature.com/articles/s41597-025-04875-3; https://doi.org/10.6084/m9.figshare.27646707,B,"County-level injection capacity; pressure interference, plume geometry, and well count still need reservoir simulation."
county,Hubei,Wujiagang District,0.0,0.0,,,0.0,,,0.0,inf,https://www.nature.com/articles/s41597-025-04875-3; https://doi.org/10.6084/m9.figshare.27646707,B,"County-level injection capacity; pressure interference, plume geometry, and well count still need reservoir simulation."
county,Hubei,Xiling District,0.0,0.0,,,0.0,,,0.0,inf,https://www.nature.com/articles/s41597-025-04875-3; https://doi.org/10.6084/m9.figshare.27646707,B,"County-level injection capacity; pressure interference, plume geometry, and well count still need reservoir simulation."
county,Hubei,Xiaoting District,0.0,0.0,,,0.0,,,0.0,inf,https://www.nature.com/articles/s41597-025-04875-3; https://doi.org/10.6084/m9.figshare.27646707,B,"County-level injection capacity; pressure interference, plume geometry, and well count still need reservoir simulation."
county,Hubei,Xingshan County,0.0,0.0,,,0.0,,,0.0,inf,https://www.nature.com/articles/s41597-025-04875-3; https://doi.org/10.6084/m9.figshare.27646707,B,"County-level injection capacity; pressure interference, plume geometry, and well count still need reservoir simulation."
county,Hubei,Yiling District,0.0,0.0,,,0.0,,,0.0,inf,https://www.nature.com/articles/s41597-025-04875-3; https://doi.org/10.6084/m9.figshare.27646707,B,"County-level injection capacity; pressure interference, plume geometry, and well count still need reservoir simulation."
county,Hubei,Yidu City,0.0,0.0,,,0.0,,,0.0,inf,https://www.nature.com/articles/s41597-025-04875-3; https://doi.org/10.6084/m9.figshare.27646707,B,"County-level injection capacity; pressure interference, plume geometry, and well count still need reservoir simulation."
county,Hubei,Yuan'an County,0.0,0.0,,,0.0,,,0.0,inf,https://www.nature.com/articles/s41597-025-04875-3; https://doi.org/10.6084/m9.figshare.27646707,B,"County-level injection capacity; pressure interference, plume geometry, and well count still need reservoir simulation."
county,Hubei,Changyang Tujia Autonomous County,0.0,0.0,,,0.0,,,0.0,inf,https://www.nature.com/articles/s41597-025-04875-3; https://doi.org/10.6084/m9.figshare.27646707,B,"County-level injection capacity; pressure interference, plume geometry, and well count still need reservoir simulation."
county,Hubei,Zhijiang City,256.5,0.23,,,0.0,,,0.23,1115.2173913043478,https://www.nature.com/articles/s41597-025-04875-3; https://doi.org/10.6084/m9.figshare.27646707,B,"County-level injection capacity; pressure interference, plume geometry, and well count still need reservoir simulation."
county,Hubei,Zigui County,0.0,0.0,,,0.0,,,0.0,inf,https://www.nature.com/articles/s41597-025-04875-3; https://doi.org/10.6084/m9.figshare.27646707,B,"County-level injection capacity; pressure interference, plume geometry, and well count still need reservoir simulation."
county,Hunan,Anxiang County,5.39,0.09,,,0.0,,,0.09,59.888888888888886,https://www.nature.com/articles/s41597-025-04875-3; https://doi.org/10.6084/m9.figshare.27646707,B,"County-level injection capacity; pressure interference, plume geometry, and well count still need reservoir simulation."
county,Hunan,Dingcheng District,0.0,0.0,,,0.0,,,0.0,inf,https://www.nature.com/articles/s41597-025-04875-3; https://doi.org/10.6084/m9.figshare.27646707,B,"County-level injection capacity; pressure interference, plume geometry, and well count still need reservoir simulation."
county,Hunan,Hanshou County,0.0,0.0,,,0.0,,,0.0,inf,https://www.nature.com/articles/s41597-025-04875-3; https://doi.org/10.6084/m9.figshare.27646707,B,"County-level injection capacity; pressure interference, plume geometry, and well count still need reservoir simulation."
county,Hunan,Jinshi City,0.0,0.0,,,0.0,,,0.0,inf,https://www.nature.com/articles/s41597-025-04875-3; https://doi.org/10.6084/m9.figshare.27646707,B,"County-level injection capacity; pressure interference, plume geometry, and well count still need reservoir simulation."
county,Hunan,Li County,2.25,0.02,,,0.0,,,0.02,112.5,https://www.nature.com/articles/s41597-025-04875-3; https://doi.org/10.6084/m9.figshare.27646707,B,"County-level injection capacity; pressure interference, plume geometry, and well count still need reservoir simulation."
county,Hunan,Linli County,0.0,0.0,,,0.0,,,0.0,inf,https://www.nature.com/articles/s41597-025-04875-3; https://doi.org/10.6084/m9.figshare.27646707,B,"County-level injection capacity; pressure interference, plume geometry, and well count still need reservoir simulation."
county,Hunan,Shimen County,0.0,0.0,,,0.0,,,0.0,inf,https://www.nature.com/articles/s41597-025-04875-3; https://doi.org/10.6084/m9.figshare.27646707,B,"County-level injection capacity; pressure interference, plume geometry, and well count still need reservoir simulation."
county,Hunan,Taoyuan County,0.0,0.0,,,0.0,,,0.0,inf,https://www.nature.com/articles/s41597-025-04875-3; https://doi.org/10.6084/m9.figshare.27646707,B,"County-level injection capacity; pressure interference, plume geometry, and well count still need reservoir simulation."
county,Hunan,Wuling District,0.0,0.0,,,0.0,,,0.0,inf,https://www.nature.com/articles/s41597-025-04875-3; https://doi.org/10.6084/m9.figshare.27646707,B,"County-level injection capacity; pressure interference, plume geometry, and well count still need reservoir simulation."
county,Hunan,Anren County,0.0,0.0,,,0.0,,,0.0,inf,https://www.nature.com/articles/s41597-025-04875-3; https://doi.org/10.6084/m9.figshare.27646707,B,"County-level injection capacity; pressure interference, plume geometry, and well count still need reservoir simulation."
county,Hunan,Beihu District,0.0,0.0,,,0.0,,,0.0,inf,https://www.nature.com/articles/s41597-025-04875-3; https://doi.org/10.6084/m9.figshare.27646707,B,"County-level injection capacity; pressure interference, plume geometry, and well count still need reservoir simulation."
county,Hunan,Guidong County,0.0,0.0,,,0.0,,,0.0,inf,https://www.nature.com/articles/s41597-025-04875-3; https://doi.org/10.6084/m9.figshare.27646707,B,"County-level injection capacity; pressure interference, plume geometry, and well count still need reservoir simulation."
county,Hunan,Guiyang County,0.0,0.0,,,0.0,,,0.0,inf,https://www.nature.com/articles/s41597-025-04875-3; https://doi.org/10.6084/m9.figshare.27646707,B,"County-level injection capacity; pressure interference, plume geometry, and well count still need reservoir simulation."
county,Hunan,Jiahe County,0.0,0.0,,,0.0,,,0.0,inf,https://www.nature.com/articles/s41597-025-04875-3; https://doi.org/10.6084/m9.figshare.27646707,B,"County-level injection capacity; pressure interference, plume geometry, and well count still need reservoir simulation."
county,Hunan,Linwu County,0.0,0.0,,,0.0,,,0.0,inf,https://www.nature.com/articles/s41597-025-04875-3; https://doi.org/10.6084/m9.figshare.27646707,B,"County-level injection capacity; pressure interference, plume geometry, and well count still need reservoir simulation."
county,Hunan,Rucheng County,0.0,0.0,,,0.0,,,0.0,inf,https://www.nature.com/articles/s41597-025-04875-3; https://doi.org/10.6084/m9.figshare.27646707,B,"County-level injection capacity; pressure interference, plume geometry, and well count still need reservoir simulation."
county,Hunan,Suxian District,0.0,0.0,,,0.0,,,0.0,inf,https://www.nature.com/articles/s41597-025-04875-3; https://doi.org/10.6084/m9.figshare.27646707,B,"County-level injection capacity; pressure interference, plume geometry, and well count still need reservoir simulation."
county,Hunan,Yizhang County,0.0,0.0,,,0.0,,,0.0,inf,https://www.nature.com/articles/s41597-025-04875-3; https://doi.org/10.6084/m9.figshare.27646707,B,"County-level injection capacity; pressure interference, plume geometry, and well count still need reservoir simulation."
county,Hunan,Yongxing County,0.0,0.0,,,0.0,,,0.0,inf,https://www.nature.com/articles/s41597-025-04875-3; https://doi.org/10.6084/m9.figshare.27646707,B,"County-level injection capacity; pressure interference, plume geometry, and well count still need reservoir simulation."
county,Hunan,Zixing City,0.0,0.0,,,0.0,,,0.0,inf,https://www.nature.com/articles/s41597-025-04875-3; https://doi.org/10.6084/m9.figshare.27646707,B,"County-level injection capacity; pressure interference, plume geometry, and well count still need reservoir simulation."
county,Hunan,Changning City,0.0,0.0,,,0.0,,,0.0,inf,https://www.nature.com/articles/s41597-025-04875-3; https://doi.org/10.6084/m9.figshare.27646707,B,"County-level injection capacity; pressure interference, plume geometry, and well count still need reservoir simulation."
county,Hunan,Hengdong County,0.0,0.0,,,0.0,,,0.0,inf,https://www.nature.com/articles/s41597-025-04875-3; https://doi.org/10.6084/m9.figshare.27646707,B,"County-level injection capacity; pressure interference, plume geometry, and well count still need reservoir simulation."
county,Hunan,Hengnan County,0.0,0.0,,,0.0,,,0.0,inf,https://www.nature.com/articles/s41597-025-04875-3; https://doi.org/10.6084/m9.figshare.27646707,B,"County-level injection capacity; pressure interference, plume geometry, and well count still need reservoir simulation."
county,Hunan,Hengshan County,0.0,0.0,,,0.0,,,0.0,inf,https://www.nature.com/articles/s41597-025-04875-3; https://doi.org/10.6084/m9.figshare.27646707,B,"County-level injection capacity; pressure interference, plume geometry, and well count still need reservoir simulation."
county,Hunan,Hengyang County,0.0,0.0,,,0.0,,,0.0,inf,https://www.nature.com/articles/s41597-025-04875-3; https://doi.org/10.6084/m9.figshare.27646707,B,"County-level injection capacity; pressure interference, plume geometry, and well count still need reservoir simulation."
county,Hunan,Leiyang City,0.0,0.0,,,0.0,,,0.0,inf,https://www.nature.com/articles/s41597-025-04875-3; https://doi.org/10.6084/m9.figshare.27646707,B,"County-level injection capacity; pressure interference, plume geometry, and well count still need reservoir simulation."
county,Hunan,Nanyue District,0.0,0.0,,,0.0,,,0.0,inf,https://www.nature.com/articles/s41597-025-04875-3; https://doi.org/10.6084/m9.figshare.27646707,B,"County-level injection capacity; pressure interference, plume geometry, and well count still need reservoir simulation."
county,Hunan,Qidong County,0.0,0.0,,,0.0,,,0.0,inf,https://www.nature.com/articles/s41597-025-04875-3; https://doi.org/10.6084/m9.figshare.27646707,B,"County-level injection capacity; pressure interference, plume geometry, and well count still need reservoir simulation."
county,Hunan,Shigu District,0.0,0.0,,,0.0,,,0.0,inf,https://www.nature.com/articles/s41597-025-04875-3; https://doi.org/10.6084/m9.figshare.27646707,B,"County-level injection capacity; pressure interference, plume geometry, and well count still need reservoir simulation."
county,Hunan,Yanfeng District,0.0,0.0,,,0.0,,,0.0,inf,https://www.nature.com/articles/s41597-025-04875-3; https://doi.org/10.6084/m9.figshare.27646707,B,"County-level injection capacity; pressure interference, plume geometry, and well count still need reservoir simulation."
county,Hunan,Zhengxiang District,0.0,0.0,,,0.0,,,0.0,inf,https://www.nature.com/articles/s41597-025-04875-3; https://doi.org/10.6084/m9.figshare.27646707,B,"County-level injection capacity; pressure interference, plume geometry, and well count still need reservoir simulation."
county,Hunan,Zhuhui District,0.0,0.0,,,0.0,,,0.0,inf,https://www.nature.com/articles/s41597-025-04875-3; https://doi.org/10.6084/m9.figshare.27646707,B,"County-level injection capacity; pressure interference, plume geometry, and well count still need reservoir simulation."
county,Hunan,Chenxi County,0.0,0.0,,,0.0,,,0.0,inf,https://www.nature.com/articles/s41597-025-04875-3; https://doi.org/10.6084/m9.figshare.27646707,B,"County-level injection capacity; pressure interference, plume geometry, and well count still need reservoir simulation."
county,Hunan,Hecheng District,0.0,0.0,,,0.0,,,0.0,inf,https://www.nature.com/articles/s41597-025-04875-3; https://doi.org/10.6084/m9.figshare.27646707,B,"County-level injection capacity; pressure interference, plume geometry, and well count still need reservoir simulation."
county,Hunan,Hongjiang City,0.0,0.0,,,0.0,,,0.0,inf,https://www.nature.com/articles/s41597-025-04875-3; https://doi.org/10.6084/m9.figshare.27646707,B,"County-level injection capacity; pressure interference, plume geometry, and well count still need reservoir simulation."
county,Hunan,Huitong County,0.0,0.0,,,0.0,,,0.0,inf,https://www.nature.com/articles/s41597-025-04875-3; https://doi.org/10.6084/m9.figshare.27646707,B,"County-level injection capacity; pressure interference, plume geometry, and well count still need reservoir simulation."
county,Hunan,Jingzhou Miao and Dong Autonomous County,0.0,0.0,,,0.0,,,0.0,inf,https://www.nature.com/articles/s41597-025-04875-3; https://doi.org/10.6084/m9.figshare.27646707,B,"County-level injection capacity; pressure interference, plume geometry, and well count still need reservoir simulation."
county,Hunan,Mayang Miao Autonomous County,0.0,0.0,,,0.0,,,0.0,inf,https://www.nature.com/articles/s41597-025-04875-3; https://doi.org/10.6084/m9.figshare.27646707,B,"County-level injection capacity; pressure interference, plume geometry, and well count still need reservoir simulation."
county,Hunan,Tongdao Dong Autonomous County,0.0,0.0,,,0.0,,,0.0,inf,https://www.nature.com/articles/s41597-025-04875-3; https://doi.org/10.6084/m9.figshare.27646707,B,"County-level injection capacity; pressure interference, plume geometry, and well count still need reservoir simulation."
county,Hunan,Xinhua Dong Autonomous County,0.0,0.0,,,0.0,,,0.0,inf,https://www.nature.com/articles/s41597-025-04875-3; https://doi.org/10.6084/m9.figshare.27646707,B,"County-level injection capacity; pressure interference, plume geometry, and well count still need reservoir simulation."
county,Hunan,Xupu County,0.0,0.0,,,0.0,,,0.0,inf,https://www.nature.com/articles/s41597-025-04875-3; https://doi.org/10.6084/m9.figshare.27646707,B,"County-level injection capacity; pressure interference, plume geometry, and well count still need reservoir simulation."
county,Hunan,Yuanling County,0.0,0.0,,,0.0,,,0.0,inf,https://www.nature.com/articles/s41597-025-04875-3; https://doi.org/10.6084/m9.figshare.27646707,B,"County-level injection capacity; pressure interference, plume geometry, and well count still need reservoir simulation."
county,Hunan,Zhijiang Dong Autonomous County,0.0,0.0,,,0.0,,,0.0,inf,https://www.nature.com/articles/s41597-025-04875-3; https://doi.org/10.6084/m9.figshare.27646707,B,"County-level injection capacity; pressure interference, plume geometry, and well count still need reservoir simulation."
county,Hunan,Zhongfang County,0.0,0.0,,,0.0,,,0.0,inf,https://www.nature.com/articles/s41597-025-04875-3; https://doi.org/10.6084/m9.figshare.27646707,B,"County-level injection capacity; pressure interference, plume geometry, and well count still need reservoir simulation."
county,Hunan,Lengshuijiang City,0.0,0.0,,,0.0,,,0.0,inf,https://www.nature.com/articles/s41597-025-04875-3; https://doi.org/10.6084/m9.figshare.27646707,B,"County-level injection capacity; pressure interference, plume geometry, and well count still need reservoir simulation."
county,Hunan,Lianyuan City,0.0,0.0,,,0.0,,,0.0,inf,https://www.nature.com/articles/s41597-025-04875-3; https://doi.org/10.6084/m9.figshare.27646707,B,"County-level injection capacity; pressure interference, plume geometry, and well count still need reservoir simulation."
county,Hunan,Loudi City,0.0,0.0,,,0.0,,,0.0,inf,https://www.nature.com/articles/s41597-025-04875-3; https://doi.org/10.6084/m9.figshare.27646707,B,"County-level injection capacity; pressure interference, plume geometry, and well count still need reservoir simulation."
county,Hunan,Shuangfeng County,0.0,0.0,,,0.0,,,0.0,inf,https://www.nature.com/articles/s41597-025-04875-3; https://doi.org/10.6084/m9.figshare.27646707,B,"County-level injection capacity; pressure interference, plume geometry, and well count still need reservoir simulation."
county,Hunan,Xinhua County,0.0,0.0,,,0.0,,,0.0,inf,https://www.nature.com/articles/s41597-025-04875-3; https://doi.org/10.6084/m9.figshare.27646707,B,"County-level injection capacity; pressure interference, plume geometry, and well count still need reservoir simulation."
county,Hunan,Beita District,0.0,0.0,,,0.0,,,0.0,inf,https://www.nature.com/articles/s41597-025-04875-3; https://doi.org/10.6084/m9.figshare.27646707,B,"County-level injection capacity; pressure interference, plume geometry, and well count still need reservoir simulation."
county,Hunan,Chengbu Miao Autonomous County,0.0,0.0,,,0.0,,,0.0,inf,https://www.nature.com/articles/s41597-025-04875-3; https://doi.org/10.6084/m9.figshare.27646707,B,"County-level injection capacity; pressure interference, plume geometry, and well count still need reservoir simulation."
county,Hunan,Daxiang District,0.0,0.0,,,0.0,,,0.0,inf,https://www.nature.com/articles/s41597-025-04875-3; https://doi.org/10.6084/m9.figshare.27646707,B,"County-level injection capacity; pressure interference, plume geometry, and well count still need reservoir simulation."
county,Hunan,Dongkou County,0.0,0.0,,,0.0,,,0.0,inf,https://www.nature.com/articles/s41597-025-04875-3; https://doi.org/10.6084/m9.figshare.27646707,B,"County-level injection capacity; pressure interference, plume geometry, and well count still need reservoir simulation."
county,Hunan,Longhui County,0.0,0.0,,,0.0,,,0.0,inf,https://www.nature.com/articles/s41597-025-04875-3; https://doi.org/10.6084/m9.figshare.27646707,B,"County-level injection capacity; pressure interference, plume geometry, and well count still need reservoir simulation."
county,Hunan,Shaodong City,0.0,0.0,,,0.0,,,0.0,inf,https://www.nature.com/articles/s41597-025-04875-3; https://doi.org/10.6084/m9.figshare.27646707,B,"County-level injection capacity; pressure interference, plume geometry, and well count still need reservoir simulation."
county,Hunan,Shaoyang County,0.0,0.0,,,0.0,,,0.0,inf,https://www.nature.com/articles/s41597-025-04875-3; https://doi.org/10.6084/m9.figshare.27646707,B,"County-level injection capacity; pressure interference, plume geometry, and well count still need reservoir simulation."
county,Hunan,Shuangqing District,0.0,0.0,,,0.0,,,0.0,inf,https://www.nature.com/articles/s41597-025-04875-3; https://doi.org/10.6084/m9.figshare.27646707,B,"County-level injection capacity; pressure interference, plume geometry, and well count still need reservoir simulation."
county,Hunan,Suining County,0.0,0.0,,,0.0,,,0.0,inf,https://www.nature.com/articles/s41597-025-04875-3; https://doi.org/10.6084/m9.figshare.27646707,B,"County-level injection capacity; pressure interference, plume geometry, and well count still need reservoir simulation."
county,Hunan,Wugang City,0.0,0.0,,,0.0,,,0.0,inf,https://www.nature.com/articles/s41597-025-04875-3; https://doi.org/10.6084/m9.figshare.27646707,B,"County-level injection capacity; pressure interference, plume geometry, and well count still need reservoir simulation."
county,Hunan,Xinning County,0.0,0.0,,,0.0,,,0.0,inf,https://www.nature.com/articles/s41597-025-04875-3; https://doi.org/10.6084/m9.figshare.27646707,B,"County-level injection capacity; pressure interference, plume geometry, and well count still need reservoir simulation."
county,Hunan,Xinshao County,0.0,0.0,,,0.0,,,0.0,inf,https://www.nature.com/articles/s41597-025-04875-3; https://doi.org/10.6084/m9.figshare.27646707,B,"County-level injection capacity; pressure interference, plume geometry, and well count still need reservoir simulation."
county,Hunan,Shaoshan City,0.0,0.0,,,0.0,,,0.0,inf,https://www.nature.com/articles/s41597-025-04875-3; https://doi.org/10.6084/m9.figshare.27646707,B,"County-level injection capacity; pressure interference, plume geometry, and well count still need reservoir simulation."
county,Hunan,Xiangtan County,0.0,0.0,,,0.0,,,0.0,inf,https://www.nature.com/articles/s41597-025-04875-3; https://doi.org/10.6084/m9.figshare.27646707,B,"County-level injection capacity; pressure interference, plume geometry, and well count still need reservoir simulation."
county,Hunan,Xiangxiang City,0.0,0.0,,,0.0,,,0.0,inf,https://www.nature.com/articles/s41597-025-04875-3; https://doi.org/10.6084/m9.figshare.27646707,B,"County-level injection capacity; pressure interference, plume geometry, and well count still need reservoir simulation."
county,Hunan,Yuhu District,0.0,0.0,,,0.0,,,0.0,inf,https://www.nature.com/articles/s41597-025-04875-3; https://doi.org/10.6084/m9.figshare.27646707,B,"County-level injection capacity; pressure interference, plume geometry, and well count still need reservoir simulation."
county,Hunan,Yuetang District,0.0,0.0,,,0.0,,,0.0,inf,https://www.nature.com/articles/s41597-025-04875-3; https://doi.org/10.6084/m9.figshare.27646707,B,"County-level injection capacity; pressure interference, plume geometry, and well count still need reservoir simulation."
county,Hunan,Baojing County,0.0,0.0,,,0.0,,,0.0,inf,https://www.nature.com/articles/s41597-025-04875-3; https://doi.org/10.6084/m9.figshare.27646707,B,"County-level injection capacity; pressure interference, plume geometry, and well count still need reservoir simulation."
county,Hunan,Fenghuang County,0.0,0.0,,,0.0,,,0.0,inf,https://www.nature.com/articles/s41597-025-04875-3; https://doi.org/10.6084/m9.figshare.27646707,B,"County-level injection capacity; pressure interference, plume geometry, and well count still need reservoir simulation."
county,Hunan,Guzhang County,0.0,0.0,,,0.0,,,0.0,inf,https://www.nature.com/articles/s41597-025-04875-3; https://doi.org/10.6084/m9.figshare.27646707,B,"County-level injection capacity; pressure interference, plume geometry, and well count still need reservoir simulation."
county,Hunan,Huayuan County,0.0,0.0,,,0.0,,,0.0,inf,https://www.nature.com/articles/s41597-025-04875-3; https://doi.org/10.6084/m9.figshare.27646707,B,"County-level injection capacity; pressure interference, plume geometry, and well count still need reservoir simulation."
county,Hunan,Jishou City,0.0,0.0,,,0.0,,,0.0,inf,https://www.nature.com/articles/s41597-025-04875-3; https://doi.org/10.6084/m9.figshare.27646707,B,"County-level injection capacity; pressure interference, plume geometry, and well count still need reservoir simulation."
county,Hunan,Longshan County,0.0,0.0,,,0.0,,,0.0,inf,https://www.nature.com/articles/s41597-025-04875-3; https://doi.org/10.6084/m9.figshare.27646707,B,"County-level injection capacity; pressure interference, plume geometry, and well count still need reservoir simulation."
county,Hunan,Luxi County,0.0,0.0,,,0.0,,,0.0,inf,https://www.nature.com/articles/s41597-025-04875-3; https://doi.org/10.6084/m9.figshare.27646707,B,"County-level injection capacity; pressure interference, plume geometry, and well count still need reservoir simulation."
county,Hunan,Yongshun County,0.0,0.0,,,0.0,,,0.0,inf,https://www.nature.com/articles/s41597-025-04875-3; https://doi.org/10.6084/m9.figshare.27646707,B,"County-level injection capacity; pressure interference, plume geometry, and well count still need reservoir simulation."
county,Hunan,Anhua County,0.0,0.0,,,0.0,,,0.0,inf,https://www.nature.com/articles/s41597-025-04875-3; https://doi.org/10.6084/m9.figshare.27646707,B,"County-level injection capacity; pressure interference, plume geometry, and well count still need reservoir simulation."
county,Hunan,Heshan District,0.0,0.0,,,0.0,,,0.0,inf,https://www.nature.com/articles/s41597-025-04875-3; https://doi.org/10.6084/m9.figshare.27646707,B,"County-level injection capacity; pressure interference, plume geometry, and well count still need reservoir simulation."
county,Hunan,Nan County,0.0,0.0,,,0.0,,,0.0,inf,https://www.nature.com/articles/s41597-025-04875-3; https://doi.org/10.6084/m9.figshare.27646707,B,"County-level injection capacity; pressure interference, plume geometry, and well count still need reservoir simulation."
county,Hunan,Taojiang County,0.0,0.0,,,0.0,,,0.0,inf,https://www.nature.com/articles/s41597-025-04875-3; https://doi.org/10.6084/m9.figshare.27646707,B,"County-level injection capacity; pressure interference, plume geometry, and well count still need reservoir simulation."
county,Hunan,Yuanjiang City,0.0,0.0,,,0.0,,,0.0,inf,https://www.nature.com/articles/s41597-025-04875-3; https://doi.org/10.6084/m9.figshare.27646707,B,"County-level injection capacity; pressure interference, plume geometry, and well count still need reservoir simulation."
county,Hunan,Ziyang District,0.0,0.0,,,0.0,,,0.0,inf,https://www.nature.com/articles/s41597-025-04875-3; https://doi.org/10.6084/m9.figshare.27646707,B,"County-level injection capacity; pressure interference, plume geometry, and well count still need reservoir simulation."
county,Hunan,Dao County,0.0,0.0,,,0.0,,,0.0,inf,https://www.nature.com/articles/s41597-025-04875-3; https://doi.org/10.6084/m9.figshare.27646707,B,"County-level injection capacity; pressure interference, plume geometry, and well count still need reservoir simulation."
county,Hunan,Dong'an County,0.0,0.0,,,0.0,,,0.0,inf,https://www.nature.com/articles/s41597-025-04875-3; https://doi.org/10.6084/m9.figshare.27646707,B,"County-level injection capacity; pressure interference, plume geometry, and well count still need reservoir simulation."
county,Hunan,Jianghua Yao Autonomous County,0.0,0.0,,,0.0,,,0.0,inf,https://www.nature.com/articles/s41597-025-04875-3; https://doi.org/10.6084/m9.figshare.27646707,B,"County-level injection capacity; pressure interference, plume geometry, and well count still need reservoir simulation."
county,Hunan,Jiangyong County,0.0,0.0,,,0.0,,,0.0,inf,https://www.nature.com/articles/s41597-025-04875-3; https://doi.org/10.6084/m9.figshare.27646707,B,"County-level injection capacity; pressure interference, plume geometry, and well count still need reservoir simulation."
county,Hunan,Lanshan County,0.0,0.0,,,0.0,,,0.0,inf,https://www.nature.com/articles/s41597-025-04875-3; https://doi.org/10.6084/m9.figshare.27646707,B,"County-level injection capacity; pressure interference, plume geometry, and well count still need reservoir simulation."
county,Hunan,Lengshuitan District,0.0,0.0,,,0.0,,,0.0,inf,https://www.nature.com/articles/s41597-025-04875-3; https://doi.org/10.6084/m9.figshare.27646707,B,"County-level injection capacity; pressure interference, plume geometry, and well count still need reservoir simulation."
county,Hunan,Lingling District,0.0,0.0,,,0.0,,,0.0,inf,https://www.nature.com/articles/s41597-025-04875-3; https://doi.org/10.6084/m9.figshare.27646707,B,"County-level injection capacity; pressure interference, plume geometry, and well count still need reservoir simulation."
county,Hunan,Ningyuan County,0.0,0.0,,,0.0,,,0.0,inf,https://www.nature.com/articles/s41597-025-04875-3; https://doi.org/10.6084/m9.figshare.27646707,B,"County-level injection capacity; pressure interference, plume geometry, and well count still need reservoir simulation."
county,Hunan,Qiyang City,0.0,0.0,,,0.0,,,0.0,inf,https://www.nature.com/articles/s41597-025-04875-3; https://doi.org/10.6084/m9.figshare.27646707,B,"County-level injection capacity; pressure interference, plume geometry, and well count still need reservoir simulation."
county,Hunan,Shuangpai County,0.0,0.0,,,0.0,,,0.0,inf,https://www.nature.com/articles/s41597-025-04875-3; https://doi.org/10.6084/m9.figshare.27646707,B,"County-level injection capacity; pressure interference, plume geometry, and well count still need reservoir simulation."
county,Hunan,Xintian County,0.0,0.0,,,0.0,,,0.0,inf,https://www.nature.com/articles/s41597-025-04875-3; https://doi.org/10.6084/m9.figshare.27646707,B,"County-level injection capacity; pressure interference, plume geometry, and well count still need reservoir simulation."
county,Hunan,Huarong County,0.0,0.0,,,0.0,,,0.0,inf,https://www.nature.com/articles/s41597-025-04875-3; https://doi.org/10.6084/m9.figshare.27646707,B,"County-level injection capacity; pressure interference, plume geometry, and well count still need reservoir simulation."
county,Hunan,Junshan District,0.0,0.0,,,0.0,,,0.0,inf,https://www.nature.com/articles/s41597-025-04875-3; https://doi.org/10.6084/m9.figshare.27646707,B,"County-level injection capacity; pressure interference, plume geometry, and well count still need reservoir simulation."
county,Hunan,Linxiang City,0.0,0.0,,,0.0,,,0.0,inf,https://www.nature.com/articles/s41597-025-04875-3; https://doi.org/10.6084/m9.figshare.27646707,B,"County-level injection capacity; pressure interference, plume geometry, and well count still need reservoir simulation."
county,Hunan,Miluo City,0.0,0.0,,,0.0,,,0.0,inf,https://www.nature.com/articles/s41597-025-04875-3; https://doi.org/10.6084/m9.figshare.27646707,B,"County-level injection capacity; pressure interference, plume geometry, and well count still need reservoir simulation."
county,Hunan,Pingjiang County,0.0,0.0,,,0.0,,,0.0,inf,https://www.nature.com/articles/s41597-025-04875-3; https://doi.org/10.6084/m9.figshare.27646707,B,"County-level injection capacity; pressure interference, plume geometry, and well count still need reservoir simulation."
county,Hunan,Xiangyin County,0.0,0.0,,,0.0,,,0.0,inf,https://www.nature.com/articles/s41597-025-04875-3; https://doi.org/10.6084/m9.figshare.27646707,B,"County-level injection capacity; pressure interference, plume geometry, and well count still need reservoir simulation."
county,Hunan,Yueyanglou District,0.0,0.0,,,0.0,,,0.0,inf,https://www.nature.com/articles/s41597-025-04875-3; https://doi.org/10.6084/m9.figshare.27646707,B,"County-level injection capacity; pressure interference, plume geometry, and well count still need reservoir simulation."
county,Hunan,Yueyang County,0.0,0.0,,,0.0,,,0.0,inf,https://www.nature.com/articles/s41597-025-04875-3; https://doi.org/10.6084/m9.figshare.27646707,B,"County-level injection capacity; pressure interference, plume geometry, and well count still need reservoir simulation."
county,Hunan,Yunxi District,0.0,0.0,,,0.0,,,0.0,inf,https://www.nature.com/articles/s41597-025-04875-3; https://doi.org/10.6084/m9.figshare.27646707,B,"County-level injection capacity; pressure interference, plume geometry, and well count still need reservoir simulation."
county,Hunan,Cili County,0.0,0.0,,,0.0,,,0.0,inf,https://www.nature.com/articles/s41597-025-04875-3; https://doi.org/10.6084/m9.figshare.27646707,B,"County-level injection capacity; pressure interference, plume geometry, and well count still need reservoir simulation."
county,Hunan,Sangzhi County,0.0,0.0,,,0.0,,,0.0,inf,https://www.nature.com/articles/s41597-025-04875-3; https://doi.org/10.6084/m9.figshare.27646707,B,"County-level injection capacity; pressure interference, plume geometry, and well count still need reservoir simulation."
county,Hunan,Wulingyuan District,0.0,0.0,,,0.0,,,0.0,inf,https://www.nature.com/articles/s41597-025-04875-3; https://doi.org/10.6084/m9.figshare.27646707,B,"County-level injection capacity; pressure interference, plume geometry, and well count still need reservoir simulation."
county,Hunan,Yongding District,0.0,0.0,,,0.0,,,0.0,inf,https://www.nature.com/articles/s41597-025-04875-3; https://doi.org/10.6084/m9.figshare.27646707,B,"County-level injection capacity; pressure interference, plume geometry, and well count still need reservoir simulation."
county,Hunan,Furong District,0.0,0.0,,,0.0,,,0.0,inf,https://www.nature.com/articles/s41597-025-04875-3; https://doi.org/10.6084/m9.figshare.27646707,B,"County-level injection capacity; pressure interference, plume geometry, and well count still need reservoir simulation."
county,Hunan,Kaifu District,0.0,0.0,,,0.0,,,0.0,inf,https://www.nature.com/articles/s41597-025-04875-3; https://doi.org/10.6084/m9.figshare.27646707,B,"County-level injection capacity; pressure interference, plume geometry, and well count still need reservoir simulation."
county,Hunan,Liuyang City,0.0,0.0,,,0.0,,,0.0,inf,https://www.nature.com/articles/s41597-025-04875-3; https://doi.org/10.6084/m9.figshare.27646707,B,"County-level injection capacity; pressure interference, plume geometry, and well count still need reservoir simulation."
county,Hunan,Ningxiang City,0.0,0.0,,,0.0,,,0.0,inf,https://www.nature.com/articles/s41597-025-04875-3; https://doi.org/10.6084/m9.figshare.27646707,B,"County-level injection capacity; pressure interference, plume geometry, and well count still need reservoir simulation."
county,Hunan,Tianxin District,0.0,0.0,,,0.0,,,0.0,inf,https://www.nature.com/articles/s41597-025-04875-3; https://doi.org/10.6084/m9.figshare.27646707,B,"County-level injection capacity; pressure interference, plume geometry, and well count still need reservoir simulation."
county,Hunan,Wangcheng District,0.0,0.0,,,0.0,,,0.0,inf,https://www.nature.com/articles/s41597-025-04875-3; https://doi.org/10.6084/m9.figshare.27646707,B,"County-level injection capacity; pressure interference, plume geometry, and well count still need reservoir simulation."
county,Hunan,Yuhua District,0.0,0.0,,,0.0,,,0.0,inf,https://www.nature.com/articles/s41597-025-04875-3; https://doi.org/10.6084/m9.figshare.27646707,B,"County-level injection capacity; pressure interference, plume geometry, and well count still need reservoir simulation."
county,Hunan,Yuelu District,0.0,0.0,,,0.0,,,0.0,inf,https://www.nature.com/articles/s41597-025-04875-3; https://doi.org/10.6084/m9.figshare.27646707,B,"County-level injection capacity; pressure interference, plume geometry, and well count still need reservoir simulation."
county,Hunan,Changsha County,0.0,0.0,,,0.0,,,0.0,inf,https://www.nature.com/articles/s41597-025-04875-3; https://doi.org/10.6084/m9.figshare.27646707,B,"County-level injection capacity; pressure interference, plume geometry, and well count still need reservoir simulation."
county,Hunan,Chaling County,0.0,0.0,,,0.0,,,0.0,inf,https://www.nature.com/articles/s41597-025-04875-3; https://doi.org/10.6084/m9.figshare.27646707,B,"County-level injection capacity; pressure interference, plume geometry, and well count still need reservoir simulation."
county,Hunan,Hetang District,0.0,0.0,,,0.0,,,0.0,inf,https://www.nature.com/articles/s41597-025-04875-3; https://doi.org/10.6084/m9.figshare.27646707,B,"County-level injection capacity; pressure interference, plume geometry, and well count still need reservoir simulation."
county,Hunan,Liling City,0.0,0.0,,,0.0,,,0.0,inf,https://www.nature.com/articles/s41597-025-04875-3; https://doi.org/10.6084/m9.figshare.27646707,B,"County-level injection capacity; pressure interference, plume geometry, and well count still need reservoir simulation."
county,Hunan,Lusong District,0.0,0.0,,,0.0,,,0.0,inf,https://www.nature.com/articles/s41597-025-04875-3; https://doi.org/10.6084/m9.figshare.27646707,B,"County-level injection capacity; pressure interference, plume geometry, and well count still need reservoir simulation."
county,Hunan,Lukou District,0.0,0.0,,,0.0,,,0.0,inf,https://www.nature.com/articles/s41597-025-04875-3; https://doi.org/10.6084/m9.figshare.27646707,B,"County-level injection capacity; pressure interference, plume geometry, and well count still need reservoir simulation."
county,Hunan,Shifeng District,0.0,0.0,,,0.0,,,0.0,inf,https://www.nature.com/articles/s41597-025-04875-3; https://doi.org/10.6084/m9.figshare.27646707,B,"County-level injection capacity; pressure interference, plume geometry, and well count still need reservoir simulation."
county,Hunan,Tianyuan District,0.0,0.0,,,0.0,,,0.0,inf,https://www.nature.com/articles/s41597-025-04875-3; https://doi.org/10.6084/m9.figshare.27646707,B,"County-level injection capacity; pressure interference, plume geometry, and well count still need reservoir simulation."
county,Hunan,Yanling County,0.0,0.0,,,0.0,,,0.0,inf,https://www.nature.com/articles/s41597-025-04875-3; https://doi.org/10.6084/m9.figshare.27646707,B,"County-level injection capacity; pressure interference, plume geometry, and well count still need reservoir simulation."
county,Hunan,Youxian County,0.0,0.0,,,0.0,,,0.0,inf,https://www.nature.com/articles/s41597-025-04875-3; https://doi.org/10.6084/m9.figshare.27646707,B,"County-level injection capacity; pressure interference, plume geometry, and well count still need reservoir simulation."
county,Jilin,Da 'an City,5690.58,0.75,,,0.45,,,1.2,4742.150000000001,https://www.nature.com/articles/s41597-025-04875-3; https://doi.org/10.6084/m9.figshare.27646707,B,"County-level injection capacity; pressure interference, plume geometry, and well count still need reservoir simulation."
county,Jilin,Taobei District,624.69,0.26,,,0.0,,,0.26,2402.653846153846,https://www.nature.com/articles/s41597-025-04875-3; https://doi.org/10.6084/m9.figshare.27646707,B,"County-level injection capacity; pressure interference, plume geometry, and well count still need reservoir simulation."
county,Jilin,Taonan City,589.05,0.26,,,0.0,,,0.26,2265.576923076923,https://www.nature.com/articles/s41597-025-04875-3; https://doi.org/10.6084/m9.figshare.27646707,B,"County-level injection capacity; pressure interference, plume geometry, and well count still need reservoir simulation."
county,Jilin,Tongyu County,1641.97,0.82,,,0.0,,,0.82,2002.4024390243903,https://www.nature.com/articles/s41597-025-04875-3; https://doi.org/10.6084/m9.figshare.27646707,B,"County-level injection capacity; pressure interference, plume geometry, and well count still need reservoir simulation."
county,Jilin,Zhenlai County,4402.59,0.76,,,55.77,,,56.53,77.88059437466832,https://www.nature.com/articles/s41597-025-04875-3; https://doi.org/10.6084/m9.figshare.27646707,B,"County-level injection capacity; pressure interference, plume geometry, and well count still need reservoir simulation."
county,Jilin,Fusong County,0.0,0.0,,,0.0,,,0.0,inf,https://www.nature.com/articles/s41597-025-04875-3; https://doi.org/10.6084/m9.figshare.27646707,B,"County-level injection capacity; pressure interference, plume geometry, and well count still need reservoir simulation."
county,Jilin,Hunjiang District,0.0,0.0,,,0.0,,,0.0,inf,https://www.nature.com/articles/s41597-025-04875-3; https://doi.org/10.6084/m9.figshare.27646707,B,"County-level injection capacity; pressure interference, plume geometry, and well count still need reservoir simulation."
county,Jilin,Jiangyuan District,0.0,0.0,,,0.0,,,0.0,inf,https://www.nature.com/articles/s41597-025-04875-3; https://doi.org/10.6084/m9.figshare.27646707,B,"County-level injection capacity; pressure interference, plume geometry, and well count still need reservoir simulation."
county,Jilin,Jingyu County,0.0,0.0,,,0.0,,,0.0,inf,https://www.nature.com/articles/s41597-025-04875-3; https://doi.org/10.6084/m9.figshare.27646707,B,"County-level injection capacity; pressure interference, plume geometry, and well count still need reservoir simulation."
county,Jilin,Linjiang City,0.0,0.0,,,0.0,,,0.0,inf,https://www.nature.com/articles/s41597-025-04875-3; https://doi.org/10.6084/m9.figshare.27646707,B,"County-level injection capacity; pressure interference, plume geometry, and well count still need reservoir simulation."
county,Jilin,Changbai Korean Autonomous County,0.0,0.0,,,0.0,,,0.0,inf,https://www.nature.com/articles/s41597-025-04875-3; https://doi.org/10.6084/m9.figshare.27646707,B,"County-level injection capacity; pressure interference, plume geometry, and well count still need reservoir simulation."
county,Jilin,Changyi District,0.0,0.0,,,0.0,,,0.0,inf,https://www.nature.com/articles/s41597-025-04875-3; https://doi.org/10.6084/m9.figshare.27646707,B,"County-level injection capacity; pressure interference, plume geometry, and well count still need reservoir simulation."
county,Jilin,Funying District,0.0,0.0,,,0.0,,,0.0,inf,https://www.nature.com/articles/s41597-025-04875-3; https://doi.org/10.6084/m9.figshare.27646707,B,"County-level injection capacity; pressure interference, plume geometry, and well count still need reservoir simulation."
county,Jilin,Fengman District,0.0,0.0,,,0.0,,,0.0,inf,https://www.nature.com/articles/s41597-025-04875-3; https://doi.org/10.6084/m9.figshare.27646707,B,"County-level injection capacity; pressure interference, plume geometry, and well count still need reservoir simulation."
county,Jilin,Huadian City,0.0,0.0,,,0.0,,,0.0,inf,https://www.nature.com/articles/s41597-025-04875-3; https://doi.org/10.6084/m9.figshare.27646707,B,"County-level injection capacity; pressure interference, plume geometry, and well count still need reservoir simulation."
county,Jilin,Jiaohe City,0.0,0.0,,,0.0,,,0.0,inf,https://www.nature.com/articles/s41597-025-04875-3; https://doi.org/10.6084/m9.figshare.27646707,B,"County-level injection capacity; pressure interference, plume geometry, and well count still need reservoir simulation."
county,Jilin,Longtan District,0.0,0.0,,,0.0,,,0.0,inf,https://www.nature.com/articles/s41597-025-04875-3; https://doi.org/10.6084/m9.figshare.27646707,B,"County-level injection capacity; pressure interference, plume geometry, and well count still need reservoir simulation."
county,Jilin,Panshi City,0.0,0.0,,,0.0,,,0.0,inf,https://www.nature.com/articles/s41597-025-04875-3; https://doi.org/10.6084/m9.figshare.27646707,B,"County-level injection capacity; pressure interference, plume geometry, and well count still need reservoir simulation."
county,Jilin,Shulan City,160.35,0.41,,,0.0,,,0.41,391.0975609756098,https://www.nature.com/articles/s41597-025-04875-3; https://doi.org/10.6084/m9.figshare.27646707,B,"County-level injection capacity; pressure interference, plume geometry, and well count still need reservoir simulation."
county,Jilin,Yongji County,2.2,0.0,,,0.0,,,0.0,inf,https://www.nature.com/articles/s41597-025-04875-3; https://doi.org/10.6084/m9.figshare.27646707,B,"County-level injection capacity; pressure interference, plume geometry, and well count still need reservoir simulation."
county,Jilin,Dongfeng County,0.0,0.0,,,0.0,,,0.0,inf,https://www.nature.com/articles/s41597-025-04875-3; https://doi.org/10.6084/m9.figshare.27646707,B,"County-level injection capacity; pressure interference, plume geometry, and well count still need reservoir simulation."
county,Jilin,Dongliao County,0.0,0.0,,,0.0,,,0.0,inf,https://www.nature.com/articles/s41597-025-04875-3; https://doi.org/10.6084/m9.figshare.27646707,B,"County-level injection capacity; pressure interference, plume geometry, and well count still need reservoir simulation."
county,Jilin,Longshan District,0.0,0.0,,,0.0,,,0.0,inf,https://www.nature.com/articles/s41597-025-04875-3; https://doi.org/10.6084/m9.figshare.27646707,B,"County-level injection capacity; pressure interference, plume geometry, and well count still need reservoir simulation."
county,Jilin,Xi'an District,0.0,0.0,,,0.0,,,0.0,inf,https://www.nature.com/articles/s41597-025-04875-3; https://doi.org/10.6084/m9.figshare.27646707,B,"County-level injection capacity; pressure interference, plume geometry, and well count still need reservoir simulation."
county,Jilin,Lishu County,1143.77,0.56,,,0.0,,,0.56,2042.4464285714284,https://www.nature.com/articles/s41597-025-04875-3; https://doi.org/10.6084/m9.figshare.27646707,B,"County-level injection capacity; pressure interference, plume geometry, and well count still need reservoir simulation."
county,Jilin,Shuangliao City,595.87,0.38,,,0.0,,,0.38,1568.078947368421,https://www.nature.com/articles/s41597-025-04875-3; https://doi.org/10.6084/m9.figshare.27646707,B,"County-level injection capacity; pressure interference, plume geometry, and well count still need reservoir simulation."
county,Jilin,Tiedong District,8.7,0.07,,,0.0,,,0.07,124.28571428571426,https://www.nature.com/articles/s41597-025-04875-3; https://doi.org/10.6084/m9.figshare.27646707,B,"County-level injection capacity; pressure interference, plume geometry, and well count still need reservoir simulation."
county,Jilin,Yitong Manzu autonomous County,41.95,0.07,,,0.03,,,0.1,419.5,https://www.nature.com/articles/s41597-025-04875-3; https://doi.org/10.6084/m9.figshare.27646707,B,"County-level injection capacity; pressure interference, plume geometry, and well count still need reservoir simulation."
county,Jilin,Fuyu City,2556.0,0.5,,,0.0,,,0.5,5112.0,https://www.nature.com/articles/s41597-025-04875-3; https://doi.org/10.6084/m9.figshare.27646707,B,"County-level injection capacity; pressure interference, plume geometry, and well count still need reservoir simulation."
county,Jilin,Ningjiang District,1125.48,0.54,,,14.24,,,14.780000000000001,76.148849797023,https://www.nature.com/articles/s41597-025-04875-3; https://doi.org/10.6084/m9.figshare.27646707,B,"County-level injection capacity; pressure interference, plume geometry, and well count still need reservoir simulation."
county,Jilin,Mongolian Autonomous County of Qian Gorlos,6416.35,1.08,,,14.24,,,15.32,418.82180156657967,https://www.nature.com/articles/s41597-025-04875-3; https://doi.org/10.6084/m9.figshare.27646707,B,"County-level injection capacity; pressure interference, plume geometry, and well count still need reservoir simulation."
county,Jilin,Qian'an County,4234.04,0.98,,,14.24,,,15.22,278.18922470433637,https://www.nature.com/articles/s41597-025-04875-3; https://doi.org/10.6084/m9.figshare.27646707,B,"County-level injection capacity; pressure interference, plume geometry, and well count still need reservoir simulation."
county,Jilin,Changling County,4076.83,0.98,,,0.0,,,0.98,4160.030612244898,https://www.nature.com/articles/s41597-025-04875-3; https://doi.org/10.6084/m9.figshare.27646707,B,"County-level injection capacity; pressure interference, plume geometry, and well count still need reservoir simulation."
county,Jilin,Dongchang District,0.0,0.0,,,0.0,,,0.0,inf,https://www.nature.com/articles/s41597-025-04875-3; https://doi.org/10.6084/m9.figshare.27646707,B,"County-level injection capacity; pressure interference, plume geometry, and well count still need reservoir simulation."
county,Jilin,Erdaojiang District,0.0,0.0,,,0.0,,,0.0,inf,https://www.nature.com/articles/s41597-025-04875-3; https://doi.org/10.6084/m9.figshare.27646707,B,"County-level injection capacity; pressure interference, plume geometry, and well count still need reservoir simulation."
county,Jilin,Huinan County,0.0,0.0,,,0.0,,,0.0,inf,https://www.nature.com/articles/s41597-025-04875-3; https://doi.org/10.6084/m9.figshare.27646707,B,"County-level injection capacity; pressure interference, plume geometry, and well count still need reservoir simulation."
county,Jilin,Ji'an City,0.0,0.0,,,0.0,,,0.0,inf,https://www.nature.com/articles/s41597-025-04875-3; https://doi.org/10.6084/m9.figshare.27646707,B,"County-level injection capacity; pressure interference, plume geometry, and well count still need reservoir simulation."
county,Jilin,Liuhe County,0.0,0.0,,,0.0,,,0.0,inf,https://www.nature.com/articles/s41597-025-04875-3; https://doi.org/10.6084/m9.figshare.27646707,B,"County-level injection capacity; pressure interference, plume geometry, and well count still need reservoir simulation."
county,Jilin,Meihekou City,0.0,0.0,,,0.0,,,0.0,inf,https://www.nature.com/articles/s41597-025-04875-3; https://doi.org/10.6084/m9.figshare.27646707,B,"County-level injection capacity; pressure interference, plume geometry, and well count still need reservoir simulation."
county,Jilin,Tonghua County,0.0,0.0,,,0.0,,,0.0,inf,https://www.nature.com/articles/s41597-025-04875-3; https://doi.org/10.6084/m9.figshare.27646707,B,"County-level injection capacity; pressure interference, plume geometry, and well count still need reservoir simulation."
county,Jilin,Antu County,0.0,0.0,,,0.0,,,0.0,inf,https://www.nature.com/articles/s41597-025-04875-3; https://doi.org/10.6084/m9.figshare.27646707,B,"County-level injection capacity; pressure interference, plume geometry, and well count still need reservoir simulation."
county,Jilin,Dunhua City,0.0,0.0,,,0.0,,,0.0,inf,https://www.nature.com/articles/s41597-025-04875-3; https://doi.org/10.6084/m9.figshare.27646707,B,"County-level injection capacity; pressure interference, plume geometry, and well count still need reservoir simulation."
county,Jilin,Hualong City,0.0,0.0,,,0.0,,,0.0,inf,https://www.nature.com/articles/s41597-025-04875-3; https://doi.org/10.6084/m9.figshare.27646707,B,"County-level injection capacity; pressure interference, plume geometry, and well count still need reservoir simulation."
county,Jilin,Hunchun City,0.0,0.0,,,0.0,,,0.0,inf,https://www.nature.com/articles/s41597-025-04875-3; https://doi.org/10.6084/m9.figshare.27646707,B,"County-level injection capacity; pressure interference, plume geometry, and well count still need reservoir simulation."
county,Jilin,Longjing City,0.0,0.0,,,0.0,,,0.0,inf,https://www.nature.com/articles/s41597-025-04875-3; https://doi.org/10.6084/m9.figshare.27646707,B,"County-level injection capacity; pressure interference, plume geometry, and well count still need reservoir simulation."
county,Jilin,Tumen City,0.0,0.0,,,0.0,,,0.0,inf,https://www.nature.com/articles/s41597-025-04875-3; https://doi.org/10.6084/m9.figshare.27646707,B,"County-level injection capacity; pressure interference, plume geometry, and well count still need reservoir simulation."
county,Jilin,Wangqing County,0.0,0.0,,,0.0,,,0.0,inf,https://www.nature.com/articles/s41597-025-04875-3; https://doi.org/10.6084/m9.figshare.27646707,B,"County-level injection capacity; pressure interference, plume geometry, and well count still need reservoir simulation."
county,Jilin,Yanji City,0.0,0.0,,,0.0,,,0.0,inf,https://www.nature.com/articles/s41597-025-04875-3; https://doi.org/10.6084/m9.figshare.27646707,B,"County-level injection capacity; pressure interference, plume geometry, and well count still need reservoir simulation."
county,Jilin,Chaoyang District,48.07,0.07,,,0.0,,,0.07,686.7142857142857,https://www.nature.com/articles/s41597-025-04875-3; https://doi.org/10.6084/m9.figshare.27646707,B,"County-level injection capacity; pressure interference, plume geometry, and well count still need reservoir simulation."
county,Jilin,Dehui City,1437.85,0.11,,,0.0,,,0.11,13071.363636363636,https://www.nature.com/articles/s41597-025-04875-3; https://doi.org/10.6084/m9.figshare.27646707,B,"County-level injection capacity; pressure interference, plume geometry, and well count still need reservoir simulation."
county,Jilin,Erdao District,50.73,0.02,,,0.0,,,0.02,2536.5,https://www.nature.com/articles/s41597-025-04875-3; https://doi.org/10.6084/m9.figshare.27646707,B,"County-level injection capacity; pressure interference, plume geometry, and well count still need reservoir simulation."
county,Jilin,Gongzhuling City,1749.06,0.56,,,0.3,,,0.8600000000000001,2033.7906976744182,https://www.nature.com/articles/s41597-025-04875-3; https://doi.org/10.6084/m9.figshare.27646707,B,"County-level injection capacity; pressure interference, plume geometry, and well count still need reservoir simulation."
county,Jilin,Jiutai District,621.64,0.07,,,0.0,,,0.07,8880.571428571428,https://www.nature.com/articles/s41597-025-04875-3; https://doi.org/10.6084/m9.figshare.27646707,B,"County-level injection capacity; pressure interference, plume geometry, and well count still need reservoir simulation."
county,Jilin,Kuancheng District,478.13,0.11,,,0.0,,,0.11,4346.636363636364,https://www.nature.com/articles/s41597-025-04875-3; https://doi.org/10.6084/m9.figshare.27646707,B,"County-level injection capacity; pressure interference, plume geometry, and well count still need reservoir simulation."
county,Jilin,Lvyuan District,112.09,0.05,,,0.0,,,0.05,2241.7999999999997,https://www.nature.com/articles/s41597-025-04875-3; https://doi.org/10.6084/m9.figshare.27646707,B,"County-level injection capacity; pressure interference, plume geometry, and well count still need reservoir simulation."
county,Jilin,Nanguan District,59.43,0.07,,,0.0,,,0.07,848.9999999999999,https://www.nature.com/articles/s41597-025-04875-3; https://doi.org/10.6084/m9.figshare.27646707,B,"County-level injection capacity; pressure interference, plume geometry, and well count still need reservoir simulation."
county,Jilin,Nong'an County,2748.6,0.47,,,14.24,,,14.71,186.8524813052345,https://www.nature.com/articles/s41597-025-04875-3; https://doi.org/10.6084/m9.figshare.27646707,B,"County-level injection capacity; pressure interference, plume geometry, and well count still need reservoir simulation."
county,Jilin,Shuangyang District,3.89,0.0,,,0.0,,,0.0,inf,https://www.nature.com/articles/s41597-025-04875-3; https://doi.org/10.6084/m9.figshare.27646707,B,"County-level injection capacity; pressure interference, plume geometry, and well count still need reservoir simulation."
county,Jilin,Yushu City,2975.54,0.97,,,0.0,,,0.97,3067.5670103092784,https://www.nature.com/articles/s41597-025-04875-3; https://doi.org/10.6084/m9.figshare.27646707,B,"County-level injection capacity; pressure interference, plume geometry, and well count still need reservoir simulation."
county,Jiangsu,Jintan District,0.0,0.0,,,0.0,,,0.0,inf,https://www.nature.com/articles/s41597-025-04875-3; https://doi.org/10.6084/m9.figshare.27646707,B,"County-level injection capacity; pressure interference, plume geometry, and well count still need reservoir simulation."
county,Jiangsu,Liyang City,0.0,0.0,,,0.0,,,0.0,inf,https://www.nature.com/articles/s41597-025-04875-3; https://doi.org/10.6084/m9.figshare.27646707,B,"County-level injection capacity; pressure interference, plume geometry, and well count still need reservoir simulation."
county,Jiangsu,Tianning District,0.0,0.0,,,0.0,,,0.0,inf,https://www.nature.com/articles/s41597-025-04875-3; https://doi.org/10.6084/m9.figshare.27646707,B,"County-level injection capacity; pressure interference, plume geometry, and well count still need reservoir simulation."
county,Jiangsu,Wujin District,0.0,0.0,,,0.0,,,0.0,inf,https://www.nature.com/articles/s41597-025-04875-3; https://doi.org/10.6084/m9.figshare.27646707,B,"County-level injection capacity; pressure interference, plume geometry, and well count still need reservoir simulation."
county,Jiangsu,Xinbei District,0.0,0.0,,,0.0,,,0.0,inf,https://www.nature.com/articles/s41597-025-04875-3; https://doi.org/10.6084/m9.figshare.27646707,B,"County-level injection capacity; pressure interference, plume geometry, and well count still need reservoir simulation."
county,Jiangsu,Zhonglou District,0.0,0.0,,,0.0,,,0.0,inf,https://www.nature.com/articles/s41597-025-04875-3; https://doi.org/10.6084/m9.figshare.27646707,B,"County-level injection capacity; pressure interference, plume geometry, and well count still need reservoir simulation."
county,Jiangsu,Hongze District,1397.52,7.95,,,4.55,,,12.5,111.8016,https://www.nature.com/articles/s41597-025-04875-3; https://doi.org/10.6084/m9.figshare.27646707,B,"County-level injection capacity; pressure interference, plume geometry, and well count still need reservoir simulation."
county,Jiangsu,Huai'an District,1797.24,8.99,,,0.0,,,8.99,199.9154616240267,https://www.nature.com/articles/s41597-025-04875-3; https://doi.org/10.6084/m9.figshare.27646707,B,"County-level injection capacity; pressure interference, plume geometry, and well count still need reservoir simulation."
county,Jiangsu,Huaiyin District,306.51,6.79,,,0.0,,,6.79,45.14138438880707,https://www.nature.com/articles/s41597-025-04875-3; https://doi.org/10.6084/m9.figshare.27646707,B,"County-level injection capacity; pressure interference, plume geometry, and well count still need reservoir simulation."
county,Jiangsu,Jinhu County,2440.13,17.54,,,13.19,,,30.729999999999997,79.40546697038725,https://www.nature.com/articles/s41597-025-04875-3; https://doi.org/10.6084/m9.figshare.27646707,B,"County-level injection capacity; pressure interference, plume geometry, and well count still need reservoir simulation."
county,Jiangsu,Lianshui County,1119.6,8.3,,,0.0,,,8.3,134.89156626506022,https://www.nature.com/articles/s41597-025-04875-3; https://doi.org/10.6084/m9.figshare.27646707,B,"County-level injection capacity; pressure interference, plume geometry, and well count still need reservoir simulation."
county,Jiangsu,Qingjiangpu District,429.18,6.79,,,0.0,,,6.79,63.207658321060386,https://www.nature.com/articles/s41597-025-04875-3; https://doi.org/10.6084/m9.figshare.27646707,B,"County-level injection capacity; pressure interference, plume geometry, and well count still need reservoir simulation."
county,Jiangsu,Xuyi County,2474.9,6.79,,,13.19,,,19.98,123.86886886886887,https://www.nature.com/articles/s41597-025-04875-3; https://doi.org/10.6084/m9.figshare.27646707,B,"County-level injection capacity; pressure interference, plume geometry, and well count still need reservoir simulation."
county,Jiangsu,Donghai County,0.0,0.0,,,0.0,,,0.0,inf,https://www.nature.com/articles/s41597-025-04875-3; https://doi.org/10.6084/m9.figshare.27646707,B,"County-level injection capacity; pressure interference, plume geometry, and well count still need reservoir simulation."
county,Jiangsu,Ganyu District,0.0,0.0,,,0.0,,,0.0,inf,https://www.nature.com/articles/s41597-025-04875-3; https://doi.org/10.6084/m9.figshare.27646707,B,"County-level injection capacity; pressure interference, plume geometry, and well count still need reservoir simulation."
county,Jiangsu,Gunnan County,86.3,8.3,,,0.0,,,8.3,10.397590361445783,https://www.nature.com/articles/s41597-025-04875-3; https://doi.org/10.6084/m9.figshare.27646707,B,"County-level injection capacity; pressure interference, plume geometry, and well count still need reservoir simulation."
county,Jiangsu,Guanyun County,0.0,0.0,,,0.0,,,0.0,inf,https://www.nature.com/articles/s41597-025-04875-3; https://doi.org/10.6084/m9.figshare.27646707,B,"County-level injection capacity; pressure interference, plume geometry, and well count still need reservoir simulation."
county,Jiangsu,Haizhou District,0.0,0.0,,,0.0,,,0.0,inf,https://www.nature.com/articles/s41597-025-04875-3; https://doi.org/10.6084/m9.figshare.27646707,B,"County-level injection capacity; pressure interference, plume geometry, and well count still need reservoir simulation."
county,Jiangsu,Lianyun District,0.0,0.0,,,0.0,,,0.0,inf,https://www.nature.com/articles/s41597-025-04875-3; https://doi.org/10.6084/m9.figshare.27646707,B,"County-level injection capacity; pressure interference, plume geometry, and well count still need reservoir simulation."
county,Jiangsu,Gaochun District,0.0,0.0,,,0.0,,,0.0,inf,https://www.nature.com/articles/s41597-025-04875-3; https://doi.org/10.6084/m9.figshare.27646707,B,"County-level injection capacity; pressure interference, plume geometry, and well count still need reservoir simulation."
county,Jiangsu,Gulou District,0.0,0.0,,,0.0,,,0.0,inf,https://www.nature.com/articles/s41597-025-04875-3; https://doi.org/10.6084/m9.figshare.27646707,B,"County-level injection capacity; pressure interference, plume geometry, and well count still need reservoir simulation."
county,Jiangsu,Jianye District,0.0,0.0,,,0.0,,,0.0,inf,https://www.nature.com/articles/s41597-025-04875-3; https://doi.org/10.6084/m9.figshare.27646707,B,"County-level injection capacity; pressure interference, plume geometry, and well count still need reservoir simulation."
county,Jiangsu,Jiangning District,0.0,0.0,,,0.0,,,0.0,inf,https://www.nature.com/articles/s41597-025-04875-3; https://doi.org/10.6084/m9.figshare.27646707,B,"County-level injection capacity; pressure interference, plume geometry, and well count still need reservoir simulation."
county,Jiangsu,Lishui District,0.0,0.0,,,0.0,,,0.0,inf,https://www.nature.com/articles/s41597-025-04875-3; https://doi.org/10.6084/m9.figshare.27646707,B,"County-level injection capacity; pressure interference, plume geometry, and well count still need reservoir simulation."
county,Jiangsu,Liuhe District,128.48,6.11,,,0.0,,,6.11,21.027823240589196,https://www.nature.com/articles/s41597-025-04875-3; https://doi.org/10.6084/m9.figshare.27646707,B,"County-level injection capacity; pressure interference, plume geometry, and well count still need reservoir simulation."
county,Jiangsu,Pukou District,0.0,0.0,,,0.0,,,0.0,inf,https://www.nature.com/articles/s41597-025-04875-3; https://doi.org/10.6084/m9.figshare.27646707,B,"County-level injection capacity; pressure interference, plume geometry, and well count still need reservoir simulation."
county,Jiangsu,Qixia District,0.0,0.0,,,0.0,,,0.0,inf,https://www.nature.com/articles/s41597-025-04875-3; https://doi.org/10.6084/m9.figshare.27646707,B,"County-level injection capacity; pressure interference, plume geometry, and well count still need reservoir simulation."
county,Jiangsu,Qinhuai District,0.0,0.0,,,0.0,,,0.0,inf,https://www.nature.com/articles/s41597-025-04875-3; https://doi.org/10.6084/m9.figshare.27646707,B,"County-level injection capacity; pressure interference, plume geometry, and well count still need reservoir simulation."
county,Jiangsu,Xuanwu District,0.0,0.0,,,0.0,,,0.0,inf,https://www.nature.com/articles/s41597-025-04875-3; https://doi.org/10.6084/m9.figshare.27646707,B,"County-level injection capacity; pressure interference, plume geometry, and well count still need reservoir simulation."
county,Jiangsu,Yuhuatai District,0.0,0.0,,,0.0,,,0.0,inf,https://www.nature.com/articles/s41597-025-04875-3; https://doi.org/10.6084/m9.figshare.27646707,B,"County-level injection capacity; pressure interference, plume geometry, and well count still need reservoir simulation."
county,Jiangsu,Chongchuan District,0.0,0.0,,,0.0,,,0.0,inf,https://www.nature.com/articles/s41597-025-04875-3; https://doi.org/10.6084/m9.figshare.27646707,B,"County-level injection capacity; pressure interference, plume geometry, and well count still need reservoir simulation."
county,Jiangsu,Hai'an City,4299.24,33.08,,,17.77,,,50.849999999999994,84.54749262536873,https://www.nature.com/articles/s41597-025-04875-3; https://doi.org/10.6084/m9.figshare.27646707,B,"County-level injection capacity; pressure interference, plume geometry, and well count still need reservoir simulation."
county,Jiangsu,Haimen District,0.0,0.0,,,0.0,,,0.0,inf,https://www.nature.com/articles/s41597-025-04875-3; https://doi.org/10.6084/m9.figshare.27646707,B,"County-level injection capacity; pressure interference, plume geometry, and well count still need reservoir simulation."
county,Jiangsu,Qidong City,0.0,0.0,,,0.0,,,0.0,inf,https://www.nature.com/articles/s41597-025-04875-3; https://doi.org/10.6084/m9.figshare.27646707,B,"County-level injection capacity; pressure interference, plume geometry, and well count still need reservoir simulation."
county,Jiangsu,Rudong County,0.0,0.0,,,0.0,,,0.0,inf,https://www.nature.com/articles/s41597-025-04875-3; https://doi.org/10.6084/m9.figshare.27646707,B,"County-level injection capacity; pressure interference, plume geometry, and well count still need reservoir simulation."
county,Jiangsu,Rugao City,0.0,0.0,,,0.0,,,0.0,inf,https://www.nature.com/articles/s41597-025-04875-3; https://doi.org/10.6084/m9.figshare.27646707,B,"County-level injection capacity; pressure interference, plume geometry, and well count still need reservoir simulation."
county,Jiangsu,Tongzhou District,0.0,0.0,,,0.0,,,0.0,inf,https://www.nature.com/articles/s41597-025-04875-3; https://doi.org/10.6084/m9.figshare.27646707,B,"County-level injection capacity; pressure interference, plume geometry, and well count still need reservoir simulation."
county,Jiangsu,Changshu City,0.0,0.0,,,0.0,,,0.0,inf,https://www.nature.com/articles/s41597-025-04875-3; https://doi.org/10.6084/m9.figshare.27646707,B,"County-level injection capacity; pressure interference, plume geometry, and well count still need reservoir simulation."
county,Jiangsu,Gusu District,0.0,0.0,,,0.0,,,0.0,inf,https://www.nature.com/articles/s41597-025-04875-3; https://doi.org/10.6084/m9.figshare.27646707,B,"County-level injection capacity; pressure interference, plume geometry, and well count still need reservoir simulation."
county,Jiangsu,Huqiu District,0.0,0.0,,,0.0,,,0.0,inf,https://www.nature.com/articles/s41597-025-04875-3; https://doi.org/10.6084/m9.figshare.27646707,B,"County-level injection capacity; pressure interference, plume geometry, and well count still need reservoir simulation."
county,Jiangsu,Kunshan City,0.0,0.0,,,0.0,,,0.0,inf,https://www.nature.com/articles/s41597-025-04875-3; https://doi.org/10.6084/m9.figshare.27646707,B,"County-level injection capacity; pressure interference, plume geometry, and well count still need reservoir simulation."
county,Jiangsu,Suzhou Industrial Park,0.0,0.0,,,0.0,,,0.0,inf,https://www.nature.com/articles/s41597-025-04875-3; https://doi.org/10.6084/m9.figshare.27646707,B,"County-level injection capacity; pressure interference, plume geometry, and well count still need reservoir simulation."
county,Jiangsu,Taicang City,0.0,0.0,,,0.0,,,0.0,inf,https://www.nature.com/articles/s41597-025-04875-3; https://doi.org/10.6084/m9.figshare.27646707,B,"County-level injection capacity; pressure interference, plume geometry, and well count still need reservoir simulation."
county,Jiangsu,Wujiang District,0.0,0.0,,,0.0,,,0.0,inf,https://www.nature.com/articles/s41597-025-04875-3; https://doi.org/10.6084/m9.figshare.27646707,B,"County-level injection capacity; pressure interference, plume geometry, and well count still need reservoir simulation."
county,Jiangsu,Wuzhong District,0.0,0.0,,,0.0,,,0.0,inf,https://www.nature.com/articles/s41597-025-04875-3; https://doi.org/10.6084/m9.figshare.27646707,B,"County-level injection capacity; pressure interference, plume geometry, and well count still need reservoir simulation."
county,Jiangsu,Xiangcheng District,0.0,0.0,,,0.0,,,0.0,inf,https://www.nature.com/articles/s41597-025-04875-3; https://doi.org/10.6084/m9.figshare.27646707,B,"County-level injection capacity; pressure interference, plume geometry, and well count still need reservoir simulation."
county,Jiangsu,Zhangjiagang City,0.0,0.0,,,0.0,,,0.0,inf,https://www.nature.com/articles/s41597-025-04875-3; https://doi.org/10.6084/m9.figshare.27646707,B,"County-level injection capacity; pressure interference, plume geometry, and well count still need reservoir simulation."
county,Jiangsu,Shuyang County,0.0,0.0,,,0.0,,,0.0,inf,https://www.nature.com/articles/s41597-025-04875-3; https://doi.org/10.6084/m9.figshare.27646707,B,"County-level injection capacity; pressure interference, plume geometry, and well count still need reservoir simulation."
county,Jiangsu,Sihong County,188.86,5.4,,,0.0,,,5.4,34.974074074074075,https://www.nature.com/articles/s41597-025-04875-3; https://doi.org/10.6084/m9.figshare.27646707,B,"County-level injection capacity; pressure interference, plume geometry, and well count still need reservoir simulation."
county,Jiangsu,Siyang County,145.51,6.79,,,0.0,,,6.79,21.4300441826215,https://www.nature.com/articles/s41597-025-04875-3; https://doi.org/10.6084/m9.figshare.27646707,B,"County-level injection capacity; pressure interference, plume geometry, and well count still need reservoir simulation."
county,Jiangsu,Sucheng District,0.0,0.0,,,0.0,,,0.0,inf,https://www.nature.com/articles/s41597-025-04875-3; https://doi.org/10.6084/m9.figshare.27646707,B,"County-level injection capacity; pressure interference, plume geometry, and well count still need reservoir simulation."
county,Jiangsu,Suyu District,0.0,0.0,,,0.0,,,0.0,inf,https://www.nature.com/articles/s41597-025-04875-3; https://doi.org/10.6084/m9.figshare.27646707,B,"County-level injection capacity; pressure interference, plume geometry, and well count still need reservoir simulation."
county,Jiangsu,Gaogang District,0.0,0.0,,,0.0,,,0.0,inf,https://www.nature.com/articles/s41597-025-04875-3; https://doi.org/10.6084/m9.figshare.27646707,B,"County-level injection capacity; pressure interference, plume geometry, and well count still need reservoir simulation."
county,Jiangsu,Hailing District,1075.63,17.54,,,56.6,,,74.14,14.508092797410306,https://www.nature.com/articles/s41597-025-04875-3; https://doi.org/10.6084/m9.figshare.27646707,B,"County-level injection capacity; pressure interference, plume geometry, and well count still need reservoir simulation."
county,Jiangsu,Jiangyan District,2360.45,24.51,,,134.77,,,159.28,14.819500251130084,https://www.nature.com/articles/s41597-025-04875-3; https://doi.org/10.6084/m9.figshare.27646707,B,"County-level injection capacity; pressure interference, plume geometry, and well count still need reservoir simulation."
county,Jiangsu,Jingjiang City,0.0,0.0,,,0.0,,,0.0,inf,https://www.nature.com/articles/s41597-025-04875-3; https://doi.org/10.6084/m9.figshare.27646707,B,"County-level injection capacity; pressure interference, plume geometry, and well count still need reservoir simulation."
county,Jiangsu,Taixing City,149.42,17.54,,,0.0,,,17.54,8.518814139110605,https://www.nature.com/articles/s41597-025-04875-3; https://doi.org/10.6084/m9.figshare.27646707,B,"County-level injection capacity; pressure interference, plume geometry, and well count still need reservoir simulation."
county,Jiangsu,Xinghua City,7847.54,25.88,,,134.77,,,160.65,48.84867724867725,https://www.nature.com/articles/s41597-025-04875-3; https://doi.org/10.6084/m9.figshare.27646707,B,"County-level injection capacity; pressure interference, plume geometry, and well count still need reservoir simulation."
county,Jiangsu,Binhu District,0.0,0.0,,,0.0,,,0.0,inf,https://www.nature.com/articles/s41597-025-04875-3; https://doi.org/10.6084/m9.figshare.27646707,B,"County-level injection capacity; pressure interference, plume geometry, and well count still need reservoir simulation."
county,Jiangsu,Huishan District,0.0,0.0,,,0.0,,,0.0,inf,https://www.nature.com/articles/s41597-025-04875-3; https://doi.org/10.6084/m9.figshare.27646707,B,"County-level injection capacity; pressure interference, plume geometry, and well count still need reservoir simulation."
county,Jiangsu,Jiangyin City,0.0,0.0,,,0.0,,,0.0,inf,https://www.nature.com/articles/s41597-025-04875-3; https://doi.org/10.6084/m9.figshare.27646707,B,"County-level injection capacity; pressure interference, plume geometry, and well count still need reservoir simulation."
county,Jiangsu,Liangxi District,0.0,0.0,,,0.0,,,0.0,inf,https://www.nature.com/articles/s41597-025-04875-3; https://doi.org/10.6084/m9.figshare.27646707,B,"County-level injection capacity; pressure interference, plume geometry, and well count still need reservoir simulation."
county,Jiangsu,Xishan District,0.0,0.0,,,0.0,,,0.0,inf,https://www.nature.com/articles/s41597-025-04875-3; https://doi.org/10.6084/m9.figshare.27646707,B,"County-level injection capacity; pressure interference, plume geometry, and well count still need reservoir simulation."
county,Jiangsu,Xinwu District,0.0,0.0,,,0.0,,,0.0,inf,https://www.nature.com/articles/s41597-025-04875-3; https://doi.org/10.6084/m9.figshare.27646707,B,"County-level injection capacity; pressure interference, plume geometry, and well count still need reservoir simulation."
county,Jiangsu,Yixing City,0.0,0.0,,,0.0,,,0.0,inf,https://www.nature.com/articles/s41597-025-04875-3; https://doi.org/10.6084/m9.figshare.27646707,B,"County-level injection capacity; pressure interference, plume geometry, and well count still need reservoir simulation."
county,Jiangsu,Fengxian,0.0,0.0,,,0.0,,,0.0,inf,https://www.nature.com/articles/s41597-025-04875-3; https://doi.org/10.6084/m9.figshare.27646707,B,"County-level injection capacity; pressure interference, plume geometry, and well count still need reservoir simulation."
county,Jiangsu,Gulou District,0.0,0.0,,,0.0,,,0.0,inf,https://www.nature.com/articles/s41597-025-04875-3; https://doi.org/10.6084/m9.figshare.27646707,B,"County-level injection capacity; pressure interference, plume geometry, and well count still need reservoir simulation."
county,Jiangsu,Jiawang District,0.0,0.0,,,0.0,,,0.0,inf,https://www.nature.com/articles/s41597-025-04875-3; https://doi.org/10.6084/m9.figshare.27646707,B,"County-level injection capacity; pressure interference, plume geometry, and well count still need reservoir simulation."
county,Jiangsu,Pei County,0.0,0.0,,,0.0,,,0.0,inf,https://www.nature.com/articles/s41597-025-04875-3; https://doi.org/10.6084/m9.figshare.27646707,B,"County-level injection capacity; pressure interference, plume geometry, and well count still need reservoir simulation."
county,Jiangsu,Pizhou City,0.0,0.0,,,0.0,,,0.0,inf,https://www.nature.com/articles/s41597-025-04875-3; https://doi.org/10.6084/m9.figshare.27646707,B,"County-level injection capacity; pressure interference, plume geometry, and well count still need reservoir simulation."
county,Jiangsu,Quanshan District,0.0,0.0,,,0.0,,,0.0,inf,https://www.nature.com/articles/s41597-025-04875-3; https://doi.org/10.6084/m9.figshare.27646707,B,"County-level injection capacity; pressure interference, plume geometry, and well count still need reservoir simulation."
county,Jiangsu,Suining County,0.0,0.0,,,0.0,,,0.0,inf,https://www.nature.com/articles/s41597-025-04875-3; https://doi.org/10.6084/m9.figshare.27646707,B,"County-level injection capacity; pressure interference, plume geometry, and well count still need reservoir simulation."
county,Jiangsu,Tongshan District,0.0,0.0,,,0.0,,,0.0,inf,https://www.nature.com/articles/s41597-025-04875-3; https://doi.org/10.6084/m9.figshare.27646707,B,"County-level injection capacity; pressure interference, plume geometry, and well count still need reservoir simulation."
county,Jiangsu,Xinyi City,0.0,0.0,,,0.0,,,0.0,inf,https://www.nature.com/articles/s41597-025-04875-3; https://doi.org/10.6084/m9.figshare.27646707,B,"County-level injection capacity; pressure interference, plume geometry, and well count still need reservoir simulation."
county,Jiangsu,Yunlong District,0.0,0.0,,,0.0,,,0.0,inf,https://www.nature.com/articles/s41597-025-04875-3; https://doi.org/10.6084/m9.figshare.27646707,B,"County-level injection capacity; pressure interference, plume geometry, and well count still need reservoir simulation."
county,Jiangsu,Binhai County,707.03,14.95,,,0.0,,,14.95,47.29297658862876,https://www.nature.com/articles/s41597-025-04875-3; https://doi.org/10.6084/m9.figshare.27646707,B,"County-level injection capacity; pressure interference, plume geometry, and well count still need reservoir simulation."
county,Jiangsu,Dafeng District,9395.92,31.35,,,0.0,,,31.35,299.7103668261563,https://www.nature.com/articles/s41597-025-04875-3; https://doi.org/10.6084/m9.figshare.27646707,B,"County-level injection capacity; pressure interference, plume geometry, and well count still need reservoir simulation."
county,Jiangsu,Dongtai City,10331.92,34.07,,,134.77,,,168.84,61.19355602937692,https://www.nature.com/articles/s41597-025-04875-3; https://doi.org/10.6084/m9.figshare.27646707,B,"County-level injection capacity; pressure interference, plume geometry, and well count still need reservoir simulation."
county,Jiangsu,Funing County,2807.66,14.95,,,0.0,,,14.95,187.80334448160536,https://www.nature.com/articles/s41597-025-04875-3; https://doi.org/10.6084/m9.figshare.27646707,B,"County-level injection capacity; pressure interference, plume geometry, and well count still need reservoir simulation."
county,Jiangsu,Jianhu County,2848.39,14.95,,,7.85,,,22.799999999999997,124.92938596491229,https://www.nature.com/articles/s41597-025-04875-3; https://doi.org/10.6084/m9.figshare.27646707,B,"County-level injection capacity; pressure interference, plume geometry, and well count still need reservoir simulation."
county,Jiangsu,Sheyang County,6900.12,20.12,,,0.0,,,20.12,342.94831013916496,https://www.nature.com/articles/s41597-025-04875-3; https://doi.org/10.6084/m9.figshare.27646707,B,"County-level injection capacity; pressure interference, plume geometry, and well count still need reservoir simulation."
county,Jiangsu,Tinghu District,3024.38,20.12,,,0.0,,,20.12,150.31709741550696,https://www.nature.com/articles/s41597-025-04875-3; https://doi.org/10.6084/m9.figshare.27646707,B,"County-level injection capacity; pressure interference, plume geometry, and well count still need reservoir simulation."
county,Jiangsu,Xiangshui County,96.36,8.99,,,0.0,,,8.99,10.71857619577308,https://www.nature.com/articles/s41597-025-04875-3; https://doi.org/10.6084/m9.figshare.27646707,B,"County-level injection capacity; pressure interference, plume geometry, and well count still need reservoir simulation."
county,Jiangsu,Yandu District,2560.41,17.54,,,0.0,,,17.54,145.97548460661346,https://www.nature.com/articles/s41597-025-04875-3; https://doi.org/10.6084/m9.figshare.27646707,B,"County-level injection capacity; pressure interference, plume geometry, and well count still need reservoir simulation."
county,Jiangsu,Baoying County,3029.03,17.54,,,0.0,,,17.54,172.6927023945268,https://www.nature.com/articles/s41597-025-04875-3; https://doi.org/10.6084/m9.figshare.27646707,B,"County-level injection capacity; pressure interference, plume geometry, and well count still need reservoir simulation."
county,Jiangsu,Gaoyou City,4626.86,20.12,,,134.77,,,154.89000000000001,29.871909096778353,https://www.nature.com/articles/s41597-025-04875-3; https://doi.org/10.6084/m9.figshare.27646707,B,"County-level injection capacity; pressure interference, plume geometry, and well count still need reservoir simulation."
county,Jiangsu,Guangling District,0.0,0.0,,,0.0,,,0.0,inf,https://www.nature.com/articles/s41597-025-04875-3; https://doi.org/10.6084/m9.figshare.27646707,B,"County-level injection capacity; pressure interference, plume geometry, and well count still need reservoir simulation."
county,Jiangsu,Ganjiang District,462.13,15.0,,,56.6,,,71.6,6.454329608938548,https://www.nature.com/articles/s41597-025-04875-3; https://doi.org/10.6084/m9.figshare.27646707,B,"County-level injection capacity; pressure interference, plume geometry, and well count still need reservoir simulation."
county,Jiangsu,Jiangdu District,1890.68,20.12,,,134.77,,,154.89000000000001,12.206598231002646,https://www.nature.com/articles/s41597-025-04875-3; https://doi.org/10.6084/m9.figshare.27646707,B,"County-level injection capacity; pressure interference, plume geometry, and well count still need reservoir simulation."
county,Jiangsu,Yizheng City,225.62,14.6,,,0.0,,,14.6,15.453424657534248,https://www.nature.com/articles/s41597-025-04875-3; https://doi.org/10.6084/m9.figshare.27646707,B,"County-level injection capacity; pressure interference, plume geometry, and well count still need reservoir simulation."
county,Jiangsu,Dantu District,0.0,0.0,,,0.0,,,0.0,inf,https://www.nature.com/articles/s41597-025-04875-3; https://doi.org/10.6084/m9.figshare.27646707,B,"County-level injection capacity; pressure interference, plume geometry, and well count still need reservoir simulation."
county,Jiangsu,Danyang City,0.0,0.0,,,0.0,,,0.0,inf,https://www.nature.com/articles/s41597-025-04875-3; https://doi.org/10.6084/m9.figshare.27646707,B,"County-level injection capacity; pressure interference, plume geometry, and well count still need reservoir simulation."
county,Jiangsu,Jingkou District,0.0,0.0,,,0.0,,,0.0,inf,https://www.nature.com/articles/s41597-025-04875-3; https://doi.org/10.6084/m9.figshare.27646707,B,"County-level injection capacity; pressure interference, plume geometry, and well count still need reservoir simulation."
county,Jiangsu,Jurong City,0.0,0.0,,,0.0,,,0.0,inf,https://www.nature.com/articles/s41597-025-04875-3; https://doi.org/10.6084/m9.figshare.27646707,B,"County-level injection capacity; pressure interference, plume geometry, and well count still need reservoir simulation."
county,Jiangsu,Runzhou District,0.0,0.0,,,0.0,,,0.0,inf,https://www.nature.com/articles/s41597-025-04875-3; https://doi.org/10.6084/m9.figshare.27646707,B,"County-level injection capacity; pressure interference, plume geometry, and well count still need reservoir simulation."
county,Jiangsu,Yangzhong City,0.0,0.0,,,0.0,,,0.0,inf,https://www.nature.com/articles/s41597-025-04875-3; https://doi.org/10.6084/m9.figshare.27646707,B,"County-level injection capacity; pressure interference, plume geometry, and well count still need reservoir simulation."
county,Jiangxi,Chongren County,0.0,0.0,,,0.0,,,0.0,inf,https://www.nature.com/articles/s41597-025-04875-3; https://doi.org/10.6084/m9.figshare.27646707,B,"County-level injection capacity; pressure interference, plume geometry, and well count still need reservoir simulation."
county,Jiangxi,Dongxiang District,0.0,0.0,,,0.0,,,0.0,inf,https://www.nature.com/articles/s41597-025-04875-3; https://doi.org/10.6084/m9.figshare.27646707,B,"County-level injection capacity; pressure interference, plume geometry, and well count still need reservoir simulation."
county,Jiangxi,Guangchang County,0.0,0.0,,,0.0,,,0.0,inf,https://www.nature.com/articles/s41597-025-04875-3; https://doi.org/10.6084/m9.figshare.27646707,B,"County-level injection capacity; pressure interference, plume geometry, and well count still need reservoir simulation."
county,Jiangxi,Jinxi County,0.0,0.0,,,0.0,,,0.0,inf,https://www.nature.com/articles/s41597-025-04875-3; https://doi.org/10.6084/m9.figshare.27646707,B,"County-level injection capacity; pressure interference, plume geometry, and well count still need reservoir simulation."
county,Jiangxi,Le'an County,0.0,0.0,,,0.0,,,0.0,inf,https://www.nature.com/articles/s41597-025-04875-3; https://doi.org/10.6084/m9.figshare.27646707,B,"County-level injection capacity; pressure interference, plume geometry, and well count still need reservoir simulation."
county,Jiangxi,Lichuan County,0.0,0.0,,,0.0,,,0.0,inf,https://www.nature.com/articles/s41597-025-04875-3; https://doi.org/10.6084/m9.figshare.27646707,B,"County-level injection capacity; pressure interference, plume geometry, and well count still need reservoir simulation."
county,Jiangxi,Linchuan District,0.0,0.0,,,0.0,,,0.0,inf,https://www.nature.com/articles/s41597-025-04875-3; https://doi.org/10.6084/m9.figshare.27646707,B,"County-level injection capacity; pressure interference, plume geometry, and well count still need reservoir simulation."
county,Jiangxi,Nancheng County,0.0,0.0,,,0.0,,,0.0,inf,https://www.nature.com/articles/s41597-025-04875-3; https://doi.org/10.6084/m9.figshare.27646707,B,"County-level injection capacity; pressure interference, plume geometry, and well count still need reservoir simulation."
county,Jiangxi,Nanfeng County,0.0,0.0,,,0.0,,,0.0,inf,https://www.nature.com/articles/s41597-025-04875-3; https://doi.org/10.6084/m9.figshare.27646707,B,"County-level injection capacity; pressure interference, plume geometry, and well count still need reservoir simulation."
county,Jiangxi,Yihuang County,0.0,0.0,,,0.0,,,0.0,inf,https://www.nature.com/articles/s41597-025-04875-3; https://doi.org/10.6084/m9.figshare.27646707,B,"County-level injection capacity; pressure interference, plume geometry, and well count still need reservoir simulation."
county,Jiangxi,Zixi County,0.0,0.0,,,0.0,,,0.0,inf,https://www.nature.com/articles/s41597-025-04875-3; https://doi.org/10.6084/m9.figshare.27646707,B,"County-level injection capacity; pressure interference, plume geometry, and well count still need reservoir simulation."
county,Jiangxi,Anyuan County,0.0,0.0,,,0.0,,,0.0,inf,https://www.nature.com/articles/s41597-025-04875-3; https://doi.org/10.6084/m9.figshare.27646707,B,"County-level injection capacity; pressure interference, plume geometry, and well count still need reservoir simulation."
county,Jiangxi,Chongyi County,0.0,0.0,,,0.0,,,0.0,inf,https://www.nature.com/articles/s41597-025-04875-3; https://doi.org/10.6084/m9.figshare.27646707,B,"County-level injection capacity; pressure interference, plume geometry, and well count still need reservoir simulation."
county,Jiangxi,Dayu County,0.0,0.0,,,0.0,,,0.0,inf,https://www.nature.com/articles/s41597-025-04875-3; https://doi.org/10.6084/m9.figshare.27646707,B,"County-level injection capacity; pressure interference, plume geometry, and well count still need reservoir simulation."
county,Jiangxi,Dingnan County,0.0,0.0,,,0.0,,,0.0,inf,https://www.nature.com/articles/s41597-025-04875-3; https://doi.org/10.6084/m9.figshare.27646707,B,"County-level injection capacity; pressure interference, plume geometry, and well count still need reservoir simulation."
county,Jiangxi,Ganxian District,0.0,0.0,,,0.0,,,0.0,inf,https://www.nature.com/articles/s41597-025-04875-3; https://doi.org/10.6084/m9.figshare.27646707,B,"County-level injection capacity; pressure interference, plume geometry, and well count still need reservoir simulation."
county,Jiangxi,Huichang County,0.0,0.0,,,0.0,,,0.0,inf,https://www.nature.com/articles/s41597-025-04875-3; https://doi.org/10.6084/m9.figshare.27646707,B,"County-level injection capacity; pressure interference, plume geometry, and well count still need reservoir simulation."
county,Jiangxi,Longnan City,0.0,0.0,,,0.0,,,0.0,inf,https://www.nature.com/articles/s41597-025-04875-3; https://doi.org/10.6084/m9.figshare.27646707,B,"County-level injection capacity; pressure interference, plume geometry, and well count still need reservoir simulation."
county,Jiangxi,Nankang District,0.0,0.0,,,0.0,,,0.0,inf,https://www.nature.com/articles/s41597-025-04875-3; https://doi.org/10.6084/m9.figshare.27646707,B,"County-level injection capacity; pressure interference, plume geometry, and well count still need reservoir simulation."
county,Jiangxi,Ningdu County,0.0,0.0,,,0.0,,,0.0,inf,https://www.nature.com/articles/s41597-025-04875-3; https://doi.org/10.6084/m9.figshare.27646707,B,"County-level injection capacity; pressure interference, plume geometry, and well count still need reservoir simulation."
county,Jiangxi,Quannan County,0.0,0.0,,,0.0,,,0.0,inf,https://www.nature.com/articles/s41597-025-04875-3; https://doi.org/10.6084/m9.figshare.27646707,B,"County-level injection capacity; pressure interference, plume geometry, and well count still need reservoir simulation."
county,Jiangxi,Ruijin City,0.0,0.0,,,0.0,,,0.0,inf,https://www.nature.com/articles/s41597-025-04875-3; https://doi.org/10.6084/m9.figshare.27646707,B,"County-level injection capacity; pressure interference, plume geometry, and well count still need reservoir simulation."
county,Jiangxi,Shangyu County,0.0,0.0,,,0.0,,,0.0,inf,https://www.nature.com/articles/s41597-025-04875-3; https://doi.org/10.6084/m9.figshare.27646707,B,"County-level injection capacity; pressure interference, plume geometry, and well count still need reservoir simulation."
county,Jiangxi,Shicheng County,0.0,0.0,,,0.0,,,0.0,inf,https://www.nature.com/articles/s41597-025-04875-3; https://doi.org/10.6084/m9.figshare.27646707,B,"County-level injection capacity; pressure interference, plume geometry, and well count still need reservoir simulation."
county,Jiangxi,Xinfeng County,0.0,0.0,,,0.0,,,0.0,inf,https://www.nature.com/articles/s41597-025-04875-3; https://doi.org/10.6084/m9.figshare.27646707,B,"County-level injection capacity; pressure interference, plume geometry, and well count still need reservoir simulation."
county,Jiangxi,Xingguo County,0.0,0.0,,,0.0,,,0.0,inf,https://www.nature.com/articles/s41597-025-04875-3; https://doi.org/10.6084/m9.figshare.27646707,B,"County-level injection capacity; pressure interference, plume geometry, and well count still need reservoir simulation."
county,Jiangxi,Xunwu County,0.0,0.0,,,0.0,,,0.0,inf,https://www.nature.com/articles/s41597-025-04875-3; https://doi.org/10.6084/m9.figshare.27646707,B,"County-level injection capacity; pressure interference, plume geometry, and well count still need reservoir simulation."
county,Jiangxi,Yudu County,0.0,0.0,,,0.0,,,0.0,inf,https://www.nature.com/articles/s41597-025-04875-3; https://doi.org/10.6084/m9.figshare.27646707,B,"County-level injection capacity; pressure interference, plume geometry, and well count still need reservoir simulation."
county,Jiangxi,Zhanggong District,0.0,0.0,,,0.0,,,0.0,inf,https://www.nature.com/articles/s41597-025-04875-3; https://doi.org/10.6084/m9.figshare.27646707,B,"County-level injection capacity; pressure interference, plume geometry, and well count still need reservoir simulation."
county,Jiangxi,Anfu County,0.0,0.0,,,0.0,,,0.0,inf,https://www.nature.com/articles/s41597-025-04875-3; https://doi.org/10.6084/m9.figshare.27646707,B,"County-level injection capacity; pressure interference, plume geometry, and well count still need reservoir simulation."
county,Jiangxi,Ji'an County,0.0,0.0,,,0.0,,,0.0,inf,https://www.nature.com/articles/s41597-025-04875-3; https://doi.org/10.6084/m9.figshare.27646707,B,"County-level injection capacity; pressure interference, plume geometry, and well count still need reservoir simulation."
county,Jiangxi,Jishui County,0.0,0.0,,,0.0,,,0.0,inf,https://www.nature.com/articles/s41597-025-04875-3; https://doi.org/10.6084/m9.figshare.27646707,B,"County-level injection capacity; pressure interference, plume geometry, and well count still need reservoir simulation."
county,Jiangxi,Jizhou District,0.0,0.0,,,0.0,,,0.0,inf,https://www.nature.com/articles/s41597-025-04875-3; https://doi.org/10.6084/m9.figshare.27646707,B,"County-level injection capacity; pressure interference, plume geometry, and well count still need reservoir simulation."
county,Jiangxi,Jinggangshan City,0.0,0.0,,,0.0,,,0.0,inf,https://www.nature.com/articles/s41597-025-04875-3; https://doi.org/10.6084/m9.figshare.27646707,B,"County-level injection capacity; pressure interference, plume geometry, and well count still need reservoir simulation."
county,Jiangxi,Qingyuan District,0.0,0.0,,,0.0,,,0.0,inf,https://www.nature.com/articles/s41597-025-04875-3; https://doi.org/10.6084/m9.figshare.27646707,B,"County-level injection capacity; pressure interference, plume geometry, and well count still need reservoir simulation."
county,Jiangxi,Suichuan County,0.0,0.0,,,0.0,,,0.0,inf,https://www.nature.com/articles/s41597-025-04875-3; https://doi.org/10.6084/m9.figshare.27646707,B,"County-level injection capacity; pressure interference, plume geometry, and well count still need reservoir simulation."
county,Jiangxi,Taihe County,0.0,0.0,,,0.0,,,0.0,inf,https://www.nature.com/articles/s41597-025-04875-3; https://doi.org/10.6084/m9.figshare.27646707,B,"County-level injection capacity; pressure interference, plume geometry, and well count still need reservoir simulation."
county,Jiangxi,Wan'an County,0.0,0.0,,,0.0,,,0.0,inf,https://www.nature.com/articles/s41597-025-04875-3; https://doi.org/10.6084/m9.figshare.27646707,B,"County-level injection capacity; pressure interference, plume geometry, and well count still need reservoir simulation."
county,Jiangxi,Xiajiang County,0.0,0.0,,,0.0,,,0.0,inf,https://www.nature.com/articles/s41597-025-04875-3; https://doi.org/10.6084/m9.figshare.27646707,B,"County-level injection capacity; pressure interference, plume geometry, and well count still need reservoir simulation."
county,Jiangxi,Xingan County,0.0,0.0,,,0.0,,,0.0,inf,https://www.nature.com/articles/s41597-025-04875-3; https://doi.org/10.6084/m9.figshare.27646707,B,"County-level injection capacity; pressure interference, plume geometry, and well count still need reservoir simulation."
county,Jiangxi,Yongfeng County,0.0,0.0,,,0.0,,,0.0,inf,https://www.nature.com/articles/s41597-025-04875-3; https://doi.org/10.6084/m9.figshare.27646707,B,"County-level injection capacity; pressure interference, plume geometry, and well count still need reservoir simulation."
county,Jiangxi,Yongxin County,0.0,0.0,,,0.0,,,0.0,inf,https://www.nature.com/articles/s41597-025-04875-3; https://doi.org/10.6084/m9.figshare.27646707,B,"County-level injection capacity; pressure interference, plume geometry, and well count still need reservoir simulation."
county,Jiangxi,Changjiang District,0.0,0.0,,,0.0,,,0.0,inf,https://www.nature.com/articles/s41597-025-04875-3; https://doi.org/10.6084/m9.figshare.27646707,B,"County-level injection capacity; pressure interference, plume geometry, and well count still need reservoir simulation."
county,Jiangxi,Fuliang County,0.0,0.0,,,0.0,,,0.0,inf,https://www.nature.com/articles/s41597-025-04875-3; https://doi.org/10.6084/m9.figshare.27646707,B,"County-level injection capacity; pressure interference, plume geometry, and well count still need reservoir simulation."
county,Jiangxi,Leping City,0.0,0.0,,,0.0,,,0.0,inf,https://www.nature.com/articles/s41597-025-04875-3; https://doi.org/10.6084/m9.figshare.27646707,B,"County-level injection capacity; pressure interference, plume geometry, and well count still need reservoir simulation."
county,Jiangxi,Zhushan District,0.0,0.0,,,0.0,,,0.0,inf,https://www.nature.com/articles/s41597-025-04875-3; https://doi.org/10.6084/m9.figshare.27646707,B,"County-level injection capacity; pressure interference, plume geometry, and well count still need reservoir simulation."
county,Jiangxi,Chaisang District,0.0,0.0,,,0.0,,,0.0,inf,https://www.nature.com/articles/s41597-025-04875-3; https://doi.org/10.6084/m9.figshare.27646707,B,"County-level injection capacity; pressure interference, plume geometry, and well count still need reservoir simulation."
county,Jiangxi,De'an County,0.0,0.0,,,0.0,,,0.0,inf,https://www.nature.com/articles/s41597-025-04875-3; https://doi.org/10.6084/m9.figshare.27646707,B,"County-level injection capacity; pressure interference, plume geometry, and well count still need reservoir simulation."
county,Jiangxi,Duchang County,0.0,0.0,,,0.0,,,0.0,inf,https://www.nature.com/articles/s41597-025-04875-3; https://doi.org/10.6084/m9.figshare.27646707,B,"County-level injection capacity; pressure interference, plume geometry, and well count still need reservoir simulation."
county,Jiangxi,Gongqingcheng City,0.0,0.0,,,0.0,,,0.0,inf,https://www.nature.com/articles/s41597-025-04875-3; https://doi.org/10.6084/m9.figshare.27646707,B,"County-level injection capacity; pressure interference, plume geometry, and well count still need reservoir simulation."
county,Jiangxi,Hukou County,0.0,0.0,,,0.0,,,0.0,inf,https://www.nature.com/articles/s41597-025-04875-3; https://doi.org/10.6084/m9.figshare.27646707,B,"County-level injection capacity; pressure interference, plume geometry, and well count still need reservoir simulation."
county,Jiangxi,Lianxi District,0.0,0.0,,,0.0,,,0.0,inf,https://www.nature.com/articles/s41597-025-04875-3; https://doi.org/10.6084/m9.figshare.27646707,B,"County-level injection capacity; pressure interference, plume geometry, and well count still need reservoir simulation."
county,Jiangxi,Lushan City,0.0,0.0,,,0.0,,,0.0,inf,https://www.nature.com/articles/s41597-025-04875-3; https://doi.org/10.6084/m9.figshare.27646707,B,"County-level injection capacity; pressure interference, plume geometry, and well count still need reservoir simulation."
county,Jiangxi,Pengze County,0.0,0.0,,,0.0,,,0.0,inf,https://www.nature.com/articles/s41597-025-04875-3; https://doi.org/10.6084/m9.figshare.27646707,B,"County-level injection capacity; pressure interference, plume geometry, and well count still need reservoir simulation."
county,Jiangxi,Ruichang City,0.0,0.0,,,0.0,,,0.0,inf,https://www.nature.com/articles/s41597-025-04875-3; https://doi.org/10.6084/m9.figshare.27646707,B,"County-level injection capacity; pressure interference, plume geometry, and well count still need reservoir simulation."
county,Jiangxi,Wuning County,0.0,0.0,,,0.0,,,0.0,inf,https://www.nature.com/articles/s41597-025-04875-3; https://doi.org/10.6084/m9.figshare.27646707,B,"County-level injection capacity; pressure interference, plume geometry, and well count still need reservoir simulation."
county,Jiangxi,Xiushui County,0.0,0.0,,,0.0,,,0.0,inf,https://www.nature.com/articles/s41597-025-04875-3; https://doi.org/10.6084/m9.figshare.27646707,B,"County-level injection capacity; pressure interference, plume geometry, and well count still need reservoir simulation."
county,Jiangxi,Xunyang District,0.0,0.0,,,0.0,,,0.0,inf,https://www.nature.com/articles/s41597-025-04875-3; https://doi.org/10.6084/m9.figshare.27646707,B,"County-level injection capacity; pressure interference, plume geometry, and well count still need reservoir simulation."
county,Jiangxi,Yongxiu County,0.0,0.0,,,0.0,,,0.0,inf,https://www.nature.com/articles/s41597-025-04875-3; https://doi.org/10.6084/m9.figshare.27646707,B,"County-level injection capacity; pressure interference, plume geometry, and well count still need reservoir simulation."
county,Jiangxi,Anyi County,0.0,0.0,,,0.0,,,0.0,inf,https://www.nature.com/articles/s41597-025-04875-3; https://doi.org/10.6084/m9.figshare.27646707,B,"County-level injection capacity; pressure interference, plume geometry, and well count still need reservoir simulation."
county,Jiangxi,Donghu District,0.0,0.0,,,0.0,,,0.0,inf,https://www.nature.com/articles/s41597-025-04875-3; https://doi.org/10.6084/m9.figshare.27646707,B,"County-level injection capacity; pressure interference, plume geometry, and well count still need reservoir simulation."
county,Jiangxi,Honggutan District,0.0,0.0,,,0.0,,,0.0,inf,https://www.nature.com/articles/s41597-025-04875-3; https://doi.org/10.6084/m9.figshare.27646707,B,"County-level injection capacity; pressure interference, plume geometry, and well count still need reservoir simulation."
county,Jiangxi,jinxian County,0.0,0.0,,,0.0,,,0.0,inf,https://www.nature.com/articles/s41597-025-04875-3; https://doi.org/10.6084/m9.figshare.27646707,B,"County-level injection capacity; pressure interference, plume geometry, and well count still need reservoir simulation."
county,Jiangxi,Nanchang County,0.0,0.0,,,0.0,,,0.0,inf,https://www.nature.com/articles/s41597-025-04875-3; https://doi.org/10.6084/m9.figshare.27646707,B,"County-level injection capacity; pressure interference, plume geometry, and well count still need reservoir simulation."
county,Jiangxi,Qingshanhu District,0.0,0.0,,,0.0,,,0.0,inf,https://www.nature.com/articles/s41597-025-04875-3; https://doi.org/10.6084/m9.figshare.27646707,B,"County-level injection capacity; pressure interference, plume geometry, and well count still need reservoir simulation."
county,Jiangxi,Qingyunpu District,0.0,0.0,,,0.0,,,0.0,inf,https://www.nature.com/articles/s41597-025-04875-3; https://doi.org/10.6084/m9.figshare.27646707,B,"County-level injection capacity; pressure interference, plume geometry, and well count still need reservoir simulation."
county,Jiangxi,Xihu District,0.0,0.0,,,0.0,,,0.0,inf,https://www.nature.com/articles/s41597-025-04875-3; https://doi.org/10.6084/m9.figshare.27646707,B,"County-level injection capacity; pressure interference, plume geometry, and well count still need reservoir simulation."
county,Jiangxi,Xinjian District,0.0,0.0,,,0.0,,,0.0,inf,https://www.nature.com/articles/s41597-025-04875-3; https://doi.org/10.6084/m9.figshare.27646707,B,"County-level injection capacity; pressure interference, plume geometry, and well count still need reservoir simulation."
county,Jiangxi,Anyuan District,0.0,0.0,,,0.0,,,0.0,inf,https://www.nature.com/articles/s41597-025-04875-3; https://doi.org/10.6084/m9.figshare.27646707,B,"County-level injection capacity; pressure interference, plume geometry, and well count still need reservoir simulation."
county,Jiangxi,Lianhua County,0.0,0.0,,,0.0,,,0.0,inf,https://www.nature.com/articles/s41597-025-04875-3; https://doi.org/10.6084/m9.figshare.27646707,B,"County-level injection capacity; pressure interference, plume geometry, and well count still need reservoir simulation."
county,Jiangxi,Lixi County,0.0,0.0,,,0.0,,,0.0,inf,https://www.nature.com/articles/s41597-025-04875-3; https://doi.org/10.6084/m9.figshare.27646707,B,"County-level injection capacity; pressure interference, plume geometry, and well count still need reservoir simulation."
county,Jiangxi,Shangli County,0.0,0.0,,,0.0,,,0.0,inf,https://www.nature.com/articles/s41597-025-04875-3; https://doi.org/10.6084/m9.figshare.27646707,B,"County-level injection capacity; pressure interference, plume geometry, and well count still need reservoir simulation."
county,Jiangxi,Xiangdong District,0.0,0.0,,,0.0,,,0.0,inf,https://www.nature.com/articles/s41597-025-04875-3; https://doi.org/10.6084/m9.figshare.27646707,B,"County-level injection capacity; pressure interference, plume geometry, and well count still need reservoir simulation."
county,Jiangxi,Dexing City,0.0,0.0,,,0.0,,,0.0,inf,https://www.nature.com/articles/s41597-025-04875-3; https://doi.org/10.6084/m9.figshare.27646707,B,"County-level injection capacity; pressure interference, plume geometry, and well count still need reservoir simulation."
county,Jiangxi,Guangfeng District,0.0,0.0,,,0.0,,,0.0,inf,https://www.nature.com/articles/s41597-025-04875-3; https://doi.org/10.6084/m9.figshare.27646707,B,"County-level injection capacity; pressure interference, plume geometry, and well count still need reservoir simulation."
county,Jiangxi,Guangxin District,0.0,0.0,,,0.0,,,0.0,inf,https://www.nature.com/articles/s41597-025-04875-3; https://doi.org/10.6084/m9.figshare.27646707,B,"County-level injection capacity; pressure interference, plume geometry, and well count still need reservoir simulation."
county,Jiangxi,Hengfeng County,0.0,0.0,,,0.0,,,0.0,inf,https://www.nature.com/articles/s41597-025-04875-3; https://doi.org/10.6084/m9.figshare.27646707,B,"County-level injection capacity; pressure interference, plume geometry, and well count still need reservoir simulation."
county,Jiangxi,Poyang County,0.0,0.0,,,0.0,,,0.0,inf,https://www.nature.com/articles/s41597-025-04875-3; https://doi.org/10.6084/m9.figshare.27646707,B,"County-level injection capacity; pressure interference, plume geometry, and well count still need reservoir simulation."
county,Jiangxi,Lead County,0.0,0.0,,,0.0,,,0.0,inf,https://www.nature.com/articles/s41597-025-04875-3; https://doi.org/10.6084/m9.figshare.27646707,B,"County-level injection capacity; pressure interference, plume geometry, and well count still need reservoir simulation."
county,Jiangxi,Wannian County,0.0,0.0,,,0.0,,,0.0,inf,https://www.nature.com/articles/s41597-025-04875-3; https://doi.org/10.6084/m9.figshare.27646707,B,"County-level injection capacity; pressure interference, plume geometry, and well count still need reservoir simulation."
county,Jiangxi,Wuyuan County,0.0,0.0,,,0.0,,,0.0,inf,https://www.nature.com/articles/s41597-025-04875-3; https://doi.org/10.6084/m9.figshare.27646707,B,"County-level injection capacity; pressure interference, plume geometry, and well count still need reservoir simulation."
county,Jiangxi,Xinzhou District,0.0,0.0,,,0.0,,,0.0,inf,https://www.nature.com/articles/s41597-025-04875-3; https://doi.org/10.6084/m9.figshare.27646707,B,"County-level injection capacity; pressure interference, plume geometry, and well count still need reservoir simulation."
county,Jiangxi,Yiyang County,0.0,0.0,,,0.0,,,0.0,inf,https://www.nature.com/articles/s41597-025-04875-3; https://doi.org/10.6084/m9.figshare.27646707,B,"County-level injection capacity; pressure interference, plume geometry, and well count still need reservoir simulation."
county,Jiangxi,Yugan County,0.0,0.0,,,0.0,,,0.0,inf,https://www.nature.com/articles/s41597-025-04875-3; https://doi.org/10.6084/m9.figshare.27646707,B,"County-level injection capacity; pressure interference, plume geometry, and well count still need reservoir simulation."
county,Jiangxi,Yushan County,0.0,0.0,,,0.0,,,0.0,inf,https://www.nature.com/articles/s41597-025-04875-3; https://doi.org/10.6084/m9.figshare.27646707,B,"County-level injection capacity; pressure interference, plume geometry, and well count still need reservoir simulation."
county,Jiangxi,Fenyi County,0.0,0.0,,,0.0,,,0.0,inf,https://www.nature.com/articles/s41597-025-04875-3; https://doi.org/10.6084/m9.figshare.27646707,B,"County-level injection capacity; pressure interference, plume geometry, and well count still need reservoir simulation."
county,Jiangxi,Yushui District,0.0,0.0,,,0.0,,,0.0,inf,https://www.nature.com/articles/s41597-025-04875-3; https://doi.org/10.6084/m9.figshare.27646707,B,"County-level injection capacity; pressure interference, plume geometry, and well count still need reservoir simulation."
county,Jiangxi,Fengcheng City,0.0,0.0,,,0.0,,,0.0,inf,https://www.nature.com/articles/s41597-025-04875-3; https://doi.org/10.6084/m9.figshare.27646707,B,"County-level injection capacity; pressure interference, plume geometry, and well count still need reservoir simulation."
county,Jiangxi,Fengxin County,0.0,0.0,,,0.0,,,0.0,inf,https://www.nature.com/articles/s41597-025-04875-3; https://doi.org/10.6084/m9.figshare.27646707,B,"County-level injection capacity; pressure interference, plume geometry, and well count still need reservoir simulation."
county,Jiangxi,Gao'an City,0.0,0.0,,,0.0,,,0.0,inf,https://www.nature.com/articles/s41597-025-04875-3; https://doi.org/10.6084/m9.figshare.27646707,B,"County-level injection capacity; pressure interference, plume geometry, and well count still need reservoir simulation."
county,Jiangxi,Jing'an County,0.0,0.0,,,0.0,,,0.0,inf,https://www.nature.com/articles/s41597-025-04875-3; https://doi.org/10.6084/m9.figshare.27646707,B,"County-level injection capacity; pressure interference, plume geometry, and well count still need reservoir simulation."
county,Jiangxi,Shanggao County,0.0,0.0,,,0.0,,,0.0,inf,https://www.nature.com/articles/s41597-025-04875-3; https://doi.org/10.6084/m9.figshare.27646707,B,"County-level injection capacity; pressure interference, plume geometry, and well count still need reservoir simulation."
county,Jiangxi,Tonggu County,0.0,0.0,,,0.0,,,0.0,inf,https://www.nature.com/articles/s41597-025-04875-3; https://doi.org/10.6084/m9.figshare.27646707,B,"County-level injection capacity; pressure interference, plume geometry, and well count still need reservoir simulation."
county,Jiangxi,Wanzai County,0.0,0.0,,,0.0,,,0.0,inf,https://www.nature.com/articles/s41597-025-04875-3; https://doi.org/10.6084/m9.figshare.27646707,B,"County-level injection capacity; pressure interference, plume geometry, and well count still need reservoir simulation."
county,Jiangxi,Yifeng County,0.0,0.0,,,0.0,,,0.0,inf,https://www.nature.com/articles/s41597-025-04875-3; https://doi.org/10.6084/m9.figshare.27646707,B,"County-level injection capacity; pressure interference, plume geometry, and well count still need reservoir simulation."
county,Jiangxi,Yuanzhou City,0.0,0.0,,,0.0,,,0.0,inf,https://www.nature.com/articles/s41597-025-04875-3; https://doi.org/10.6084/m9.figshare.27646707,B,"County-level injection capacity; pressure interference, plume geometry, and well count still need reservoir simulation."
county,Jiangxi,Zhangshu City,0.0,0.0,,,0.0,,,0.0,inf,https://www.nature.com/articles/s41597-025-04875-3; https://doi.org/10.6084/m9.figshare.27646707,B,"County-level injection capacity; pressure interference, plume geometry, and well count still need reservoir simulation."
county,Jiangxi,Guixi City,0.0,0.0,,,0.0,,,0.0,inf,https://www.nature.com/articles/s41597-025-04875-3; https://doi.org/10.6084/m9.figshare.27646707,B,"County-level injection capacity; pressure interference, plume geometry, and well count still need reservoir simulation."
county,Jiangxi,Yujiang District,0.0,0.0,,,0.0,,,0.0,inf,https://www.nature.com/articles/s41597-025-04875-3; https://doi.org/10.6084/m9.figshare.27646707,B,"County-level injection capacity; pressure interference, plume geometry, and well count still need reservoir simulation."
county,Jiangxi,Yuehu District,0.0,0.0,,,0.0,,,0.0,inf,https://www.nature.com/articles/s41597-025-04875-3; https://doi.org/10.6084/m9.figshare.27646707,B,"County-level injection capacity; pressure interference, plume geometry, and well count still need reservoir simulation."
county,Liaoning,Haicheng City,1.54,0.0,,,17.02,,,17.02,0.09048178613396005,https://www.nature.com/articles/s41597-025-04875-3; https://doi.org/10.6084/m9.figshare.27646707,B,"County-level injection capacity; pressure interference, plume geometry, and well count still need reservoir simulation."
county,Liaoning,Lishan District,0.0,0.0,,,0.0,,,0.0,inf,https://www.nature.com/articles/s41597-025-04875-3; https://doi.org/10.6084/m9.figshare.27646707,B,"County-level injection capacity; pressure interference, plume geometry, and well count still need reservoir simulation."
county,Liaoning,Qianshan District,0.0,0.0,,,0.0,,,0.0,inf,https://www.nature.com/articles/s41597-025-04875-3; https://doi.org/10.6084/m9.figshare.27646707,B,"County-level injection capacity; pressure interference, plume geometry, and well count still need reservoir simulation."
county,Liaoning,Tai 'an County,26.36,0.0,,,58.05,,,58.05,0.4540913006029285,https://www.nature.com/articles/s41597-025-04875-3; https://doi.org/10.6084/m9.figshare.27646707,B,"County-level injection capacity; pressure interference, plume geometry, and well count still need reservoir simulation."
county,Liaoning,Tiedong District,0.0,0.0,,,0.0,,,0.0,inf,https://www.nature.com/articles/s41597-025-04875-3; https://doi.org/10.6084/m9.figshare.27646707,B,"County-level injection capacity; pressure interference, plume geometry, and well count still need reservoir simulation."
county,Liaoning,Tiexi District,0.0,0.0,,,0.0,,,0.0,inf,https://www.nature.com/articles/s41597-025-04875-3; https://doi.org/10.6084/m9.figshare.27646707,B,"County-level injection capacity; pressure interference, plume geometry, and well count still need reservoir simulation."
county,Liaoning,Xiuyan Manchu Autonomous County,0.0,0.0,,,0.0,,,0.0,inf,https://www.nature.com/articles/s41597-025-04875-3; https://doi.org/10.6084/m9.figshare.27646707,B,"County-level injection capacity; pressure interference, plume geometry, and well count still need reservoir simulation."
county,Liaoning,Benxi Manchu Autonomous County,0.0,0.0,,,0.0,,,0.0,inf,https://www.nature.com/articles/s41597-025-04875-3; https://doi.org/10.6084/m9.figshare.27646707,B,"County-level injection capacity; pressure interference, plume geometry, and well count still need reservoir simulation."
county,Liaoning,Huanren Manchu autonomous County,0.0,0.0,,,0.0,,,0.0,inf,https://www.nature.com/articles/s41597-025-04875-3; https://doi.org/10.6084/m9.figshare.27646707,B,"County-level injection capacity; pressure interference, plume geometry, and well count still need reservoir simulation."
county,Liaoning,Mingshan District,0.0,0.0,,,0.0,,,0.0,inf,https://www.nature.com/articles/s41597-025-04875-3; https://doi.org/10.6084/m9.figshare.27646707,B,"County-level injection capacity; pressure interference, plume geometry, and well count still need reservoir simulation."
county,Liaoning,Nanfen District,0.0,0.0,,,0.0,,,0.0,inf,https://www.nature.com/articles/s41597-025-04875-3; https://doi.org/10.6084/m9.figshare.27646707,B,"County-level injection capacity; pressure interference, plume geometry, and well count still need reservoir simulation."
county,Liaoning,Pingshan District,0.0,0.0,,,0.0,,,0.0,inf,https://www.nature.com/articles/s41597-025-04875-3; https://doi.org/10.6084/m9.figshare.27646707,B,"County-level injection capacity; pressure interference, plume geometry, and well count still need reservoir simulation."
county,Liaoning,Xihu District,0.0,0.0,,,0.0,,,0.0,inf,https://www.nature.com/articles/s41597-025-04875-3; https://doi.org/10.6084/m9.figshare.27646707,B,"County-level injection capacity; pressure interference, plume geometry, and well count still need reservoir simulation."
county,Liaoning,Beipiao City,0.0,0.0,,,0.0,,,0.0,inf,https://www.nature.com/articles/s41597-025-04875-3; https://doi.org/10.6084/m9.figshare.27646707,B,"County-level injection capacity; pressure interference, plume geometry, and well count still need reservoir simulation."
county,Liaoning,Chaoyang County,0.0,0.0,,,0.0,,,0.0,inf,https://www.nature.com/articles/s41597-025-04875-3; https://doi.org/10.6084/m9.figshare.27646707,B,"County-level injection capacity; pressure interference, plume geometry, and well count still need reservoir simulation."
county,Liaoning,Jianping County,0.0,0.0,,,0.0,,,0.0,inf,https://www.nature.com/articles/s41597-025-04875-3; https://doi.org/10.6084/m9.figshare.27646707,B,"County-level injection capacity; pressure interference, plume geometry, and well count still need reservoir simulation."
county,Liaoning,Harqin Left Wing Mongolian Autonomous County,0.0,0.0,,,0.0,,,0.0,inf,https://www.nature.com/articles/s41597-025-04875-3; https://doi.org/10.6084/m9.figshare.27646707,B,"County-level injection capacity; pressure interference, plume geometry, and well count still need reservoir simulation."
county,Liaoning,Lingyuan City,0.0,0.0,,,0.0,,,0.0,inf,https://www.nature.com/articles/s41597-025-04875-3; https://doi.org/10.6084/m9.figshare.27646707,B,"County-level injection capacity; pressure interference, plume geometry, and well count still need reservoir simulation."
county,Liaoning,Longcheng District,0.0,0.0,,,0.0,,,0.0,inf,https://www.nature.com/articles/s41597-025-04875-3; https://doi.org/10.6084/m9.figshare.27646707,B,"County-level injection capacity; pressure interference, plume geometry, and well count still need reservoir simulation."
county,Liaoning,Shuangta District,0.0,0.0,,,0.0,,,0.0,inf,https://www.nature.com/articles/s41597-025-04875-3; https://doi.org/10.6084/m9.figshare.27646707,B,"County-level injection capacity; pressure interference, plume geometry, and well count still need reservoir simulation."
county,Liaoning,Ganjingzi District,0.0,0.0,,,0.0,,,0.0,inf,https://www.nature.com/articles/s41597-025-04875-3; https://doi.org/10.6084/m9.figshare.27646707,B,"County-level injection capacity; pressure interference, plume geometry, and well count still need reservoir simulation."
county,Liaoning,Jinzhou District,0.0,0.0,,,0.0,,,0.0,inf,https://www.nature.com/articles/s41597-025-04875-3; https://doi.org/10.6084/m9.figshare.27646707,B,"County-level injection capacity; pressure interference, plume geometry, and well count still need reservoir simulation."
county,Liaoning,Lushunkoukou District,0.0,0.0,,,0.0,,,0.0,inf,https://www.nature.com/articles/s41597-025-04875-3; https://doi.org/10.6084/m9.figshare.27646707,B,"County-level injection capacity; pressure interference, plume geometry, and well count still need reservoir simulation."
county,Liaoning,Pulandian District,0.0,0.0,,,0.0,,,0.0,inf,https://www.nature.com/articles/s41597-025-04875-3; https://doi.org/10.6084/m9.figshare.27646707,B,"County-level injection capacity; pressure interference, plume geometry, and well count still need reservoir simulation."
county,Liaoning,Shahekou District,0.0,0.0,,,0.0,,,0.0,inf,https://www.nature.com/articles/s41597-025-04875-3; https://doi.org/10.6084/m9.figshare.27646707,B,"County-level injection capacity; pressure interference, plume geometry, and well count still need reservoir simulation."
county,Liaoning,Wafangdian City,0.0,0.0,,,0.0,,,0.0,inf,https://www.nature.com/articles/s41597-025-04875-3; https://doi.org/10.6084/m9.figshare.27646707,B,"County-level injection capacity; pressure interference, plume geometry, and well count still need reservoir simulation."
county,Liaoning,Xigang District,0.0,0.0,,,0.0,,,0.0,inf,https://www.nature.com/articles/s41597-025-04875-3; https://doi.org/10.6084/m9.figshare.27646707,B,"County-level injection capacity; pressure interference, plume geometry, and well count still need reservoir simulation."
county,Liaoning,Changhai County,0.0,0.0,,,0.0,,,0.0,inf,https://www.nature.com/articles/s41597-025-04875-3; https://doi.org/10.6084/m9.figshare.27646707,B,"County-level injection capacity; pressure interference, plume geometry, and well count still need reservoir simulation."
county,Liaoning,Zhongshan District,0.0,0.0,,,0.0,,,0.0,inf,https://www.nature.com/articles/s41597-025-04875-3; https://doi.org/10.6084/m9.figshare.27646707,B,"County-level injection capacity; pressure interference, plume geometry, and well count still need reservoir simulation."
county,Liaoning,Zhuanghe City,0.0,0.0,,,0.0,,,0.0,inf,https://www.nature.com/articles/s41597-025-04875-3; https://doi.org/10.6084/m9.figshare.27646707,B,"County-level injection capacity; pressure interference, plume geometry, and well count still need reservoir simulation."
county,Liaoning,Donggang City,0.0,0.0,,,0.0,,,0.0,inf,https://www.nature.com/articles/s41597-025-04875-3; https://doi.org/10.6084/m9.figshare.27646707,B,"County-level injection capacity; pressure interference, plume geometry, and well count still need reservoir simulation."
county,Liaoning,Fengcheng City,0.0,0.0,,,0.0,,,0.0,inf,https://www.nature.com/articles/s41597-025-04875-3; https://doi.org/10.6084/m9.figshare.27646707,B,"County-level injection capacity; pressure interference, plume geometry, and well count still need reservoir simulation."
county,Liaoning,Kuandian Manzu Autonomous County,0.0,0.0,,,0.0,,,0.0,inf,https://www.nature.com/articles/s41597-025-04875-3; https://doi.org/10.6084/m9.figshare.27646707,B,"County-level injection capacity; pressure interference, plume geometry, and well count still need reservoir simulation."
county,Liaoning,Yuanbao District,0.0,0.0,,,0.0,,,0.0,inf,https://www.nature.com/articles/s41597-025-04875-3; https://doi.org/10.6084/m9.figshare.27646707,B,"County-level injection capacity; pressure interference, plume geometry, and well count still need reservoir simulation."
county,Liaoning,Zhen'an District,0.0,0.0,,,0.0,,,0.0,inf,https://www.nature.com/articles/s41597-025-04875-3; https://doi.org/10.6084/m9.figshare.27646707,B,"County-level injection capacity; pressure interference, plume geometry, and well count still need reservoir simulation."
county,Liaoning,Zhenxing District,0.0,0.0,,,0.0,,,0.0,inf,https://www.nature.com/articles/s41597-025-04875-3; https://doi.org/10.6084/m9.figshare.27646707,B,"County-level injection capacity; pressure interference, plume geometry, and well count still need reservoir simulation."
county,Liaoning,Dongzhou District,0.0,0.0,,,0.0,,,0.0,inf,https://www.nature.com/articles/s41597-025-04875-3; https://doi.org/10.6084/m9.figshare.27646707,B,"County-level injection capacity; pressure interference, plume geometry, and well count still need reservoir simulation."
county,Liaoning,Fushun County,0.0,0.0,,,0.0,,,0.0,inf,https://www.nature.com/articles/s41597-025-04875-3; https://doi.org/10.6084/m9.figshare.27646707,B,"County-level injection capacity; pressure interference, plume geometry, and well count still need reservoir simulation."
county,Liaoning,Qingyuan Manzu autonomous County,0.0,0.0,,,0.0,,,0.0,inf,https://www.nature.com/articles/s41597-025-04875-3; https://doi.org/10.6084/m9.figshare.27646707,B,"County-level injection capacity; pressure interference, plume geometry, and well count still need reservoir simulation."
county,Liaoning,Shuncheng District,0.0,0.0,,,0.0,,,0.0,inf,https://www.nature.com/articles/s41597-025-04875-3; https://doi.org/10.6084/m9.figshare.27646707,B,"County-level injection capacity; pressure interference, plume geometry, and well count still need reservoir simulation."
county,Liaoning,Wanghua District,0.0,0.0,,,0.0,,,0.0,inf,https://www.nature.com/articles/s41597-025-04875-3; https://doi.org/10.6084/m9.figshare.27646707,B,"County-level injection capacity; pressure interference, plume geometry, and well count still need reservoir simulation."
county,Liaoning,Xinbin Manzu Autonomous County,0.0,0.0,,,0.0,,,0.0,inf,https://www.nature.com/articles/s41597-025-04875-3; https://doi.org/10.6084/m9.figshare.27646707,B,"County-level injection capacity; pressure interference, plume geometry, and well count still need reservoir simulation."
county,Liaoning,Xinfu District,0.0,0.0,,,0.0,,,0.0,inf,https://www.nature.com/articles/s41597-025-04875-3; https://doi.org/10.6084/m9.figshare.27646707,B,"County-level injection capacity; pressure interference, plume geometry, and well count still need reservoir simulation."
county,Liaoning,Fuxin Mongolian Autonomous County,0.0,0.0,,,0.0,,,0.0,inf,https://www.nature.com/articles/s41597-025-04875-3; https://doi.org/10.6084/m9.figshare.27646707,B,"County-level injection capacity; pressure interference, plume geometry, and well count still need reservoir simulation."
county,Liaoning,Haizhou District,0.0,0.0,,,0.0,,,0.0,inf,https://www.nature.com/articles/s41597-025-04875-3; https://doi.org/10.6084/m9.figshare.27646707,B,"County-level injection capacity; pressure interference, plume geometry, and well count still need reservoir simulation."
county,Liaoning,Qinghemen District,0.0,0.0,,,0.0,,,0.0,inf,https://www.nature.com/articles/s41597-025-04875-3; https://doi.org/10.6084/m9.figshare.27646707,B,"County-level injection capacity; pressure interference, plume geometry, and well count still need reservoir simulation."
county,Liaoning,Taiping District,0.0,0.0,,,0.0,,,0.0,inf,https://www.nature.com/articles/s41597-025-04875-3; https://doi.org/10.6084/m9.figshare.27646707,B,"County-level injection capacity; pressure interference, plume geometry, and well count still need reservoir simulation."
county,Liaoning,Xihe District,0.0,0.0,,,0.0,,,0.0,inf,https://www.nature.com/articles/s41597-025-04875-3; https://doi.org/10.6084/m9.figshare.27646707,B,"County-level injection capacity; pressure interference, plume geometry, and well count still need reservoir simulation."
county,Liaoning,Xinqiu District,0.0,0.0,,,0.0,,,0.0,inf,https://www.nature.com/articles/s41597-025-04875-3; https://doi.org/10.6084/m9.figshare.27646707,B,"County-level injection capacity; pressure interference, plume geometry, and well count still need reservoir simulation."
county,Liaoning,Changwu County,0.04,0.0,,,0.0,,,0.0,inf,https://www.nature.com/articles/s41597-025-04875-3; https://doi.org/10.6084/m9.figshare.27646707,B,"County-level injection capacity; pressure interference, plume geometry, and well count still need reservoir simulation."
county,Liaoning,Jianchang County,0.0,0.0,,,0.0,,,0.0,inf,https://www.nature.com/articles/s41597-025-04875-3; https://doi.org/10.6084/m9.figshare.27646707,B,"County-level injection capacity; pressure interference, plume geometry, and well count still need reservoir simulation."
county,Liaoning,Lianshan District,0.0,0.0,,,0.0,,,0.0,inf,https://www.nature.com/articles/s41597-025-04875-3; https://doi.org/10.6084/m9.figshare.27646707,B,"County-level injection capacity; pressure interference, plume geometry, and well count still need reservoir simulation."
county,Liaoning,Longgang District,0.0,0.0,,,0.0,,,0.0,inf,https://www.nature.com/articles/s41597-025-04875-3; https://doi.org/10.6084/m9.figshare.27646707,B,"County-level injection capacity; pressure interference, plume geometry, and well count still need reservoir simulation."
county,Liaoning,Nanpiao District,0.0,0.0,,,0.0,,,0.0,inf,https://www.nature.com/articles/s41597-025-04875-3; https://doi.org/10.6084/m9.figshare.27646707,B,"County-level injection capacity; pressure interference, plume geometry, and well count still need reservoir simulation."
county,Liaoning,Suizhong County,0.0,0.0,,,0.0,,,0.0,inf,https://www.nature.com/articles/s41597-025-04875-3; https://doi.org/10.6084/m9.figshare.27646707,B,"County-level injection capacity; pressure interference, plume geometry, and well count still need reservoir simulation."
county,Liaoning,Xingcheng City,0.0,0.0,,,0.0,,,0.0,inf,https://www.nature.com/articles/s41597-025-04875-3; https://doi.org/10.6084/m9.figshare.27646707,B,"County-level injection capacity; pressure interference, plume geometry, and well count still need reservoir simulation."
county,Liaoning,Beizhen City,0.0,0.0,,,0.0,,,0.0,inf,https://www.nature.com/articles/s41597-025-04875-3; https://doi.org/10.6084/m9.figshare.27646707,B,"County-level injection capacity; pressure interference, plume geometry, and well count still need reservoir simulation."
county,Liaoning,Guta District,0.0,0.0,,,0.0,,,0.0,inf,https://www.nature.com/articles/s41597-025-04875-3; https://doi.org/10.6084/m9.figshare.27646707,B,"County-level injection capacity; pressure interference, plume geometry, and well count still need reservoir simulation."
county,Liaoning,Heishan County,0.0,0.0,,,0.0,,,0.0,inf,https://www.nature.com/articles/s41597-025-04875-3; https://doi.org/10.6084/m9.figshare.27646707,B,"County-level injection capacity; pressure interference, plume geometry, and well count still need reservoir simulation."
county,Liaoning,Linghai City,8.37,0.0,,,0.0,,,0.0,inf,https://www.nature.com/articles/s41597-025-04875-3; https://doi.org/10.6084/m9.figshare.27646707,B,"County-level injection capacity; pressure interference, plume geometry, and well count still need reservoir simulation."
county,Liaoning,Linghe District,0.0,0.0,,,0.0,,,0.0,inf,https://www.nature.com/articles/s41597-025-04875-3; https://doi.org/10.6084/m9.figshare.27646707,B,"County-level injection capacity; pressure interference, plume geometry, and well count still need reservoir simulation."
county,Liaoning,Taihe District,0.0,0.0,,,0.0,,,0.0,inf,https://www.nature.com/articles/s41597-025-04875-3; https://doi.org/10.6084/m9.figshare.27646707,B,"County-level injection capacity; pressure interference, plume geometry, and well count still need reservoir simulation."
county,Liaoning,Yi County,0.0,0.0,,,0.0,,,0.0,inf,https://www.nature.com/articles/s41597-025-04875-3; https://doi.org/10.6084/m9.figshare.27646707,B,"County-level injection capacity; pressure interference, plume geometry, and well count still need reservoir simulation."
county,Liaoning,Baita District,0.0,0.0,,,0.0,,,0.0,inf,https://www.nature.com/articles/s41597-025-04875-3; https://doi.org/10.6084/m9.figshare.27646707,B,"County-level injection capacity; pressure interference, plume geometry, and well count still need reservoir simulation."
county,Liaoning,Dengta City,3.33,0.0,,,61.74,,,61.74,0.05393586005830904,https://www.nature.com/articles/s41597-025-04875-3; https://doi.org/10.6084/m9.figshare.27646707,B,"County-level injection capacity; pressure interference, plume geometry, and well count still need reservoir simulation."
county,Liaoning,Gongchangling District,0.0,0.0,,,0.0,,,0.0,inf,https://www.nature.com/articles/s41597-025-04875-3; https://doi.org/10.6084/m9.figshare.27646707,B,"County-level injection capacity; pressure interference, plume geometry, and well count still need reservoir simulation."
county,Liaoning,Hongwei District,0.0,0.0,,,0.0,,,0.0,inf,https://www.nature.com/articles/s41597-025-04875-3; https://doi.org/10.6084/m9.figshare.27646707,B,"County-level injection capacity; pressure interference, plume geometry, and well count still need reservoir simulation."
county,Liaoning,Liaoyang County,5.5,0.0,,,62.74,,,62.74,0.08766337264902774,https://www.nature.com/articles/s41597-025-04875-3; https://doi.org/10.6084/m9.figshare.27646707,B,"County-level injection capacity; pressure interference, plume geometry, and well count still need reservoir simulation."
county,Liaoning,Taizihe District,0.0,0.0,,,0.0,,,0.0,inf,https://www.nature.com/articles/s41597-025-04875-3; https://doi.org/10.6084/m9.figshare.27646707,B,"County-level injection capacity; pressure interference, plume geometry, and well count still need reservoir simulation."
county,Liaoning,Wensheng District,0.0,0.0,,,0.0,,,0.0,inf,https://www.nature.com/articles/s41597-025-04875-3; https://doi.org/10.6084/m9.figshare.27646707,B,"County-level injection capacity; pressure interference, plume geometry, and well count still need reservoir simulation."
county,Liaoning,Dawa District,21.48,0.0,,,58.05,,,58.05,0.3700258397932817,https://www.nature.com/articles/s41597-025-04875-3; https://doi.org/10.6084/m9.figshare.27646707,B,"County-level injection capacity; pressure interference, plume geometry, and well count still need reservoir simulation."
county,Liaoning,Panshan District,152.25,0.0,,,58.05,,,58.05,2.6227390180878554,https://www.nature.com/articles/s41597-025-04875-3; https://doi.org/10.6084/m9.figshare.27646707,B,"County-level injection capacity; pressure interference, plume geometry, and well count still need reservoir simulation."
county,Liaoning,Shuangtaizi District,0.0,0.0,,,0.0,,,0.0,inf,https://www.nature.com/articles/s41597-025-04875-3; https://doi.org/10.6084/m9.figshare.27646707,B,"County-level injection capacity; pressure interference, plume geometry, and well count still need reservoir simulation."
county,Liaoning,Xinglongtai District,34.6,0.0,,,26.08,,,26.08,1.3266871165644174,https://www.nature.com/articles/s41597-025-04875-3; https://doi.org/10.6084/m9.figshare.27646707,B,"County-level injection capacity; pressure interference, plume geometry, and well count still need reservoir simulation."
county,Liaoning,Dandong District,0.0,0.0,,,0.0,,,0.0,inf,https://www.nature.com/articles/s41597-025-04875-3; https://doi.org/10.6084/m9.figshare.27646707,B,"County-level injection capacity; pressure interference, plume geometry, and well count still need reservoir simulation."
county,Liaoning,Faku County,0.0,0.0,,,0.0,,,0.0,inf,https://www.nature.com/articles/s41597-025-04875-3; https://doi.org/10.6084/m9.figshare.27646707,B,"County-level injection capacity; pressure interference, plume geometry, and well count still need reservoir simulation."
county,Liaoning,Heping District,0.0,0.0,,,0.0,,,0.0,inf,https://www.nature.com/articles/s41597-025-04875-3; https://doi.org/10.6084/m9.figshare.27646707,B,"County-level injection capacity; pressure interference, plume geometry, and well count still need reservoir simulation."
county,Liaoning,Huanggu District,0.0,0.0,,,0.0,,,0.0,inf,https://www.nature.com/articles/s41597-025-04875-3; https://doi.org/10.6084/m9.figshare.27646707,B,"County-level injection capacity; pressure interference, plume geometry, and well count still need reservoir simulation."
county,Liaoning,Hunnan District,0.0,0.0,,,0.0,,,0.0,inf,https://www.nature.com/articles/s41597-025-04875-3; https://doi.org/10.6084/m9.figshare.27646707,B,"County-level injection capacity; pressure interference, plume geometry, and well count still need reservoir simulation."
county,Liaoning,Kangping County,1.24,0.0,,,0.4,,,0.4,3.0999999999999996,https://www.nature.com/articles/s41597-025-04875-3; https://doi.org/10.6084/m9.figshare.27646707,B,"County-level injection capacity; pressure interference, plume geometry, and well count still need reservoir simulation."
county,Liaoning,Liaoyang District,13.88,0.0,,,61.74,,,61.74,0.22481373501781665,https://www.nature.com/articles/s41597-025-04875-3; https://doi.org/10.6084/m9.figshare.27646707,B,"County-level injection capacity; pressure interference, plume geometry, and well count still need reservoir simulation."
county,Liaoning,Shenbei New District,0.0,0.0,,,0.0,,,0.0,inf,https://www.nature.com/articles/s41597-025-04875-3; https://doi.org/10.6084/m9.figshare.27646707,B,"County-level injection capacity; pressure interference, plume geometry, and well count still need reservoir simulation."
county,Liaoning,Shenhe District,0.0,0.0,,,0.0,,,0.0,inf,https://www.nature.com/articles/s41597-025-04875-3; https://doi.org/10.6084/m9.figshare.27646707,B,"County-level injection capacity; pressure interference, plume geometry, and well count still need reservoir simulation."
county,Liaoning,Sujiatun District,0.0,0.0,,,0.0,,,0.0,inf,https://www.nature.com/articles/s41597-025-04875-3; https://doi.org/10.6084/m9.figshare.27646707,B,"County-level injection capacity; pressure interference, plume geometry, and well count still need reservoir simulation."
county,Liaoning,Tiexi District,0.0,0.0,,,0.0,,,0.0,inf,https://www.nature.com/articles/s41597-025-04875-3; https://doi.org/10.6084/m9.figshare.27646707,B,"County-level injection capacity; pressure interference, plume geometry, and well count still need reservoir simulation."
county,Liaoning,Xinmin City,38.51,0.0,,,10.33,,,10.33,3.727976766698935,https://www.nature.com/articles/s41597-025-04875-3; https://doi.org/10.6084/m9.figshare.27646707,B,"County-level injection capacity; pressure interference, plume geometry, and well count still need reservoir simulation."
county,Liaoning,Yuhong District,11.71,0.0,,,10.33,,,10.33,1.133591481122943,https://www.nature.com/articles/s41597-025-04875-3; https://doi.org/10.6084/m9.figshare.27646707,B,"County-level injection capacity; pressure interference, plume geometry, and well count still need reservoir simulation."
county,Liaoning,Changtu County,139.03,0.1,,,0.0,,,0.1,1390.3,https://www.nature.com/articles/s41597-025-04875-3; https://doi.org/10.6084/m9.figshare.27646707,B,"County-level injection capacity; pressure interference, plume geometry, and well count still need reservoir simulation."
county,Liaoning,Zhaibingshan,0.0,0.0,,,0.0,,,0.0,inf,https://www.nature.com/articles/s41597-025-04875-3; https://doi.org/10.6084/m9.figshare.27646707,B,"County-level injection capacity; pressure interference, plume geometry, and well count still need reservoir simulation."
county,Liaoning,Kaiyuan City,0.0,0.0,,,0.0,,,0.0,inf,https://www.nature.com/articles/s41597-025-04875-3; https://doi.org/10.6084/m9.figshare.27646707,B,"County-level injection capacity; pressure interference, plume geometry, and well count still need reservoir simulation."
county,Liaoning,Qinghe District,0.0,0.0,,,0.0,,,0.0,inf,https://www.nature.com/articles/s41597-025-04875-3; https://doi.org/10.6084/m9.figshare.27646707,B,"County-level injection capacity; pressure interference, plume geometry, and well count still need reservoir simulation."
county,Liaoning,Tieling County,0.0,0.0,,,0.0,,,0.0,inf,https://www.nature.com/articles/s41597-025-04875-3; https://doi.org/10.6084/m9.figshare.27646707,B,"County-level injection capacity; pressure interference, plume geometry, and well count still need reservoir simulation."
county,Liaoning,Xifeng County,0.0,0.0,,,0.0,,,0.0,inf,https://www.nature.com/articles/s41597-025-04875-3; https://doi.org/10.6084/m9.figshare.27646707,B,"County-level injection capacity; pressure interference, plume geometry, and well count still need reservoir simulation."
county,Liaoning,Yinzhou District,0.0,0.0,,,0.0,,,0.0,inf,https://www.nature.com/articles/s41597-025-04875-3; https://doi.org/10.6084/m9.figshare.27646707,B,"County-level injection capacity; pressure interference, plume geometry, and well count still need reservoir simulation."
county,Liaoning,Mackerel District,0.0,0.0,,,0.0,,,0.0,inf,https://www.nature.com/articles/s41597-025-04875-3; https://doi.org/10.6084/m9.figshare.27646707,B,"County-level injection capacity; pressure interference, plume geometry, and well count still need reservoir simulation."
county,Liaoning,Dashiqiao City,0.0,0.0,,,0.0,,,0.0,inf,https://www.nature.com/articles/s41597-025-04875-3; https://doi.org/10.6084/m9.figshare.27646707,B,"County-level injection capacity; pressure interference, plume geometry, and well count still need reservoir simulation."
county,Liaoning,Gaizhou City,0.0,0.0,,,0.0,,,0.0,inf,https://www.nature.com/articles/s41597-025-04875-3; https://doi.org/10.6084/m9.figshare.27646707,B,"County-level injection capacity; pressure interference, plume geometry, and well count still need reservoir simulation."
county,Liaoning,Laobian District,0.0,0.0,,,0.0,,,0.0,inf,https://www.nature.com/articles/s41597-025-04875-3; https://doi.org/10.6084/m9.figshare.27646707,B,"County-level injection capacity; pressure interference, plume geometry, and well count still need reservoir simulation."
county,Liaoning,Xishi District,0.0,0.0,,,0.0,,,0.0,inf,https://www.nature.com/articles/s41597-025-04875-3; https://doi.org/10.6084/m9.figshare.27646707,B,"County-level injection capacity; pressure interference, plume geometry, and well count still need reservoir simulation."
county,Liaoning,Zhanqian District,0.0,0.0,,,0.0,,,0.0,inf,https://www.nature.com/articles/s41597-025-04875-3; https://doi.org/10.6084/m9.figshare.27646707,B,"County-level injection capacity; pressure interference, plume geometry, and well count still need reservoir simulation."
county,Inner Mongolia Autonomous Region,Alxa Right Banner,8338.19,0.12,,,0.0,,,0.12,69484.91666666667,https://www.nature.com/articles/s41597-025-04875-3; https://doi.org/10.6084/m9.figshare.27646707,B,"County-level injection capacity; pressure interference, plume geometry, and well count still need reservoir simulation."
county,Inner Mongolia Autonomous Region,Alxa Left Banner,6371.6,0.12,,,0.05,,,0.16999999999999998,37480.00000000001,https://www.nature.com/articles/s41597-025-04875-3; https://doi.org/10.6084/m9.figshare.27646707,B,"County-level injection capacity; pressure interference, plume geometry, and well count still need reservoir simulation."
county,Inner Mongolia Autonomous Region,Ejin Banner,6766.9,0.09,,,0.04,,,0.13,52053.07692307692,https://www.nature.com/articles/s41597-025-04875-3; https://doi.org/10.6084/m9.figshare.27646707,B,"County-level injection capacity; pressure interference, plume geometry, and well count still need reservoir simulation."
county,Inner Mongolia Autonomous Region,Dengkou County,0.0,0.0,,,0.0,,,0.0,inf,https://www.nature.com/articles/s41597-025-04875-3; https://doi.org/10.6084/m9.figshare.27646707,B,"County-level injection capacity; pressure interference, plume geometry, and well count still need reservoir simulation."
county,Inner Mongolia Autonomous Region,Hangjin Houqi Banner,0.0,0.0,,,0.0,,,0.0,inf,https://www.nature.com/articles/s41597-025-04875-3; https://doi.org/10.6084/m9.figshare.27646707,B,"County-level injection capacity; pressure interference, plume geometry, and well count still need reservoir simulation."
county,Inner Mongolia Autonomous Region,Linhe District,0.0,0.0,,,0.0,,,0.0,inf,https://www.nature.com/articles/s41597-025-04875-3; https://doi.org/10.6084/m9.figshare.27646707,B,"County-level injection capacity; pressure interference, plume geometry, and well count still need reservoir simulation."
county,Inner Mongolia Autonomous Region,Urad Rear Banner,4474.39,0.12,,,0.05,,,0.16999999999999998,26319.94117647059,https://www.nature.com/articles/s41597-025-04875-3; https://doi.org/10.6084/m9.figshare.27646707,B,"County-level injection capacity; pressure interference, plume geometry, and well count still need reservoir simulation."
county,Inner Mongolia Autonomous Region,Urad Front Banner,0.0,0.0,,,0.0,,,0.0,inf,https://www.nature.com/articles/s41597-025-04875-3; https://doi.org/10.6084/m9.figshare.27646707,B,"County-level injection capacity; pressure interference, plume geometry, and well count still need reservoir simulation."
county,Inner Mongolia Autonomous Region,Urad Middle Banner,163.64,0.06,,,12.72,,,12.780000000000001,12.804381846635366,https://www.nature.com/articles/s41597-025-04875-3; https://doi.org/10.6084/m9.figshare.27646707,B,"County-level injection capacity; pressure interference, plume geometry, and well count still need reservoir simulation."
county,Inner Mongolia Autonomous Region,Wuyuan County,0.0,0.0,,,0.0,,,0.0,inf,https://www.nature.com/articles/s41597-025-04875-3; https://doi.org/10.6084/m9.figshare.27646707,B,"County-level injection capacity; pressure interference, plume geometry, and well count still need reservoir simulation."
county,Inner Mongolia Autonomous Region,Bayan Obo Mining District,0.0,0.0,,,0.0,,,0.0,inf,https://www.nature.com/articles/s41597-025-04875-3; https://doi.org/10.6084/m9.figshare.27646707,B,"County-level injection capacity; pressure interference, plume geometry, and well count still need reservoir simulation."
county,Inner Mongolia Autonomous Region,Darhan-Muminggan Joint County,1016.77,5.02,,,0.0,,,5.02,202.54382470119523,https://www.nature.com/articles/s41597-025-04875-3; https://doi.org/10.6084/m9.figshare.27646707,B,"County-level injection capacity; pressure interference, plume geometry, and well count still need reservoir simulation."
county,Inner Mongolia Autonomous Region,Donghe District,0.0,0.0,,,0.0,,,0.0,inf,https://www.nature.com/articles/s41597-025-04875-3; https://doi.org/10.6084/m9.figshare.27646707,B,"County-level injection capacity; pressure interference, plume geometry, and well count still need reservoir simulation."
county,Inner Mongolia Autonomous Region,Guyang County,0.0,0.0,,,0.0,,,0.0,inf,https://www.nature.com/articles/s41597-025-04875-3; https://doi.org/10.6084/m9.figshare.27646707,B,"County-level injection capacity; pressure interference, plume geometry, and well count still need reservoir simulation."
county,Inner Mongolia Autonomous Region,Jiuyuan District,0.0,0.0,,,0.0,,,0.0,inf,https://www.nature.com/articles/s41597-025-04875-3; https://doi.org/10.6084/m9.figshare.27646707,B,"County-level injection capacity; pressure interference, plume geometry, and well count still need reservoir simulation."
county,Inner Mongolia Autonomous Region,Hondlon District,0.0,0.0,,,0.0,,,0.0,inf,https://www.nature.com/articles/s41597-025-04875-3; https://doi.org/10.6084/m9.figshare.27646707,B,"County-level injection capacity; pressure interference, plume geometry, and well count still need reservoir simulation."
county,Inner Mongolia Autonomous Region,Qingshan District,0.0,0.0,,,0.0,,,0.0,inf,https://www.nature.com/articles/s41597-025-04875-3; https://doi.org/10.6084/m9.figshare.27646707,B,"County-level injection capacity; pressure interference, plume geometry, and well count still need reservoir simulation."
county,Inner Mongolia Autonomous Region,Shiguai District,0.0,0.0,,,0.0,,,0.0,inf,https://www.nature.com/articles/s41597-025-04875-3; https://doi.org/10.6084/m9.figshare.27646707,B,"County-level injection capacity; pressure interference, plume geometry, and well count still need reservoir simulation."
county,Inner Mongolia Autonomous Region,Tumed Right Banner,0.0,0.0,,,0.0,,,0.0,inf,https://www.nature.com/articles/s41597-025-04875-3; https://doi.org/10.6084/m9.figshare.27646707,B,"County-level injection capacity; pressure interference, plume geometry, and well count still need reservoir simulation."
county,Inner Mongolia Autonomous Region,Ar Horqin Banner,6.18,0.0,,,1.24,,,1.24,4.983870967741935,https://www.nature.com/articles/s41597-025-04875-3; https://doi.org/10.6084/m9.figshare.27646707,B,"County-level injection capacity; pressure interference, plume geometry, and well count still need reservoir simulation."
county,Inner Mongolia Autonomous Region,Aohan Banner,0.0,0.0,,,0.0,,,0.0,inf,https://www.nature.com/articles/s41597-025-04875-3; https://doi.org/10.6084/m9.figshare.27646707,B,"County-level injection capacity; pressure interference, plume geometry, and well count still need reservoir simulation."
county,Inner Mongolia Autonomous Region,Bahrain Right Banner,0.0,0.0,,,0.0,,,0.0,inf,https://www.nature.com/articles/s41597-025-04875-3; https://doi.org/10.6084/m9.figshare.27646707,B,"County-level injection capacity; pressure interference, plume geometry, and well count still need reservoir simulation."
county,Inner Mongolia Autonomous Region,Bahrain Left Banner,0.0,0.0,,,0.0,,,0.0,inf,https://www.nature.com/articles/s41597-025-04875-3; https://doi.org/10.6084/m9.figshare.27646707,B,"County-level injection capacity; pressure interference, plume geometry, and well count still need reservoir simulation."
county,Inner Mongolia Autonomous Region,Hongshan District,0.0,0.0,,,0.0,,,0.0,inf,https://www.nature.com/articles/s41597-025-04875-3; https://doi.org/10.6084/m9.figshare.27646707,B,"County-level injection capacity; pressure interference, plume geometry, and well count still need reservoir simulation."
county,Inner Mongolia Autonomous Region,Harqin Banner,0.0,0.0,,,0.0,,,0.0,inf,https://www.nature.com/articles/s41597-025-04875-3; https://doi.org/10.6084/m9.figshare.27646707,B,"County-level injection capacity; pressure interference, plume geometry, and well count still need reservoir simulation."
county,Inner Mongolia Autonomous Region,Keshketeng Banner,0.0,0.0,,,0.0,,,0.0,inf,https://www.nature.com/articles/s41597-025-04875-3; https://doi.org/10.6084/m9.figshare.27646707,B,"County-level injection capacity; pressure interference, plume geometry, and well count still need reservoir simulation."
county,Inner Mongolia Autonomous Region,Linxi County,0.0,0.0,,,0.0,,,0.0,inf,https://www.nature.com/articles/s41597-025-04875-3; https://doi.org/10.6084/m9.figshare.27646707,B,"County-level injection capacity; pressure interference, plume geometry, and well count still need reservoir simulation."
county,Inner Mongolia Autonomous Region,Ningcheng County,0.0,0.0,,,0.0,,,0.0,inf,https://www.nature.com/articles/s41597-025-04875-3; https://doi.org/10.6084/m9.figshare.27646707,B,"County-level injection capacity; pressure interference, plume geometry, and well count still need reservoir simulation."
county,Inner Mongolia Autonomous Region,Songshan District,0.0,0.0,,,0.0,,,0.0,inf,https://www.nature.com/articles/s41597-025-04875-3; https://doi.org/10.6084/m9.figshare.27646707,B,"County-level injection capacity; pressure interference, plume geometry, and well count still need reservoir simulation."
county,Inner Mongolia Autonomous Region,Ongniud Banner,0.0,0.0,,,0.0,,,0.0,inf,https://www.nature.com/articles/s41597-025-04875-3; https://doi.org/10.6084/m9.figshare.27646707,B,"County-level injection capacity; pressure interference, plume geometry, and well count still need reservoir simulation."
county,Inner Mongolia Autonomous Region,Yuanbaoshan District,0.0,0.0,,,0.0,,,0.0,inf,https://www.nature.com/articles/s41597-025-04875-3; https://doi.org/10.6084/m9.figshare.27646707,B,"County-level injection capacity; pressure interference, plume geometry, and well count still need reservoir simulation."
county,Inner Mongolia Autonomous Region,Dalad Banner,0.52,0.0,,,0.0,,,0.0,inf,https://www.nature.com/articles/s41597-025-04875-3; https://doi.org/10.6084/m9.figshare.27646707,B,"County-level injection capacity; pressure interference, plume geometry, and well count still need reservoir simulation."
county,Inner Mongolia Autonomous Region,Dongsheng District,7.88,0.0,,,0.0,,,0.0,inf,https://www.nature.com/articles/s41597-025-04875-3; https://doi.org/10.6084/m9.figshare.27646707,B,"County-level injection capacity; pressure interference, plume geometry, and well count still need reservoir simulation."
county,Inner Mongolia Autonomous Region,OtogBanner,1920.11,0.58,,,0.0,,,0.58,3310.534482758621,https://www.nature.com/articles/s41597-025-04875-3; https://doi.org/10.6084/m9.figshare.27646707,B,"County-level injection capacity; pressure interference, plume geometry, and well count still need reservoir simulation."
county,Inner Mongolia Autonomous Region,Otog Front Banner,2286.62,0.69,,,0.0,,,0.69,3313.9420289855075,https://www.nature.com/articles/s41597-025-04875-3; https://doi.org/10.6084/m9.figshare.27646707,B,"County-level injection capacity; pressure interference, plume geometry, and well count still need reservoir simulation."
county,Inner Mongolia Autonomous Region,Hangjin Banner,22.86,0.0,,,0.0,,,0.0,inf,https://www.nature.com/articles/s41597-025-04875-3; https://doi.org/10.6084/m9.figshare.27646707,B,"County-level injection capacity; pressure interference, plume geometry, and well count still need reservoir simulation."
county,Inner Mongolia Autonomous Region,Kangbashi District,1.91,0.0,,,0.0,,,0.0,inf,https://www.nature.com/articles/s41597-025-04875-3; https://doi.org/10.6084/m9.figshare.27646707,B,"County-level injection capacity; pressure interference, plume geometry, and well count still need reservoir simulation."
county,Inner Mongolia Autonomous Region,Uxin Banner,131.41,0.02,,,0.0,,,0.02,6570.5,https://www.nature.com/articles/s41597-025-04875-3; https://doi.org/10.6084/m9.figshare.27646707,B,"County-level injection capacity; pressure interference, plume geometry, and well count still need reservoir simulation."
county,Inner Mongolia Autonomous Region,Ejin Horo Banner,25.26,0.0,,,0.0,,,0.0,inf,https://www.nature.com/articles/s41597-025-04875-3; https://doi.org/10.6084/m9.figshare.27646707,B,"County-level injection capacity; pressure interference, plume geometry, and well count still need reservoir simulation."
county,Inner Mongolia Autonomous Region,Jungar Banner,10.33,0.0,,,0.0,,,0.0,inf,https://www.nature.com/articles/s41597-025-04875-3; https://doi.org/10.6084/m9.figshare.27646707,B,"County-level injection capacity; pressure interference, plume geometry, and well count still need reservoir simulation."
county,Inner Mongolia Autonomous Region,Horinger County,0.0,0.0,,,0.0,,,0.0,inf,https://www.nature.com/articles/s41597-025-04875-3; https://doi.org/10.6084/m9.figshare.27646707,B,"County-level injection capacity; pressure interference, plume geometry, and well count still need reservoir simulation."
county,Inner Mongolia Autonomous Region,Huimin District,0.0,0.0,,,0.0,,,0.0,inf,https://www.nature.com/articles/s41597-025-04875-3; https://doi.org/10.6084/m9.figshare.27646707,B,"County-level injection capacity; pressure interference, plume geometry, and well count still need reservoir simulation."
county,Inner Mongolia Autonomous Region,Qingshuihe District,0.0,0.0,,,0.0,,,0.0,inf,https://www.nature.com/articles/s41597-025-04875-3; https://doi.org/10.6084/m9.figshare.27646707,B,"County-level injection capacity; pressure interference, plume geometry, and well count still need reservoir simulation."
county,Inner Mongolia Autonomous Region,Saihan District,0.0,0.0,,,0.0,,,0.0,inf,https://www.nature.com/articles/s41597-025-04875-3; https://doi.org/10.6084/m9.figshare.27646707,B,"County-level injection capacity; pressure interference, plume geometry, and well count still need reservoir simulation."
county,Inner Mongolia Autonomous Region,Tumet Left Banner,0.0,0.0,,,0.0,,,0.0,inf,https://www.nature.com/articles/s41597-025-04875-3; https://doi.org/10.6084/m9.figshare.27646707,B,"County-level injection capacity; pressure interference, plume geometry, and well count still need reservoir simulation."
county,Inner Mongolia Autonomous Region,Toktor County,0.0,0.0,,,0.0,,,0.0,inf,https://www.nature.com/articles/s41597-025-04875-3; https://doi.org/10.6084/m9.figshare.27646707,B,"County-level injection capacity; pressure interference, plume geometry, and well count still need reservoir simulation."
county,Inner Mongolia Autonomous Region,Wuchuan County,0.0,0.0,,,0.0,,,0.0,inf,https://www.nature.com/articles/s41597-025-04875-3; https://doi.org/10.6084/m9.figshare.27646707,B,"County-level injection capacity; pressure interference, plume geometry, and well count still need reservoir simulation."
county,Inner Mongolia Autonomous Region,Xincheng District,0.0,0.0,,,0.0,,,0.0,inf,https://www.nature.com/articles/s41597-025-04875-3; https://doi.org/10.6084/m9.figshare.27646707,B,"County-level injection capacity; pressure interference, plume geometry, and well count still need reservoir simulation."
county,Inner Mongolia Autonomous Region,Yuquan District,0.0,0.0,,,0.0,,,0.0,inf,https://www.nature.com/articles/s41597-025-04875-3; https://doi.org/10.6084/m9.figshare.27646707,B,"County-level injection capacity; pressure interference, plume geometry, and well count still need reservoir simulation."
county,Inner Mongolia Autonomous Region,Arong Banner,0.0,0.0,,,0.0,,,0.0,inf,https://www.nature.com/articles/s41597-025-04875-3; https://doi.org/10.6084/m9.figshare.27646707,B,"County-level injection capacity; pressure interference, plume geometry, and well count still need reservoir simulation."
county,Inner Mongolia Autonomous Region,Prairie Chenbarhu banner,0.0,0.0,,,0.0,,,0.0,inf,https://www.nature.com/articles/s41597-025-04875-3; https://doi.org/10.6084/m9.figshare.27646707,B,"County-level injection capacity; pressure interference, plume geometry, and well count still need reservoir simulation."
county,Inner Mongolia Autonomous Region,Ergun City,0.0,0.0,,,0.0,,,0.0,inf,https://www.nature.com/articles/s41597-025-04875-3; https://doi.org/10.6084/m9.figshare.27646707,B,"County-level injection capacity; pressure interference, plume geometry, and well count still need reservoir simulation."
county,Inner Mongolia Autonomous Region,Oroqen Autonomous Banner,0.0,0.0,,,0.0,,,0.0,inf,https://www.nature.com/articles/s41597-025-04875-3; https://doi.org/10.6084/m9.figshare.27646707,B,"County-level injection capacity; pressure interference, plume geometry, and well count still need reservoir simulation."
county,Inner Mongolia Autonomous Region,Ewenke Autonomous Region,0.0,0.0,,,0.0,,,0.0,inf,https://www.nature.com/articles/s41597-025-04875-3; https://doi.org/10.6084/m9.figshare.27646707,B,"County-level injection capacity; pressure interference, plume geometry, and well count still need reservoir simulation."
county,Inner Mongolia Autonomous Region,Genhe City,0.0,0.0,,,0.0,,,0.0,inf,https://www.nature.com/articles/s41597-025-04875-3; https://doi.org/10.6084/m9.figshare.27646707,B,"County-level injection capacity; pressure interference, plume geometry, and well count still need reservoir simulation."
county,Inner Mongolia Autonomous Region,Hailar District,0.0,0.0,,,0.0,,,0.0,inf,https://www.nature.com/articles/s41597-025-04875-3; https://doi.org/10.6084/m9.figshare.27646707,B,"County-level injection capacity; pressure interference, plume geometry, and well count still need reservoir simulation."
county,Inner Mongolia Autonomous Region,Manzhouli City,0.0,0.0,,,0.0,,,0.0,inf,https://www.nature.com/articles/s41597-025-04875-3; https://doi.org/10.6084/m9.figshare.27646707,B,"County-level injection capacity; pressure interference, plume geometry, and well count still need reservoir simulation."
county,Inner Mongolia Autonomous Region,Daur Autonomous Banner of Morin Dawa,113.37,0.38,,,0.0,,,0.38,298.3421052631579,https://www.nature.com/articles/s41597-025-04875-3; https://doi.org/10.6084/m9.figshare.27646707,B,"County-level injection capacity; pressure interference, plume geometry, and well count still need reservoir simulation."
county,Inner Mongolia Autonomous Region,New Barag West County,75.74,0.03,,,0.88,,,0.91,83.23076923076923,https://www.nature.com/articles/s41597-025-04875-3; https://doi.org/10.6084/m9.figshare.27646707,B,"County-level injection capacity; pressure interference, plume geometry, and well count still need reservoir simulation."
county,Inner Mongolia Autonomous Region,New Barag East County,98.34,0.06,,,1.65,,,1.71,57.50877192982456,https://www.nature.com/articles/s41597-025-04875-3; https://doi.org/10.6084/m9.figshare.27646707,B,"County-level injection capacity; pressure interference, plume geometry, and well count still need reservoir simulation."
county,Inner Mongolia Autonomous Region,Yakeshi City,0.0,0.0,,,0.0,,,0.0,inf,https://www.nature.com/articles/s41597-025-04875-3; https://doi.org/10.6084/m9.figshare.27646707,B,"County-level injection capacity; pressure interference, plume geometry, and well count still need reservoir simulation."
county,Inner Mongolia Autonomous Region,Jalainur District,0.0,0.0,,,0.0,,,0.0,inf,https://www.nature.com/articles/s41597-025-04875-3; https://doi.org/10.6084/m9.figshare.27646707,B,"County-level injection capacity; pressure interference, plume geometry, and well count still need reservoir simulation."
county,Inner Mongolia Autonomous Region,Zhalantun City,0.0,0.0,,,0.0,,,0.0,inf,https://www.nature.com/articles/s41597-025-04875-3; https://doi.org/10.6084/m9.figshare.27646707,B,"County-level injection capacity; pressure interference, plume geometry, and well count still need reservoir simulation."
county,Inner Mongolia Autonomous Region,Holingola City,0.0,0.0,,,0.0,,,0.0,inf,https://www.nature.com/articles/s41597-025-04875-3; https://doi.org/10.6084/m9.figshare.27646707,B,"County-level injection capacity; pressure interference, plume geometry, and well count still need reservoir simulation."
county,Inner Mongolia Autonomous Region,Kailu County,1.22,0.0,,,0.27,,,0.27,4.518518518518518,https://www.nature.com/articles/s41597-025-04875-3; https://doi.org/10.6084/m9.figshare.27646707,B,"County-level injection capacity; pressure interference, plume geometry, and well count still need reservoir simulation."
county,Inner Mongolia Autonomous Region,Horqin District,0.0,0.0,,,0.0,,,0.0,inf,https://www.nature.com/articles/s41597-025-04875-3; https://doi.org/10.6084/m9.figshare.27646707,B,"County-level injection capacity; pressure interference, plume geometry, and well count still need reservoir simulation."
county,Inner Mongolia Autonomous Region,Horqin Left Rear Banner,22.77,0.12,,,0.4,,,0.52,43.78846153846153,https://www.nature.com/articles/s41597-025-04875-3; https://doi.org/10.6084/m9.figshare.27646707,B,"County-level injection capacity; pressure interference, plume geometry, and well count still need reservoir simulation."
county,Inner Mongolia Autonomous Region,Horqin Right Middle Banner,0.0,0.0,,,0.0,,,0.0,inf,https://www.nature.com/articles/s41597-025-04875-3; https://doi.org/10.6084/m9.figshare.27646707,B,"County-level injection capacity; pressure interference, plume geometry, and well count still need reservoir simulation."
county,Inner Mongolia Autonomous Region,Kulun Banner,0.0,0.0,,,0.0,,,0.0,inf,https://www.nature.com/articles/s41597-025-04875-3; https://doi.org/10.6084/m9.figshare.27646707,B,"County-level injection capacity; pressure interference, plume geometry, and well count still need reservoir simulation."
county,Inner Mongolia Autonomous Region,Naiman Banner,2.04,0.0,,,0.0,,,0.0,inf,https://www.nature.com/articles/s41597-025-04875-3; https://doi.org/10.6084/m9.figshare.27646707,B,"County-level injection capacity; pressure interference, plume geometry, and well count still need reservoir simulation."
county,Inner Mongolia Autonomous Region,Zalut Banner,0.0,0.0,,,0.0,,,0.0,inf,https://www.nature.com/articles/s41597-025-04875-3; https://doi.org/10.6084/m9.figshare.27646707,B,"County-level injection capacity; pressure interference, plume geometry, and well count still need reservoir simulation."
county,Inner Mongolia Autonomous Region,Haibowan District,0.0,0.0,,,0.0,,,0.0,inf,https://www.nature.com/articles/s41597-025-04875-3; https://doi.org/10.6084/m9.figshare.27646707,B,"County-level injection capacity; pressure interference, plume geometry, and well count still need reservoir simulation."
county,Inner Mongolia Autonomous Region,Hainan District,0.9,0.0,,,0.0,,,0.0,inf,https://www.nature.com/articles/s41597-025-04875-3; https://doi.org/10.6084/m9.figshare.27646707,B,"County-level injection capacity; pressure interference, plume geometry, and well count still need reservoir simulation."
county,Inner Mongolia Autonomous Region,Wuda District,0.0,0.0,,,0.0,,,0.0,inf,https://www.nature.com/articles/s41597-025-04875-3; https://doi.org/10.6084/m9.figshare.27646707,B,"County-level injection capacity; pressure interference, plume geometry, and well count still need reservoir simulation."
county,Inner Mongolia Autonomous Region,Chahar Right Wing Rear Banner,0.0,0.0,,,0.0,,,0.0,inf,https://www.nature.com/articles/s41597-025-04875-3; https://doi.org/10.6084/m9.figshare.27646707,B,"County-level injection capacity; pressure interference, plume geometry, and well count still need reservoir simulation."
county,Inner Mongolia Autonomous Region,Chahar Right Wing Front Banner,0.0,0.0,,,0.0,,,0.0,inf,https://www.nature.com/articles/s41597-025-04875-3; https://doi.org/10.6084/m9.figshare.27646707,B,"County-level injection capacity; pressure interference, plume geometry, and well count still need reservoir simulation."
county,Inner Mongolia Autonomous Region,Chahar Right Wing Middle Banner,1.18,0.0,,,0.0,,,0.0,inf,https://www.nature.com/articles/s41597-025-04875-3; https://doi.org/10.6084/m9.figshare.27646707,B,"County-level injection capacity; pressure interference, plume geometry, and well count still need reservoir simulation."
county,Inner Mongolia Autonomous Region,Fengzhen City,0.0,0.0,,,0.0,,,0.0,inf,https://www.nature.com/articles/s41597-025-04875-3; https://doi.org/10.6084/m9.figshare.27646707,B,"County-level injection capacity; pressure interference, plume geometry, and well count still need reservoir simulation."
county,Inner Mongolia Autonomous Region,Huade County,0.0,0.0,,,0.0,,,0.0,inf,https://www.nature.com/articles/s41597-025-04875-3; https://doi.org/10.6084/m9.figshare.27646707,B,"County-level injection capacity; pressure interference, plume geometry, and well count still need reservoir simulation."
county,Inner Mongolia Autonomous Region,Jining District,0.0,0.0,,,0.0,,,0.0,inf,https://www.nature.com/articles/s41597-025-04875-3; https://doi.org/10.6084/m9.figshare.27646707,B,"County-level injection capacity; pressure interference, plume geometry, and well count still need reservoir simulation."
county,Inner Mongolia Autonomous Region,Liangcheng County,0.0,0.0,,,0.0,,,0.0,inf,https://www.nature.com/articles/s41597-025-04875-3; https://doi.org/10.6084/m9.figshare.27646707,B,"County-level injection capacity; pressure interference, plume geometry, and well count still need reservoir simulation."
county,Inner Mongolia Autonomous Region,Shangdu County,0.0,0.0,,,0.0,,,0.0,inf,https://www.nature.com/articles/s41597-025-04875-3; https://doi.org/10.6084/m9.figshare.27646707,B,"County-level injection capacity; pressure interference, plume geometry, and well count still need reservoir simulation."
county,Inner Mongolia Autonomous Region,Siziwang Banner,7012.35,7.82,,,0.0,,,7.82,896.7199488491049,https://www.nature.com/articles/s41597-025-04875-3; https://doi.org/10.6084/m9.figshare.27646707,B,"County-level injection capacity; pressure interference, plume geometry, and well count still need reservoir simulation."
county,Inner Mongolia Autonomous Region,Xinghe County,0.0,0.0,,,0.0,,,0.0,inf,https://www.nature.com/articles/s41597-025-04875-3; https://doi.org/10.6084/m9.figshare.27646707,B,"County-level injection capacity; pressure interference, plume geometry, and well count still need reservoir simulation."
county,Inner Mongolia Autonomous Region,Zhuozi County,0.0,0.0,,,0.0,,,0.0,inf,https://www.nature.com/articles/s41597-025-04875-3; https://doi.org/10.6084/m9.figshare.27646707,B,"County-level injection capacity; pressure interference, plume geometry, and well count still need reservoir simulation."
county,Inner Mongolia Autonomous Region,The Abaga Flag,13821.13,14.67,,,6.37,,,21.04,656.8978136882129,https://www.nature.com/articles/s41597-025-04875-3; https://doi.org/10.6084/m9.figshare.27646707,B,"County-level injection capacity; pressure interference, plume geometry, and well count still need reservoir simulation."
county,Inner Mongolia Autonomous Region,East Ujumuqin Banner,4810.39,13.07,,,6.84,,,19.91,241.60673028628833,https://www.nature.com/articles/s41597-025-04875-3; https://doi.org/10.6084/m9.figshare.27646707,B,"County-level injection capacity; pressure interference, plume geometry, and well count still need reservoir simulation."
county,Inner Mongolia Autonomous Region,Duolun County,0.0,0.0,,,0.0,,,0.0,inf,https://www.nature.com/articles/s41597-025-04875-3; https://doi.org/10.6084/m9.figshare.27646707,B,"County-level injection capacity; pressure interference, plume geometry, and well count still need reservoir simulation."
county,Inner Mongolia Autonomous Region,Erenhot City,2433.57,12.7,,,5.96,,,18.66,130.41639871382637,https://www.nature.com/articles/s41597-025-04875-3; https://doi.org/10.6084/m9.figshare.27646707,B,"County-level injection capacity; pressure interference, plume geometry, and well count still need reservoir simulation."
county,Inner Mongolia Autonomous Region,Sonid Right Banner,5504.28,12.91,,,5.96,,,18.87,291.6947535771065,https://www.nature.com/articles/s41597-025-04875-3; https://doi.org/10.6084/m9.figshare.27646707,B,"County-level injection capacity; pressure interference, plume geometry, and well count still need reservoir simulation."
county,Inner Mongolia Autonomous Region,Sonid Left Banner,4503.46,13.43,,,6.37,,,19.8,227.44747474747473,https://www.nature.com/articles/s41597-025-04875-3; https://doi.org/10.6084/m9.figshare.27646707,B,"County-level injection capacity; pressure interference, plume geometry, and well count still need reservoir simulation."
county,Inner Mongolia Autonomous Region,Taibus Banner,0.0,0.0,,,0.0,,,0.0,inf,https://www.nature.com/articles/s41597-025-04875-3; https://doi.org/10.6084/m9.figshare.27646707,B,"County-level injection capacity; pressure interference, plume geometry, and well count still need reservoir simulation."
county,Inner Mongolia Autonomous Region,West Ujimqin Banner,0.0,0.0,,,0.0,,,0.0,inf,https://www.nature.com/articles/s41597-025-04875-3; https://doi.org/10.6084/m9.figshare.27646707,B,"County-level injection capacity; pressure interference, plume geometry, and well count still need reservoir simulation."
county,Inner Mongolia Autonomous Region,Xilinhot City,5471.28,12.54,,,6.84,,,19.38,282.3157894736842,https://www.nature.com/articles/s41597-025-04875-3; https://doi.org/10.6084/m9.figshare.27646707,B,"County-level injection capacity; pressure interference, plume geometry, and well count still need reservoir simulation."
county,Inner Mongolia Autonomous Region,Boarder Yellow Banner,0.4,0.0,,,0.0,,,0.0,inf,https://www.nature.com/articles/s41597-025-04875-3; https://doi.org/10.6084/m9.figshare.27646707,B,"County-level injection capacity; pressure interference, plume geometry, and well count still need reservoir simulation."
county,Inner Mongolia Autonomous Region,Zhenglan Banner,0.0,0.0,,,0.0,,,0.0,inf,https://www.nature.com/articles/s41597-025-04875-3; https://doi.org/10.6084/m9.figshare.27646707,B,"County-level injection capacity; pressure interference, plume geometry, and well count still need reservoir simulation."
county,Inner Mongolia Autonomous Region,Zhengxiangbai Banner,0.0,0.0,,,0.0,,,0.0,inf,https://www.nature.com/articles/s41597-025-04875-3; https://doi.org/10.6084/m9.figshare.27646707,B,"County-level injection capacity; pressure interference, plume geometry, and well count still need reservoir simulation."
county,Inner Mongolia Autonomous Region,Alxa City,0.0,0.0,,,0.0,,,0.0,inf,https://www.nature.com/articles/s41597-025-04875-3; https://doi.org/10.6084/m9.figshare.27646707,B,"County-level injection capacity; pressure interference, plume geometry, and well count still need reservoir simulation."
county,Inner Mongolia Autonomous Region,Horqin Right Wing Front Banner,0.0,0.0,,,0.0,,,0.0,inf,https://www.nature.com/articles/s41597-025-04875-3; https://doi.org/10.6084/m9.figshare.27646707,B,"County-level injection capacity; pressure interference, plume geometry, and well count still need reservoir simulation."
county,Inner Mongolia Autonomous Region,Horqin Right Wing Middle Banner,0.0,0.0,,,0.0,,,0.0,inf,https://www.nature.com/articles/s41597-025-04875-3; https://doi.org/10.6084/m9.figshare.27646707,B,"County-level injection capacity; pressure interference, plume geometry, and well count still need reservoir simulation."
county,Inner Mongolia Autonomous Region,Tuquan County,0.0,0.0,,,0.0,,,0.0,inf,https://www.nature.com/articles/s41597-025-04875-3; https://doi.org/10.6084/m9.figshare.27646707,B,"County-level injection capacity; pressure interference, plume geometry, and well count still need reservoir simulation."
county,Inner Mongolia Autonomous Region,Ulan Hot City,0.0,0.0,,,0.0,,,0.0,inf,https://www.nature.com/articles/s41597-025-04875-3; https://doi.org/10.6084/m9.figshare.27646707,B,"County-level injection capacity; pressure interference, plume geometry, and well count still need reservoir simulation."
county,Inner Mongolia Autonomous Region,Jalaid Banner,220.88,0.21,,,0.0,,,0.21,1051.8095238095239,https://www.nature.com/articles/s41597-025-04875-3; https://doi.org/10.6084/m9.figshare.27646707,B,"County-level injection capacity; pressure interference, plume geometry, and well count still need reservoir simulation."
county,Ningxia Hui Autonomous Region,Jingyuan County,0.0,0.0,,,0.0,,,0.0,inf,https://www.nature.com/articles/s41597-025-04875-3; https://doi.org/10.6084/m9.figshare.27646707,B,"County-level injection capacity; pressure interference, plume geometry, and well count still need reservoir simulation."
county,Ningxia Hui Autonomous Region,Longde County,0.0,0.0,,,0.0,,,0.0,inf,https://www.nature.com/articles/s41597-025-04875-3; https://doi.org/10.6084/m9.figshare.27646707,B,"County-level injection capacity; pressure interference, plume geometry, and well count still need reservoir simulation."
county,Ningxia Hui Autonomous Region,Panyang County,0.0,0.0,,,0.0,,,0.0,inf,https://www.nature.com/articles/s41597-025-04875-3; https://doi.org/10.6084/m9.figshare.27646707,B,"County-level injection capacity; pressure interference, plume geometry, and well count still need reservoir simulation."
county,Ningxia Hui Autonomous Region,Xiji County,0.0,0.0,,,0.0,,,0.0,inf,https://www.nature.com/articles/s41597-025-04875-3; https://doi.org/10.6084/m9.figshare.27646707,B,"County-level injection capacity; pressure interference, plume geometry, and well count still need reservoir simulation."
county,Ningxia Hui Autonomous Region,Yuanzhou District,0.0,0.0,,,0.0,,,0.0,inf,https://www.nature.com/articles/s41597-025-04875-3; https://doi.org/10.6084/m9.figshare.27646707,B,"County-level injection capacity; pressure interference, plume geometry, and well count still need reservoir simulation."
county,Ningxia Hui Autonomous Region,Dawukou District,0.0,0.0,,,0.0,,,0.0,inf,https://www.nature.com/articles/s41597-025-04875-3; https://doi.org/10.6084/m9.figshare.27646707,B,"County-level injection capacity; pressure interference, plume geometry, and well count still need reservoir simulation."
county,Ningxia Hui Autonomous Region,Huinong District,0.0,0.0,,,0.0,,,0.0,inf,https://www.nature.com/articles/s41597-025-04875-3; https://doi.org/10.6084/m9.figshare.27646707,B,"County-level injection capacity; pressure interference, plume geometry, and well count still need reservoir simulation."
county,Ningxia Hui Autonomous Region,Pingluo County,0.13,0.0,,,0.0,,,0.0,inf,https://www.nature.com/articles/s41597-025-04875-3; https://doi.org/10.6084/m9.figshare.27646707,B,"County-level injection capacity; pressure interference, plume geometry, and well count still need reservoir simulation."
county,Ningxia Hui Autonomous Region,Hongshibao District,1.03,0.0,,,0.0,,,0.0,inf,https://www.nature.com/articles/s41597-025-04875-3; https://doi.org/10.6084/m9.figshare.27646707,B,"County-level injection capacity; pressure interference, plume geometry, and well count still need reservoir simulation."
county,Ningxia Hui Autonomous Region,Litong District,0.13,0.0,,,0.0,,,0.0,inf,https://www.nature.com/articles/s41597-025-04875-3; https://doi.org/10.6084/m9.figshare.27646707,B,"County-level injection capacity; pressure interference, plume geometry, and well count still need reservoir simulation."
county,Ningxia Hui Autonomous Region,Qingtongxia,0.0,0.0,,,0.0,,,0.0,inf,https://www.nature.com/articles/s41597-025-04875-3; https://doi.org/10.6084/m9.figshare.27646707,B,"County-level injection capacity; pressure interference, plume geometry, and well count still need reservoir simulation."
county,Ningxia Hui Autonomous Region,Tongxin County,0.09,0.0,,,0.0,,,0.0,inf,https://www.nature.com/articles/s41597-025-04875-3; https://doi.org/10.6084/m9.figshare.27646707,B,"County-level injection capacity; pressure interference, plume geometry, and well count still need reservoir simulation."
county,Ningxia Hui Autonomous Region,Yanchi County,2182.88,0.79,,,2.69,,,3.48,627.264367816092,https://www.nature.com/articles/s41597-025-04875-3; https://doi.org/10.6084/m9.figshare.27646707,B,"County-level injection capacity; pressure interference, plume geometry, and well count still need reservoir simulation."
county,Ningxia Hui Autonomous Region,Helan County,0.0,0.0,,,0.0,,,0.0,inf,https://www.nature.com/articles/s41597-025-04875-3; https://doi.org/10.6084/m9.figshare.27646707,B,"County-level injection capacity; pressure interference, plume geometry, and well count still need reservoir simulation."
county,Ningxia Hui Autonomous Region,Jinfeng District,0.0,0.0,,,0.0,,,0.0,inf,https://www.nature.com/articles/s41597-025-04875-3; https://doi.org/10.6084/m9.figshare.27646707,B,"County-level injection capacity; pressure interference, plume geometry, and well count still need reservoir simulation."
county,Ningxia Hui Autonomous Region,Lingwu City,7.25,0.0,,,0.31,,,0.31,23.387096774193548,https://www.nature.com/articles/s41597-025-04875-3; https://doi.org/10.6084/m9.figshare.27646707,B,"County-level injection capacity; pressure interference, plume geometry, and well count still need reservoir simulation."
county,Ningxia Hui Autonomous Region,Xixia District,0.0,0.0,,,0.0,,,0.0,inf,https://www.nature.com/articles/s41597-025-04875-3; https://doi.org/10.6084/m9.figshare.27646707,B,"County-level injection capacity; pressure interference, plume geometry, and well count still need reservoir simulation."
county,Ningxia Hui Autonomous Region,Xingqing District,0.0,0.0,,,0.0,,,0.0,inf,https://www.nature.com/articles/s41597-025-04875-3; https://doi.org/10.6084/m9.figshare.27646707,B,"County-level injection capacity; pressure interference, plume geometry, and well count still need reservoir simulation."
county,Ningxia Hui Autonomous Region,Yongning County,0.0,0.0,,,0.0,,,0.0,inf,https://www.nature.com/articles/s41597-025-04875-3; https://doi.org/10.6084/m9.figshare.27646707,B,"County-level injection capacity; pressure interference, plume geometry, and well count still need reservoir simulation."
county,Ningxia Hui Autonomous Region,Haiyuan County,0.0,0.0,,,0.0,,,0.0,inf,https://www.nature.com/articles/s41597-025-04875-3; https://doi.org/10.6084/m9.figshare.27646707,B,"County-level injection capacity; pressure interference, plume geometry, and well count still need reservoir simulation."
county,Ningxia Hui Autonomous Region,Shapotou District,0.0,0.0,,,0.0,,,0.0,inf,https://www.nature.com/articles/s41597-025-04875-3; https://doi.org/10.6084/m9.figshare.27646707,B,"County-level injection capacity; pressure interference, plume geometry, and well count still need reservoir simulation."
county,Ningxia Hui Autonomous Region,Zhongning County,0.0,0.0,,,0.0,,,0.0,inf,https://www.nature.com/articles/s41597-025-04875-3; https://doi.org/10.6084/m9.figshare.27646707,B,"County-level injection capacity; pressure interference, plume geometry, and well count still need reservoir simulation."
county,Qinghai,Banma County,0.0,0.0,,,0.0,,,0.0,inf,https://www.nature.com/articles/s41597-025-04875-3; https://doi.org/10.6084/m9.figshare.27646707,B,"County-level injection capacity; pressure interference, plume geometry, and well count still need reservoir simulation."
county,Qinghai,Dari County,0.0,0.0,,,0.0,,,0.0,inf,https://www.nature.com/articles/s41597-025-04875-3; https://doi.org/10.6084/m9.figshare.27646707,B,"County-level injection capacity; pressure interference, plume geometry, and well count still need reservoir simulation."
county,Qinghai,Gande County,0.0,0.0,,,0.0,,,0.0,inf,https://www.nature.com/articles/s41597-025-04875-3; https://doi.org/10.6084/m9.figshare.27646707,B,"County-level injection capacity; pressure interference, plume geometry, and well count still need reservoir simulation."
county,Qinghai,Jiuzhi County,0.0,0.0,,,0.0,,,0.0,inf,https://www.nature.com/articles/s41597-025-04875-3; https://doi.org/10.6084/m9.figshare.27646707,B,"County-level injection capacity; pressure interference, plume geometry, and well count still need reservoir simulation."
county,Qinghai,Mado County,0.0,0.0,,,0.0,,,0.0,inf,https://www.nature.com/articles/s41597-025-04875-3; https://doi.org/10.6084/m9.figshare.27646707,B,"County-level injection capacity; pressure interference, plume geometry, and well count still need reservoir simulation."
county,Qinghai,Maqin County,0.0,0.0,,,0.0,,,0.0,inf,https://www.nature.com/articles/s41597-025-04875-3; https://doi.org/10.6084/m9.figshare.27646707,B,"County-level injection capacity; pressure interference, plume geometry, and well count still need reservoir simulation."
county,Qinghai,Gangcha County,0.0,0.0,,,0.0,,,0.0,inf,https://www.nature.com/articles/s41597-025-04875-3; https://doi.org/10.6084/m9.figshare.27646707,B,"County-level injection capacity; pressure interference, plume geometry, and well count still need reservoir simulation."
county,Qinghai,Haiyan County,0.0,0.0,,,0.0,,,0.0,inf,https://www.nature.com/articles/s41597-025-04875-3; https://doi.org/10.6084/m9.figshare.27646707,B,"County-level injection capacity; pressure interference, plume geometry, and well count still need reservoir simulation."
county,Qinghai,Menyuan Hui Autonomous County,0.0,0.0,,,0.0,,,0.0,inf,https://www.nature.com/articles/s41597-025-04875-3; https://doi.org/10.6084/m9.figshare.27646707,B,"County-level injection capacity; pressure interference, plume geometry, and well count still need reservoir simulation."
county,Qinghai,Qilian County,0.0,0.0,,,0.0,,,0.0,inf,https://www.nature.com/articles/s41597-025-04875-3; https://doi.org/10.6084/m9.figshare.27646707,B,"County-level injection capacity; pressure interference, plume geometry, and well count still need reservoir simulation."
county,Qinghai,Tu Autonomous County of Huzhu,0.0,0.0,,,0.0,,,0.0,inf,https://www.nature.com/articles/s41597-025-04875-3; https://doi.org/10.6084/m9.figshare.27646707,B,"County-level injection capacity; pressure interference, plume geometry, and well count still need reservoir simulation."
county,Qinghai,Hualong Hui Autonomous County,0.0,0.0,,,0.0,,,0.0,inf,https://www.nature.com/articles/s41597-025-04875-3; https://doi.org/10.6084/m9.figshare.27646707,B,"County-level injection capacity; pressure interference, plume geometry, and well count still need reservoir simulation."
county,Qinghai,Ledu District,0.0,0.0,,,0.0,,,0.0,inf,https://www.nature.com/articles/s41597-025-04875-3; https://doi.org/10.6084/m9.figshare.27646707,B,"County-level injection capacity; pressure interference, plume geometry, and well count still need reservoir simulation."
county,Qinghai,Minhe Hui Tuzuzizhiqu,0.0,0.0,,,0.0,,,0.0,inf,https://www.nature.com/articles/s41597-025-04875-3; https://doi.org/10.6084/m9.figshare.27646707,B,"County-level injection capacity; pressure interference, plume geometry, and well count still need reservoir simulation."
county,Qinghai,Ping'an District,0.0,0.0,,,0.0,,,0.0,inf,https://www.nature.com/articles/s41597-025-04875-3; https://doi.org/10.6084/m9.figshare.27646707,B,"County-level injection capacity; pressure interference, plume geometry, and well count still need reservoir simulation."
county,Qinghai,Xunhua Salar Autonomous County,0.0,0.0,,,0.0,,,0.0,inf,https://www.nature.com/articles/s41597-025-04875-3; https://doi.org/10.6084/m9.figshare.27646707,B,"County-level injection capacity; pressure interference, plume geometry, and well count still need reservoir simulation."
county,Qinghai,Republican County,0.0,0.0,,,0.0,,,0.0,inf,https://www.nature.com/articles/s41597-025-04875-3; https://doi.org/10.6084/m9.figshare.27646707,B,"County-level injection capacity; pressure interference, plume geometry, and well count still need reservoir simulation."
county,Qinghai,Guide County,0.0,0.0,,,0.0,,,0.0,inf,https://www.nature.com/articles/s41597-025-04875-3; https://doi.org/10.6084/m9.figshare.27646707,B,"County-level injection capacity; pressure interference, plume geometry, and well count still need reservoir simulation."
county,Qinghai,Guinan County,0.0,0.0,,,0.0,,,0.0,inf,https://www.nature.com/articles/s41597-025-04875-3; https://doi.org/10.6084/m9.figshare.27646707,B,"County-level injection capacity; pressure interference, plume geometry, and well count still need reservoir simulation."
county,Qinghai,Tongde County,0.0,0.0,,,0.0,,,0.0,inf,https://www.nature.com/articles/s41597-025-04875-3; https://doi.org/10.6084/m9.figshare.27646707,B,"County-level injection capacity; pressure interference, plume geometry, and well count still need reservoir simulation."
county,Qinghai,Xinghai County,0.0,0.0,,,0.0,,,0.0,inf,https://www.nature.com/articles/s41597-025-04875-3; https://doi.org/10.6084/m9.figshare.27646707,B,"County-level injection capacity; pressure interference, plume geometry, and well count still need reservoir simulation."
county,Qinghai,Delingha City,0.0,0.0,,,0.0,,,0.0,inf,https://www.nature.com/articles/s41597-025-04875-3; https://doi.org/10.6084/m9.figshare.27646707,B,"County-level injection capacity; pressure interference, plume geometry, and well count still need reservoir simulation."
county,Qinghai,Dulan County,3670.32,8.78,,,0.0,,,8.78,418.0318906605923,https://www.nature.com/articles/s41597-025-04875-3; https://doi.org/10.6084/m9.figshare.27646707,B,"County-level injection capacity; pressure interference, plume geometry, and well count still need reservoir simulation."
county,Qinghai,Geermu City,13584.71,14.64,,,0.0,,,14.64,927.9173497267759,https://www.nature.com/articles/s41597-025-04875-3; https://doi.org/10.6084/m9.figshare.27646707,B,"County-level injection capacity; pressure interference, plume geometry, and well count still need reservoir simulation."
county,Qinghai,Haixi Mongol and Tibetan Autonomous Prefecture,3523.26,11.71,,,20.62,,,32.33,108.97803897309002,https://www.nature.com/articles/s41597-025-04875-3; https://doi.org/10.6084/m9.figshare.27646707,B,"County-level injection capacity; pressure interference, plume geometry, and well count still need reservoir simulation."
county,Qinghai,Mangya City,21101.66,17.56,,,20.62,,,38.18,552.688842325825,https://www.nature.com/articles/s41597-025-04875-3; https://doi.org/10.6084/m9.figshare.27646707,B,"County-level injection capacity; pressure interference, plume geometry, and well count still need reservoir simulation."
county,Qinghai,Tianjun County,0.0,0.0,,,0.0,,,0.0,inf,https://www.nature.com/articles/s41597-025-04875-3; https://doi.org/10.6084/m9.figshare.27646707,B,"County-level injection capacity; pressure interference, plume geometry, and well count still need reservoir simulation."
county,Qinghai,Wulan County,0.0,0.0,,,0.0,,,0.0,inf,https://www.nature.com/articles/s41597-025-04875-3; https://doi.org/10.6084/m9.figshare.27646707,B,"County-level injection capacity; pressure interference, plume geometry, and well count still need reservoir simulation."
county,Qinghai,Henan Mongolian Autonomous County,0.0,0.0,,,0.0,,,0.0,inf,https://www.nature.com/articles/s41597-025-04875-3; https://doi.org/10.6084/m9.figshare.27646707,B,"County-level injection capacity; pressure interference, plume geometry, and well count still need reservoir simulation."
county,Qinghai,Jianzha County,0.0,0.0,,,0.0,,,0.0,inf,https://www.nature.com/articles/s41597-025-04875-3; https://doi.org/10.6084/m9.figshare.27646707,B,"County-level injection capacity; pressure interference, plume geometry, and well count still need reservoir simulation."
county,Qinghai,Tongren City,0.0,0.0,,,0.0,,,0.0,inf,https://www.nature.com/articles/s41597-025-04875-3; https://doi.org/10.6084/m9.figshare.27646707,B,"County-level injection capacity; pressure interference, plume geometry, and well count still need reservoir simulation."
county,Qinghai,Zeku County,0.0,0.0,,,0.0,,,0.0,inf,https://www.nature.com/articles/s41597-025-04875-3; https://doi.org/10.6084/m9.figshare.27646707,B,"County-level injection capacity; pressure interference, plume geometry, and well count still need reservoir simulation."
county,Qinghai,Chengbei District,0.0,0.0,,,0.0,,,0.0,inf,https://www.nature.com/articles/s41597-025-04875-3; https://doi.org/10.6084/m9.figshare.27646707,B,"County-level injection capacity; pressure interference, plume geometry, and well count still need reservoir simulation."
county,Qinghai,Chengdong District,0.0,0.0,,,0.0,,,0.0,inf,https://www.nature.com/articles/s41597-025-04875-3; https://doi.org/10.6084/m9.figshare.27646707,B,"County-level injection capacity; pressure interference, plume geometry, and well count still need reservoir simulation."
county,Qinghai,Chengxi District,0.0,0.0,,,0.0,,,0.0,inf,https://www.nature.com/articles/s41597-025-04875-3; https://doi.org/10.6084/m9.figshare.27646707,B,"County-level injection capacity; pressure interference, plume geometry, and well count still need reservoir simulation."
county,Qinghai,Chengzhong District,0.0,0.0,,,0.0,,,0.0,inf,https://www.nature.com/articles/s41597-025-04875-3; https://doi.org/10.6084/m9.figshare.27646707,B,"County-level injection capacity; pressure interference, plume geometry, and well count still need reservoir simulation."
county,Qinghai,Datong Hui and Tu Autonomous County,0.0,0.0,,,0.0,,,0.0,inf,https://www.nature.com/articles/s41597-025-04875-3; https://doi.org/10.6084/m9.figshare.27646707,B,"County-level injection capacity; pressure interference, plume geometry, and well count still need reservoir simulation."
county,Qinghai,Huangyuan County,0.0,0.0,,,0.0,,,0.0,inf,https://www.nature.com/articles/s41597-025-04875-3; https://doi.org/10.6084/m9.figshare.27646707,B,"County-level injection capacity; pressure interference, plume geometry, and well count still need reservoir simulation."
county,Qinghai,Huangzhong District,0.0,0.0,,,0.0,,,0.0,inf,https://www.nature.com/articles/s41597-025-04875-3; https://doi.org/10.6084/m9.figshare.27646707,B,"County-level injection capacity; pressure interference, plume geometry, and well count still need reservoir simulation."
county,Qinghai,Chindu County,0.0,0.0,,,0.0,,,0.0,inf,https://www.nature.com/articles/s41597-025-04875-3; https://doi.org/10.6084/m9.figshare.27646707,B,"County-level injection capacity; pressure interference, plume geometry, and well count still need reservoir simulation."
county,Qinghai,Nangqian County,0.0,0.0,,,0.0,,,0.0,inf,https://www.nature.com/articles/s41597-025-04875-3; https://doi.org/10.6084/m9.figshare.27646707,B,"County-level injection capacity; pressure interference, plume geometry, and well count still need reservoir simulation."
county,Qinghai,Qumalai County,0.0,0.0,,,0.0,,,0.0,inf,https://www.nature.com/articles/s41597-025-04875-3; https://doi.org/10.6084/m9.figshare.27646707,B,"County-level injection capacity; pressure interference, plume geometry, and well count still need reservoir simulation."
county,Qinghai,Yushu City,0.0,0.0,,,0.0,,,0.0,inf,https://www.nature.com/articles/s41597-025-04875-3; https://doi.org/10.6084/m9.figshare.27646707,B,"County-level injection capacity; pressure interference, plume geometry, and well count still need reservoir simulation."
county,Qinghai,Zadoi County,0.0,0.0,,,0.0,,,0.0,inf,https://www.nature.com/articles/s41597-025-04875-3; https://doi.org/10.6084/m9.figshare.27646707,B,"County-level injection capacity; pressure interference, plume geometry, and well count still need reservoir simulation."
county,Qinghai,Zhiduo County,0.0,0.0,,,0.0,,,0.0,inf,https://www.nature.com/articles/s41597-025-04875-3; https://doi.org/10.6084/m9.figshare.27646707,B,"County-level injection capacity; pressure interference, plume geometry, and well count still need reservoir simulation."
county,Shandong,Bincheng District,30.31,0.0,,,150.0,,,150.0,0.20206666666666664,https://www.nature.com/articles/s41597-025-04875-3; https://doi.org/10.6084/m9.figshare.27646707,B,"County-level injection capacity; pressure interference, plume geometry, and well count still need reservoir simulation."
county,Shandong,Boxing County,25.99,0.0,,,21.77,,,21.77,1.1938447404685346,https://www.nature.com/articles/s41597-025-04875-3; https://doi.org/10.6084/m9.figshare.27646707,B,"County-level injection capacity; pressure interference, plume geometry, and well count still need reservoir simulation."
county,Shandong,Huimin County,2.63,0.0,,,9.65,,,9.65,0.27253886010362693,https://www.nature.com/articles/s41597-025-04875-3; https://doi.org/10.6084/m9.figshare.27646707,B,"County-level injection capacity; pressure interference, plume geometry, and well count still need reservoir simulation."
county,Shandong,Wudi County,3.72,0.0,,,0.0,,,0.0,inf,https://www.nature.com/articles/s41597-025-04875-3; https://doi.org/10.6084/m9.figshare.27646707,B,"County-level injection capacity; pressure interference, plume geometry, and well count still need reservoir simulation."
county,Shandong,Yangxin County,0.46,0.0,,,0.0,,,0.0,inf,https://www.nature.com/articles/s41597-025-04875-3; https://doi.org/10.6084/m9.figshare.27646707,B,"County-level injection capacity; pressure interference, plume geometry, and well count still need reservoir simulation."
county,Shandong,Zhanhua District,15.14,0.0,,,76.9,,,76.9,0.19687906371911573,https://www.nature.com/articles/s41597-025-04875-3; https://doi.org/10.6084/m9.figshare.27646707,B,"County-level injection capacity; pressure interference, plume geometry, and well count still need reservoir simulation."
county,Shandong,Zouping City,0.0,0.0,,,0.0,,,0.0,inf,https://www.nature.com/articles/s41597-025-04875-3; https://doi.org/10.6084/m9.figshare.27646707,B,"County-level injection capacity; pressure interference, plume geometry, and well count still need reservoir simulation."
county,Shandong,DeCheng District,0.0,0.0,,,0.0,,,0.0,inf,https://www.nature.com/articles/s41597-025-04875-3; https://doi.org/10.6084/m9.figshare.27646707,B,"County-level injection capacity; pressure interference, plume geometry, and well count still need reservoir simulation."
county,Shandong,Laoling City,55.9,15.0,,,0.0,,,15.0,3.7266666666666666,https://www.nature.com/articles/s41597-025-04875-3; https://doi.org/10.6084/m9.figshare.27646707,B,"County-level injection capacity; pressure interference, plume geometry, and well count still need reservoir simulation."
county,Shandong,Linyi County,44.96,0.0,,,0.0,,,0.0,inf,https://www.nature.com/articles/s41597-025-04875-3; https://doi.org/10.6084/m9.figshare.27646707,B,"County-level injection capacity; pressure interference, plume geometry, and well count still need reservoir simulation."
county,Shandong,Lingsheng District,0.0,0.0,,,0.0,,,0.0,inf,https://www.nature.com/articles/s41597-025-04875-3; https://doi.org/10.6084/m9.figshare.27646707,B,"County-level injection capacity; pressure interference, plume geometry, and well count still need reservoir simulation."
county,Shandong,Ningjin County,111.79,15.0,,,0.0,,,15.0,7.452666666666667,https://www.nature.com/articles/s41597-025-04875-3; https://doi.org/10.6084/m9.figshare.27646707,B,"County-level injection capacity; pressure interference, plume geometry, and well count still need reservoir simulation."
county,Shandong,Pingyuan County,0.0,0.0,,,0.0,,,0.0,inf,https://www.nature.com/articles/s41597-025-04875-3; https://doi.org/10.6084/m9.figshare.27646707,B,"County-level injection capacity; pressure interference, plume geometry, and well count still need reservoir simulation."
county,Shandong,Qihe County,0.0,0.0,,,0.0,,,0.0,inf,https://www.nature.com/articles/s41597-025-04875-3; https://doi.org/10.6084/m9.figshare.27646707,B,"County-level injection capacity; pressure interference, plume geometry, and well count still need reservoir simulation."
county,Shandong,Qingyun County,0.0,0.0,,,0.0,,,0.0,inf,https://www.nature.com/articles/s41597-025-04875-3; https://doi.org/10.6084/m9.figshare.27646707,B,"County-level injection capacity; pressure interference, plume geometry, and well count still need reservoir simulation."
county,Shandong,Wucheng County,0.0,0.0,,,0.0,,,0.0,inf,https://www.nature.com/articles/s41597-025-04875-3; https://doi.org/10.6084/m9.figshare.27646707,B,"County-level injection capacity; pressure interference, plume geometry, and well count still need reservoir simulation."
county,Shandong,Xiajin County,0.0,0.0,,,0.0,,,0.0,inf,https://www.nature.com/articles/s41597-025-04875-3; https://doi.org/10.6084/m9.figshare.27646707,B,"County-level injection capacity; pressure interference, plume geometry, and well count still need reservoir simulation."
county,Shandong,Yucheng City,0.0,0.0,,,0.0,,,0.0,inf,https://www.nature.com/articles/s41597-025-04875-3; https://doi.org/10.6084/m9.figshare.27646707,B,"County-level injection capacity; pressure interference, plume geometry, and well count still need reservoir simulation."
county,Shandong,Dongying District,79.63,0.0,,,40.09,,,40.09,1.9862808680468942,https://www.nature.com/articles/s41597-025-04875-3; https://doi.org/10.6084/m9.figshare.27646707,B,"County-level injection capacity; pressure interference, plume geometry, and well count still need reservoir simulation."
county,Shandong,Guangrao County,14.81,0.0,,,152.46,,,152.46,0.09714023350386987,https://www.nature.com/articles/s41597-025-04875-3; https://doi.org/10.6084/m9.figshare.27646707,B,"County-level injection capacity; pressure interference, plume geometry, and well count still need reservoir simulation."
county,Shandong,Hekou District,135.36,0.0,,,43.01,,,43.01,3.147175075563823,https://www.nature.com/articles/s41597-025-04875-3; https://doi.org/10.6084/m9.figshare.27646707,B,"County-level injection capacity; pressure interference, plume geometry, and well count still need reservoir simulation."
county,Shandong,Kenli District,145.12,0.0,,,65.63,,,65.63,2.211183909797349,https://www.nature.com/articles/s41597-025-04875-3; https://doi.org/10.6084/m9.figshare.27646707,B,"County-level injection capacity; pressure interference, plume geometry, and well count still need reservoir simulation."
county,Shandong,Lijin County,24.03,0.0,,,65.63,,,65.63,0.36614353192137744,https://www.nature.com/articles/s41597-025-04875-3; https://doi.org/10.6084/m9.figshare.27646707,B,"County-level injection capacity; pressure interference, plume geometry, and well count still need reservoir simulation."
county,Shandong,Caoxian County,0.0,0.0,,,0.0,,,0.0,inf,https://www.nature.com/articles/s41597-025-04875-3; https://doi.org/10.6084/m9.figshare.27646707,B,"County-level injection capacity; pressure interference, plume geometry, and well count still need reservoir simulation."
county,Shandong,Chengwu County,0.0,0.0,,,0.0,,,0.0,inf,https://www.nature.com/articles/s41597-025-04875-3; https://doi.org/10.6084/m9.figshare.27646707,B,"County-level injection capacity; pressure interference, plume geometry, and well count still need reservoir simulation."
county,Shandong,Shanxian County,0.0,0.0,,,0.0,,,0.0,inf,https://www.nature.com/articles/s41597-025-04875-3; https://doi.org/10.6084/m9.figshare.27646707,B,"County-level injection capacity; pressure interference, plume geometry, and well count still need reservoir simulation."
county,Shandong,Dingtao District,0.0,0.0,,,0.0,,,0.0,inf,https://www.nature.com/articles/s41597-025-04875-3; https://doi.org/10.6084/m9.figshare.27646707,B,"County-level injection capacity; pressure interference, plume geometry, and well count still need reservoir simulation."
county,Shandong,Dongming County,0.62,0.0,,,0.0,,,0.0,inf,https://www.nature.com/articles/s41597-025-04875-3; https://doi.org/10.6084/m9.figshare.27646707,B,"County-level injection capacity; pressure interference, plume geometry, and well count still need reservoir simulation."
county,Shandong,Juye County,0.0,0.0,,,0.0,,,0.0,inf,https://www.nature.com/articles/s41597-025-04875-3; https://doi.org/10.6084/m9.figshare.27646707,B,"County-level injection capacity; pressure interference, plume geometry, and well count still need reservoir simulation."
county,Shandong,Juancheng County,0.0,0.0,,,0.0,,,0.0,inf,https://www.nature.com/articles/s41597-025-04875-3; https://doi.org/10.6084/m9.figshare.27646707,B,"County-level injection capacity; pressure interference, plume geometry, and well count still need reservoir simulation."
county,Shandong,Mudan District,4.82,0.0,,,0.0,,,0.0,inf,https://www.nature.com/articles/s41597-025-04875-3; https://doi.org/10.6084/m9.figshare.27646707,B,"County-level injection capacity; pressure interference, plume geometry, and well count still need reservoir simulation."
county,Shandong,Yuncheng County,0.0,0.0,,,0.0,,,0.0,inf,https://www.nature.com/articles/s41597-025-04875-3; https://doi.org/10.6084/m9.figshare.27646707,B,"County-level injection capacity; pressure interference, plume geometry, and well count still need reservoir simulation."
county,Shandong,Gangcheng District,0.0,0.0,,,0.0,,,0.0,inf,https://www.nature.com/articles/s41597-025-04875-3; https://doi.org/10.6084/m9.figshare.27646707,B,"County-level injection capacity; pressure interference, plume geometry, and well count still need reservoir simulation."
county,Shandong,Huaiyin District,0.0,0.0,,,0.0,,,0.0,inf,https://www.nature.com/articles/s41597-025-04875-3; https://doi.org/10.6084/m9.figshare.27646707,B,"County-level injection capacity; pressure interference, plume geometry, and well count still need reservoir simulation."
county,Shandong,Jiyang District,0.0,0.0,,,0.0,,,0.0,inf,https://www.nature.com/articles/s41597-025-04875-3; https://doi.org/10.6084/m9.figshare.27646707,B,"County-level injection capacity; pressure interference, plume geometry, and well count still need reservoir simulation."
county,Shandong,Laiwu District,0.0,0.0,,,0.0,,,0.0,inf,https://www.nature.com/articles/s41597-025-04875-3; https://doi.org/10.6084/m9.figshare.27646707,B,"County-level injection capacity; pressure interference, plume geometry, and well count still need reservoir simulation."
county,Shandong,Licheng District,0.0,0.0,,,0.0,,,0.0,inf,https://www.nature.com/articles/s41597-025-04875-3; https://doi.org/10.6084/m9.figshare.27646707,B,"County-level injection capacity; pressure interference, plume geometry, and well count still need reservoir simulation."
county,Shandong,Lixia District,0.0,0.0,,,0.0,,,0.0,inf,https://www.nature.com/articles/s41597-025-04875-3; https://doi.org/10.6084/m9.figshare.27646707,B,"County-level injection capacity; pressure interference, plume geometry, and well count still need reservoir simulation."
county,Shandong,Pingyin County,0.0,0.0,,,0.0,,,0.0,inf,https://www.nature.com/articles/s41597-025-04875-3; https://doi.org/10.6084/m9.figshare.27646707,B,"County-level injection capacity; pressure interference, plume geometry, and well count still need reservoir simulation."
county,Shandong,Shanghe County,11.46,0.0,,,0.0,,,0.0,inf,https://www.nature.com/articles/s41597-025-04875-3; https://doi.org/10.6084/m9.figshare.27646707,B,"County-level injection capacity; pressure interference, plume geometry, and well count still need reservoir simulation."
county,Shandong,Shizhong District,0.0,0.0,,,0.0,,,0.0,inf,https://www.nature.com/articles/s41597-025-04875-3; https://doi.org/10.6084/m9.figshare.27646707,B,"County-level injection capacity; pressure interference, plume geometry, and well count still need reservoir simulation."
county,Shandong,Tianqiao District,0.0,0.0,,,0.0,,,0.0,inf,https://www.nature.com/articles/s41597-025-04875-3; https://doi.org/10.6084/m9.figshare.27646707,B,"County-level injection capacity; pressure interference, plume geometry, and well count still need reservoir simulation."
county,Shandong,Zhangqiu District,0.0,0.0,,,0.0,,,0.0,inf,https://www.nature.com/articles/s41597-025-04875-3; https://doi.org/10.6084/m9.figshare.27646707,B,"County-level injection capacity; pressure interference, plume geometry, and well count still need reservoir simulation."
county,Shandong,Changqing District,0.0,0.0,,,0.0,,,0.0,inf,https://www.nature.com/articles/s41597-025-04875-3; https://doi.org/10.6084/m9.figshare.27646707,B,"County-level injection capacity; pressure interference, plume geometry, and well count still need reservoir simulation."
county,Shandong,Jiaxiang County,0.0,0.0,,,0.0,,,0.0,inf,https://www.nature.com/articles/s41597-025-04875-3; https://doi.org/10.6084/m9.figshare.27646707,B,"County-level injection capacity; pressure interference, plume geometry, and well count still need reservoir simulation."
county,Shandong,Jinxiang County,0.0,0.0,,,0.0,,,0.0,inf,https://www.nature.com/articles/s41597-025-04875-3; https://doi.org/10.6084/m9.figshare.27646707,B,"County-level injection capacity; pressure interference, plume geometry, and well count still need reservoir simulation."
county,Shandong,Liangshan County,0.0,0.0,,,0.0,,,0.0,inf,https://www.nature.com/articles/s41597-025-04875-3; https://doi.org/10.6084/m9.figshare.27646707,B,"County-level injection capacity; pressure interference, plume geometry, and well count still need reservoir simulation."
county,Shandong,Qufu City,0.0,0.0,,,0.0,,,0.0,inf,https://www.nature.com/articles/s41597-025-04875-3; https://doi.org/10.6084/m9.figshare.27646707,B,"County-level injection capacity; pressure interference, plume geometry, and well count still need reservoir simulation."
county,Shandong,Rencheng District,0.0,0.0,,,0.0,,,0.0,inf,https://www.nature.com/articles/s41597-025-04875-3; https://doi.org/10.6084/m9.figshare.27646707,B,"County-level injection capacity; pressure interference, plume geometry, and well count still need reservoir simulation."
county,Shandong,Sishui County,0.0,0.0,,,0.0,,,0.0,inf,https://www.nature.com/articles/s41597-025-04875-3; https://doi.org/10.6084/m9.figshare.27646707,B,"County-level injection capacity; pressure interference, plume geometry, and well count still need reservoir simulation."
county,Shandong,Weishan County,0.0,0.0,,,0.0,,,0.0,inf,https://www.nature.com/articles/s41597-025-04875-3; https://doi.org/10.6084/m9.figshare.27646707,B,"County-level injection capacity; pressure interference, plume geometry, and well count still need reservoir simulation."
county,Shandong,Wenshang County,0.0,0.0,,,0.0,,,0.0,inf,https://www.nature.com/articles/s41597-025-04875-3; https://doi.org/10.6084/m9.figshare.27646707,B,"County-level injection capacity; pressure interference, plume geometry, and well count still need reservoir simulation."
county,Shandong,Yanzhou District,0.0,0.0,,,0.0,,,0.0,inf,https://www.nature.com/articles/s41597-025-04875-3; https://doi.org/10.6084/m9.figshare.27646707,B,"County-level injection capacity; pressure interference, plume geometry, and well count still need reservoir simulation."
county,Shandong,Yutai County,0.0,0.0,,,0.0,,,0.0,inf,https://www.nature.com/articles/s41597-025-04875-3; https://doi.org/10.6084/m9.figshare.27646707,B,"County-level injection capacity; pressure interference, plume geometry, and well count still need reservoir simulation."
county,Shandong,Zoucheng City,0.0,0.0,,,0.0,,,0.0,inf,https://www.nature.com/articles/s41597-025-04875-3; https://doi.org/10.6084/m9.figshare.27646707,B,"County-level injection capacity; pressure interference, plume geometry, and well count still need reservoir simulation."
county,Shandong,Chiping District,0.0,0.0,,,0.0,,,0.0,inf,https://www.nature.com/articles/s41597-025-04875-3; https://doi.org/10.6084/m9.figshare.27646707,B,"County-level injection capacity; pressure interference, plume geometry, and well count still need reservoir simulation."
county,Shandong,Dong'e County,0.0,0.0,,,0.0,,,0.0,inf,https://www.nature.com/articles/s41597-025-04875-3; https://doi.org/10.6084/m9.figshare.27646707,B,"County-level injection capacity; pressure interference, plume geometry, and well count still need reservoir simulation."
county,Shandong,Dongchangfu District,0.0,0.0,,,0.0,,,0.0,inf,https://www.nature.com/articles/s41597-025-04875-3; https://doi.org/10.6084/m9.figshare.27646707,B,"County-level injection capacity; pressure interference, plume geometry, and well count still need reservoir simulation."
county,Shandong,Gaotang County,0.0,0.0,,,0.0,,,0.0,inf,https://www.nature.com/articles/s41597-025-04875-3; https://doi.org/10.6084/m9.figshare.27646707,B,"County-level injection capacity; pressure interference, plume geometry, and well count still need reservoir simulation."
county,Shandong,Guan County,0.0,0.0,,,0.0,,,0.0,inf,https://www.nature.com/articles/s41597-025-04875-3; https://doi.org/10.6084/m9.figshare.27646707,B,"County-level injection capacity; pressure interference, plume geometry, and well count still need reservoir simulation."
county,Shandong,Linqing City,0.0,0.0,,,0.0,,,0.0,inf,https://www.nature.com/articles/s41597-025-04875-3; https://doi.org/10.6084/m9.figshare.27646707,B,"County-level injection capacity; pressure interference, plume geometry, and well count still need reservoir simulation."
county,Shandong,Shen County,19.04,0.0,,,7.51,,,7.51,2.5352862849533953,https://www.nature.com/articles/s41597-025-04875-3; https://doi.org/10.6084/m9.figshare.27646707,B,"County-level injection capacity; pressure interference, plume geometry, and well count still need reservoir simulation."
county,Shandong,Yanggu County,0.0,0.0,,,0.0,,,0.0,inf,https://www.nature.com/articles/s41597-025-04875-3; https://doi.org/10.6084/m9.figshare.27646707,B,"County-level injection capacity; pressure interference, plume geometry, and well count still need reservoir simulation."
county,Shandong,Fei County,0.0,0.0,,,0.0,,,0.0,inf,https://www.nature.com/articles/s41597-025-04875-3; https://doi.org/10.6084/m9.figshare.27646707,B,"County-level injection capacity; pressure interference, plume geometry, and well count still need reservoir simulation."
county,Shandong,Hedong District,0.0,0.0,,,0.0,,,0.0,inf,https://www.nature.com/articles/s41597-025-04875-3; https://doi.org/10.6084/m9.figshare.27646707,B,"County-level injection capacity; pressure interference, plume geometry, and well count still need reservoir simulation."
county,Shandong,Junan County,0.0,0.0,,,0.0,,,0.0,inf,https://www.nature.com/articles/s41597-025-04875-3; https://doi.org/10.6084/m9.figshare.27646707,B,"County-level injection capacity; pressure interference, plume geometry, and well count still need reservoir simulation."
county,Shandong,Lanling County,0.0,0.0,,,0.0,,,0.0,inf,https://www.nature.com/articles/s41597-025-04875-3; https://doi.org/10.6084/m9.figshare.27646707,B,"County-level injection capacity; pressure interference, plume geometry, and well count still need reservoir simulation."
county,Shandong,Lanshan District,0.0,0.0,,,0.0,,,0.0,inf,https://www.nature.com/articles/s41597-025-04875-3; https://doi.org/10.6084/m9.figshare.27646707,B,"County-level injection capacity; pressure interference, plume geometry, and well count still need reservoir simulation."
county,Shandong,Linshu County,0.0,0.0,,,0.0,,,0.0,inf,https://www.nature.com/articles/s41597-025-04875-3; https://doi.org/10.6084/m9.figshare.27646707,B,"County-level injection capacity; pressure interference, plume geometry, and well count still need reservoir simulation."
county,Shandong,Luozhuang District,0.0,0.0,,,0.0,,,0.0,inf,https://www.nature.com/articles/s41597-025-04875-3; https://doi.org/10.6084/m9.figshare.27646707,B,"County-level injection capacity; pressure interference, plume geometry, and well count still need reservoir simulation."
county,Shandong,Mengyin County,0.0,0.0,,,0.0,,,0.0,inf,https://www.nature.com/articles/s41597-025-04875-3; https://doi.org/10.6084/m9.figshare.27646707,B,"County-level injection capacity; pressure interference, plume geometry, and well count still need reservoir simulation."
county,Shandong,Pingyi County,0.0,0.0,,,0.0,,,0.0,inf,https://www.nature.com/articles/s41597-025-04875-3; https://doi.org/10.6084/m9.figshare.27646707,B,"County-level injection capacity; pressure interference, plume geometry, and well count still need reservoir simulation."
county,Shandong,Tancheng County,0.0,0.0,,,0.0,,,0.0,inf,https://www.nature.com/articles/s41597-025-04875-3; https://doi.org/10.6084/m9.figshare.27646707,B,"County-level injection capacity; pressure interference, plume geometry, and well count still need reservoir simulation."
county,Shandong,Yinan County,0.0,0.0,,,0.0,,,0.0,inf,https://www.nature.com/articles/s41597-025-04875-3; https://doi.org/10.6084/m9.figshare.27646707,B,"County-level injection capacity; pressure interference, plume geometry, and well count still need reservoir simulation."
county,Shandong,Yishui County,0.0,0.0,,,0.0,,,0.0,inf,https://www.nature.com/articles/s41597-025-04875-3; https://doi.org/10.6084/m9.figshare.27646707,B,"County-level injection capacity; pressure interference, plume geometry, and well count still need reservoir simulation."
county,Shandong,Chengyang District,0.0,0.0,,,0.0,,,0.0,inf,https://www.nature.com/articles/s41597-025-04875-3; https://doi.org/10.6084/m9.figshare.27646707,B,"County-level injection capacity; pressure interference, plume geometry, and well count still need reservoir simulation."
county,Shandong,Huangdao District,0.0,0.0,,,0.0,,,0.0,inf,https://www.nature.com/articles/s41597-025-04875-3; https://doi.org/10.6084/m9.figshare.27646707,B,"County-level injection capacity; pressure interference, plume geometry, and well count still need reservoir simulation."
county,Shandong,Jimo District,0.0,0.0,,,0.0,,,0.0,inf,https://www.nature.com/articles/s41597-025-04875-3; https://doi.org/10.6084/m9.figshare.27646707,B,"County-level injection capacity; pressure interference, plume geometry, and well count still need reservoir simulation."
county,Shandong,Jiaozhou City,0.0,0.0,,,0.0,,,0.0,inf,https://www.nature.com/articles/s41597-025-04875-3; https://doi.org/10.6084/m9.figshare.27646707,B,"County-level injection capacity; pressure interference, plume geometry, and well count still need reservoir simulation."
county,Shandong,Laixi City,0.0,0.0,,,0.0,,,0.0,inf,https://www.nature.com/articles/s41597-025-04875-3; https://doi.org/10.6084/m9.figshare.27646707,B,"County-level injection capacity; pressure interference, plume geometry, and well count still need reservoir simulation."
county,Shandong,Laoshan District,0.0,0.0,,,0.0,,,0.0,inf,https://www.nature.com/articles/s41597-025-04875-3; https://doi.org/10.6084/m9.figshare.27646707,B,"County-level injection capacity; pressure interference, plume geometry, and well count still need reservoir simulation."
county,Shandong,Licang District,0.0,0.0,,,0.0,,,0.0,inf,https://www.nature.com/articles/s41597-025-04875-3; https://doi.org/10.6084/m9.figshare.27646707,B,"County-level injection capacity; pressure interference, plume geometry, and well count still need reservoir simulation."
county,Shandong,Pingdu City,0.0,0.0,,,0.0,,,0.0,inf,https://www.nature.com/articles/s41597-025-04875-3; https://doi.org/10.6084/m9.figshare.27646707,B,"County-level injection capacity; pressure interference, plume geometry, and well count still need reservoir simulation."
county,Shandong,City North District,0.0,0.0,,,0.0,,,0.0,inf,https://www.nature.com/articles/s41597-025-04875-3; https://doi.org/10.6084/m9.figshare.27646707,B,"County-level injection capacity; pressure interference, plume geometry, and well count still need reservoir simulation."
county,Shandong,City South District,0.0,0.0,,,0.0,,,0.0,inf,https://www.nature.com/articles/s41597-025-04875-3; https://doi.org/10.6084/m9.figshare.27646707,B,"County-level injection capacity; pressure interference, plume geometry, and well count still need reservoir simulation."
county,Shandong,Donggang District,0.0,0.0,,,0.0,,,0.0,inf,https://www.nature.com/articles/s41597-025-04875-3; https://doi.org/10.6084/m9.figshare.27646707,B,"County-level injection capacity; pressure interference, plume geometry, and well count still need reservoir simulation."
county,Shandong,Ju County,0.0,0.0,,,0.0,,,0.0,inf,https://www.nature.com/articles/s41597-025-04875-3; https://doi.org/10.6084/m9.figshare.27646707,B,"County-level injection capacity; pressure interference, plume geometry, and well count still need reservoir simulation."
county,Shandong,Lanshan District,0.0,0.0,,,0.0,,,0.0,inf,https://www.nature.com/articles/s41597-025-04875-3; https://doi.org/10.6084/m9.figshare.27646707,B,"County-level injection capacity; pressure interference, plume geometry, and well count still need reservoir simulation."
county,Shandong,Wulian County,0.0,0.0,,,0.0,,,0.0,inf,https://www.nature.com/articles/s41597-025-04875-3; https://doi.org/10.6084/m9.figshare.27646707,B,"County-level injection capacity; pressure interference, plume geometry, and well count still need reservoir simulation."
county,Shandong,Daiyue District,0.0,0.0,,,0.0,,,0.0,inf,https://www.nature.com/articles/s41597-025-04875-3; https://doi.org/10.6084/m9.figshare.27646707,B,"County-level injection capacity; pressure interference, plume geometry, and well count still need reservoir simulation."
county,Shandong,Dongping County,0.0,0.0,,,0.0,,,0.0,inf,https://www.nature.com/articles/s41597-025-04875-3; https://doi.org/10.6084/m9.figshare.27646707,B,"County-level injection capacity; pressure interference, plume geometry, and well count still need reservoir simulation."
county,Shandong,Feicheng City,0.0,0.0,,,0.0,,,0.0,inf,https://www.nature.com/articles/s41597-025-04875-3; https://doi.org/10.6084/m9.figshare.27646707,B,"County-level injection capacity; pressure interference, plume geometry, and well count still need reservoir simulation."
county,Shandong,Ningyang County,0.0,0.0,,,0.0,,,0.0,inf,https://www.nature.com/articles/s41597-025-04875-3; https://doi.org/10.6084/m9.figshare.27646707,B,"County-level injection capacity; pressure interference, plume geometry, and well count still need reservoir simulation."
county,Shandong,Taishan District,0.0,0.0,,,0.0,,,0.0,inf,https://www.nature.com/articles/s41597-025-04875-3; https://doi.org/10.6084/m9.figshare.27646707,B,"County-level injection capacity; pressure interference, plume geometry, and well count still need reservoir simulation."
county,Shandong,Xintai City,0.0,0.0,,,0.0,,,0.0,inf,https://www.nature.com/articles/s41597-025-04875-3; https://doi.org/10.6084/m9.figshare.27646707,B,"County-level injection capacity; pressure interference, plume geometry, and well count still need reservoir simulation."
county,Shandong,Huancui District,0.0,0.0,,,0.0,,,0.0,inf,https://www.nature.com/articles/s41597-025-04875-3; https://doi.org/10.6084/m9.figshare.27646707,B,"County-level injection capacity; pressure interference, plume geometry, and well count still need reservoir simulation."
county,Shandong,Rongcheng City,0.0,0.0,,,0.0,,,0.0,inf,https://www.nature.com/articles/s41597-025-04875-3; https://doi.org/10.6084/m9.figshare.27646707,B,"County-level injection capacity; pressure interference, plume geometry, and well count still need reservoir simulation."
county,Shandong,Rushan City,0.0,0.0,,,0.0,,,0.0,inf,https://www.nature.com/articles/s41597-025-04875-3; https://doi.org/10.6084/m9.figshare.27646707,B,"County-level injection capacity; pressure interference, plume geometry, and well count still need reservoir simulation."
county,Shandong,Wendeng District,0.0,0.0,,,0.0,,,0.0,inf,https://www.nature.com/articles/s41597-025-04875-3; https://doi.org/10.6084/m9.figshare.27646707,B,"County-level injection capacity; pressure interference, plume geometry, and well count still need reservoir simulation."
county,Shandong,Anqiu City,0.0,0.0,,,0.0,,,0.0,inf,https://www.nature.com/articles/s41597-025-04875-3; https://doi.org/10.6084/m9.figshare.27646707,B,"County-level injection capacity; pressure interference, plume geometry, and well count still need reservoir simulation."
county,Shandong,Changle County,0.0,0.0,,,0.0,,,0.0,inf,https://www.nature.com/articles/s41597-025-04875-3; https://doi.org/10.6084/m9.figshare.27646707,B,"County-level injection capacity; pressure interference, plume geometry, and well count still need reservoir simulation."
county,Shandong,Changyi City,0.83,0.0,,,0.0,,,0.0,inf,https://www.nature.com/articles/s41597-025-04875-3; https://doi.org/10.6084/m9.figshare.27646707,B,"County-level injection capacity; pressure interference, plume geometry, and well count still need reservoir simulation."
county,Shandong,Fangzi District,0.0,0.0,,,0.0,,,0.0,inf,https://www.nature.com/articles/s41597-025-04875-3; https://doi.org/10.6084/m9.figshare.27646707,B,"County-level injection capacity; pressure interference, plume geometry, and well count still need reservoir simulation."
county,Shandong,Gaomi City,0.0,0.0,,,0.0,,,0.0,inf,https://www.nature.com/articles/s41597-025-04875-3; https://doi.org/10.6084/m9.figshare.27646707,B,"County-level injection capacity; pressure interference, plume geometry, and well count still need reservoir simulation."
county,Shandong,Hanting District,0.0,0.0,,,0.0,,,0.0,inf,https://www.nature.com/articles/s41597-025-04875-3; https://doi.org/10.6084/m9.figshare.27646707,B,"County-level injection capacity; pressure interference, plume geometry, and well count still need reservoir simulation."
county,Shandong,Kuiwen District,0.0,0.0,,,0.0,,,0.0,inf,https://www.nature.com/articles/s41597-025-04875-3; https://doi.org/10.6084/m9.figshare.27646707,B,"County-level injection capacity; pressure interference, plume geometry, and well count still need reservoir simulation."
county,Shandong,Linqu County,0.0,0.0,,,0.0,,,0.0,inf,https://www.nature.com/articles/s41597-025-04875-3; https://doi.org/10.6084/m9.figshare.27646707,B,"County-level injection capacity; pressure interference, plume geometry, and well count still need reservoir simulation."
county,Shandong,Qingzhou City,0.0,0.0,,,0.0,,,0.0,inf,https://www.nature.com/articles/s41597-025-04875-3; https://doi.org/10.6084/m9.figshare.27646707,B,"County-level injection capacity; pressure interference, plume geometry, and well count still need reservoir simulation."
county,Shandong,Shouguang City,11.66,0.0,,,0.0,,,0.0,inf,https://www.nature.com/articles/s41597-025-04875-3; https://doi.org/10.6084/m9.figshare.27646707,B,"County-level injection capacity; pressure interference, plume geometry, and well count still need reservoir simulation."
county,Shandong,Weicheng District,0.0,0.0,,,0.0,,,0.0,inf,https://www.nature.com/articles/s41597-025-04875-3; https://doi.org/10.6084/m9.figshare.27646707,B,"County-level injection capacity; pressure interference, plume geometry, and well count still need reservoir simulation."
county,Shandong,Zichuan District,0.0,0.0,,,0.0,,,0.0,inf,https://www.nature.com/articles/s41597-025-04875-3; https://doi.org/10.6084/m9.figshare.27646707,B,"County-level injection capacity; pressure interference, plume geometry, and well count still need reservoir simulation."
county,Shandong,Fushan District,0.0,0.0,,,0.0,,,0.0,inf,https://www.nature.com/articles/s41597-025-04875-3; https://doi.org/10.6084/m9.figshare.27646707,B,"County-level injection capacity; pressure interference, plume geometry, and well count still need reservoir simulation."
county,Shandong,Haiyang City,0.0,0.0,,,0.0,,,0.0,inf,https://www.nature.com/articles/s41597-025-04875-3; https://doi.org/10.6084/m9.figshare.27646707,B,"County-level injection capacity; pressure interference, plume geometry, and well count still need reservoir simulation."
county,Shandong,Laishan District,0.0,0.0,,,0.0,,,0.0,inf,https://www.nature.com/articles/s41597-025-04875-3; https://doi.org/10.6084/m9.figshare.27646707,B,"County-level injection capacity; pressure interference, plume geometry, and well count still need reservoir simulation."
county,Shandong,Laiyang City,0.0,0.0,,,0.0,,,0.0,inf,https://www.nature.com/articles/s41597-025-04875-3; https://doi.org/10.6084/m9.figshare.27646707,B,"County-level injection capacity; pressure interference, plume geometry, and well count still need reservoir simulation."
county,Shandong,Laizhou City,0.0,0.0,,,0.0,,,0.0,inf,https://www.nature.com/articles/s41597-025-04875-3; https://doi.org/10.6084/m9.figshare.27646707,B,"County-level injection capacity; pressure interference, plume geometry, and well count still need reservoir simulation."
county,Shandong,Longkou City,0.0,0.0,,,0.0,,,0.0,inf,https://www.nature.com/articles/s41597-025-04875-3; https://doi.org/10.6084/m9.figshare.27646707,B,"County-level injection capacity; pressure interference, plume geometry, and well count still need reservoir simulation."
county,Shandong,Muping District,0.0,0.0,,,0.0,,,0.0,inf,https://www.nature.com/articles/s41597-025-04875-3; https://doi.org/10.6084/m9.figshare.27646707,B,"County-level injection capacity; pressure interference, plume geometry, and well count still need reservoir simulation."
county,Shandong,Penglai District,0.0,0.0,,,0.0,,,0.0,inf,https://www.nature.com/articles/s41597-025-04875-3; https://doi.org/10.6084/m9.figshare.27646707,B,"County-level injection capacity; pressure interference, plume geometry, and well count still need reservoir simulation."
county,Shandong,Qixia City,0.0,0.0,,,0.0,,,0.0,inf,https://www.nature.com/articles/s41597-025-04875-3; https://doi.org/10.6084/m9.figshare.27646707,B,"County-level injection capacity; pressure interference, plume geometry, and well count still need reservoir simulation."
county,Shandong,Zhaoyuan City,0.0,0.0,,,0.0,,,0.0,inf,https://www.nature.com/articles/s41597-025-04875-3; https://doi.org/10.6084/m9.figshare.27646707,B,"County-level injection capacity; pressure interference, plume geometry, and well count still need reservoir simulation."
county,Shandong,Zhifu District,0.0,0.0,,,0.0,,,0.0,inf,https://www.nature.com/articles/s41597-025-04875-3; https://doi.org/10.6084/m9.figshare.27646707,B,"County-level injection capacity; pressure interference, plume geometry, and well count still need reservoir simulation."
county,Shandong,Shanting District,0.0,0.0,,,0.0,,,0.0,inf,https://www.nature.com/articles/s41597-025-04875-3; https://doi.org/10.6084/m9.figshare.27646707,B,"County-level injection capacity; pressure interference, plume geometry, and well count still need reservoir simulation."
county,Shandong,Shizhong District,0.0,0.0,,,0.0,,,0.0,inf,https://www.nature.com/articles/s41597-025-04875-3; https://doi.org/10.6084/m9.figshare.27646707,B,"County-level injection capacity; pressure interference, plume geometry, and well count still need reservoir simulation."
county,Shandong,Taierzhuang District,0.0,0.0,,,0.0,,,0.0,inf,https://www.nature.com/articles/s41597-025-04875-3; https://doi.org/10.6084/m9.figshare.27646707,B,"County-level injection capacity; pressure interference, plume geometry, and well count still need reservoir simulation."
county,Shandong,Tengzhou City,0.0,0.0,,,0.0,,,0.0,inf,https://www.nature.com/articles/s41597-025-04875-3; https://doi.org/10.6084/m9.figshare.27646707,B,"County-level injection capacity; pressure interference, plume geometry, and well count still need reservoir simulation."
county,Shandong,Xuecheng District,0.0,0.0,,,0.0,,,0.0,inf,https://www.nature.com/articles/s41597-025-04875-3; https://doi.org/10.6084/m9.figshare.27646707,B,"County-level injection capacity; pressure interference, plume geometry, and well count still need reservoir simulation."
county,Shandong,Yicheng District,0.0,0.0,,,0.0,,,0.0,inf,https://www.nature.com/articles/s41597-025-04875-3; https://doi.org/10.6084/m9.figshare.27646707,B,"County-level injection capacity; pressure interference, plume geometry, and well count still need reservoir simulation."
county,Shandong,Bozhong District,0.0,0.0,,,0.0,,,0.0,inf,https://www.nature.com/articles/s41597-025-04875-3; https://doi.org/10.6084/m9.figshare.27646707,B,"County-level injection capacity; pressure interference, plume geometry, and well count still need reservoir simulation."
county,Shandong,Gaoqing City,20.49,0.0,,,150.0,,,150.0,0.1366,https://www.nature.com/articles/s41597-025-04875-3; https://doi.org/10.6084/m9.figshare.27646707,B,"County-level injection capacity; pressure interference, plume geometry, and well count still need reservoir simulation."
county,Shandong,Huantai County,0.68,0.0,,,0.0,,,0.0,inf,https://www.nature.com/articles/s41597-025-04875-3; https://doi.org/10.6084/m9.figshare.27646707,B,"County-level injection capacity; pressure interference, plume geometry, and well count still need reservoir simulation."
county,Shandong,Linzi District,0.0,0.0,,,0.0,,,0.0,inf,https://www.nature.com/articles/s41597-025-04875-3; https://doi.org/10.6084/m9.figshare.27646707,B,"County-level injection capacity; pressure interference, plume geometry, and well count still need reservoir simulation."
county,Shandong,Yiyuan County,0.0,0.0,,,0.0,,,0.0,inf,https://www.nature.com/articles/s41597-025-04875-3; https://doi.org/10.6084/m9.figshare.27646707,B,"County-level injection capacity; pressure interference, plume geometry, and well count still need reservoir simulation."
county,Shandong,Zhangdian District,0.0,0.0,,,0.0,,,0.0,inf,https://www.nature.com/articles/s41597-025-04875-3; https://doi.org/10.6084/m9.figshare.27646707,B,"County-level injection capacity; pressure interference, plume geometry, and well count still need reservoir simulation."
county,Shandong,Zhoucun District,0.0,0.0,,,0.0,,,0.0,inf,https://www.nature.com/articles/s41597-025-04875-3; https://doi.org/10.6084/m9.figshare.27646707,B,"County-level injection capacity; pressure interference, plume geometry, and well count still need reservoir simulation."
county,Shandong,Zichuan District,0.0,0.0,,,0.0,,,0.0,inf,https://www.nature.com/articles/s41597-025-04875-3; https://doi.org/10.6084/m9.figshare.27646707,B,"County-level injection capacity; pressure interference, plume geometry, and well count still need reservoir simulation."
county,Shanxi,Guangling County,0.0,0.0,,,0.0,,,0.0,inf,https://www.nature.com/articles/s41597-025-04875-3; https://doi.org/10.6084/m9.figshare.27646707,B,"County-level injection capacity; pressure interference, plume geometry, and well count still need reservoir simulation."
county,Shanxi,Hunyuan County,0.0,0.0,,,0.0,,,0.0,inf,https://www.nature.com/articles/s41597-025-04875-3; https://doi.org/10.6084/m9.figshare.27646707,B,"County-level injection capacity; pressure interference, plume geometry, and well count still need reservoir simulation."
county,Shanxi,Lingqiu County,0.0,0.0,,,0.0,,,0.0,inf,https://www.nature.com/articles/s41597-025-04875-3; https://doi.org/10.6084/m9.figshare.27646707,B,"County-level injection capacity; pressure interference, plume geometry, and well count still need reservoir simulation."
county,Shanxi,Pingcheng District,0.0,0.0,,,0.0,,,0.0,inf,https://www.nature.com/articles/s41597-025-04875-3; https://doi.org/10.6084/m9.figshare.27646707,B,"County-level injection capacity; pressure interference, plume geometry, and well count still need reservoir simulation."
county,Shanxi,Tianzhen County,0.0,0.0,,,0.0,,,0.0,inf,https://www.nature.com/articles/s41597-025-04875-3; https://doi.org/10.6084/m9.figshare.27646707,B,"County-level injection capacity; pressure interference, plume geometry, and well count still need reservoir simulation."
county,Shanxi,Xinrong District,0.0,0.0,,,0.0,,,0.0,inf,https://www.nature.com/articles/s41597-025-04875-3; https://doi.org/10.6084/m9.figshare.27646707,B,"County-level injection capacity; pressure interference, plume geometry, and well count still need reservoir simulation."
county,Shanxi,Yanggao County,0.0,0.0,,,0.0,,,0.0,inf,https://www.nature.com/articles/s41597-025-04875-3; https://doi.org/10.6084/m9.figshare.27646707,B,"County-level injection capacity; pressure interference, plume geometry, and well count still need reservoir simulation."
county,Shanxi,Yungang District,0.0,0.0,,,0.0,,,0.0,inf,https://www.nature.com/articles/s41597-025-04875-3; https://doi.org/10.6084/m9.figshare.27646707,B,"County-level injection capacity; pressure interference, plume geometry, and well count still need reservoir simulation."
county,Shanxi,Yunzhou District,0.0,0.0,,,0.0,,,0.0,inf,https://www.nature.com/articles/s41597-025-04875-3; https://doi.org/10.6084/m9.figshare.27646707,B,"County-level injection capacity; pressure interference, plume geometry, and well count still need reservoir simulation."
county,Shanxi,Zuoyun County,0.0,0.0,,,0.0,,,0.0,inf,https://www.nature.com/articles/s41597-025-04875-3; https://doi.org/10.6084/m9.figshare.27646707,B,"County-level injection capacity; pressure interference, plume geometry, and well count still need reservoir simulation."
county,Shanxi,Pingcheng District,0.0,0.0,,,0.0,,,0.0,inf,https://www.nature.com/articles/s41597-025-04875-3; https://doi.org/10.6084/m9.figshare.27646707,B,"County-level injection capacity; pressure interference, plume geometry, and well count still need reservoir simulation."
county,Shanxi,Gaoping City,0.0,0.0,,,0.0,,,0.0,inf,https://www.nature.com/articles/s41597-025-04875-3; https://doi.org/10.6084/m9.figshare.27646707,B,"County-level injection capacity; pressure interference, plume geometry, and well count still need reservoir simulation."
county,Shanxi,Lingchuan County,0.0,0.0,,,0.0,,,0.0,inf,https://www.nature.com/articles/s41597-025-04875-3; https://doi.org/10.6084/m9.figshare.27646707,B,"County-level injection capacity; pressure interference, plume geometry, and well count still need reservoir simulation."
county,Shanxi,Qinshui County,0.0,0.0,,,0.0,,,0.0,inf,https://www.nature.com/articles/s41597-025-04875-3; https://doi.org/10.6084/m9.figshare.27646707,B,"County-level injection capacity; pressure interference, plume geometry, and well count still need reservoir simulation."
county,Shanxi,Yangcheng County,0.0,0.0,,,0.0,,,0.0,inf,https://www.nature.com/articles/s41597-025-04875-3; https://doi.org/10.6084/m9.figshare.27646707,B,"County-level injection capacity; pressure interference, plume geometry, and well count still need reservoir simulation."
county,Shanxi,Zezhou County,0.0,0.0,,,0.0,,,0.0,inf,https://www.nature.com/articles/s41597-025-04875-3; https://doi.org/10.6084/m9.figshare.27646707,B,"County-level injection capacity; pressure interference, plume geometry, and well count still need reservoir simulation."
county,Shanxi,Heshun County,1003.89,0.14,,,0.0,,,0.14,7170.642857142856,https://www.nature.com/articles/s41597-025-04875-3; https://doi.org/10.6084/m9.figshare.27646707,B,"County-level injection capacity; pressure interference, plume geometry, and well count still need reservoir simulation."
county,Shanxi,Jiexiu City,0.0,0.0,,,0.0,,,0.0,inf,https://www.nature.com/articles/s41597-025-04875-3; https://doi.org/10.6084/m9.figshare.27646707,B,"County-level injection capacity; pressure interference, plume geometry, and well count still need reservoir simulation."
county,Shanxi,Lingshi County,0.0,0.0,,,0.0,,,0.0,inf,https://www.nature.com/articles/s41597-025-04875-3; https://doi.org/10.6084/m9.figshare.27646707,B,"County-level injection capacity; pressure interference, plume geometry, and well count still need reservoir simulation."
county,Shanxi,Pingyao County,365.52,0.12,,,0.0,,,0.12,3046.0,https://www.nature.com/articles/s41597-025-04875-3; https://doi.org/10.6084/m9.figshare.27646707,B,"County-level injection capacity; pressure interference, plume geometry, and well count still need reservoir simulation."
county,Shanxi,Qi County,396.39,0.12,,,0.0,,,0.12,3303.25,https://www.nature.com/articles/s41597-025-04875-3; https://doi.org/10.6084/m9.figshare.27646707,B,"County-level injection capacity; pressure interference, plume geometry, and well count still need reservoir simulation."
county,Shanxi,Shouyang County,1033.14,0.16,,,0.0,,,0.16,6457.125000000001,https://www.nature.com/articles/s41597-025-04875-3; https://doi.org/10.6084/m9.figshare.27646707,B,"County-level injection capacity; pressure interference, plume geometry, and well count still need reservoir simulation."
county,Shanxi,Taigu District,560.34,0.12,,,0.0,,,0.12,4669.5,https://www.nature.com/articles/s41597-025-04875-3; https://doi.org/10.6084/m9.figshare.27646707,B,"County-level injection capacity; pressure interference, plume geometry, and well count still need reservoir simulation."
county,Shanxi,Xiyang County,204.31,0.14,,,0.0,,,0.14,1459.3571428571427,https://www.nature.com/articles/s41597-025-04875-3; https://doi.org/10.6084/m9.figshare.27646707,B,"County-level injection capacity; pressure interference, plume geometry, and well count still need reservoir simulation."
county,Shanxi,Yuci District,532.55,0.16,,,0.0,,,0.16,3328.4374999999995,https://www.nature.com/articles/s41597-025-04875-3; https://doi.org/10.6084/m9.figshare.27646707,B,"County-level injection capacity; pressure interference, plume geometry, and well count still need reservoir simulation."
county,Shanxi,Yushe County,1834.34,0.14,,,0.0,,,0.14,13102.428571428569,https://www.nature.com/articles/s41597-025-04875-3; https://doi.org/10.6084/m9.figshare.27646707,B,"County-level injection capacity; pressure interference, plume geometry, and well count still need reservoir simulation."
county,Shanxi,Zuoquan County,112.23,0.12,,,0.0,,,0.12,935.2500000000001,https://www.nature.com/articles/s41597-025-04875-3; https://doi.org/10.6084/m9.figshare.27646707,B,"County-level injection capacity; pressure interference, plume geometry, and well count still need reservoir simulation."
county,Shanxi,Anze County,1228.27,0.15,,,0.0,,,0.15,8188.466666666667,https://www.nature.com/articles/s41597-025-04875-3; https://doi.org/10.6084/m9.figshare.27646707,B,"County-level injection capacity; pressure interference, plume geometry, and well count still need reservoir simulation."
county,Shanxi,Daning County,0.0,0.0,,,0.0,,,0.0,inf,https://www.nature.com/articles/s41597-025-04875-3; https://doi.org/10.6084/m9.figshare.27646707,B,"County-level injection capacity; pressure interference, plume geometry, and well count still need reservoir simulation."
county,Shanxi,Fenshui County,0.0,0.0,,,0.0,,,0.0,inf,https://www.nature.com/articles/s41597-025-04875-3; https://doi.org/10.6084/m9.figshare.27646707,B,"County-level injection capacity; pressure interference, plume geometry, and well count still need reservoir simulation."
county,Shanxi,Fushan County,0.0,0.0,,,0.0,,,0.0,inf,https://www.nature.com/articles/s41597-025-04875-3; https://doi.org/10.6084/m9.figshare.27646707,B,"County-level injection capacity; pressure interference, plume geometry, and well count still need reservoir simulation."
county,Shanxi,Gu County,203.84,0.14,,,0.0,,,0.14,1455.9999999999998,https://www.nature.com/articles/s41597-025-04875-3; https://doi.org/10.6084/m9.figshare.27646707,B,"County-level injection capacity; pressure interference, plume geometry, and well count still need reservoir simulation."
county,Shanxi,Hongtong County,0.0,0.0,,,0.0,,,0.0,inf,https://www.nature.com/articles/s41597-025-04875-3; https://doi.org/10.6084/m9.figshare.27646707,B,"County-level injection capacity; pressure interference, plume geometry, and well count still need reservoir simulation."
county,Shanxi,Houma City,0.0,0.0,,,0.0,,,0.0,inf,https://www.nature.com/articles/s41597-025-04875-3; https://doi.org/10.6084/m9.figshare.27646707,B,"County-level injection capacity; pressure interference, plume geometry, and well count still need reservoir simulation."
county,Shanxi,Huozhou City,0.0,0.0,,,0.0,,,0.0,inf,https://www.nature.com/articles/s41597-025-04875-3; https://doi.org/10.6084/m9.figshare.27646707,B,"County-level injection capacity; pressure interference, plume geometry, and well count still need reservoir simulation."
county,Shanxi,Ji County,0.0,0.0,,,0.0,,,0.0,inf,https://www.nature.com/articles/s41597-025-04875-3; https://doi.org/10.6084/m9.figshare.27646707,B,"County-level injection capacity; pressure interference, plume geometry, and well count still need reservoir simulation."
county,Shanxi,Pu County,0.0,0.0,,,0.0,,,0.0,inf,https://www.nature.com/articles/s41597-025-04875-3; https://doi.org/10.6084/m9.figshare.27646707,B,"County-level injection capacity; pressure interference, plume geometry, and well count still need reservoir simulation."
county,Shanxi,Quwo County,0.0,0.0,,,0.0,,,0.0,inf,https://www.nature.com/articles/s41597-025-04875-3; https://doi.org/10.6084/m9.figshare.27646707,B,"County-level injection capacity; pressure interference, plume geometry, and well count still need reservoir simulation."
county,Shanxi,Xi County,0.0,0.0,,,0.0,,,0.0,inf,https://www.nature.com/articles/s41597-025-04875-3; https://doi.org/10.6084/m9.figshare.27646707,B,"County-level injection capacity; pressure interference, plume geometry, and well count still need reservoir simulation."
county,Shanxi,Xiangning County,0.0,0.0,,,0.0,,,0.0,inf,https://www.nature.com/articles/s41597-025-04875-3; https://doi.org/10.6084/m9.figshare.27646707,B,"County-level injection capacity; pressure interference, plume geometry, and well count still need reservoir simulation."
county,Shanxi,Xiangfen County,0.0,0.0,,,0.0,,,0.0,inf,https://www.nature.com/articles/s41597-025-04875-3; https://doi.org/10.6084/m9.figshare.27646707,B,"County-level injection capacity; pressure interference, plume geometry, and well count still need reservoir simulation."
county,Shanxi,Xinfu District,0.0,0.0,,,0.0,,,0.0,inf,https://www.nature.com/articles/s41597-025-04875-3; https://doi.org/10.6084/m9.figshare.27646707,B,"County-level injection capacity; pressure interference, plume geometry, and well count still need reservoir simulation."
county,Shanxi,Yicheng County,0.0,0.0,,,0.0,,,0.0,inf,https://www.nature.com/articles/s41597-025-04875-3; https://doi.org/10.6084/m9.figshare.27646707,B,"County-level injection capacity; pressure interference, plume geometry, and well count still need reservoir simulation."
county,Shanxi,Yonghe County,0.0,0.0,,,0.0,,,0.0,inf,https://www.nature.com/articles/s41597-025-04875-3; https://doi.org/10.6084/m9.figshare.27646707,B,"County-level injection capacity; pressure interference, plume geometry, and well count still need reservoir simulation."
county,Shanxi,Fangshan County,0.0,0.0,,,0.0,,,0.0,inf,https://www.nature.com/articles/s41597-025-04875-3; https://doi.org/10.6084/m9.figshare.27646707,B,"County-level injection capacity; pressure interference, plume geometry, and well count still need reservoir simulation."
county,Shanxi,Fenyang City,0.0,0.0,,,0.0,,,0.0,inf,https://www.nature.com/articles/s41597-025-04875-3; https://doi.org/10.6084/m9.figshare.27646707,B,"County-level injection capacity; pressure interference, plume geometry, and well count still need reservoir simulation."
county,Shanxi,Jiaocheng County,0.0,0.0,,,0.0,,,0.0,inf,https://www.nature.com/articles/s41597-025-04875-3; https://doi.org/10.6084/m9.figshare.27646707,B,"County-level injection capacity; pressure interference, plume geometry, and well count still need reservoir simulation."
county,Shanxi,Jiaokou County,0.0,0.0,,,0.0,,,0.0,inf,https://www.nature.com/articles/s41597-025-04875-3; https://doi.org/10.6084/m9.figshare.27646707,B,"County-level injection capacity; pressure interference, plume geometry, and well count still need reservoir simulation."
county,Shanxi,Lan County,0.0,0.0,,,0.0,,,0.0,inf,https://www.nature.com/articles/s41597-025-04875-3; https://doi.org/10.6084/m9.figshare.27646707,B,"County-level injection capacity; pressure interference, plume geometry, and well count still need reservoir simulation."
county,Shanxi,Lishi District,3.08,0.03,,,0.0,,,0.03,102.66666666666667,https://www.nature.com/articles/s41597-025-04875-3; https://doi.org/10.6084/m9.figshare.27646707,B,"County-level injection capacity; pressure interference, plume geometry, and well count still need reservoir simulation."
county,Shanxi,Lin County,104.42,0.03,,,0.0,,,0.03,3480.666666666667,https://www.nature.com/articles/s41597-025-04875-3; https://doi.org/10.6084/m9.figshare.27646707,B,"County-level injection capacity; pressure interference, plume geometry, and well count still need reservoir simulation."
county,Shanxi,Liulin County,47.21,0.03,,,0.0,,,0.03,1573.6666666666667,https://www.nature.com/articles/s41597-025-04875-3; https://doi.org/10.6084/m9.figshare.27646707,B,"County-level injection capacity; pressure interference, plume geometry, and well count still need reservoir simulation."
county,Shanxi,Shilou County,5.13,0.03,,,0.0,,,0.03,171.0,https://www.nature.com/articles/s41597-025-04875-3; https://doi.org/10.6084/m9.figshare.27646707,B,"County-level injection capacity; pressure interference, plume geometry, and well count still need reservoir simulation."
county,Shanxi,Wenshui County,0.0,0.0,,,0.0,,,0.0,inf,https://www.nature.com/articles/s41597-025-04875-3; https://doi.org/10.6084/m9.figshare.27646707,B,"County-level injection capacity; pressure interference, plume geometry, and well count still need reservoir simulation."
county,Shanxi,Xiaoyi City,0.0,0.0,,,0.0,,,0.0,inf,https://www.nature.com/articles/s41597-025-04875-3; https://doi.org/10.6084/m9.figshare.27646707,B,"County-level injection capacity; pressure interference, plume geometry, and well count still need reservoir simulation."
county,Shanxi,Xing County,75.17,0.03,,,0.0,,,0.03,2505.666666666667,https://www.nature.com/articles/s41597-025-04875-3; https://doi.org/10.6084/m9.figshare.27646707,B,"County-level injection capacity; pressure interference, plume geometry, and well count still need reservoir simulation."
county,Shanxi,Zhongyang County,6.16,0.03,,,0.0,,,0.03,205.33333333333334,https://www.nature.com/articles/s41597-025-04875-3; https://doi.org/10.6084/m9.figshare.27646707,B,"County-level injection capacity; pressure interference, plume geometry, and well count still need reservoir simulation."
county,Shanxi,Huairen City,0.0,0.0,,,0.0,,,0.0,inf,https://www.nature.com/articles/s41597-025-04875-3; https://doi.org/10.6084/m9.figshare.27646707,B,"County-level injection capacity; pressure interference, plume geometry, and well count still need reservoir simulation."
county,Shanxi,Pinglu District,0.0,0.0,,,0.0,,,0.0,inf,https://www.nature.com/articles/s41597-025-04875-3; https://doi.org/10.6084/m9.figshare.27646707,B,"County-level injection capacity; pressure interference, plume geometry, and well count still need reservoir simulation."
county,Shanxi,shanyin County,0.0,0.0,,,0.0,,,0.0,inf,https://www.nature.com/articles/s41597-025-04875-3; https://doi.org/10.6084/m9.figshare.27646707,B,"County-level injection capacity; pressure interference, plume geometry, and well count still need reservoir simulation."
county,Shanxi,Shocheng District,0.0,0.0,,,0.0,,,0.0,inf,https://www.nature.com/articles/s41597-025-04875-3; https://doi.org/10.6084/m9.figshare.27646707,B,"County-level injection capacity; pressure interference, plume geometry, and well count still need reservoir simulation."
county,Shanxi,Ying County,0.0,0.0,,,0.0,,,0.0,inf,https://www.nature.com/articles/s41597-025-04875-3; https://doi.org/10.6084/m9.figshare.27646707,B,"County-level injection capacity; pressure interference, plume geometry, and well count still need reservoir simulation."
county,Shanxi,Youyu County,0.0,0.0,,,0.0,,,0.0,inf,https://www.nature.com/articles/s41597-025-04875-3; https://doi.org/10.6084/m9.figshare.27646707,B,"County-level injection capacity; pressure interference, plume geometry, and well count still need reservoir simulation."
county,Shanxi,Gujiao City,0.0,0.0,,,0.0,,,0.0,inf,https://www.nature.com/articles/s41597-025-04875-3; https://doi.org/10.6084/m9.figshare.27646707,B,"County-level injection capacity; pressure interference, plume geometry, and well count still need reservoir simulation."
county,Shanxi,Jiancaoping District,0.0,0.0,,,0.0,,,0.0,inf,https://www.nature.com/articles/s41597-025-04875-3; https://doi.org/10.6084/m9.figshare.27646707,B,"County-level injection capacity; pressure interference, plume geometry, and well count still need reservoir simulation."
county,Shanxi,Jinyuan District,0.0,0.0,,,0.0,,,0.0,inf,https://www.nature.com/articles/s41597-025-04875-3; https://doi.org/10.6084/m9.figshare.27646707,B,"County-level injection capacity; pressure interference, plume geometry, and well count still need reservoir simulation."
county,Shanxi,Louxiao County,0.0,0.0,,,0.0,,,0.0,inf,https://www.nature.com/articles/s41597-025-04875-3; https://doi.org/10.6084/m9.figshare.27646707,B,"County-level injection capacity; pressure interference, plume geometry, and well count still need reservoir simulation."
county,Shanxi,Qingxu County,0.0,0.0,,,0.0,,,0.0,inf,https://www.nature.com/articles/s41597-025-04875-3; https://doi.org/10.6084/m9.figshare.27646707,B,"County-level injection capacity; pressure interference, plume geometry, and well count still need reservoir simulation."
county,Shanxi,Wanbailin District,0.0,0.0,,,0.0,,,0.0,inf,https://www.nature.com/articles/s41597-025-04875-3; https://doi.org/10.6084/m9.figshare.27646707,B,"County-level injection capacity; pressure interference, plume geometry, and well count still need reservoir simulation."
county,Shanxi,Xiaodian District,0.0,0.0,,,0.0,,,0.0,inf,https://www.nature.com/articles/s41597-025-04875-3; https://doi.org/10.6084/m9.figshare.27646707,B,"County-level injection capacity; pressure interference, plume geometry, and well count still need reservoir simulation."
county,Shanxi,Xinghualing District,0.0,0.0,,,0.0,,,0.0,inf,https://www.nature.com/articles/s41597-025-04875-3; https://doi.org/10.6084/m9.figshare.27646707,B,"County-level injection capacity; pressure interference, plume geometry, and well count still need reservoir simulation."
county,Shanxi,Yangqu County,0.0,0.0,,,0.0,,,0.0,inf,https://www.nature.com/articles/s41597-025-04875-3; https://doi.org/10.6084/m9.figshare.27646707,B,"County-level injection capacity; pressure interference, plume geometry, and well count still need reservoir simulation."
county,Shanxi,Yingze District,0.0,0.0,,,0.0,,,0.0,inf,https://www.nature.com/articles/s41597-025-04875-3; https://doi.org/10.6084/m9.figshare.27646707,B,"County-level injection capacity; pressure interference, plume geometry, and well count still need reservoir simulation."
county,Shanxi,Baode County,0.0,0.0,,,0.0,,,0.0,inf,https://www.nature.com/articles/s41597-025-04875-3; https://doi.org/10.6084/m9.figshare.27646707,B,"County-level injection capacity; pressure interference, plume geometry, and well count still need reservoir simulation."
county,Shanxi,Daixian County,0.0,0.0,,,0.0,,,0.0,inf,https://www.nature.com/articles/s41597-025-04875-3; https://doi.org/10.6084/m9.figshare.27646707,B,"County-level injection capacity; pressure interference, plume geometry, and well count still need reservoir simulation."
county,Shanxi,Dingxiang County,0.0,0.0,,,0.0,,,0.0,inf,https://www.nature.com/articles/s41597-025-04875-3; https://doi.org/10.6084/m9.figshare.27646707,B,"County-level injection capacity; pressure interference, plume geometry, and well count still need reservoir simulation."
county,Shanxi,Fanshi County,0.0,0.0,,,0.0,,,0.0,inf,https://www.nature.com/articles/s41597-025-04875-3; https://doi.org/10.6084/m9.figshare.27646707,B,"County-level injection capacity; pressure interference, plume geometry, and well count still need reservoir simulation."
county,Shanxi,Hequ County,0.0,0.0,,,0.0,,,0.0,inf,https://www.nature.com/articles/s41597-025-04875-3; https://doi.org/10.6084/m9.figshare.27646707,B,"County-level injection capacity; pressure interference, plume geometry, and well count still need reservoir simulation."
county,Shanxi,Jingle County,0.0,0.0,,,0.0,,,0.0,inf,https://www.nature.com/articles/s41597-025-04875-3; https://doi.org/10.6084/m9.figshare.27646707,B,"County-level injection capacity; pressure interference, plume geometry, and well count still need reservoir simulation."
county,Shanxi,Kelan County,0.0,0.0,,,0.0,,,0.0,inf,https://www.nature.com/articles/s41597-025-04875-3; https://doi.org/10.6084/m9.figshare.27646707,B,"County-level injection capacity; pressure interference, plume geometry, and well count still need reservoir simulation."
county,Shanxi,Ningwu County,0.0,0.0,,,0.0,,,0.0,inf,https://www.nature.com/articles/s41597-025-04875-3; https://doi.org/10.6084/m9.figshare.27646707,B,"County-level injection capacity; pressure interference, plume geometry, and well count still need reservoir simulation."
county,Shanxi,Pianguan County,0.0,0.0,,,0.0,,,0.0,inf,https://www.nature.com/articles/s41597-025-04875-3; https://doi.org/10.6084/m9.figshare.27646707,B,"County-level injection capacity; pressure interference, plume geometry, and well count still need reservoir simulation."
county,Shanxi,Shenchi County,0.0,0.0,,,0.0,,,0.0,inf,https://www.nature.com/articles/s41597-025-04875-3; https://doi.org/10.6084/m9.figshare.27646707,B,"County-level injection capacity; pressure interference, plume geometry, and well count still need reservoir simulation."
county,Shanxi,Wutai County,0.0,0.0,,,0.0,,,0.0,inf,https://www.nature.com/articles/s41597-025-04875-3; https://doi.org/10.6084/m9.figshare.27646707,B,"County-level injection capacity; pressure interference, plume geometry, and well count still need reservoir simulation."
county,Shanxi,Wuzhai County,0.0,0.0,,,0.0,,,0.0,inf,https://www.nature.com/articles/s41597-025-04875-3; https://doi.org/10.6084/m9.figshare.27646707,B,"County-level injection capacity; pressure interference, plume geometry, and well count still need reservoir simulation."
county,Shanxi,Xinfu District,0.0,0.0,,,0.0,,,0.0,inf,https://www.nature.com/articles/s41597-025-04875-3; https://doi.org/10.6084/m9.figshare.27646707,B,"County-level injection capacity; pressure interference, plume geometry, and well count still need reservoir simulation."
county,Shanxi,Yuanping City,0.0,0.0,,,0.0,,,0.0,inf,https://www.nature.com/articles/s41597-025-04875-3; https://doi.org/10.6084/m9.figshare.27646707,B,"County-level injection capacity; pressure interference, plume geometry, and well count still need reservoir simulation."
county,Shanxi,Yangquan Urban,0.0,0.0,,,0.0,,,0.0,inf,https://www.nature.com/articles/s41597-025-04875-3; https://doi.org/10.6084/m9.figshare.27646707,B,"County-level injection capacity; pressure interference, plume geometry, and well count still need reservoir simulation."
county,Shanxi,Yangquan Suburbs,0.0,0.0,,,0.0,,,0.0,inf,https://www.nature.com/articles/s41597-025-04875-3; https://doi.org/10.6084/m9.figshare.27646707,B,"County-level injection capacity; pressure interference, plume geometry, and well count still need reservoir simulation."
county,Shanxi,Yangquan Mining District,0.0,0.0,,,0.0,,,0.0,inf,https://www.nature.com/articles/s41597-025-04875-3; https://doi.org/10.6084/m9.figshare.27646707,B,"County-level injection capacity; pressure interference, plume geometry, and well count still need reservoir simulation."
county,Shanxi,Pingding County,0.0,0.0,,,0.0,,,0.0,inf,https://www.nature.com/articles/s41597-025-04875-3; https://doi.org/10.6084/m9.figshare.27646707,B,"County-level injection capacity; pressure interference, plume geometry, and well count still need reservoir simulation."
county,Shanxi,Yuxian County,0.0,0.0,,,0.0,,,0.0,inf,https://www.nature.com/articles/s41597-025-04875-3; https://doi.org/10.6084/m9.figshare.27646707,B,"County-level injection capacity; pressure interference, plume geometry, and well count still need reservoir simulation."
county,Shanxi,Hejin City,0.0,0.0,,,0.0,,,0.0,inf,https://www.nature.com/articles/s41597-025-04875-3; https://doi.org/10.6084/m9.figshare.27646707,B,"County-level injection capacity; pressure interference, plume geometry, and well count still need reservoir simulation."
county,Shanxi,Jishan County,0.0,0.0,,,0.0,,,0.0,inf,https://www.nature.com/articles/s41597-025-04875-3; https://doi.org/10.6084/m9.figshare.27646707,B,"County-level injection capacity; pressure interference, plume geometry, and well count still need reservoir simulation."
county,Shanxi,Jiangxian County,0.0,0.0,,,0.0,,,0.0,inf,https://www.nature.com/articles/s41597-025-04875-3; https://doi.org/10.6084/m9.figshare.27646707,B,"County-level injection capacity; pressure interference, plume geometry, and well count still need reservoir simulation."
county,Shanxi,Linyi County,0.0,0.0,,,0.0,,,0.0,inf,https://www.nature.com/articles/s41597-025-04875-3; https://doi.org/10.6084/m9.figshare.27646707,B,"County-level injection capacity; pressure interference, plume geometry, and well count still need reservoir simulation."
county,Shanxi,Pinglu County,0.0,0.0,,,0.0,,,0.0,inf,https://www.nature.com/articles/s41597-025-04875-3; https://doi.org/10.6084/m9.figshare.27646707,B,"County-level injection capacity; pressure interference, plume geometry, and well count still need reservoir simulation."
county,Shanxi,Ruicheng County,0.0,0.0,,,0.0,,,0.0,inf,https://www.nature.com/articles/s41597-025-04875-3; https://doi.org/10.6084/m9.figshare.27646707,B,"County-level injection capacity; pressure interference, plume geometry, and well count still need reservoir simulation."
county,Shanxi,Wanrong County,0.0,0.0,,,0.0,,,0.0,inf,https://www.nature.com/articles/s41597-025-04875-3; https://doi.org/10.6084/m9.figshare.27646707,B,"County-level injection capacity; pressure interference, plume geometry, and well count still need reservoir simulation."
county,Shanxi,Wenxi County,0.0,0.0,,,0.0,,,0.0,inf,https://www.nature.com/articles/s41597-025-04875-3; https://doi.org/10.6084/m9.figshare.27646707,B,"County-level injection capacity; pressure interference, plume geometry, and well count still need reservoir simulation."
county,Shanxi,Xia County,0.0,0.0,,,0.0,,,0.0,inf,https://www.nature.com/articles/s41597-025-04875-3; https://doi.org/10.6084/m9.figshare.27646707,B,"County-level injection capacity; pressure interference, plume geometry, and well count still need reservoir simulation."
county,Shanxi,Xinjiang County,0.0,0.0,,,0.0,,,0.0,inf,https://www.nature.com/articles/s41597-025-04875-3; https://doi.org/10.6084/m9.figshare.27646707,B,"County-level injection capacity; pressure interference, plume geometry, and well count still need reservoir simulation."
county,Shanxi,Salt Lake District,0.0,0.0,,,0.0,,,0.0,inf,https://www.nature.com/articles/s41597-025-04875-3; https://doi.org/10.6084/m9.figshare.27646707,B,"County-level injection capacity; pressure interference, plume geometry, and well count still need reservoir simulation."
county,Shanxi,Yongji City,0.0,0.0,,,0.0,,,0.0,inf,https://www.nature.com/articles/s41597-025-04875-3; https://doi.org/10.6084/m9.figshare.27646707,B,"County-level injection capacity; pressure interference, plume geometry, and well count still need reservoir simulation."
county,Shanxi,Yuanqu County,0.0,0.0,,,0.0,,,0.0,inf,https://www.nature.com/articles/s41597-025-04875-3; https://doi.org/10.6084/m9.figshare.27646707,B,"County-level injection capacity; pressure interference, plume geometry, and well count still need reservoir simulation."
county,Shanxi,Huguan County,0.0,0.0,,,0.0,,,0.0,inf,https://www.nature.com/articles/s41597-025-04875-3; https://doi.org/10.6084/m9.figshare.27646707,B,"County-level injection capacity; pressure interference, plume geometry, and well count still need reservoir simulation."
county,Shanxi,Licheng County,0.0,0.0,,,0.0,,,0.0,inf,https://www.nature.com/articles/s41597-025-04875-3; https://doi.org/10.6084/m9.figshare.27646707,B,"County-level injection capacity; pressure interference, plume geometry, and well count still need reservoir simulation."
county,Shanxi,Lucheng District,0.0,0.0,,,0.0,,,0.0,inf,https://www.nature.com/articles/s41597-025-04875-3; https://doi.org/10.6084/m9.figshare.27646707,B,"County-level injection capacity; pressure interference, plume geometry, and well count still need reservoir simulation."
county,Shanxi,Luzhou District,0.0,0.0,,,0.0,,,0.0,inf,https://www.nature.com/articles/s41597-025-04875-3; https://doi.org/10.6084/m9.figshare.27646707,B,"County-level injection capacity; pressure interference, plume geometry, and well count still need reservoir simulation."
county,Shanxi,Pingshun County,0.0,0.0,,,0.0,,,0.0,inf,https://www.nature.com/articles/s41597-025-04875-3; https://doi.org/10.6084/m9.figshare.27646707,B,"County-level injection capacity; pressure interference, plume geometry, and well count still need reservoir simulation."
county,Shanxi,Qin County,1497.75,0.13,,,0.0,,,0.13,11521.153846153846,https://www.nature.com/articles/s41597-025-04875-3; https://doi.org/10.6084/m9.figshare.27646707,B,"County-level injection capacity; pressure interference, plume geometry, and well count still need reservoir simulation."
county,Shanxi,Qinyuan County,1759.09,0.12,,,0.0,,,0.12,14659.083333333334,https://www.nature.com/articles/s41597-025-04875-3; https://doi.org/10.6084/m9.figshare.27646707,B,"County-level injection capacity; pressure interference, plume geometry, and well count still need reservoir simulation."
county,Shanxi,Shangdang District,0.0,0.0,,,0.0,,,0.0,inf,https://www.nature.com/articles/s41597-025-04875-3; https://doi.org/10.6084/m9.figshare.27646707,B,"County-level injection capacity; pressure interference, plume geometry, and well count still need reservoir simulation."
county,Shanxi,Tunliu District,685.48,0.15,,,0.0,,,0.15,4569.866666666667,https://www.nature.com/articles/s41597-025-04875-3; https://doi.org/10.6084/m9.figshare.27646707,B,"County-level injection capacity; pressure interference, plume geometry, and well count still need reservoir simulation."
county,Shanxi,Wuxiang County,715.88,0.12,,,0.0,,,0.12,5965.666666666667,https://www.nature.com/articles/s41597-025-04875-3; https://doi.org/10.6084/m9.figshare.27646707,B,"County-level injection capacity; pressure interference, plume geometry, and well count still need reservoir simulation."
county,Shanxi,Xiangyuan County,204.7,0.14,,,0.0,,,0.14,1462.1428571428569,https://www.nature.com/articles/s41597-025-04875-3; https://doi.org/10.6084/m9.figshare.27646707,B,"County-level injection capacity; pressure interference, plume geometry, and well count still need reservoir simulation."
county,Shanxi,Zhangzi County,136.82,0.17,,,0.0,,,0.17,804.8235294117646,https://www.nature.com/articles/s41597-025-04875-3; https://doi.org/10.6084/m9.figshare.27646707,B,"County-level injection capacity; pressure interference, plume geometry, and well count still need reservoir simulation."
county,Shaanxi,Baihe County,0.0,0.0,,,0.0,,,0.0,inf,https://www.nature.com/articles/s41597-025-04875-3; https://doi.org/10.6084/m9.figshare.27646707,B,"County-level injection capacity; pressure interference, plume geometry, and well count still need reservoir simulation."
county,Shaanxi,Hanbin District,0.0,0.0,,,0.0,,,0.0,inf,https://www.nature.com/articles/s41597-025-04875-3; https://doi.org/10.6084/m9.figshare.27646707,B,"County-level injection capacity; pressure interference, plume geometry, and well count still need reservoir simulation."
county,Shaanxi,hanyin County,0.0,0.0,,,0.0,,,0.0,inf,https://www.nature.com/articles/s41597-025-04875-3; https://doi.org/10.6084/m9.figshare.27646707,B,"County-level injection capacity; pressure interference, plume geometry, and well count still need reservoir simulation."
county,Shaanxi,Langao County,0.0,0.0,,,0.0,,,0.0,inf,https://www.nature.com/articles/s41597-025-04875-3; https://doi.org/10.6084/m9.figshare.27646707,B,"County-level injection capacity; pressure interference, plume geometry, and well count still need reservoir simulation."
county,Shaanxi,Ningshan County,0.0,0.0,,,0.0,,,0.0,inf,https://www.nature.com/articles/s41597-025-04875-3; https://doi.org/10.6084/m9.figshare.27646707,B,"County-level injection capacity; pressure interference, plume geometry, and well count still need reservoir simulation."
county,Shaanxi,Pingli County,0.0,0.0,,,0.0,,,0.0,inf,https://www.nature.com/articles/s41597-025-04875-3; https://doi.org/10.6084/m9.figshare.27646707,B,"County-level injection capacity; pressure interference, plume geometry, and well count still need reservoir simulation."
county,Shaanxi,Shiquan County,0.0,0.0,,,0.0,,,0.0,inf,https://www.nature.com/articles/s41597-025-04875-3; https://doi.org/10.6084/m9.figshare.27646707,B,"County-level injection capacity; pressure interference, plume geometry, and well count still need reservoir simulation."
county,Shaanxi,Xunyang City,0.0,0.0,,,0.0,,,0.0,inf,https://www.nature.com/articles/s41597-025-04875-3; https://doi.org/10.6084/m9.figshare.27646707,B,"County-level injection capacity; pressure interference, plume geometry, and well count still need reservoir simulation."
county,Shaanxi,Zhenping County,0.0,0.0,,,0.0,,,0.0,inf,https://www.nature.com/articles/s41597-025-04875-3; https://doi.org/10.6084/m9.figshare.27646707,B,"County-level injection capacity; pressure interference, plume geometry, and well count still need reservoir simulation."
county,Shaanxi,Ziyang County,0.0,0.0,,,0.0,,,0.0,inf,https://www.nature.com/articles/s41597-025-04875-3; https://doi.org/10.6084/m9.figshare.27646707,B,"County-level injection capacity; pressure interference, plume geometry, and well count still need reservoir simulation."
county,Shaanxi,Chencang District,0.0,0.0,,,0.0,,,0.0,inf,https://www.nature.com/articles/s41597-025-04875-3; https://doi.org/10.6084/m9.figshare.27646707,B,"County-level injection capacity; pressure interference, plume geometry, and well count still need reservoir simulation."
county,Shaanxi,Feng County,0.0,0.0,,,0.0,,,0.0,inf,https://www.nature.com/articles/s41597-025-04875-3; https://doi.org/10.6084/m9.figshare.27646707,B,"County-level injection capacity; pressure interference, plume geometry, and well count still need reservoir simulation."
county,Shaanxi,Fengxiang District,0.0,0.0,,,0.0,,,0.0,inf,https://www.nature.com/articles/s41597-025-04875-3; https://doi.org/10.6084/m9.figshare.27646707,B,"County-level injection capacity; pressure interference, plume geometry, and well count still need reservoir simulation."
county,Shaanxi,Fufeng County,0.0,0.0,,,0.0,,,0.0,inf,https://www.nature.com/articles/s41597-025-04875-3; https://doi.org/10.6084/m9.figshare.27646707,B,"County-level injection capacity; pressure interference, plume geometry, and well count still need reservoir simulation."
county,Shaanxi,Jintai District,0.0,0.0,,,0.0,,,0.0,inf,https://www.nature.com/articles/s41597-025-04875-3; https://doi.org/10.6084/m9.figshare.27646707,B,"County-level injection capacity; pressure interference, plume geometry, and well count still need reservoir simulation."
county,Shaanxi,Linyou County,0.0,0.0,,,0.0,,,0.0,inf,https://www.nature.com/articles/s41597-025-04875-3; https://doi.org/10.6084/m9.figshare.27646707,B,"County-level injection capacity; pressure interference, plume geometry, and well count still need reservoir simulation."
county,Shaanxi,Long County,0.0,0.0,,,0.0,,,0.0,inf,https://www.nature.com/articles/s41597-025-04875-3; https://doi.org/10.6084/m9.figshare.27646707,B,"County-level injection capacity; pressure interference, plume geometry, and well count still need reservoir simulation."
county,Shaanxi,Mei County,0.0,0.0,,,0.0,,,0.0,inf,https://www.nature.com/articles/s41597-025-04875-3; https://doi.org/10.6084/m9.figshare.27646707,B,"County-level injection capacity; pressure interference, plume geometry, and well count still need reservoir simulation."
county,Shaanxi,Qishan County,0.0,0.0,,,0.0,,,0.0,inf,https://www.nature.com/articles/s41597-025-04875-3; https://doi.org/10.6084/m9.figshare.27646707,B,"County-level injection capacity; pressure interference, plume geometry, and well count still need reservoir simulation."
county,Shaanxi,Qianyang County,0.0,0.0,,,0.0,,,0.0,inf,https://www.nature.com/articles/s41597-025-04875-3; https://doi.org/10.6084/m9.figshare.27646707,B,"County-level injection capacity; pressure interference, plume geometry, and well count still need reservoir simulation."
county,Shaanxi,Taibai County,0.0,0.0,,,0.0,,,0.0,inf,https://www.nature.com/articles/s41597-025-04875-3; https://doi.org/10.6084/m9.figshare.27646707,B,"County-level injection capacity; pressure interference, plume geometry, and well count still need reservoir simulation."
county,Shaanxi,Weibin District,0.0,0.0,,,0.0,,,0.0,inf,https://www.nature.com/articles/s41597-025-04875-3; https://doi.org/10.6084/m9.figshare.27646707,B,"County-level injection capacity; pressure interference, plume geometry, and well count still need reservoir simulation."
county,Shaanxi,Chenggu County,0.0,0.0,,,0.0,,,0.0,inf,https://www.nature.com/articles/s41597-025-04875-3; https://doi.org/10.6084/m9.figshare.27646707,B,"County-level injection capacity; pressure interference, plume geometry, and well count still need reservoir simulation."
county,Shaanxi,Foping County,0.0,0.0,,,0.0,,,0.0,inf,https://www.nature.com/articles/s41597-025-04875-3; https://doi.org/10.6084/m9.figshare.27646707,B,"County-level injection capacity; pressure interference, plume geometry, and well count still need reservoir simulation."
county,Shaanxi,Hantai District,0.0,0.0,,,0.0,,,0.0,inf,https://www.nature.com/articles/s41597-025-04875-3; https://doi.org/10.6084/m9.figshare.27646707,B,"County-level injection capacity; pressure interference, plume geometry, and well count still need reservoir simulation."
county,Shaanxi,Liuba County,0.0,0.0,,,0.0,,,0.0,inf,https://www.nature.com/articles/s41597-025-04875-3; https://doi.org/10.6084/m9.figshare.27646707,B,"County-level injection capacity; pressure interference, plume geometry, and well count still need reservoir simulation."
county,Shaanxi,Linyang County,0.0,0.0,,,0.0,,,0.0,inf,https://www.nature.com/articles/s41597-025-04875-3; https://doi.org/10.6084/m9.figshare.27646707,B,"County-level injection capacity; pressure interference, plume geometry, and well count still need reservoir simulation."
county,Shaanxi,Mian County,0.0,0.0,,,0.0,,,0.0,inf,https://www.nature.com/articles/s41597-025-04875-3; https://doi.org/10.6084/m9.figshare.27646707,B,"County-level injection capacity; pressure interference, plume geometry, and well count still need reservoir simulation."
county,Shaanxi,Nanzheng District,0.0,0.0,,,0.0,,,0.0,inf,https://www.nature.com/articles/s41597-025-04875-3; https://doi.org/10.6084/m9.figshare.27646707,B,"County-level injection capacity; pressure interference, plume geometry, and well count still need reservoir simulation."
county,Shaanxi,Ningqiang County,0.0,0.0,,,0.0,,,0.0,inf,https://www.nature.com/articles/s41597-025-04875-3; https://doi.org/10.6084/m9.figshare.27646707,B,"County-level injection capacity; pressure interference, plume geometry, and well count still need reservoir simulation."
county,Shaanxi,Xixiang County,0.0,0.0,,,0.0,,,0.0,inf,https://www.nature.com/articles/s41597-025-04875-3; https://doi.org/10.6084/m9.figshare.27646707,B,"County-level injection capacity; pressure interference, plume geometry, and well count still need reservoir simulation."
county,Shaanxi,Yang County,0.0,0.0,,,0.0,,,0.0,inf,https://www.nature.com/articles/s41597-025-04875-3; https://doi.org/10.6084/m9.figshare.27646707,B,"County-level injection capacity; pressure interference, plume geometry, and well count still need reservoir simulation."
county,Shaanxi,Zhenba County,143.39,0.01,,,0.0,,,0.01,14338.999999999998,https://www.nature.com/articles/s41597-025-04875-3; https://doi.org/10.6084/m9.figshare.27646707,B,"County-level injection capacity; pressure interference, plume geometry, and well count still need reservoir simulation."
county,Shaanxi,Danfeng County,0.0,0.0,,,0.0,,,0.0,inf,https://www.nature.com/articles/s41597-025-04875-3; https://doi.org/10.6084/m9.figshare.27646707,B,"County-level injection capacity; pressure interference, plume geometry, and well count still need reservoir simulation."
county,Shaanxi,Luonan County,0.0,0.0,,,0.0,,,0.0,inf,https://www.nature.com/articles/s41597-025-04875-3; https://doi.org/10.6084/m9.figshare.27646707,B,"County-level injection capacity; pressure interference, plume geometry, and well count still need reservoir simulation."
county,Shaanxi,Shanyang County,0.0,0.0,,,0.0,,,0.0,inf,https://www.nature.com/articles/s41597-025-04875-3; https://doi.org/10.6084/m9.figshare.27646707,B,"County-level injection capacity; pressure interference, plume geometry, and well count still need reservoir simulation."
county,Shaanxi,Shangnan County,0.0,0.0,,,0.0,,,0.0,inf,https://www.nature.com/articles/s41597-025-04875-3; https://doi.org/10.6084/m9.figshare.27646707,B,"County-level injection capacity; pressure interference, plume geometry, and well count still need reservoir simulation."
county,Shaanxi,Shangzhou District,0.0,0.0,,,0.0,,,0.0,inf,https://www.nature.com/articles/s41597-025-04875-3; https://doi.org/10.6084/m9.figshare.27646707,B,"County-level injection capacity; pressure interference, plume geometry, and well count still need reservoir simulation."
county,Shaanxi,Zhashui County,0.0,0.0,,,0.0,,,0.0,inf,https://www.nature.com/articles/s41597-025-04875-3; https://doi.org/10.6084/m9.figshare.27646707,B,"County-level injection capacity; pressure interference, plume geometry, and well count still need reservoir simulation."
county,Shaanxi,Zhen'an County,0.0,0.0,,,0.0,,,0.0,inf,https://www.nature.com/articles/s41597-025-04875-3; https://doi.org/10.6084/m9.figshare.27646707,B,"County-level injection capacity; pressure interference, plume geometry, and well count still need reservoir simulation."
county,Shaanxi,Wangyi District,0.0,0.0,,,0.0,,,0.0,inf,https://www.nature.com/articles/s41597-025-04875-3; https://doi.org/10.6084/m9.figshare.27646707,B,"County-level injection capacity; pressure interference, plume geometry, and well count still need reservoir simulation."
county,Shaanxi,Yaozhou District,3.56,0.02,,,0.0,,,0.02,178.0,https://www.nature.com/articles/s41597-025-04875-3; https://doi.org/10.6084/m9.figshare.27646707,B,"County-level injection capacity; pressure interference, plume geometry, and well count still need reservoir simulation."
county,Shaanxi,Yijun County,0.4,0.01,,,0.0,,,0.01,40.0,https://www.nature.com/articles/s41597-025-04875-3; https://doi.org/10.6084/m9.figshare.27646707,B,"County-level injection capacity; pressure interference, plume geometry, and well count still need reservoir simulation."
county,Shaanxi,Yintai District,0.4,0.01,,,0.0,,,0.01,40.0,https://www.nature.com/articles/s41597-025-04875-3; https://doi.org/10.6084/m9.figshare.27646707,B,"County-level injection capacity; pressure interference, plume geometry, and well count still need reservoir simulation."
county,Shaanxi,Baishui County,0.0,0.0,,,0.0,,,0.0,inf,https://www.nature.com/articles/s41597-025-04875-3; https://doi.org/10.6084/m9.figshare.27646707,B,"County-level injection capacity; pressure interference, plume geometry, and well count still need reservoir simulation."
county,Shaanxi,Chengcheng County,0.0,0.0,,,0.0,,,0.0,inf,https://www.nature.com/articles/s41597-025-04875-3; https://doi.org/10.6084/m9.figshare.27646707,B,"County-level injection capacity; pressure interference, plume geometry, and well count still need reservoir simulation."
county,Shaanxi,Dali County,0.0,0.0,,,0.0,,,0.0,inf,https://www.nature.com/articles/s41597-025-04875-3; https://doi.org/10.6084/m9.figshare.27646707,B,"County-level injection capacity; pressure interference, plume geometry, and well count still need reservoir simulation."
county,Shaanxi,Fuping County,0.0,0.0,,,0.0,,,0.0,inf,https://www.nature.com/articles/s41597-025-04875-3; https://doi.org/10.6084/m9.figshare.27646707,B,"County-level injection capacity; pressure interference, plume geometry, and well count still need reservoir simulation."
county,Shaanxi,Hancheng City,38.66,0.1,,,0.0,,,0.1,386.59999999999997,https://www.nature.com/articles/s41597-025-04875-3; https://doi.org/10.6084/m9.figshare.27646707,B,"County-level injection capacity; pressure interference, plume geometry, and well count still need reservoir simulation."
county,Shaanxi,Heyang County,0.0,0.0,,,0.0,,,0.0,inf,https://www.nature.com/articles/s41597-025-04875-3; https://doi.org/10.6084/m9.figshare.27646707,B,"County-level injection capacity; pressure interference, plume geometry, and well count still need reservoir simulation."
county,Shaanxi,Huayin City,0.0,0.0,,,0.0,,,0.0,inf,https://www.nature.com/articles/s41597-025-04875-3; https://doi.org/10.6084/m9.figshare.27646707,B,"County-level injection capacity; pressure interference, plume geometry, and well count still need reservoir simulation."
county,Shaanxi,Huazhou District,0.0,0.0,,,0.0,,,0.0,inf,https://www.nature.com/articles/s41597-025-04875-3; https://doi.org/10.6084/m9.figshare.27646707,B,"County-level injection capacity; pressure interference, plume geometry, and well count still need reservoir simulation."
county,Shaanxi,Linwei District,0.0,0.0,,,0.0,,,0.0,inf,https://www.nature.com/articles/s41597-025-04875-3; https://doi.org/10.6084/m9.figshare.27646707,B,"County-level injection capacity; pressure interference, plume geometry, and well count still need reservoir simulation."
county,Shaanxi,Pucheng County,0.0,0.0,,,0.0,,,0.0,inf,https://www.nature.com/articles/s41597-025-04875-3; https://doi.org/10.6084/m9.figshare.27646707,B,"County-level injection capacity; pressure interference, plume geometry, and well count still need reservoir simulation."
county,Shaanxi,Tongguan County,0.0,0.0,,,0.0,,,0.0,inf,https://www.nature.com/articles/s41597-025-04875-3; https://doi.org/10.6084/m9.figshare.27646707,B,"County-level injection capacity; pressure interference, plume geometry, and well count still need reservoir simulation."
county,Shaanxi,Baqiao District,0.0,0.0,,,0.0,,,0.0,inf,https://www.nature.com/articles/s41597-025-04875-3; https://doi.org/10.6084/m9.figshare.27646707,B,"County-level injection capacity; pressure interference, plume geometry, and well count still need reservoir simulation."
county,Shaanxi,Beilin District,0.0,0.0,,,0.0,,,0.0,inf,https://www.nature.com/articles/s41597-025-04875-3; https://doi.org/10.6084/m9.figshare.27646707,B,"County-level injection capacity; pressure interference, plume geometry, and well count still need reservoir simulation."
county,Shaanxi,Gaoling District,0.0,0.0,,,0.0,,,0.0,inf,https://www.nature.com/articles/s41597-025-04875-3; https://doi.org/10.6084/m9.figshare.27646707,B,"County-level injection capacity; pressure interference, plume geometry, and well count still need reservoir simulation."
county,Shaanxi,Shuangyi District,0.0,0.0,,,0.0,,,0.0,inf,https://www.nature.com/articles/s41597-025-04875-3; https://doi.org/10.6084/m9.figshare.27646707,B,"County-level injection capacity; pressure interference, plume geometry, and well count still need reservoir simulation."
county,Shaanxi,Lantian County,0.0,0.0,,,0.0,,,0.0,inf,https://www.nature.com/articles/s41597-025-04875-3; https://doi.org/10.6084/m9.figshare.27646707,B,"County-level injection capacity; pressure interference, plume geometry, and well count still need reservoir simulation."
county,Shaanxi,Lianhu District,0.0,0.0,,,0.0,,,0.0,inf,https://www.nature.com/articles/s41597-025-04875-3; https://doi.org/10.6084/m9.figshare.27646707,B,"County-level injection capacity; pressure interference, plume geometry, and well count still need reservoir simulation."
county,Shaanxi,Lintong District,0.0,0.0,,,0.0,,,0.0,inf,https://www.nature.com/articles/s41597-025-04875-3; https://doi.org/10.6084/m9.figshare.27646707,B,"County-level injection capacity; pressure interference, plume geometry, and well count still need reservoir simulation."
county,Shaanxi,Weiyang District,0.0,0.0,,,0.0,,,0.0,inf,https://www.nature.com/articles/s41597-025-04875-3; https://doi.org/10.6084/m9.figshare.27646707,B,"County-level injection capacity; pressure interference, plume geometry, and well count still need reservoir simulation."
county,Shaanxi,Xincheng District,0.0,0.0,,,0.0,,,0.0,inf,https://www.nature.com/articles/s41597-025-04875-3; https://doi.org/10.6084/m9.figshare.27646707,B,"County-level injection capacity; pressure interference, plume geometry, and well count still need reservoir simulation."
county,Shaanxi,Yanliang District,0.0,0.0,,,0.0,,,0.0,inf,https://www.nature.com/articles/s41597-025-04875-3; https://doi.org/10.6084/m9.figshare.27646707,B,"County-level injection capacity; pressure interference, plume geometry, and well count still need reservoir simulation."
county,Shaanxi,Yanta District,0.0,0.0,,,0.0,,,0.0,inf,https://www.nature.com/articles/s41597-025-04875-3; https://doi.org/10.6084/m9.figshare.27646707,B,"County-level injection capacity; pressure interference, plume geometry, and well count still need reservoir simulation."
county,Shaanxi,Chang'an District,0.0,0.0,,,0.0,,,0.0,inf,https://www.nature.com/articles/s41597-025-04875-3; https://doi.org/10.6084/m9.figshare.27646707,B,"County-level injection capacity; pressure interference, plume geometry, and well count still need reservoir simulation."
county,Shaanxi,Zhouzhi County,0.0,0.0,,,0.0,,,0.0,inf,https://www.nature.com/articles/s41597-025-04875-3; https://doi.org/10.6084/m9.figshare.27646707,B,"County-level injection capacity; pressure interference, plume geometry, and well count still need reservoir simulation."
county,Shaanxi,Binzhou City,0.0,0.0,,,0.0,,,0.0,inf,https://www.nature.com/articles/s41597-025-04875-3; https://doi.org/10.6084/m9.figshare.27646707,B,"County-level injection capacity; pressure interference, plume geometry, and well count still need reservoir simulation."
county,Shaanxi,Chunhua County,0.0,0.0,,,0.0,,,0.0,inf,https://www.nature.com/articles/s41597-025-04875-3; https://doi.org/10.6084/m9.figshare.27646707,B,"County-level injection capacity; pressure interference, plume geometry, and well count still need reservoir simulation."
county,Shaanxi,Jingyang County,0.0,0.0,,,0.0,,,0.0,inf,https://www.nature.com/articles/s41597-025-04875-3; https://doi.org/10.6084/m9.figshare.27646707,B,"County-level injection capacity; pressure interference, plume geometry, and well count still need reservoir simulation."
county,Shaanxi,Liquan County,0.0,0.0,,,0.0,,,0.0,inf,https://www.nature.com/articles/s41597-025-04875-3; https://doi.org/10.6084/m9.figshare.27646707,B,"County-level injection capacity; pressure interference, plume geometry, and well count still need reservoir simulation."
county,Shaanxi,Qian County,0.0,0.0,,,0.0,,,0.0,inf,https://www.nature.com/articles/s41597-025-04875-3; https://doi.org/10.6084/m9.figshare.27646707,B,"County-level injection capacity; pressure interference, plume geometry, and well count still need reservoir simulation."
county,Shaanxi,Qindu District,0.0,0.0,,,0.0,,,0.0,inf,https://www.nature.com/articles/s41597-025-04875-3; https://doi.org/10.6084/m9.figshare.27646707,B,"County-level injection capacity; pressure interference, plume geometry, and well count still need reservoir simulation."
county,Shaanxi,Sanyuan County,0.0,0.0,,,0.0,,,0.0,inf,https://www.nature.com/articles/s41597-025-04875-3; https://doi.org/10.6084/m9.figshare.27646707,B,"County-level injection capacity; pressure interference, plume geometry, and well count still need reservoir simulation."
county,Shaanxi,Weicheng District,0.0,0.0,,,0.0,,,0.0,inf,https://www.nature.com/articles/s41597-025-04875-3; https://doi.org/10.6084/m9.figshare.27646707,B,"County-level injection capacity; pressure interference, plume geometry, and well count still need reservoir simulation."
county,Shaanxi,Wugong County,0.0,0.0,,,0.0,,,0.0,inf,https://www.nature.com/articles/s41597-025-04875-3; https://doi.org/10.6084/m9.figshare.27646707,B,"County-level injection capacity; pressure interference, plume geometry, and well count still need reservoir simulation."
county,Shaanxi,Xingping City,0.0,0.0,,,0.0,,,0.0,inf,https://www.nature.com/articles/s41597-025-04875-3; https://doi.org/10.6084/m9.figshare.27646707,B,"County-level injection capacity; pressure interference, plume geometry, and well count still need reservoir simulation."
county,Shaanxi,Xunyi County,11.48,0.02,,,0.0,,,0.02,574.0,https://www.nature.com/articles/s41597-025-04875-3; https://doi.org/10.6084/m9.figshare.27646707,B,"County-level injection capacity; pressure interference, plume geometry, and well count still need reservoir simulation."
county,Shaanxi,Yangling District,0.0,0.0,,,0.0,,,0.0,inf,https://www.nature.com/articles/s41597-025-04875-3; https://doi.org/10.6084/m9.figshare.27646707,B,"County-level injection capacity; pressure interference, plume geometry, and well count still need reservoir simulation."
county,Shaanxi,Yongshou County,0.0,0.0,,,0.0,,,0.0,inf,https://www.nature.com/articles/s41597-025-04875-3; https://doi.org/10.6084/m9.figshare.27646707,B,"County-level injection capacity; pressure interference, plume geometry, and well count still need reservoir simulation."
county,Shaanxi,Changwu County,0.19,0.0,,,0.0,,,0.0,inf,https://www.nature.com/articles/s41597-025-04875-3; https://doi.org/10.6084/m9.figshare.27646707,B,"County-level injection capacity; pressure interference, plume geometry, and well count still need reservoir simulation."
county,Shaanxi,Anse District,169.71,0.19,,,2.84,,,3.03,56.00990099009902,https://www.nature.com/articles/s41597-025-04875-3; https://doi.org/10.6084/m9.figshare.27646707,B,"County-level injection capacity; pressure interference, plume geometry, and well count still need reservoir simulation."
county,Shaanxi,Baota District,29.4,0.1,,,0.04,,,0.14,209.99999999999997,https://www.nature.com/articles/s41597-025-04875-3; https://doi.org/10.6084/m9.figshare.27646707,B,"County-level injection capacity; pressure interference, plume geometry, and well count still need reservoir simulation."
county,Shaanxi,Fu County,253.26,0.1,,,0.0,,,0.1,2532.6,https://www.nature.com/articles/s41597-025-04875-3; https://doi.org/10.6084/m9.figshare.27646707,B,"County-level injection capacity; pressure interference, plume geometry, and well count still need reservoir simulation."
county,Shaanxi,Ganquan County,183.25,0.1,,,0.04,,,0.14,1308.9285714285713,https://www.nature.com/articles/s41597-025-04875-3; https://doi.org/10.6084/m9.figshare.27646707,B,"County-level injection capacity; pressure interference, plume geometry, and well count still need reservoir simulation."
county,Shaanxi,Huangling County,8.48,0.01,,,0.01,,,0.02,424.0,https://www.nature.com/articles/s41597-025-04875-3; https://doi.org/10.6084/m9.figshare.27646707,B,"County-level injection capacity; pressure interference, plume geometry, and well count still need reservoir simulation."
county,Shaanxi,Huanglong County,141.0,0.1,,,0.0,,,0.1,1410.0,https://www.nature.com/articles/s41597-025-04875-3; https://doi.org/10.6084/m9.figshare.27646707,B,"County-level injection capacity; pressure interference, plume geometry, and well count still need reservoir simulation."
county,Shaanxi,Luochuan County,68.22,0.1,,,0.0,,,0.1,682.1999999999999,https://www.nature.com/articles/s41597-025-04875-3; https://doi.org/10.6084/m9.figshare.27646707,B,"County-level injection capacity; pressure interference, plume geometry, and well count still need reservoir simulation."
county,Shaanxi,Wuqi County,909.71,0.58,,,8.32,,,8.9,102.21460674157304,https://www.nature.com/articles/s41597-025-04875-3; https://doi.org/10.6084/m9.figshare.27646707,B,"County-level injection capacity; pressure interference, plume geometry, and well count still need reservoir simulation."
county,Shaanxi,Yanchuan County,1.24,0.0,,,0.0,,,0.0,inf,https://www.nature.com/articles/s41597-025-04875-3; https://doi.org/10.6084/m9.figshare.27646707,B,"County-level injection capacity; pressure interference, plume geometry, and well count still need reservoir simulation."
county,Shaanxi,Yanchang County,0.0,0.0,,,0.0,,,0.0,inf,https://www.nature.com/articles/s41597-025-04875-3; https://doi.org/10.6084/m9.figshare.27646707,B,"County-level injection capacity; pressure interference, plume geometry, and well count still need reservoir simulation."
county,Shaanxi,Yichuan County,29.56,0.1,,,0.0,,,0.1,295.59999999999997,https://www.nature.com/articles/s41597-025-04875-3; https://doi.org/10.6084/m9.figshare.27646707,B,"County-level injection capacity; pressure interference, plume geometry, and well count still need reservoir simulation."
county,Shaanxi,Zhidan County,566.17,0.29,,,0.21,,,0.5,1132.34,https://www.nature.com/articles/s41597-025-04875-3; https://doi.org/10.6084/m9.figshare.27646707,B,"County-level injection capacity; pressure interference, plume geometry, and well count still need reservoir simulation."
county,Shaanxi,Zichang City,14.91,0.05,,,0.03,,,0.08,186.375,https://www.nature.com/articles/s41597-025-04875-3; https://doi.org/10.6084/m9.figshare.27646707,B,"County-level injection capacity; pressure interference, plume geometry, and well count still need reservoir simulation."
county,Shaanxi,Dingbian County,3216.0,0.79,,,2.69,,,3.48,924.1379310344828,https://www.nature.com/articles/s41597-025-04875-3; https://doi.org/10.6084/m9.figshare.27646707,B,"County-level injection capacity; pressure interference, plume geometry, and well count still need reservoir simulation."
county,Shaanxi,Fugu County,9.58,0.0,,,0.0,,,0.0,inf,https://www.nature.com/articles/s41597-025-04875-3; https://doi.org/10.6084/m9.figshare.27646707,B,"County-level injection capacity; pressure interference, plume geometry, and well count still need reservoir simulation."
county,Shaanxi,Hengshan District,64.69,0.03,,,0.03,,,0.06,1078.1666666666667,https://www.nature.com/articles/s41597-025-04875-3; https://doi.org/10.6084/m9.figshare.27646707,B,"County-level injection capacity; pressure interference, plume geometry, and well count still need reservoir simulation."
county,Shaanxi,Jia County,90.09,0.03,,,0.0,,,0.03,3003.0,https://www.nature.com/articles/s41597-025-04875-3; https://doi.org/10.6084/m9.figshare.27646707,B,"County-level injection capacity; pressure interference, plume geometry, and well count still need reservoir simulation."
county,Shaanxi,Jingbian County,119.15,0.06,,,2.84,,,2.9,41.08620689655173,https://www.nature.com/articles/s41597-025-04875-3; https://doi.org/10.6084/m9.figshare.27646707,B,"County-level injection capacity; pressure interference, plume geometry, and well count still need reservoir simulation."
county,Shaanxi,Mizhi County,46.61,0.03,,,0.0,,,0.03,1553.6666666666667,https://www.nature.com/articles/s41597-025-04875-3; https://doi.org/10.6084/m9.figshare.27646707,B,"County-level injection capacity; pressure interference, plume geometry, and well count still need reservoir simulation."
county,Shaanxi,Qingjian County,9.24,0.03,,,0.0,,,0.03,308.0,https://www.nature.com/articles/s41597-025-04875-3; https://doi.org/10.6084/m9.figshare.27646707,B,"County-level injection capacity; pressure interference, plume geometry, and well count still need reservoir simulation."
county,Shaanxi,Shenmu City,106.85,0.03,,,0.0,,,0.03,3561.6666666666665,https://www.nature.com/articles/s41597-025-04875-3; https://doi.org/10.6084/m9.figshare.27646707,B,"County-level injection capacity; pressure interference, plume geometry, and well count still need reservoir simulation."
county,Shaanxi,Suide County,72.35,0.03,,,0.0,,,0.03,2411.6666666666665,https://www.nature.com/articles/s41597-025-04875-3; https://doi.org/10.6084/m9.figshare.27646707,B,"County-level injection capacity; pressure interference, plume geometry, and well count still need reservoir simulation."
county,Shaanxi,Wubao County,17.45,0.03,,,0.0,,,0.03,581.6666666666666,https://www.nature.com/articles/s41597-025-04875-3; https://doi.org/10.6084/m9.figshare.27646707,B,"County-level injection capacity; pressure interference, plume geometry, and well count still need reservoir simulation."
county,Shaanxi,Yuyang District,110.72,0.03,,,0.0,,,0.03,3690.666666666667,https://www.nature.com/articles/s41597-025-04875-3; https://doi.org/10.6084/m9.figshare.27646707,B,"County-level injection capacity; pressure interference, plume geometry, and well count still need reservoir simulation."
county,Shaanxi,Zizhou County,14.16,0.03,,,0.0,,,0.03,472.0,https://www.nature.com/articles/s41597-025-04875-3; https://doi.org/10.6084/m9.figshare.27646707,B,"County-level injection capacity; pressure interference, plume geometry, and well count still need reservoir simulation."
county,Shanghai,Baoshan District,0.0,0.0,,,0.0,,,0.0,inf,https://www.nature.com/articles/s41597-025-04875-3; https://doi.org/10.6084/m9.figshare.27646707,B,"County-level injection capacity; pressure interference, plume geometry, and well count still need reservoir simulation."
county,Shanghai,Chongming District,0.0,0.0,,,0.0,,,0.0,inf,https://www.nature.com/articles/s41597-025-04875-3; https://doi.org/10.6084/m9.figshare.27646707,B,"County-level injection capacity; pressure interference, plume geometry, and well count still need reservoir simulation."
county,Shanghai,Fengxian District,0.0,0.0,,,0.0,,,0.0,inf,https://www.nature.com/articles/s41597-025-04875-3; https://doi.org/10.6084/m9.figshare.27646707,B,"County-level injection capacity; pressure interference, plume geometry, and well count still need reservoir simulation."
county,Shanghai,Hongkou District,0.0,0.0,,,0.0,,,0.0,inf,https://www.nature.com/articles/s41597-025-04875-3; https://doi.org/10.6084/m9.figshare.27646707,B,"County-level injection capacity; pressure interference, plume geometry, and well count still need reservoir simulation."
county,Shanghai,Huangpu District,0.0,0.0,,,0.0,,,0.0,inf,https://www.nature.com/articles/s41597-025-04875-3; https://doi.org/10.6084/m9.figshare.27646707,B,"County-level injection capacity; pressure interference, plume geometry, and well count still need reservoir simulation."
county,Shanghai,Jiading District,0.0,0.0,,,0.0,,,0.0,inf,https://www.nature.com/articles/s41597-025-04875-3; https://doi.org/10.6084/m9.figshare.27646707,B,"County-level injection capacity; pressure interference, plume geometry, and well count still need reservoir simulation."
county,Shanghai,Jinshan District,0.0,0.0,,,0.0,,,0.0,inf,https://www.nature.com/articles/s41597-025-04875-3; https://doi.org/10.6084/m9.figshare.27646707,B,"County-level injection capacity; pressure interference, plume geometry, and well count still need reservoir simulation."
county,Shanghai,Jingan District,0.0,0.0,,,0.0,,,0.0,inf,https://www.nature.com/articles/s41597-025-04875-3; https://doi.org/10.6084/m9.figshare.27646707,B,"County-level injection capacity; pressure interference, plume geometry, and well count still need reservoir simulation."
county,Shanghai,Minhang District,0.0,0.0,,,0.0,,,0.0,inf,https://www.nature.com/articles/s41597-025-04875-3; https://doi.org/10.6084/m9.figshare.27646707,B,"County-level injection capacity; pressure interference, plume geometry, and well count still need reservoir simulation."
county,Shanghai,Pudong New Area,0.0,0.0,,,0.0,,,0.0,inf,https://www.nature.com/articles/s41597-025-04875-3; https://doi.org/10.6084/m9.figshare.27646707,B,"County-level injection capacity; pressure interference, plume geometry, and well count still need reservoir simulation."
county,Shanghai,Putuo District,0.0,0.0,,,0.0,,,0.0,inf,https://www.nature.com/articles/s41597-025-04875-3; https://doi.org/10.6084/m9.figshare.27646707,B,"County-level injection capacity; pressure interference, plume geometry, and well count still need reservoir simulation."
county,Shanghai,Qingpu District,0.0,0.0,,,0.0,,,0.0,inf,https://www.nature.com/articles/s41597-025-04875-3; https://doi.org/10.6084/m9.figshare.27646707,B,"County-level injection capacity; pressure interference, plume geometry, and well count still need reservoir simulation."
county,Shanghai,Songjiang District,0.0,0.0,,,0.0,,,0.0,inf,https://www.nature.com/articles/s41597-025-04875-3; https://doi.org/10.6084/m9.figshare.27646707,B,"County-level injection capacity; pressure interference, plume geometry, and well count still need reservoir simulation."
county,Shanghai,Xuhui District,0.0,0.0,,,0.0,,,0.0,inf,https://www.nature.com/articles/s41597-025-04875-3; https://doi.org/10.6084/m9.figshare.27646707,B,"County-level injection capacity; pressure interference, plume geometry, and well count still need reservoir simulation."
county,Shanghai,Yangpu District,0.0,0.0,,,0.0,,,0.0,inf,https://www.nature.com/articles/s41597-025-04875-3; https://doi.org/10.6084/m9.figshare.27646707,B,"County-level injection capacity; pressure interference, plume geometry, and well count still need reservoir simulation."
county,Shanghai,Changning District,0.0,0.0,,,0.0,,,0.0,inf,https://www.nature.com/articles/s41597-025-04875-3; https://doi.org/10.6084/m9.figshare.27646707,B,"County-level injection capacity; pressure interference, plume geometry, and well count still need reservoir simulation."
county,Sichuan,Aba County,0.0,0.0,,,0.0,,,0.0,inf,https://www.nature.com/articles/s41597-025-04875-3; https://doi.org/10.6084/m9.figshare.27646707,B,"County-level injection capacity; pressure interference, plume geometry, and well count still need reservoir simulation."
county,Sichuan,Heishui County,0.0,0.0,,,0.0,,,0.0,inf,https://www.nature.com/articles/s41597-025-04875-3; https://doi.org/10.6084/m9.figshare.27646707,B,"County-level injection capacity; pressure interference, plume geometry, and well count still need reservoir simulation."
county,Sichuan,Hongyuan County,0.0,0.0,,,0.0,,,0.0,inf,https://www.nature.com/articles/s41597-025-04875-3; https://doi.org/10.6084/m9.figshare.27646707,B,"County-level injection capacity; pressure interference, plume geometry, and well count still need reservoir simulation."
county,Sichuan,Jinchuan County,0.0,0.0,,,0.0,,,0.0,inf,https://www.nature.com/articles/s41597-025-04875-3; https://doi.org/10.6084/m9.figshare.27646707,B,"County-level injection capacity; pressure interference, plume geometry, and well count still need reservoir simulation."
county,Sichuan,Jiuzhaigou County,0.0,0.0,,,0.0,,,0.0,inf,https://www.nature.com/articles/s41597-025-04875-3; https://doi.org/10.6084/m9.figshare.27646707,B,"County-level injection capacity; pressure interference, plume geometry, and well count still need reservoir simulation."
county,Sichuan,Li County,0.0,0.0,,,0.0,,,0.0,inf,https://www.nature.com/articles/s41597-025-04875-3; https://doi.org/10.6084/m9.figshare.27646707,B,"County-level injection capacity; pressure interference, plume geometry, and well count still need reservoir simulation."
county,Sichuan,Maerkang City,0.0,0.0,,,0.0,,,0.0,inf,https://www.nature.com/articles/s41597-025-04875-3; https://doi.org/10.6084/m9.figshare.27646707,B,"County-level injection capacity; pressure interference, plume geometry, and well count still need reservoir simulation."
county,Sichuan,Mao County,0.0,0.0,,,0.0,,,0.0,inf,https://www.nature.com/articles/s41597-025-04875-3; https://doi.org/10.6084/m9.figshare.27646707,B,"County-level injection capacity; pressure interference, plume geometry, and well count still need reservoir simulation."
county,Sichuan,Rangtang County,0.0,0.0,,,0.0,,,0.0,inf,https://www.nature.com/articles/s41597-025-04875-3; https://doi.org/10.6084/m9.figshare.27646707,B,"County-level injection capacity; pressure interference, plume geometry, and well count still need reservoir simulation."
county,Sichuan,Ruoergai County,0.0,0.0,,,0.0,,,0.0,inf,https://www.nature.com/articles/s41597-025-04875-3; https://doi.org/10.6084/m9.figshare.27646707,B,"County-level injection capacity; pressure interference, plume geometry, and well count still need reservoir simulation."
county,Sichuan,Songpan County,0.0,0.0,,,0.0,,,0.0,inf,https://www.nature.com/articles/s41597-025-04875-3; https://doi.org/10.6084/m9.figshare.27646707,B,"County-level injection capacity; pressure interference, plume geometry, and well count still need reservoir simulation."
county,Sichuan,Wenchuan County,39.74,0.01,,,0.0,,,0.01,3974.0,https://www.nature.com/articles/s41597-025-04875-3; https://doi.org/10.6084/m9.figshare.27646707,B,"County-level injection capacity; pressure interference, plume geometry, and well count still need reservoir simulation."
county,Sichuan,Xiaojin County,0.0,0.0,,,0.0,,,0.0,inf,https://www.nature.com/articles/s41597-025-04875-3; https://doi.org/10.6084/m9.figshare.27646707,B,"County-level injection capacity; pressure interference, plume geometry, and well count still need reservoir simulation."
county,Sichuan,Bazhou District,340.07,0.02,,,0.0,,,0.02,17003.5,https://www.nature.com/articles/s41597-025-04875-3; https://doi.org/10.6084/m9.figshare.27646707,B,"County-level injection capacity; pressure interference, plume geometry, and well count still need reservoir simulation."
county,Sichuan,Enyang District,299.6,0.01,,,0.0,,,0.01,29960.0,https://www.nature.com/articles/s41597-025-04875-3; https://doi.org/10.6084/m9.figshare.27646707,B,"County-level injection capacity; pressure interference, plume geometry, and well count still need reservoir simulation."
county,Sichuan,Nanjiang County,464.58,0.01,,,0.0,,,0.01,46458.0,https://www.nature.com/articles/s41597-025-04875-3; https://doi.org/10.6084/m9.figshare.27646707,B,"County-level injection capacity; pressure interference, plume geometry, and well count still need reservoir simulation."
county,Sichuan,Pingchang County,585.89,0.02,,,0.0,,,0.02,29294.5,https://www.nature.com/articles/s41597-025-04875-3; https://doi.org/10.6084/m9.figshare.27646707,B,"County-level injection capacity; pressure interference, plume geometry, and well count still need reservoir simulation."
county,Sichuan,Tongjiang County,713.87,0.01,,,0.0,,,0.01,71387.0,https://www.nature.com/articles/s41597-025-04875-3; https://doi.org/10.6084/m9.figshare.27646707,B,"County-level injection capacity; pressure interference, plume geometry, and well count still need reservoir simulation."
county,Sichuan,Chenghua District,28.79,0.01,,,0.0,,,0.01,2879.0,https://www.nature.com/articles/s41597-025-04875-3; https://doi.org/10.6084/m9.figshare.27646707,B,"County-level injection capacity; pressure interference, plume geometry, and well count still need reservoir simulation."
county,Sichuan,Chongzhou City,198.75,0.01,,,0.0,,,0.01,19875.0,https://www.nature.com/articles/s41597-025-04875-3; https://doi.org/10.6084/m9.figshare.27646707,B,"County-level injection capacity; pressure interference, plume geometry, and well count still need reservoir simulation."
county,Sichuan,Dayi County,220.56,0.01,,,0.0,,,0.01,22056.0,https://www.nature.com/articles/s41597-025-04875-3; https://doi.org/10.6084/m9.figshare.27646707,B,"County-level injection capacity; pressure interference, plume geometry, and well count still need reservoir simulation."
county,Sichuan,Dujiangyan City,158.97,0.01,,,0.0,,,0.01,15897.0,https://www.nature.com/articles/s41597-025-04875-3; https://doi.org/10.6084/m9.figshare.27646707,B,"County-level injection capacity; pressure interference, plume geometry, and well count still need reservoir simulation."
county,Sichuan,Jianyang City,433.04,0.01,,,0.0,,,0.01,43304.0,https://www.nature.com/articles/s41597-025-04875-3; https://doi.org/10.6084/m9.figshare.27646707,B,"County-level injection capacity; pressure interference, plume geometry, and well count still need reservoir simulation."
county,Sichuan,Jinniu District,23.48,0.01,,,0.0,,,0.01,2348.0,https://www.nature.com/articles/s41597-025-04875-3; https://doi.org/10.6084/m9.figshare.27646707,B,"County-level injection capacity; pressure interference, plume geometry, and well count still need reservoir simulation."
county,Sichuan,Jintang County,232.71,0.01,,,0.0,,,0.01,23271.0,https://www.nature.com/articles/s41597-025-04875-3; https://doi.org/10.6084/m9.figshare.27646707,B,"County-level injection capacity; pressure interference, plume geometry, and well count still need reservoir simulation."
county,Sichuan,Jinjiang District,5.78,0.01,,,0.0,,,0.01,578.0,https://www.nature.com/articles/s41597-025-04875-3; https://doi.org/10.6084/m9.figshare.27646707,B,"County-level injection capacity; pressure interference, plume geometry, and well count still need reservoir simulation."
county,Sichuan,Longquanyi District,125.89,0.01,,,0.0,,,0.01,12589.0,https://www.nature.com/articles/s41597-025-04875-3; https://doi.org/10.6084/m9.figshare.27646707,B,"County-level injection capacity; pressure interference, plume geometry, and well count still need reservoir simulation."
county,Sichuan,Pengzhou City,223.09,0.01,,,0.0,,,0.01,22309.0,https://www.nature.com/articles/s41597-025-04875-3; https://doi.org/10.6084/m9.figshare.27646707,B,"County-level injection capacity; pressure interference, plume geometry, and well count still need reservoir simulation."
county,Sichuan,Pidu District,92.87,0.01,,,0.0,,,0.01,9287.0,https://www.nature.com/articles/s41597-025-04875-3; https://doi.org/10.6084/m9.figshare.27646707,B,"County-level injection capacity; pressure interference, plume geometry, and well count still need reservoir simulation."
county,Sichuan,Pujiang County,116.35,0.01,,,0.0,,,0.01,11635.0,https://www.nature.com/articles/s41597-025-04875-3; https://doi.org/10.6084/m9.figshare.27646707,B,"County-level injection capacity; pressure interference, plume geometry, and well count still need reservoir simulation."
county,Sichuan,Qingbaijiang District,71.25,0.01,,,0.0,,,0.01,7125.0,https://www.nature.com/articles/s41597-025-04875-3; https://doi.org/10.6084/m9.figshare.27646707,B,"County-level injection capacity; pressure interference, plume geometry, and well count still need reservoir simulation."
county,Sichuan,Qingyang District,17.68,0.01,,,0.0,,,0.01,1768.0,https://www.nature.com/articles/s41597-025-04875-3; https://doi.org/10.6084/m9.figshare.27646707,B,"County-level injection capacity; pressure interference, plume geometry, and well count still need reservoir simulation."
county,Sichuan,Qionglai City,268.37,0.01,,,0.0,,,0.01,26837.0,https://www.nature.com/articles/s41597-025-04875-3; https://doi.org/10.6084/m9.figshare.27646707,B,"County-level injection capacity; pressure interference, plume geometry, and well count still need reservoir simulation."
county,Sichuan,Shuangliu District,195.66,0.01,,,0.0,,,0.01,19566.0,https://www.nature.com/articles/s41597-025-04875-3; https://doi.org/10.6084/m9.figshare.27646707,B,"County-level injection capacity; pressure interference, plume geometry, and well count still need reservoir simulation."
county,Sichuan,Wenjiang District,55.89,0.01,,,0.0,,,0.01,5589.0,https://www.nature.com/articles/s41597-025-04875-3; https://doi.org/10.6084/m9.figshare.27646707,B,"County-level injection capacity; pressure interference, plume geometry, and well count still need reservoir simulation."
county,Sichuan,Wuhou District,34.72,0.01,,,0.0,,,0.01,3472.0,https://www.nature.com/articles/s41597-025-04875-3; https://doi.org/10.6084/m9.figshare.27646707,B,"County-level injection capacity; pressure interference, plume geometry, and well count still need reservoir simulation."
county,Sichuan,Xindu District,121.27,0.01,,,0.0,,,0.01,12127.0,https://www.nature.com/articles/s41597-025-04875-3; https://doi.org/10.6084/m9.figshare.27646707,B,"County-level injection capacity; pressure interference, plume geometry, and well count still need reservoir simulation."
county,Sichuan,Xinjin District,66.69,0.01,,,0.0,,,0.01,6669.0,https://www.nature.com/articles/s41597-025-04875-3; https://doi.org/10.6084/m9.figshare.27646707,B,"County-level injection capacity; pressure interference, plume geometry, and well count still need reservoir simulation."
county,Sichuan,Dachuan District,518.38,0.01,,,0.04,,,0.05,10367.599999999999,https://www.nature.com/articles/s41597-025-04875-3; https://doi.org/10.6084/m9.figshare.27646707,B,"County-level injection capacity; pressure interference, plume geometry, and well count still need reservoir simulation."
county,Sichuan,Dazhu County,395.07,0.01,,,0.0,,,0.01,39507.0,https://www.nature.com/articles/s41597-025-04875-3; https://doi.org/10.6084/m9.figshare.27646707,B,"County-level injection capacity; pressure interference, plume geometry, and well count still need reservoir simulation."
county,Sichuan,Kaijiang County,228.54,0.01,,,0.0,,,0.01,22854.0,https://www.nature.com/articles/s41597-025-04875-3; https://doi.org/10.6084/m9.figshare.27646707,B,"County-level injection capacity; pressure interference, plume geometry, and well count still need reservoir simulation."
county,Sichuan,Qu County,405.35,0.01,,,0.0,,,0.01,40535.0,https://www.nature.com/articles/s41597-025-04875-3; https://doi.org/10.6084/m9.figshare.27646707,B,"County-level injection capacity; pressure interference, plume geometry, and well count still need reservoir simulation."
county,Sichuan,Tongchuan District,217.31,0.01,,,0.0,,,0.01,21731.0,https://www.nature.com/articles/s41597-025-04875-3; https://doi.org/10.6084/m9.figshare.27646707,B,"County-level injection capacity; pressure interference, plume geometry, and well count still need reservoir simulation."
county,Sichuan,Wanyuan City,468.04,0.01,,,0.0,,,0.01,46804.0,https://www.nature.com/articles/s41597-025-04875-3; https://doi.org/10.6084/m9.figshare.27646707,B,"County-level injection capacity; pressure interference, plume geometry, and well count still need reservoir simulation."
county,Sichuan,Xuanhan County,771.8,0.01,,,0.0,,,0.01,77180.0,https://www.nature.com/articles/s41597-025-04875-3; https://doi.org/10.6084/m9.figshare.27646707,B,"County-level injection capacity; pressure interference, plume geometry, and well count still need reservoir simulation."
county,Sichuan,Guanghan City,164.29,0.01,,,0.0,,,0.01,16429.0,https://www.nature.com/articles/s41597-025-04875-3; https://doi.org/10.6084/m9.figshare.27646707,B,"County-level injection capacity; pressure interference, plume geometry, and well count still need reservoir simulation."
county,Sichuan,Jingyang District,170.25,0.01,,,0.0,,,0.01,17025.0,https://www.nature.com/articles/s41597-025-04875-3; https://doi.org/10.6084/m9.figshare.27646707,B,"County-level injection capacity; pressure interference, plume geometry, and well count still need reservoir simulation."
county,Sichuan,Luojiang District,114.59,0.01,,,0.0,,,0.01,11459.0,https://www.nature.com/articles/s41597-025-04875-3; https://doi.org/10.6084/m9.figshare.27646707,B,"County-level injection capacity; pressure interference, plume geometry, and well count still need reservoir simulation."
county,Sichuan,Mianzhu City,158.73,0.01,,,0.0,,,0.01,15872.999999999998,https://www.nature.com/articles/s41597-025-04875-3; https://doi.org/10.6084/m9.figshare.27646707,B,"County-level injection capacity; pressure interference, plume geometry, and well count still need reservoir simulation."
county,Sichuan,Shifang City,128.66,0.01,,,0.0,,,0.01,12866.0,https://www.nature.com/articles/s41597-025-04875-3; https://doi.org/10.6084/m9.figshare.27646707,B,"County-level injection capacity; pressure interference, plume geometry, and well count still need reservoir simulation."
county,Sichuan,Zhongjiang County,461.35,0.01,,,0.0,,,0.01,46135.0,https://www.nature.com/articles/s41597-025-04875-3; https://doi.org/10.6084/m9.figshare.27646707,B,"County-level injection capacity; pressure interference, plume geometry, and well count still need reservoir simulation."
county,Sichuan,Batang County,0.0,0.0,,,0.0,,,0.0,inf,https://www.nature.com/articles/s41597-025-04875-3; https://doi.org/10.6084/m9.figshare.27646707,B,"County-level injection capacity; pressure interference, plume geometry, and well count still need reservoir simulation."
county,Sichuan,Baiyu County,0.0,0.0,,,0.0,,,0.0,inf,https://www.nature.com/articles/s41597-025-04875-3; https://doi.org/10.6084/m9.figshare.27646707,B,"County-level injection capacity; pressure interference, plume geometry, and well count still need reservoir simulation."
county,Sichuan,Danba County,0.0,0.0,,,0.0,,,0.0,inf,https://www.nature.com/articles/s41597-025-04875-3; https://doi.org/10.6084/m9.figshare.27646707,B,"County-level injection capacity; pressure interference, plume geometry, and well count still need reservoir simulation."
county,Sichuan,Daofu County,0.0,0.0,,,0.0,,,0.0,inf,https://www.nature.com/articles/s41597-025-04875-3; https://doi.org/10.6084/m9.figshare.27646707,B,"County-level injection capacity; pressure interference, plume geometry, and well count still need reservoir simulation."
county,Sichuan,Daocheng County,0.0,0.0,,,0.0,,,0.0,inf,https://www.nature.com/articles/s41597-025-04875-3; https://doi.org/10.6084/m9.figshare.27646707,B,"County-level injection capacity; pressure interference, plume geometry, and well count still need reservoir simulation."
county,Sichuan,Derong County,0.0,0.0,,,0.0,,,0.0,inf,https://www.nature.com/articles/s41597-025-04875-3; https://doi.org/10.6084/m9.figshare.27646707,B,"County-level injection capacity; pressure interference, plume geometry, and well count still need reservoir simulation."
county,Sichuan,Dege County,0.0,0.0,,,0.0,,,0.0,inf,https://www.nature.com/articles/s41597-025-04875-3; https://doi.org/10.6084/m9.figshare.27646707,B,"County-level injection capacity; pressure interference, plume geometry, and well count still need reservoir simulation."
county,Sichuan,Ganzi County,0.0,0.0,,,0.0,,,0.0,inf,https://www.nature.com/articles/s41597-025-04875-3; https://doi.org/10.6084/m9.figshare.27646707,B,"County-level injection capacity; pressure interference, plume geometry, and well count still need reservoir simulation."
county,Sichuan,Jiulong County,0.0,0.0,,,0.0,,,0.0,inf,https://www.nature.com/articles/s41597-025-04875-3; https://doi.org/10.6084/m9.figshare.27646707,B,"County-level injection capacity; pressure interference, plume geometry, and well count still need reservoir simulation."
county,Sichuan,Kangding City,0.0,0.0,,,0.0,,,0.0,inf,https://www.nature.com/articles/s41597-025-04875-3; https://doi.org/10.6084/m9.figshare.27646707,B,"County-level injection capacity; pressure interference, plume geometry, and well count still need reservoir simulation."
county,Sichuan,Litang County,0.0,0.0,,,0.0,,,0.0,inf,https://www.nature.com/articles/s41597-025-04875-3; https://doi.org/10.6084/m9.figshare.27646707,B,"County-level injection capacity; pressure interference, plume geometry, and well count still need reservoir simulation."
county,Sichuan,Luhuo County,0.0,0.0,,,0.0,,,0.0,inf,https://www.nature.com/articles/s41597-025-04875-3; https://doi.org/10.6084/m9.figshare.27646707,B,"County-level injection capacity; pressure interference, plume geometry, and well count still need reservoir simulation."
county,Sichuan,Luding County,0.0,0.0,,,0.0,,,0.0,inf,https://www.nature.com/articles/s41597-025-04875-3; https://doi.org/10.6084/m9.figshare.27646707,B,"County-level injection capacity; pressure interference, plume geometry, and well count still need reservoir simulation."
county,Sichuan,Seda County,0.0,0.0,,,0.0,,,0.0,inf,https://www.nature.com/articles/s41597-025-04875-3; https://doi.org/10.6084/m9.figshare.27646707,B,"County-level injection capacity; pressure interference, plume geometry, and well count still need reservoir simulation."
county,Sichuan,Shiqu County,0.0,0.0,,,0.0,,,0.0,inf,https://www.nature.com/articles/s41597-025-04875-3; https://doi.org/10.6084/m9.figshare.27646707,B,"County-level injection capacity; pressure interference, plume geometry, and well count still need reservoir simulation."
county,Sichuan,Xiangcheng County,0.0,0.0,,,0.0,,,0.0,inf,https://www.nature.com/articles/s41597-025-04875-3; https://doi.org/10.6084/m9.figshare.27646707,B,"County-level injection capacity; pressure interference, plume geometry, and well count still need reservoir simulation."
county,Sichuan,Xinlong County,0.0,0.0,,,0.0,,,0.0,inf,https://www.nature.com/articles/s41597-025-04875-3; https://doi.org/10.6084/m9.figshare.27646707,B,"County-level injection capacity; pressure interference, plume geometry, and well count still need reservoir simulation."
county,Sichuan,Yajiang County,0.0,0.0,,,0.0,,,0.0,inf,https://www.nature.com/articles/s41597-025-04875-3; https://doi.org/10.6084/m9.figshare.27646707,B,"County-level injection capacity; pressure interference, plume geometry, and well count still need reservoir simulation."
county,Sichuan,Guang'an District,215.47,0.01,,,0.01,,,0.02,10773.5,https://www.nature.com/articles/s41597-025-04875-3; https://doi.org/10.6084/m9.figshare.27646707,B,"County-level injection capacity; pressure interference, plume geometry, and well count still need reservoir simulation."
county,Sichuan,Huaying City,71.49,0.01,,,0.0,,,0.01,7148.999999999999,https://www.nature.com/articles/s41597-025-04875-3; https://doi.org/10.6084/m9.figshare.27646707,B,"County-level injection capacity; pressure interference, plume geometry, and well count still need reservoir simulation."
county,Sichuan,Linshui County,302.32,0.01,,,0.0,,,0.01,30232.0,https://www.nature.com/articles/s41597-025-04875-3; https://doi.org/10.6084/m9.figshare.27646707,B,"County-level injection capacity; pressure interference, plume geometry, and well count still need reservoir simulation."
county,Sichuan,Qianfeng District,102.49,0.01,,,0.0,,,0.01,10249.0,https://www.nature.com/articles/s41597-025-04875-3; https://doi.org/10.6084/m9.figshare.27646707,B,"County-level injection capacity; pressure interference, plume geometry, and well count still need reservoir simulation."
county,Sichuan,Wusheng County,178.4,0.01,,,0.0,,,0.01,17840.0,https://www.nature.com/articles/s41597-025-04875-3; https://doi.org/10.6084/m9.figshare.27646707,B,"County-level injection capacity; pressure interference, plume geometry, and well count still need reservoir simulation."
county,Sichuan,Yuechi County,312.29,0.01,,,0.01,,,0.02,15614.5,https://www.nature.com/articles/s41597-025-04875-3; https://doi.org/10.6084/m9.figshare.27646707,B,"County-level injection capacity; pressure interference, plume geometry, and well count still need reservoir simulation."
county,Sichuan,Cangxi County,622.79,0.01,,,0.0,,,0.01,62278.99999999999,https://www.nature.com/articles/s41597-025-04875-3; https://doi.org/10.6084/m9.figshare.27646707,B,"County-level injection capacity; pressure interference, plume geometry, and well count still need reservoir simulation."
county,Sichuan,Chaotian District,60.2,0.01,,,0.0,,,0.01,6020.0,https://www.nature.com/articles/s41597-025-04875-3; https://doi.org/10.6084/m9.figshare.27646707,B,"County-level injection capacity; pressure interference, plume geometry, and well count still need reservoir simulation."
county,Sichuan,Jiange County,823.66,0.01,,,0.0,,,0.01,82366.0,https://www.nature.com/articles/s41597-025-04875-3; https://doi.org/10.6084/m9.figshare.27646707,B,"County-level injection capacity; pressure interference, plume geometry, and well count still need reservoir simulation."
county,Sichuan,Lizhou District,264.37,0.02,,,0.0,,,0.02,13218.5,https://www.nature.com/articles/s41597-025-04875-3; https://doi.org/10.6084/m9.figshare.27646707,B,"County-level injection capacity; pressure interference, plume geometry, and well count still need reservoir simulation."
county,Sichuan,Qingchuan County,70.55,0.01,,,0.0,,,0.01,7055.0,https://www.nature.com/articles/s41597-025-04875-3; https://doi.org/10.6084/m9.figshare.27646707,B,"County-level injection capacity; pressure interference, plume geometry, and well count still need reservoir simulation."
county,Sichuan,Wangcang County,284.12,0.02,,,0.0,,,0.02,14206.0,https://www.nature.com/articles/s41597-025-04875-3; https://doi.org/10.6084/m9.figshare.27646707,B,"County-level injection capacity; pressure interference, plume geometry, and well count still need reservoir simulation."
county,Sichuan,Zhaohua District,406.68,0.02,,,0.01,,,0.03,13556.0,https://www.nature.com/articles/s41597-025-04875-3; https://doi.org/10.6084/m9.figshare.27646707,B,"County-level injection capacity; pressure interference, plume geometry, and well count still need reservoir simulation."
county,Sichuan,Ebian Yi Autonomous County,0.0,0.0,,,0.0,,,0.0,inf,https://www.nature.com/articles/s41597-025-04875-3; https://doi.org/10.6084/m9.figshare.27646707,B,"County-level injection capacity; pressure interference, plume geometry, and well count still need reservoir simulation."
county,Sichuan,Emeishan City,82.63,0.02,,,0.0,,,0.02,4131.5,https://www.nature.com/articles/s41597-025-04875-3; https://doi.org/10.6084/m9.figshare.27646707,B,"County-level injection capacity; pressure interference, plume geometry, and well count still need reservoir simulation."
county,Sichuan,Jiajiang County,130.44,0.02,,,0.0,,,0.02,6522.0,https://www.nature.com/articles/s41597-025-04875-3; https://doi.org/10.6084/m9.figshare.27646707,B,"County-level injection capacity; pressure interference, plume geometry, and well count still need reservoir simulation."
county,Sichuan,Qianwei County,231.76,0.02,,,0.0,,,0.02,11588.0,https://www.nature.com/articles/s41597-025-04875-3; https://doi.org/10.6084/m9.figshare.27646707,B,"County-level injection capacity; pressure interference, plume geometry, and well count still need reservoir simulation."
county,Sichuan,Jinkouhe District,0.0,0.0,,,0.0,,,0.0,inf,https://www.nature.com/articles/s41597-025-04875-3; https://doi.org/10.6084/m9.figshare.27646707,B,"County-level injection capacity; pressure interference, plume geometry, and well count still need reservoir simulation."
county,Sichuan,Jingyan County,144.5,0.01,,,0.0,,,0.01,14450.0,https://www.nature.com/articles/s41597-025-04875-3; https://doi.org/10.6084/m9.figshare.27646707,B,"County-level injection capacity; pressure interference, plume geometry, and well count still need reservoir simulation."
county,Sichuan,Mabian Yi Autonomous County,144.35,0.02,,,0.0,,,0.02,7217.5,https://www.nature.com/articles/s41597-025-04875-3; https://doi.org/10.6084/m9.figshare.27646707,B,"County-level injection capacity; pressure interference, plume geometry, and well count still need reservoir simulation."
county,Sichuan,Muchuan County,226.81,0.02,,,0.0,,,0.02,11340.5,https://www.nature.com/articles/s41597-025-04875-3; https://doi.org/10.6084/m9.figshare.27646707,B,"County-level injection capacity; pressure interference, plume geometry, and well count still need reservoir simulation."
county,Sichuan,Shawan District,28.64,0.02,,,0.0,,,0.02,1432.0,https://www.nature.com/articles/s41597-025-04875-3; https://doi.org/10.6084/m9.figshare.27646707,B,"County-level injection capacity; pressure interference, plume geometry, and well count still need reservoir simulation."
county,Sichuan,Shi Zhong District,149.67,0.02,,,0.0,,,0.02,7483.499999999999,https://www.nature.com/articles/s41597-025-04875-3; https://doi.org/10.6084/m9.figshare.27646707,B,"County-level injection capacity; pressure interference, plume geometry, and well count still need reservoir simulation."
county,Sichuan,Wutongqiao District,80.22,0.02,,,0.0,,,0.02,4011.0,https://www.nature.com/articles/s41597-025-04875-3; https://doi.org/10.6084/m9.figshare.27646707,B,"County-level injection capacity; pressure interference, plume geometry, and well count still need reservoir simulation."
county,Sichuan,Butuo County,0.0,0.0,,,0.0,,,0.0,inf,https://www.nature.com/articles/s41597-025-04875-3; https://doi.org/10.6084/m9.figshare.27646707,B,"County-level injection capacity; pressure interference, plume geometry, and well count still need reservoir simulation."
county,Sichuan,Dechang County,0.0,0.0,,,0.0,,,0.0,inf,https://www.nature.com/articles/s41597-025-04875-3; https://doi.org/10.6084/m9.figshare.27646707,B,"County-level injection capacity; pressure interference, plume geometry, and well count still need reservoir simulation."
county,Sichuan,Ganluo County,0.0,0.0,,,0.0,,,0.0,inf,https://www.nature.com/articles/s41597-025-04875-3; https://doi.org/10.6084/m9.figshare.27646707,B,"County-level injection capacity; pressure interference, plume geometry, and well count still need reservoir simulation."
county,Sichuan,Huidong County,0.0,0.0,,,0.0,,,0.0,inf,https://www.nature.com/articles/s41597-025-04875-3; https://doi.org/10.6084/m9.figshare.27646707,B,"County-level injection capacity; pressure interference, plume geometry, and well count still need reservoir simulation."
county,Sichuan,Huili City,0.0,0.0,,,0.0,,,0.0,inf,https://www.nature.com/articles/s41597-025-04875-3; https://doi.org/10.6084/m9.figshare.27646707,B,"County-level injection capacity; pressure interference, plume geometry, and well count still need reservoir simulation."
county,Sichuan,Jinyuan County,0.0,0.0,,,0.0,,,0.0,inf,https://www.nature.com/articles/s41597-025-04875-3; https://doi.org/10.6084/m9.figshare.27646707,B,"County-level injection capacity; pressure interference, plume geometry, and well count still need reservoir simulation."
county,Sichuan,Leibo County,42.17,0.02,,,0.0,,,0.02,2108.5,https://www.nature.com/articles/s41597-025-04875-3; https://doi.org/10.6084/m9.figshare.27646707,B,"County-level injection capacity; pressure interference, plume geometry, and well count still need reservoir simulation."
county,Sichuan,Meigu County,0.0,0.0,,,0.0,,,0.0,inf,https://www.nature.com/articles/s41597-025-04875-3; https://doi.org/10.6084/m9.figshare.27646707,B,"County-level injection capacity; pressure interference, plume geometry, and well count still need reservoir simulation."
county,Sichuan,Mianning County,0.0,0.0,,,0.0,,,0.0,inf,https://www.nature.com/articles/s41597-025-04875-3; https://doi.org/10.6084/m9.figshare.27646707,B,"County-level injection capacity; pressure interference, plume geometry, and well count still need reservoir simulation."
county,Sichuan,Muli Tibetan Autonomous County,0.0,0.0,,,0.0,,,0.0,inf,https://www.nature.com/articles/s41597-025-04875-3; https://doi.org/10.6084/m9.figshare.27646707,B,"County-level injection capacity; pressure interference, plume geometry, and well count still need reservoir simulation."
county,Sichuan,Nannan County,0.0,0.0,,,0.0,,,0.0,inf,https://www.nature.com/articles/s41597-025-04875-3; https://doi.org/10.6084/m9.figshare.27646707,B,"County-level injection capacity; pressure interference, plume geometry, and well count still need reservoir simulation."
county,Sichuan,Puge County,0.0,0.0,,,0.0,,,0.0,inf,https://www.nature.com/articles/s41597-025-04875-3; https://doi.org/10.6084/m9.figshare.27646707,B,"County-level injection capacity; pressure interference, plume geometry, and well count still need reservoir simulation."
county,Sichuan,Xichang City,0.0,0.0,,,0.0,,,0.0,inf,https://www.nature.com/articles/s41597-025-04875-3; https://doi.org/10.6084/m9.figshare.27646707,B,"County-level injection capacity; pressure interference, plume geometry, and well count still need reservoir simulation."
county,Sichuan,Xide County,0.0,0.0,,,0.0,,,0.0,inf,https://www.nature.com/articles/s41597-025-04875-3; https://doi.org/10.6084/m9.figshare.27646707,B,"County-level injection capacity; pressure interference, plume geometry, and well count still need reservoir simulation."
county,Sichuan,Yanyuan County,0.0,0.0,,,0.0,,,0.0,inf,https://www.nature.com/articles/s41597-025-04875-3; https://doi.org/10.6084/m9.figshare.27646707,B,"County-level injection capacity; pressure interference, plume geometry, and well count still need reservoir simulation."
county,Sichuan,Yuexi County,0.0,0.0,,,0.0,,,0.0,inf,https://www.nature.com/articles/s41597-025-04875-3; https://doi.org/10.6084/m9.figshare.27646707,B,"County-level injection capacity; pressure interference, plume geometry, and well count still need reservoir simulation."
county,Sichuan,Zhaojue County,0.0,0.0,,,0.0,,,0.0,inf,https://www.nature.com/articles/s41597-025-04875-3; https://doi.org/10.6084/m9.figshare.27646707,B,"County-level injection capacity; pressure interference, plume geometry, and well count still need reservoir simulation."
county,Sichuan,Gulin County,116.13,0.01,,,0.0,,,0.01,11613.0,https://www.nature.com/articles/s41597-025-04875-3; https://doi.org/10.6084/m9.figshare.27646707,B,"County-level injection capacity; pressure interference, plume geometry, and well count still need reservoir simulation."
county,Sichuan,Hejiang County,374.6,0.01,,,0.0,,,0.01,37460.0,https://www.nature.com/articles/s41597-025-04875-3; https://doi.org/10.6084/m9.figshare.27646707,B,"County-level injection capacity; pressure interference, plume geometry, and well count still need reservoir simulation."
county,Sichuan,Jiangyang District,97.54,0.01,,,0.0,,,0.01,9754.0,https://www.nature.com/articles/s41597-025-04875-3; https://doi.org/10.6084/m9.figshare.27646707,B,"County-level injection capacity; pressure interference, plume geometry, and well count still need reservoir simulation."
county,Sichuan,Longmatan District,53.45,0.01,,,2.0,,,2.01,26.59203980099503,https://www.nature.com/articles/s41597-025-04875-3; https://doi.org/10.6084/m9.figshare.27646707,B,"County-level injection capacity; pressure interference, plume geometry, and well count still need reservoir simulation."
county,Sichuan,Lu County,225.06,0.01,,,0.07,,,0.08,2813.25,https://www.nature.com/articles/s41597-025-04875-3; https://doi.org/10.6084/m9.figshare.27646707,B,"County-level injection capacity; pressure interference, plume geometry, and well count still need reservoir simulation."
county,Sichuan,Naxi District,177.91,0.01,,,0.0,,,0.01,17791.0,https://www.nature.com/articles/s41597-025-04875-3; https://doi.org/10.6084/m9.figshare.27646707,B,"County-level injection capacity; pressure interference, plume geometry, and well count still need reservoir simulation."
county,Sichuan,Xuyong County,197.33,0.01,,,0.0,,,0.01,19733.0,https://www.nature.com/articles/s41597-025-04875-3; https://doi.org/10.6084/m9.figshare.27646707,B,"County-level injection capacity; pressure interference, plume geometry, and well count still need reservoir simulation."
county,Sichuan,Danling County,89.89,0.01,,,0.0,,,0.01,8989.0,https://www.nature.com/articles/s41597-025-04875-3; https://doi.org/10.6084/m9.figshare.27646707,B,"County-level injection capacity; pressure interference, plume geometry, and well count still need reservoir simulation."
county,Sichuan,Dongpo District,244.25,0.01,,,0.0,,,0.01,24425.0,https://www.nature.com/articles/s41597-025-04875-3; https://doi.org/10.6084/m9.figshare.27646707,B,"County-level injection capacity; pressure interference, plume geometry, and well count still need reservoir simulation."
county,Sichuan,Hongya County,242.49,0.02,,,0.0,,,0.02,12124.5,https://www.nature.com/articles/s41597-025-04875-3; https://doi.org/10.6084/m9.figshare.27646707,B,"County-level injection capacity; pressure interference, plume geometry, and well count still need reservoir simulation."
county,Sichuan,Pengshan District,86.01,0.01,,,0.0,,,0.01,8601.0,https://www.nature.com/articles/s41597-025-04875-3; https://doi.org/10.6084/m9.figshare.27646707,B,"County-level injection capacity; pressure interference, plume geometry, and well count still need reservoir simulation."
county,Sichuan,Qingcheng County,69.3,0.01,,,0.0,,,0.01,6930.0,https://www.nature.com/articles/s41597-025-04875-3; https://doi.org/10.6084/m9.figshare.27646707,B,"County-level injection capacity; pressure interference, plume geometry, and well count still need reservoir simulation."
county,Sichuan,Renshou County,486.42,0.01,,,0.0,,,0.01,48642.0,https://www.nature.com/articles/s41597-025-04875-3; https://doi.org/10.6084/m9.figshare.27646707,B,"County-level injection capacity; pressure interference, plume geometry, and well count still need reservoir simulation."
county,Sichuan,Anzhou District,150.19,0.01,,,0.0,,,0.01,15019.0,https://www.nature.com/articles/s41597-025-04875-3; https://doi.org/10.6084/m9.figshare.27646707,B,"County-level injection capacity; pressure interference, plume geometry, and well count still need reservoir simulation."
county,Sichuan,Beichuan Qiang Autonomous County,37.89,0.01,,,0.0,,,0.01,3789.0,https://www.nature.com/articles/s41597-025-04875-3; https://doi.org/10.6084/m9.figshare.27646707,B,"County-level injection capacity; pressure interference, plume geometry, and well count still need reservoir simulation."
county,Sichuan,Fucheng District,147.51,0.01,,,0.0,,,0.01,14750.999999999998,https://www.nature.com/articles/s41597-025-04875-3; https://doi.org/10.6084/m9.figshare.27646707,B,"County-level injection capacity; pressure interference, plume geometry, and well count still need reservoir simulation."
county,Sichuan,Jiangyou City,388.45,0.01,,,0.0,,,0.01,38845.0,https://www.nature.com/articles/s41597-025-04875-3; https://doi.org/10.6084/m9.figshare.27646707,B,"County-level injection capacity; pressure interference, plume geometry, and well count still need reservoir simulation."
county,Sichuan,Pingwu County,0.0,0.0,,,0.0,,,0.0,inf,https://www.nature.com/articles/s41597-025-04875-3; https://doi.org/10.6084/m9.figshare.27646707,B,"County-level injection capacity; pressure interference, plume geometry, and well count still need reservoir simulation."
county,Sichuan,Santai County,583.18,0.01,,,2.76,,,2.7699999999999996,210.53429602888087,https://www.nature.com/articles/s41597-025-04875-3; https://doi.org/10.6084/m9.figshare.27646707,B,"County-level injection capacity; pressure interference, plume geometry, and well count still need reservoir simulation."
county,Sichuan,Yanting County,384.66,0.01,,,0.01,,,0.02,19233.0,https://www.nature.com/articles/s41597-025-04875-3; https://doi.org/10.6084/m9.figshare.27646707,B,"County-level injection capacity; pressure interference, plume geometry, and well count still need reservoir simulation."
county,Sichuan,Youxian District,240.71,0.01,,,0.0,,,0.01,24071.0,https://www.nature.com/articles/s41597-025-04875-3; https://doi.org/10.6084/m9.figshare.27646707,B,"County-level injection capacity; pressure interference, plume geometry, and well count still need reservoir simulation."
county,Sichuan,Zitong County,367.12,0.01,,,0.0,,,0.01,36712.0,https://www.nature.com/articles/s41597-025-04875-3; https://doi.org/10.6084/m9.figshare.27646707,B,"County-level injection capacity; pressure interference, plume geometry, and well count still need reservoir simulation."
county,Sichuan,Gaoping District,188.15,0.01,,,0.01,,,0.02,9407.5,https://www.nature.com/articles/s41597-025-04875-3; https://doi.org/10.6084/m9.figshare.27646707,B,"County-level injection capacity; pressure interference, plume geometry, and well count still need reservoir simulation."
county,Sichuan,Jialing District,249.39,0.01,,,0.0,,,0.01,24938.999999999996,https://www.nature.com/articles/s41597-025-04875-3; https://doi.org/10.6084/m9.figshare.27646707,B,"County-level injection capacity; pressure interference, plume geometry, and well count still need reservoir simulation."
county,Sichuan,Langzhong City,475.3,0.01,,,0.01,,,0.02,23765.0,https://www.nature.com/articles/s41597-025-04875-3; https://doi.org/10.6084/m9.figshare.27646707,B,"County-level injection capacity; pressure interference, plume geometry, and well count still need reservoir simulation."
county,Sichuan,Nanbu County,519.13,0.01,,,0.04,,,0.05,10382.599999999999,https://www.nature.com/articles/s41597-025-04875-3; https://doi.org/10.6084/m9.figshare.27646707,B,"County-level injection capacity; pressure interference, plume geometry, and well count still need reservoir simulation."
county,Sichuan,Peng'an County,306.11,0.01,,,0.0,,,0.01,30611.0,https://www.nature.com/articles/s41597-025-04875-3; https://doi.org/10.6084/m9.figshare.27646707,B,"County-level injection capacity; pressure interference, plume geometry, and well count still need reservoir simulation."
county,Sichuan,Shunqing District,121.0,0.01,,,0.0,,,0.01,12100.0,https://www.nature.com/articles/s41597-025-04875-3; https://doi.org/10.6084/m9.figshare.27646707,B,"County-level injection capacity; pressure interference, plume geometry, and well count still need reservoir simulation."
county,Sichuan,Xichong County,242.99,0.01,,,0.01,,,0.02,12149.5,https://www.nature.com/articles/s41597-025-04875-3; https://doi.org/10.6084/m9.figshare.27646707,B,"County-level injection capacity; pressure interference, plume geometry, and well count still need reservoir simulation."
county,Sichuan,Yilong County,456.84,0.01,,,0.01,,,0.02,22842.0,https://www.nature.com/articles/s41597-025-04875-3; https://doi.org/10.6084/m9.figshare.27646707,B,"County-level injection capacity; pressure interference, plume geometry, and well count still need reservoir simulation."
county,Sichuan,Yingshan County,395.13,0.01,,,0.44,,,0.45,878.0666666666666,https://www.nature.com/articles/s41597-025-04875-3; https://doi.org/10.6084/m9.figshare.27646707,B,"County-level injection capacity; pressure interference, plume geometry, and well count still need reservoir simulation."
county,Sichuan,Dongxing District,169.19,0.01,,,0.0,,,0.01,16919.0,https://www.nature.com/articles/s41597-025-04875-3; https://doi.org/10.6084/m9.figshare.27646707,B,"County-level injection capacity; pressure interference, plume geometry, and well count still need reservoir simulation."
county,Sichuan,Longchang City,107.76,0.01,,,0.0,,,0.01,10776.0,https://www.nature.com/articles/s41597-025-04875-3; https://doi.org/10.6084/m9.figshare.27646707,B,"County-level injection capacity; pressure interference, plume geometry, and well count still need reservoir simulation."
county,Sichuan,Shi Zhong District ,62.74,0.01,,,0.0,,,0.01,6274.0,https://www.nature.com/articles/s41597-025-04875-3; https://doi.org/10.6084/m9.figshare.27646707,B,"County-level injection capacity; pressure interference, plume geometry, and well count still need reservoir simulation."
county,Sichuan,Weiyuan County,205.51,0.01,,,0.0,,,0.01,20551.0,https://www.nature.com/articles/s41597-025-04875-3; https://doi.org/10.6084/m9.figshare.27646707,B,"County-level injection capacity; pressure interference, plume geometry, and well count still need reservoir simulation."
county,Sichuan,Zi Zhong County,292.75,0.01,,,0.0,,,0.01,29275.0,https://www.nature.com/articles/s41597-025-04875-3; https://doi.org/10.6084/m9.figshare.27646707,B,"County-level injection capacity; pressure interference, plume geometry, and well count still need reservoir simulation."
county,Sichuan,Eastern District,0.0,0.0,,,0.0,,,0.0,inf,https://www.nature.com/articles/s41597-025-04875-3; https://doi.org/10.6084/m9.figshare.27646707,B,"County-level injection capacity; pressure interference, plume geometry, and well count still need reservoir simulation."
county,Sichuan,Miyi County,0.0,0.0,,,0.0,,,0.0,inf,https://www.nature.com/articles/s41597-025-04875-3; https://doi.org/10.6084/m9.figshare.27646707,B,"County-level injection capacity; pressure interference, plume geometry, and well count still need reservoir simulation."
county,Sichuan,Renhe District,0.0,0.0,,,0.0,,,0.0,inf,https://www.nature.com/articles/s41597-025-04875-3; https://doi.org/10.6084/m9.figshare.27646707,B,"County-level injection capacity; pressure interference, plume geometry, and well count still need reservoir simulation."
county,Sichuan,Western District,0.0,0.0,,,0.0,,,0.0,inf,https://www.nature.com/articles/s41597-025-04875-3; https://doi.org/10.6084/m9.figshare.27646707,B,"County-level injection capacity; pressure interference, plume geometry, and well count still need reservoir simulation."
county,Sichuan,Yanbian County,0.0,0.0,,,0.0,,,0.0,inf,https://www.nature.com/articles/s41597-025-04875-3; https://doi.org/10.6084/m9.figshare.27646707,B,"County-level injection capacity; pressure interference, plume geometry, and well count still need reservoir simulation."
county,Sichuan,Anju District,246.71,0.01,,,0.01,,,0.02,12335.5,https://www.nature.com/articles/s41597-025-04875-3; https://doi.org/10.6084/m9.figshare.27646707,B,"County-level injection capacity; pressure interference, plume geometry, and well count still need reservoir simulation."
county,Sichuan,Chuanshan District,118.36,0.01,,,0.03,,,0.04,2959.0,https://www.nature.com/articles/s41597-025-04875-3; https://doi.org/10.6084/m9.figshare.27646707,B,"County-level injection capacity; pressure interference, plume geometry, and well count still need reservoir simulation."
county,Sichuan,Daying County,146.3,0.01,,,0.04,,,0.05,2926.0,https://www.nature.com/articles/s41597-025-04875-3; https://doi.org/10.6084/m9.figshare.27646707,B,"County-level injection capacity; pressure interference, plume geometry, and well count still need reservoir simulation."
county,Sichuan,Pengxi County,275.72,0.01,,,0.0,,,0.01,27572.000000000004,https://www.nature.com/articles/s41597-025-04875-3; https://doi.org/10.6084/m9.figshare.27646707,B,"County-level injection capacity; pressure interference, plume geometry, and well count still need reservoir simulation."
county,Sichuan,Shehong City,327.99,0.01,,,0.0,,,0.01,32799.0,https://www.nature.com/articles/s41597-025-04875-3; https://doi.org/10.6084/m9.figshare.27646707,B,"County-level injection capacity; pressure interference, plume geometry, and well count still need reservoir simulation."
county,Sichuan,Baoxing County,72.88,0.02,,,0.0,,,0.02,3643.9999999999995,https://www.nature.com/articles/s41597-025-04875-3; https://doi.org/10.6084/m9.figshare.27646707,B,"County-level injection capacity; pressure interference, plume geometry, and well count still need reservoir simulation."
county,Sichuan,Hanyuan County,0.0,0.0,,,0.0,,,0.0,inf,https://www.nature.com/articles/s41597-025-04875-3; https://doi.org/10.6084/m9.figshare.27646707,B,"County-level injection capacity; pressure interference, plume geometry, and well count still need reservoir simulation."
county,Sichuan,Lushan County,156.54,0.02,,,0.0,,,0.02,7826.999999999999,https://www.nature.com/articles/s41597-025-04875-3; https://doi.org/10.6084/m9.figshare.27646707,B,"County-level injection capacity; pressure interference, plume geometry, and well count still need reservoir simulation."
county,Sichuan,Mingshan District,122.04,0.01,,,0.0,,,0.01,12204.0,https://www.nature.com/articles/s41597-025-04875-3; https://doi.org/10.6084/m9.figshare.27646707,B,"County-level injection capacity; pressure interference, plume geometry, and well count still need reservoir simulation."
county,Sichuan,Shimian County,0.0,0.0,,,0.0,,,0.0,inf,https://www.nature.com/articles/s41597-025-04875-3; https://doi.org/10.6084/m9.figshare.27646707,B,"County-level injection capacity; pressure interference, plume geometry, and well count still need reservoir simulation."
county,Sichuan,Tianquan County,144.81,0.02,,,0.0,,,0.02,7240.5,https://www.nature.com/articles/s41597-025-04875-3; https://doi.org/10.6084/m9.figshare.27646707,B,"County-level injection capacity; pressure interference, plume geometry, and well count still need reservoir simulation."
county,Sichuan,Yingjing County,70.34,0.02,,,0.0,,,0.02,3517.0,https://www.nature.com/articles/s41597-025-04875-3; https://doi.org/10.6084/m9.figshare.27646707,B,"County-level injection capacity; pressure interference, plume geometry, and well count still need reservoir simulation."
county,Sichuan,Yucheng District,161.05,0.02,,,0.0,,,0.02,8052.5,https://www.nature.com/articles/s41597-025-04875-3; https://doi.org/10.6084/m9.figshare.27646707,B,"County-level injection capacity; pressure interference, plume geometry, and well count still need reservoir simulation."
county,Sichuan,Cuiping District,254.76,0.01,,,0.01,,,0.02,12738.0,https://www.nature.com/articles/s41597-025-04875-3; https://doi.org/10.6084/m9.figshare.27646707,B,"County-level injection capacity; pressure interference, plume geometry, and well count still need reservoir simulation."
county,Sichuan,Gao County,176.31,0.02,,,0.0,,,0.02,8815.5,https://www.nature.com/articles/s41597-025-04875-3; https://doi.org/10.6084/m9.figshare.27646707,B,"County-level injection capacity; pressure interference, plume geometry, and well count still need reservoir simulation."
county,Sichuan,Gong County,115.91,0.02,,,0.0,,,0.02,5795.5,https://www.nature.com/articles/s41597-025-04875-3; https://doi.org/10.6084/m9.figshare.27646707,B,"County-level injection capacity; pressure interference, plume geometry, and well count still need reservoir simulation."
county,Sichuan,Jiang'an County,145.26,0.01,,,0.0,,,0.01,14525.999999999998,https://www.nature.com/articles/s41597-025-04875-3; https://doi.org/10.6084/m9.figshare.27646707,B,"County-level injection capacity; pressure interference, plume geometry, and well count still need reservoir simulation."
county,Sichuan,Nanxi District,93.39,0.01,,,0.0,,,0.01,9339.0,https://www.nature.com/articles/s41597-025-04875-3; https://doi.org/10.6084/m9.figshare.27646707,B,"County-level injection capacity; pressure interference, plume geometry, and well count still need reservoir simulation."
county,Sichuan,Pingshan County,251.68,0.02,,,0.0,,,0.02,12584.0,https://www.nature.com/articles/s41597-025-04875-3; https://doi.org/10.6084/m9.figshare.27646707,B,"County-level injection capacity; pressure interference, plume geometry, and well count still need reservoir simulation."
county,Sichuan,Xingwen County,214.36,0.01,,,0.0,,,0.01,21436.0,https://www.nature.com/articles/s41597-025-04875-3; https://doi.org/10.6084/m9.figshare.27646707,B,"County-level injection capacity; pressure interference, plume geometry, and well count still need reservoir simulation."
county,Sichuan,Xuzhou District,413.61,0.02,,,0.0,,,0.02,20680.5,https://www.nature.com/articles/s41597-025-04875-3; https://doi.org/10.6084/m9.figshare.27646707,B,"County-level injection capacity; pressure interference, plume geometry, and well count still need reservoir simulation."
county,Sichuan,Junlian County,13.96,0.02,,,0.0,,,0.02,698.0,https://www.nature.com/articles/s41597-025-04875-3; https://doi.org/10.6084/m9.figshare.27646707,B,"County-level injection capacity; pressure interference, plume geometry, and well count still need reservoir simulation."
county,Sichuan,Changning County,137.65,0.01,,,0.0,,,0.01,13765.0,https://www.nature.com/articles/s41597-025-04875-3; https://doi.org/10.6084/m9.figshare.27646707,B,"County-level injection capacity; pressure interference, plume geometry, and well count still need reservoir simulation."
county,Sichuan,Anyue County,456.0,0.01,,,0.01,,,0.02,22800.0,https://www.nature.com/articles/s41597-025-04875-3; https://doi.org/10.6084/m9.figshare.27646707,B,"County-level injection capacity; pressure interference, plume geometry, and well count still need reservoir simulation."
county,Sichuan,Lezhi County,243.67,0.01,,,0.0,,,0.01,24367.0,https://www.nature.com/articles/s41597-025-04875-3; https://doi.org/10.6084/m9.figshare.27646707,B,"County-level injection capacity; pressure interference, plume geometry, and well count still need reservoir simulation."
county,Sichuan,Yanjiang District,245.7,0.01,,,0.0,,,0.01,24570.0,https://www.nature.com/articles/s41597-025-04875-3; https://doi.org/10.6084/m9.figshare.27646707,B,"County-level injection capacity; pressure interference, plume geometry, and well count still need reservoir simulation."
county,Sichuan,Da'an District,63.92,0.01,,,0.0,,,0.01,6392.0,https://www.nature.com/articles/s41597-025-04875-3; https://doi.org/10.6084/m9.figshare.27646707,B,"County-level injection capacity; pressure interference, plume geometry, and well count still need reservoir simulation."
county,Sichuan,Fushun County,166.9,0.01,,,0.0,,,0.01,16690.0,https://www.nature.com/articles/s41597-025-04875-3; https://doi.org/10.6084/m9.figshare.27646707,B,"County-level injection capacity; pressure interference, plume geometry, and well count still need reservoir simulation."
county,Sichuan,Gongjing District,67.75,0.01,,,0.0,,,0.01,6775.0,https://www.nature.com/articles/s41597-025-04875-3; https://doi.org/10.6084/m9.figshare.27646707,B,"County-level injection capacity; pressure interference, plume geometry, and well count still need reservoir simulation."
county,Sichuan,Rong County,252.57,0.01,,,0.0,,,0.01,25257.0,https://www.nature.com/articles/s41597-025-04875-3; https://doi.org/10.6084/m9.figshare.27646707,B,"County-level injection capacity; pressure interference, plume geometry, and well count still need reservoir simulation."
county,Sichuan,Yantan District,70.89,0.01,,,0.0,,,0.01,7089.0,https://www.nature.com/articles/s41597-025-04875-3; https://doi.org/10.6084/m9.figshare.27646707,B,"County-level injection capacity; pressure interference, plume geometry, and well count still need reservoir simulation."
county,Sichuan,Ziliujing District,30.97,0.01,,,0.0,,,0.01,3097.0,https://www.nature.com/articles/s41597-025-04875-3; https://doi.org/10.6084/m9.figshare.27646707,B,"County-level injection capacity; pressure interference, plume geometry, and well count still need reservoir simulation."
county,Taiwan,Taiwan Province ,0.0,0.0,,,0.0,,,0.0,inf,https://www.nature.com/articles/s41597-025-04875-3; https://doi.org/10.6084/m9.figshare.27646707,B,"County-level injection capacity; pressure interference, plume geometry, and well count still need reservoir simulation."
county,Tianjin,Baodi District,1438.43,122.77,,,0.0,,,122.77,11.716461676305288,https://www.nature.com/articles/s41597-025-04875-3; https://doi.org/10.6084/m9.figshare.27646707,B,"County-level injection capacity; pressure interference, plume geometry, and well count still need reservoir simulation."
county,Tianjin,Beichen District,0.0,0.0,,,0.0,,,0.0,inf,https://www.nature.com/articles/s41597-025-04875-3; https://doi.org/10.6084/m9.figshare.27646707,B,"County-level injection capacity; pressure interference, plume geometry, and well count still need reservoir simulation."
county,Tianjin,Binhai New Area,2829.91,119.97,,,52.1,,,172.07,16.446271866101004,https://www.nature.com/articles/s41597-025-04875-3; https://doi.org/10.6084/m9.figshare.27646707,B,"County-level injection capacity; pressure interference, plume geometry, and well count still need reservoir simulation."
county,Tianjin,Dongli District,74.53,59.98,,,0.0,,,59.98,1.2425808602867623,https://www.nature.com/articles/s41597-025-04875-3; https://doi.org/10.6084/m9.figshare.27646707,B,"County-level injection capacity; pressure interference, plume geometry, and well count still need reservoir simulation."
county,Tianjin,Heping District,0.0,0.0,,,0.0,,,0.0,inf,https://www.nature.com/articles/s41597-025-04875-3; https://doi.org/10.6084/m9.figshare.27646707,B,"County-level injection capacity; pressure interference, plume geometry, and well count still need reservoir simulation."
county,Tianjin,Hebei District,0.0,0.0,,,0.0,,,0.0,inf,https://www.nature.com/articles/s41597-025-04875-3; https://doi.org/10.6084/m9.figshare.27646707,B,"County-level injection capacity; pressure interference, plume geometry, and well count still need reservoir simulation."
county,Tianjin,Hedong District,0.0,0.0,,,0.0,,,0.0,inf,https://www.nature.com/articles/s41597-025-04875-3; https://doi.org/10.6084/m9.figshare.27646707,B,"County-level injection capacity; pressure interference, plume geometry, and well count still need reservoir simulation."
county,Tianjin,Hexi District,0.0,0.0,,,0.0,,,0.0,inf,https://www.nature.com/articles/s41597-025-04875-3; https://doi.org/10.6084/m9.figshare.27646707,B,"County-level injection capacity; pressure interference, plume geometry, and well count still need reservoir simulation."
county,Tianjin,Hongqiao District,0.0,0.0,,,0.0,,,0.0,inf,https://www.nature.com/articles/s41597-025-04875-3; https://doi.org/10.6084/m9.figshare.27646707,B,"County-level injection capacity; pressure interference, plume geometry, and well count still need reservoir simulation."
county,Tianjin,Jizhou District,0.0,0.0,,,0.0,,,0.0,inf,https://www.nature.com/articles/s41597-025-04875-3; https://doi.org/10.6084/m9.figshare.27646707,B,"County-level injection capacity; pressure interference, plume geometry, and well count still need reservoir simulation."
county,Tianjin,Jinnan District,76.45,59.98,,,52.1,,,112.08,0.6821020699500357,https://www.nature.com/articles/s41597-025-04875-3; https://doi.org/10.6084/m9.figshare.27646707,B,"County-level injection capacity; pressure interference, plume geometry, and well count still need reservoir simulation."
county,Tianjin,Jinghai District,93.16,44.99,,,0.0,,,44.99,2.070682373860858,https://www.nature.com/articles/s41597-025-04875-3; https://doi.org/10.6084/m9.figshare.27646707,B,"County-level injection capacity; pressure interference, plume geometry, and well count still need reservoir simulation."
county,Tianjin,Nankai District,0.0,0.0,,,0.0,,,0.0,inf,https://www.nature.com/articles/s41597-025-04875-3; https://doi.org/10.6084/m9.figshare.27646707,B,"County-level injection capacity; pressure interference, plume geometry, and well count still need reservoir simulation."
county,Tianjin,Ninghe District,0.0,0.0,,,0.0,,,0.0,inf,https://www.nature.com/articles/s41597-025-04875-3; https://doi.org/10.6084/m9.figshare.27646707,B,"County-level injection capacity; pressure interference, plume geometry, and well count still need reservoir simulation."
county,Tianjin,Wuqing District,5834.52,122.77,,,53.32,,,176.09,33.133738429212336,https://www.nature.com/articles/s41597-025-04875-3; https://doi.org/10.6084/m9.figshare.27646707,B,"County-level injection capacity; pressure interference, plume geometry, and well count still need reservoir simulation."
county,Tianjin,Xiqing District,0.0,0.0,,,0.0,,,0.0,inf,https://www.nature.com/articles/s41597-025-04875-3; https://doi.org/10.6084/m9.figshare.27646707,B,"County-level injection capacity; pressure interference, plume geometry, and well count still need reservoir simulation."
county,Tibet Autonomous Region,Cuoqin County,0.0,0.0,,,0.0,,,0.0,inf,https://www.nature.com/articles/s41597-025-04875-3; https://doi.org/10.6084/m9.figshare.27646707,B,"County-level injection capacity; pressure interference, plume geometry, and well count still need reservoir simulation."
county,Tibet Autonomous Region,Gar County,0.0,0.0,,,0.0,,,0.0,inf,https://www.nature.com/articles/s41597-025-04875-3; https://doi.org/10.6084/m9.figshare.27646707,B,"County-level injection capacity; pressure interference, plume geometry, and well count still need reservoir simulation."
county,Tibet Autonomous Region,Gazhe County,0.0,0.0,,,0.0,,,0.0,inf,https://www.nature.com/articles/s41597-025-04875-3; https://doi.org/10.6084/m9.figshare.27646707,B,"County-level injection capacity; pressure interference, plume geometry, and well count still need reservoir simulation."
county,Tibet Autonomous Region,Geji County,0.0,0.0,,,0.0,,,0.0,inf,https://www.nature.com/articles/s41597-025-04875-3; https://doi.org/10.6084/m9.figshare.27646707,B,"County-level injection capacity; pressure interference, plume geometry, and well count still need reservoir simulation."
county,Tibet Autonomous Region,Pulan County,0.0,0.0,,,0.0,,,0.0,inf,https://www.nature.com/articles/s41597-025-04875-3; https://doi.org/10.6084/m9.figshare.27646707,B,"County-level injection capacity; pressure interference, plume geometry, and well count still need reservoir simulation."
county,Tibet Autonomous Region,Rutog County,0.0,0.0,,,0.0,,,0.0,inf,https://www.nature.com/articles/s41597-025-04875-3; https://doi.org/10.6084/m9.figshare.27646707,B,"County-level injection capacity; pressure interference, plume geometry, and well count still need reservoir simulation."
county,Tibet Autonomous Region,Zhada County,0.0,0.0,,,0.0,,,0.0,inf,https://www.nature.com/articles/s41597-025-04875-3; https://doi.org/10.6084/m9.figshare.27646707,B,"County-level injection capacity; pressure interference, plume geometry, and well count still need reservoir simulation."
county,Tibet Autonomous Region,Baxo County,0.0,0.0,,,0.0,,,0.0,inf,https://www.nature.com/articles/s41597-025-04875-3; https://doi.org/10.6084/m9.figshare.27646707,B,"County-level injection capacity; pressure interference, plume geometry, and well count still need reservoir simulation."
county,Tibet Autonomous Region,Bianba County,0.0,0.0,,,0.0,,,0.0,inf,https://www.nature.com/articles/s41597-025-04875-3; https://doi.org/10.6084/m9.figshare.27646707,B,"County-level injection capacity; pressure interference, plume geometry, and well count still need reservoir simulation."
county,Tibet Autonomous Region,Chaya County,0.0,0.0,,,0.0,,,0.0,inf,https://www.nature.com/articles/s41597-025-04875-3; https://doi.org/10.6084/m9.figshare.27646707,B,"County-level injection capacity; pressure interference, plume geometry, and well count still need reservoir simulation."
county,Tibet Autonomous Region,Dingqing County,0.0,0.0,,,0.0,,,0.0,inf,https://www.nature.com/articles/s41597-025-04875-3; https://doi.org/10.6084/m9.figshare.27646707,B,"County-level injection capacity; pressure interference, plume geometry, and well count still need reservoir simulation."
county,Tibet Autonomous Region,Gongjue County,0.0,0.0,,,0.0,,,0.0,inf,https://www.nature.com/articles/s41597-025-04875-3; https://doi.org/10.6084/m9.figshare.27646707,B,"County-level injection capacity; pressure interference, plume geometry, and well count still need reservoir simulation."
county,Tibet Autonomous Region,Jiangda County,0.0,0.0,,,0.0,,,0.0,inf,https://www.nature.com/articles/s41597-025-04875-3; https://doi.org/10.6084/m9.figshare.27646707,B,"County-level injection capacity; pressure interference, plume geometry, and well count still need reservoir simulation."
county,Tibet Autonomous Region,Karuo District,0.0,0.0,,,0.0,,,0.0,inf,https://www.nature.com/articles/s41597-025-04875-3; https://doi.org/10.6084/m9.figshare.27646707,B,"County-level injection capacity; pressure interference, plume geometry, and well count still need reservoir simulation."
county,Tibet Autonomous Region,Leiwuqi County,0.0,0.0,,,0.0,,,0.0,inf,https://www.nature.com/articles/s41597-025-04875-3; https://doi.org/10.6084/m9.figshare.27646707,B,"County-level injection capacity; pressure interference, plume geometry, and well count still need reservoir simulation."
county,Tibet Autonomous Region,Luolong County,0.0,0.0,,,0.0,,,0.0,inf,https://www.nature.com/articles/s41597-025-04875-3; https://doi.org/10.6084/m9.figshare.27646707,B,"County-level injection capacity; pressure interference, plume geometry, and well count still need reservoir simulation."
county,Tibet Autonomous Region,Markang County,0.0,0.0,,,0.0,,,0.0,inf,https://www.nature.com/articles/s41597-025-04875-3; https://doi.org/10.6084/m9.figshare.27646707,B,"County-level injection capacity; pressure interference, plume geometry, and well count still need reservoir simulation."
county,Tibet Autonomous Region,Zuogong County,0.0,0.0,,,0.0,,,0.0,inf,https://www.nature.com/articles/s41597-025-04875-3; https://doi.org/10.6084/m9.figshare.27646707,B,"County-level injection capacity; pressure interference, plume geometry, and well count still need reservoir simulation."
county,Tibet Autonomous Region,Chengguan District,0.0,0.0,,,0.0,,,0.0,inf,https://www.nature.com/articles/s41597-025-04875-3; https://doi.org/10.6084/m9.figshare.27646707,B,"County-level injection capacity; pressure interference, plume geometry, and well count still need reservoir simulation."
county,Tibet Autonomous Region,Dazi District,0.0,0.0,,,0.0,,,0.0,inf,https://www.nature.com/articles/s41597-025-04875-3; https://doi.org/10.6084/m9.figshare.27646707,B,"County-level injection capacity; pressure interference, plume geometry, and well count still need reservoir simulation."
county,Tibet Autonomous Region,Dangxiong County,0.0,0.0,,,0.0,,,0.0,inf,https://www.nature.com/articles/s41597-025-04875-3; https://doi.org/10.6084/m9.figshare.27646707,B,"County-level injection capacity; pressure interference, plume geometry, and well count still need reservoir simulation."
county,Tibet Autonomous Region,Duilongdeqing District,0.0,0.0,,,0.0,,,0.0,inf,https://www.nature.com/articles/s41597-025-04875-3; https://doi.org/10.6084/m9.figshare.27646707,B,"County-level injection capacity; pressure interference, plume geometry, and well count still need reservoir simulation."
county,Tibet Autonomous Region,Linzhou County,0.0,0.0,,,0.0,,,0.0,inf,https://www.nature.com/articles/s41597-025-04875-3; https://doi.org/10.6084/m9.figshare.27646707,B,"County-level injection capacity; pressure interference, plume geometry, and well count still need reservoir simulation."
county,Tibet Autonomous Region,Mozhugongka County,0.0,0.0,,,0.0,,,0.0,inf,https://www.nature.com/articles/s41597-025-04875-3; https://doi.org/10.6084/m9.figshare.27646707,B,"County-level injection capacity; pressure interference, plume geometry, and well count still need reservoir simulation."
county,Tibet Autonomous Region,Nimu County,0.0,0.0,,,0.0,,,0.0,inf,https://www.nature.com/articles/s41597-025-04875-3; https://doi.org/10.6084/m9.figshare.27646707,B,"County-level injection capacity; pressure interference, plume geometry, and well count still need reservoir simulation."
county,Tibet Autonomous Region,Qushuǐ County,0.0,0.0,,,0.0,,,0.0,inf,https://www.nature.com/articles/s41597-025-04875-3; https://doi.org/10.6084/m9.figshare.27646707,B,"County-level injection capacity; pressure interference, plume geometry, and well count still need reservoir simulation."
county,Tibet Autonomous Region,Bayi District,0.0,0.0,,,0.0,,,0.0,inf,https://www.nature.com/articles/s41597-025-04875-3; https://doi.org/10.6084/m9.figshare.27646707,B,"County-level injection capacity; pressure interference, plume geometry, and well count still need reservoir simulation."
county,Tibet Autonomous Region,Bomi County,0.0,0.0,,,0.0,,,0.0,inf,https://www.nature.com/articles/s41597-025-04875-3; https://doi.org/10.6084/m9.figshare.27646707,B,"County-level injection capacity; pressure interference, plume geometry, and well count still need reservoir simulation."
county,Tibet Autonomous Region,Chayu County,0.0,0.0,,,0.0,,,0.0,inf,https://www.nature.com/articles/s41597-025-04875-3; https://doi.org/10.6084/m9.figshare.27646707,B,"County-level injection capacity; pressure interference, plume geometry, and well count still need reservoir simulation."
county,Tibet Autonomous Region,Gongbo'gyamda County,0.0,0.0,,,0.0,,,0.0,inf,https://www.nature.com/articles/s41597-025-04875-3; https://doi.org/10.6084/m9.figshare.27646707,B,"County-level injection capacity; pressure interference, plume geometry, and well count still need reservoir simulation."
county,Tibet Autonomous Region,Lang County,0.0,0.0,,,0.0,,,0.0,inf,https://www.nature.com/articles/s41597-025-04875-3; https://doi.org/10.6084/m9.figshare.27646707,B,"County-level injection capacity; pressure interference, plume geometry, and well count still need reservoir simulation."
county,Tibet Autonomous Region,Milin County,0.0,0.0,,,0.0,,,0.0,inf,https://www.nature.com/articles/s41597-025-04875-3; https://doi.org/10.6084/m9.figshare.27646707,B,"County-level injection capacity; pressure interference, plume geometry, and well count still need reservoir simulation."
county,Tibet Autonomous Region,Motuo County,0.0,0.0,,,0.0,,,0.0,inf,https://www.nature.com/articles/s41597-025-04875-3; https://doi.org/10.6084/m9.figshare.27646707,B,"County-level injection capacity; pressure interference, plume geometry, and well count still need reservoir simulation."
county,Tibet Autonomous Region,Anduo County,0.0,0.0,,,0.0,,,0.0,inf,https://www.nature.com/articles/s41597-025-04875-3; https://doi.org/10.6084/m9.figshare.27646707,B,"County-level injection capacity; pressure interference, plume geometry, and well count still need reservoir simulation."
county,Tibet Autonomous Region,Baqing County,0.0,0.0,,,0.0,,,0.0,inf,https://www.nature.com/articles/s41597-025-04875-3; https://doi.org/10.6084/m9.figshare.27646707,B,"County-level injection capacity; pressure interference, plume geometry, and well count still need reservoir simulation."
county,Tibet Autonomous Region,Bange County,0.0,0.0,,,0.0,,,0.0,inf,https://www.nature.com/articles/s41597-025-04875-3; https://doi.org/10.6084/m9.figshare.27646707,B,"County-level injection capacity; pressure interference, plume geometry, and well count still need reservoir simulation."
county,Tibet Autonomous Region,Biru County,0.0,0.0,,,0.0,,,0.0,inf,https://www.nature.com/articles/s41597-025-04875-3; https://doi.org/10.6084/m9.figshare.27646707,B,"County-level injection capacity; pressure interference, plume geometry, and well count still need reservoir simulation."
county,Tibet Autonomous Region,Jiala County,0.0,0.0,,,0.0,,,0.0,inf,https://www.nature.com/articles/s41597-025-04875-3; https://doi.org/10.6084/m9.figshare.27646707,B,"County-level injection capacity; pressure interference, plume geometry, and well count still need reservoir simulation."
county,Tibet Autonomous Region,Nyima County,0.0,0.0,,,0.0,,,0.0,inf,https://www.nature.com/articles/s41597-025-04875-3; https://doi.org/10.6084/m9.figshare.27646707,B,"County-level injection capacity; pressure interference, plume geometry, and well count still need reservoir simulation."
county,Tibet Autonomous Region,Nierong County,0.0,0.0,,,0.0,,,0.0,inf,https://www.nature.com/articles/s41597-025-04875-3; https://doi.org/10.6084/m9.figshare.27646707,B,"County-level injection capacity; pressure interference, plume geometry, and well count still need reservoir simulation."
county,Tibet Autonomous Region,Seni District,0.0,0.0,,,0.0,,,0.0,inf,https://www.nature.com/articles/s41597-025-04875-3; https://doi.org/10.6084/m9.figshare.27646707,B,"County-level injection capacity; pressure interference, plume geometry, and well count still need reservoir simulation."
county,Tibet Autonomous Region,Shenzha County,0.0,0.0,,,0.0,,,0.0,inf,https://www.nature.com/articles/s41597-025-04875-3; https://doi.org/10.6084/m9.figshare.27646707,B,"County-level injection capacity; pressure interference, plume geometry, and well count still need reservoir simulation."
county,Tibet Autonomous Region,Shuanghu County,0.0,0.0,,,0.0,,,0.0,inf,https://www.nature.com/articles/s41597-025-04875-3; https://doi.org/10.6084/m9.figshare.27646707,B,"County-level injection capacity; pressure interference, plume geometry, and well count still need reservoir simulation."
county,Tibet Autonomous Region,Suo County,0.0,0.0,,,0.0,,,0.0,inf,https://www.nature.com/articles/s41597-025-04875-3; https://doi.org/10.6084/m9.figshare.27646707,B,"County-level injection capacity; pressure interference, plume geometry, and well count still need reservoir simulation."
county,Tibet Autonomous Region,Angren County,0.0,0.0,,,0.0,,,0.0,inf,https://www.nature.com/articles/s41597-025-04875-3; https://doi.org/10.6084/m9.figshare.27646707,B,"County-level injection capacity; pressure interference, plume geometry, and well count still need reservoir simulation."
county,Tibet Autonomous Region,Bailang County,0.0,0.0,,,0.0,,,0.0,inf,https://www.nature.com/articles/s41597-025-04875-3; https://doi.org/10.6084/m9.figshare.27646707,B,"County-level injection capacity; pressure interference, plume geometry, and well count still need reservoir simulation."
county,Tibet Autonomous Region,Dingjie County,0.0,0.0,,,0.0,,,0.0,inf,https://www.nature.com/articles/s41597-025-04875-3; https://doi.org/10.6084/m9.figshare.27646707,B,"County-level injection capacity; pressure interference, plume geometry, and well count still need reservoir simulation."
county,Tibet Autonomous Region,Dingri County,0.0,0.0,,,0.0,,,0.0,inf,https://www.nature.com/articles/s41597-025-04875-3; https://doi.org/10.6084/m9.figshare.27646707,B,"County-level injection capacity; pressure interference, plume geometry, and well count still need reservoir simulation."
county,Tibet Autonomous Region,Gangba County,0.0,0.0,,,0.0,,,0.0,inf,https://www.nature.com/articles/s41597-025-04875-3; https://doi.org/10.6084/m9.figshare.27646707,B,"County-level injection capacity; pressure interference, plume geometry, and well count still need reservoir simulation."
county,Tibet Autonomous Region,Jilong County,0.0,0.0,,,0.0,,,0.0,inf,https://www.nature.com/articles/s41597-025-04875-3; https://doi.org/10.6084/m9.figshare.27646707,B,"County-level injection capacity; pressure interference, plume geometry, and well count still need reservoir simulation."
county,Tibet Autonomous Region,Jiangzi County,0.0,0.0,,,0.0,,,0.0,inf,https://www.nature.com/articles/s41597-025-04875-3; https://doi.org/10.6084/m9.figshare.27646707,B,"County-level injection capacity; pressure interference, plume geometry, and well count still need reservoir simulation."
county,Tibet Autonomous Region,Kangma County,0.0,0.0,,,0.0,,,0.0,inf,https://www.nature.com/articles/s41597-025-04875-3; https://doi.org/10.6084/m9.figshare.27646707,B,"County-level injection capacity; pressure interference, plume geometry, and well count still need reservoir simulation."
county,Tibet Autonomous Region,Laze County,0.0,0.0,,,0.0,,,0.0,inf,https://www.nature.com/articles/s41597-025-04875-3; https://doi.org/10.6084/m9.figshare.27646707,B,"County-level injection capacity; pressure interference, plume geometry, and well count still need reservoir simulation."
county,Tibet Autonomous Region,Nanmulin County,0.0,0.0,,,0.0,,,0.0,inf,https://www.nature.com/articles/s41597-025-04875-3; https://doi.org/10.6084/m9.figshare.27646707,B,"County-level injection capacity; pressure interference, plume geometry, and well count still need reservoir simulation."
county,Tibet Autonomous Region,Nielamu County,0.0,0.0,,,0.0,,,0.0,inf,https://www.nature.com/articles/s41597-025-04875-3; https://doi.org/10.6084/m9.figshare.27646707,B,"County-level injection capacity; pressure interference, plume geometry, and well count still need reservoir simulation."
county,Tibet Autonomous Region,Renbu County,0.0,0.0,,,0.0,,,0.0,inf,https://www.nature.com/articles/s41597-025-04875-3; https://doi.org/10.6084/m9.figshare.27646707,B,"County-level injection capacity; pressure interference, plume geometry, and well count still need reservoir simulation."
county,Tibet Autonomous Region,Saga County,0.0,0.0,,,0.0,,,0.0,inf,https://www.nature.com/articles/s41597-025-04875-3; https://doi.org/10.6084/m9.figshare.27646707,B,"County-level injection capacity; pressure interference, plume geometry, and well count still need reservoir simulation."
county,Tibet Autonomous Region,Sajia County,0.0,0.0,,,0.0,,,0.0,inf,https://www.nature.com/articles/s41597-025-04875-3; https://doi.org/10.6084/m9.figshare.27646707,B,"County-level injection capacity; pressure interference, plume geometry, and well count still need reservoir simulation."
county,Tibet Autonomous Region,Sangzhuzi District,0.0,0.0,,,0.0,,,0.0,inf,https://www.nature.com/articles/s41597-025-04875-3; https://doi.org/10.6084/m9.figshare.27646707,B,"County-level injection capacity; pressure interference, plume geometry, and well count still need reservoir simulation."
county,Tibet Autonomous Region,Xietongmen County,0.0,0.0,,,0.0,,,0.0,inf,https://www.nature.com/articles/s41597-025-04875-3; https://doi.org/10.6084/m9.figshare.27646707,B,"County-level injection capacity; pressure interference, plume geometry, and well count still need reservoir simulation."
county,Tibet Autonomous Region,Yadong County,0.0,0.0,,,0.0,,,0.0,inf,https://www.nature.com/articles/s41597-025-04875-3; https://doi.org/10.6084/m9.figshare.27646707,B,"County-level injection capacity; pressure interference, plume geometry, and well count still need reservoir simulation."
county,Tibet Autonomous Region,Zhongba County,0.0,0.0,,,0.0,,,0.0,inf,https://www.nature.com/articles/s41597-025-04875-3; https://doi.org/10.6084/m9.figshare.27646707,B,"County-level injection capacity; pressure interference, plume geometry, and well count still need reservoir simulation."
county,Tibet Autonomous Region,Cuomei County,0.0,0.0,,,0.0,,,0.0,inf,https://www.nature.com/articles/s41597-025-04875-3; https://doi.org/10.6084/m9.figshare.27646707,B,"County-level injection capacity; pressure interference, plume geometry, and well count still need reservoir simulation."
county,Tibet Autonomous Region,Cuona County,0.0,0.0,,,0.0,,,0.0,inf,https://www.nature.com/articles/s41597-025-04875-3; https://doi.org/10.6084/m9.figshare.27646707,B,"County-level injection capacity; pressure interference, plume geometry, and well count still need reservoir simulation."
county,Tibet Autonomous Region,Gongga County,0.0,0.0,,,0.0,,,0.0,inf,https://www.nature.com/articles/s41597-025-04875-3; https://doi.org/10.6084/m9.figshare.27646707,B,"County-level injection capacity; pressure interference, plume geometry, and well count still need reservoir simulation."
county,Tibet Autonomous Region,Jiacha County,0.0,0.0,,,0.0,,,0.0,inf,https://www.nature.com/articles/s41597-025-04875-3; https://doi.org/10.6084/m9.figshare.27646707,B,"County-level injection capacity; pressure interference, plume geometry, and well count still need reservoir simulation."
county,Tibet Autonomous Region,Langkazi County,0.0,0.0,,,0.0,,,0.0,inf,https://www.nature.com/articles/s41597-025-04875-3; https://doi.org/10.6084/m9.figshare.27646707,B,"County-level injection capacity; pressure interference, plume geometry, and well count still need reservoir simulation."
county,Tibet Autonomous Region,Longzi County,0.0,0.0,,,0.0,,,0.0,inf,https://www.nature.com/articles/s41597-025-04875-3; https://doi.org/10.6084/m9.figshare.27646707,B,"County-level injection capacity; pressure interference, plume geometry, and well count still need reservoir simulation."
county,Tibet Autonomous Region,Luozha County,0.0,0.0,,,0.0,,,0.0,inf,https://www.nature.com/articles/s41597-025-04875-3; https://doi.org/10.6084/m9.figshare.27646707,B,"County-level injection capacity; pressure interference, plume geometry, and well count still need reservoir simulation."
county,Tibet Autonomous Region,Naidong District,0.0,0.0,,,0.0,,,0.0,inf,https://www.nature.com/articles/s41597-025-04875-3; https://doi.org/10.6084/m9.figshare.27646707,B,"County-level injection capacity; pressure interference, plume geometry, and well count still need reservoir simulation."
county,Tibet Autonomous Region,Qiongjie County,0.0,0.0,,,0.0,,,0.0,inf,https://www.nature.com/articles/s41597-025-04875-3; https://doi.org/10.6084/m9.figshare.27646707,B,"County-level injection capacity; pressure interference, plume geometry, and well count still need reservoir simulation."
county,Tibet Autonomous Region,Qusong County,0.0,0.0,,,0.0,,,0.0,inf,https://www.nature.com/articles/s41597-025-04875-3; https://doi.org/10.6084/m9.figshare.27646707,B,"County-level injection capacity; pressure interference, plume geometry, and well count still need reservoir simulation."
county,Tibet Autonomous Region,Sangri County,0.0,0.0,,,0.0,,,0.0,inf,https://www.nature.com/articles/s41597-025-04875-3; https://doi.org/10.6084/m9.figshare.27646707,B,"County-level injection capacity; pressure interference, plume geometry, and well count still need reservoir simulation."
county,Tibet Autonomous Region,Zhanang County,0.0,0.0,,,0.0,,,0.0,inf,https://www.nature.com/articles/s41597-025-04875-3; https://doi.org/10.6084/m9.figshare.27646707,B,"County-level injection capacity; pressure interference, plume geometry, and well count still need reservoir simulation."
county,Hong Kong Special Administrative Region,North District,0.0,0.0,,,0.0,,,0.0,inf,https://www.nature.com/articles/s41597-025-04875-3; https://doi.org/10.6084/m9.figshare.27646707,B,"County-level injection capacity; pressure interference, plume geometry, and well count still need reservoir simulation."
county,Hong Kong Special Administrative Region,Tai Po District,0.0,0.0,,,0.0,,,0.0,inf,https://www.nature.com/articles/s41597-025-04875-3; https://doi.org/10.6084/m9.figshare.27646707,B,"County-level injection capacity; pressure interference, plume geometry, and well count still need reservoir simulation."
county,Hong Kong Special Administrative Region,Eastern District,0.0,0.0,,,0.0,,,0.0,inf,https://www.nature.com/articles/s41597-025-04875-3; https://doi.org/10.6084/m9.figshare.27646707,B,"County-level injection capacity; pressure interference, plume geometry, and well count still need reservoir simulation."
county,Hong Kong Special Administrative Region,Kwun Tong District,0.0,0.0,,,0.0,,,0.0,inf,https://www.nature.com/articles/s41597-025-04875-3; https://doi.org/10.6084/m9.figshare.27646707,B,"County-level injection capacity; pressure interference, plume geometry, and well count still need reservoir simulation."
county,Hong Kong Special Administrative Region,Wong Tai Sin District,0.0,0.0,,,0.0,,,0.0,inf,https://www.nature.com/articles/s41597-025-04875-3; https://doi.org/10.6084/m9.figshare.27646707,B,"County-level injection capacity; pressure interference, plume geometry, and well count still need reservoir simulation."
county,Hong Kong Special Administrative Region,Kowloon City District,0.0,0.0,,,0.0,,,0.0,inf,https://www.nature.com/articles/s41597-025-04875-3; https://doi.org/10.6084/m9.figshare.27646707,B,"County-level injection capacity; pressure interference, plume geometry, and well count still need reservoir simulation."
county,Hong Kong Special Administrative Region,Tsuen Wan District,0.0,0.0,,,0.0,,,0.0,inf,https://www.nature.com/articles/s41597-025-04875-3; https://doi.org/10.6084/m9.figshare.27646707,B,"County-level injection capacity; pressure interference, plume geometry, and well count still need reservoir simulation."
county,Hong Kong Special Administrative Region,Outlying Islands District,0.0,0.0,,,0.0,,,0.0,inf,https://www.nature.com/articles/s41597-025-04875-3; https://doi.org/10.6084/m9.figshare.27646707,B,"County-level injection capacity; pressure interference, plume geometry, and well count still need reservoir simulation."
county,Hong Kong Special Administrative Region,Southern District,0.0,0.0,,,0.0,,,0.0,inf,https://www.nature.com/articles/s41597-025-04875-3; https://doi.org/10.6084/m9.figshare.27646707,B,"County-level injection capacity; pressure interference, plume geometry, and well count still need reservoir simulation."
county,Hong Kong Special Administrative Region,Tsuen Wan District ,0.0,0.0,,,0.0,,,0.0,inf,https://www.nature.com/articles/s41597-025-04875-3; https://doi.org/10.6084/m9.figshare.27646707,B,"County-level injection capacity; pressure interference, plume geometry, and well count still need reservoir simulation."
county,Hong Kong Special Administrative Region,Sha Tin District,0.0,0.0,,,0.0,,,0.0,inf,https://www.nature.com/articles/s41597-025-04875-3; https://doi.org/10.6084/m9.figshare.27646707,B,"County-level injection capacity; pressure interference, plume geometry, and well count still need reservoir simulation."
county,Hong Kong Special Administrative Region,Sham Shui Po District,0.0,0.0,,,0.0,,,0.0,inf,https://www.nature.com/articles/s41597-025-04875-3; https://doi.org/10.6084/m9.figshare.27646707,B,"County-level injection capacity; pressure interference, plume geometry, and well count still need reservoir simulation."
county,Hong Kong Special Administrative Region,Tuen Mun District,0.0,0.0,,,0.0,,,0.0,inf,https://www.nature.com/articles/s41597-025-04875-3; https://doi.org/10.6084/m9.figshare.27646707,B,"County-level injection capacity; pressure interference, plume geometry, and well count still need reservoir simulation."
county,Hong Kong Special Administrative Region,Wan Chai District,0.0,0.0,,,0.0,,,0.0,inf,https://www.nature.com/articles/s41597-025-04875-3; https://doi.org/10.6084/m9.figshare.27646707,B,"County-level injection capacity; pressure interference, plume geometry, and well count still need reservoir simulation."
county,Hong Kong Special Administrative Region,Sai Kung District,0.0,0.0,,,0.0,,,0.0,inf,https://www.nature.com/articles/s41597-025-04875-3; https://doi.org/10.6084/m9.figshare.27646707,B,"County-level injection capacity; pressure interference, plume geometry, and well count still need reservoir simulation."
county,Hong Kong Special Administrative Region,Yau Tsim Mong District,0.0,0.0,,,0.0,,,0.0,inf,https://www.nature.com/articles/s41597-025-04875-3; https://doi.org/10.6084/m9.figshare.27646707,B,"County-level injection capacity; pressure interference, plume geometry, and well count still need reservoir simulation."
county,Hong Kong Special Administrative Region,Yuen Long District,0.0,0.0,,,0.0,,,0.0,inf,https://www.nature.com/articles/s41597-025-04875-3; https://doi.org/10.6084/m9.figshare.27646707,B,"County-level injection capacity; pressure interference, plume geometry, and well count still need reservoir simulation."
county,Hong Kong Special Administrative Region,Central and Western District,0.0,0.0,,,0.0,,,0.0,inf,https://www.nature.com/articles/s41597-025-04875-3; https://doi.org/10.6084/m9.figshare.27646707,B,"County-level injection capacity; pressure interference, plume geometry, and well count still need reservoir simulation."
county,Xinjiang Uygur Autonomous Region,Aksu City,6534.59,5.42,,,0.0,,,5.42,1205.6439114391144,https://www.nature.com/articles/s41597-025-04875-3; https://doi.org/10.6084/m9.figshare.27646707,B,"County-level injection capacity; pressure interference, plume geometry, and well count still need reservoir simulation."
county,Xinjiang Uygur Autonomous Region,Awat County,79.94,2.45,,,0.0,,,2.45,32.628571428571426,https://www.nature.com/articles/s41597-025-04875-3; https://doi.org/10.6084/m9.figshare.27646707,B,"County-level injection capacity; pressure interference, plume geometry, and well count still need reservoir simulation."
county,Xinjiang Uygur Autonomous Region,Baicheng County,10707.5,32.5,,,0.0,,,32.5,329.46153846153845,https://www.nature.com/articles/s41597-025-04875-3; https://doi.org/10.6084/m9.figshare.27646707,B,"County-level injection capacity; pressure interference, plume geometry, and well count still need reservoir simulation."
county,Xinjiang Uygur Autonomous Region,Kepin County,0.0,0.0,,,0.0,,,0.0,inf,https://www.nature.com/articles/s41597-025-04875-3; https://doi.org/10.6084/m9.figshare.27646707,B,"County-level injection capacity; pressure interference, plume geometry, and well count still need reservoir simulation."
county,Xinjiang Uygur Autonomous Region,Kuqa City,6195.45,21.67,,,9.41,,,31.080000000000002,199.33880308880308,https://www.nature.com/articles/s41597-025-04875-3; https://doi.org/10.6084/m9.figshare.27646707,B,"County-level injection capacity; pressure interference, plume geometry, and well count still need reservoir simulation."
county,Xinjiang Uygur Autonomous Region,Shaya County,58834.04,10.83,,,0.0,,,10.83,5432.506001846722,https://www.nature.com/articles/s41597-025-04875-3; https://doi.org/10.6084/m9.figshare.27646707,B,"County-level injection capacity; pressure interference, plume geometry, and well count still need reservoir simulation."
county,Xinjiang Uygur Autonomous Region,Wensu County,0.0,0.0,,,0.0,,,0.0,inf,https://www.nature.com/articles/s41597-025-04875-3; https://doi.org/10.6084/m9.figshare.27646707,B,"County-level injection capacity; pressure interference, plume geometry, and well count still need reservoir simulation."
county,Xinjiang Uygur Autonomous Region,Wushi County,0.0,0.0,,,0.0,,,0.0,inf,https://www.nature.com/articles/s41597-025-04875-3; https://doi.org/10.6084/m9.figshare.27646707,B,"County-level injection capacity; pressure interference, plume geometry, and well count still need reservoir simulation."
county,Xinjiang Uygur Autonomous Region,Xinhe County,446.12,5.42,,,0.0,,,5.42,82.30996309963099,https://www.nature.com/articles/s41597-025-04875-3; https://doi.org/10.6084/m9.figshare.27646707,B,"County-level injection capacity; pressure interference, plume geometry, and well count still need reservoir simulation."
county,Xinjiang Uygur Autonomous Region,Alaer City,1505.34,2.62,,,0.0,,,2.62,574.5572519083969,https://www.nature.com/articles/s41597-025-04875-3; https://doi.org/10.6084/m9.figshare.27646707,B,"County-level injection capacity; pressure interference, plume geometry, and well count still need reservoir simulation."
county,Xinjiang Uygur Autonomous Region,Altay City,0.0,0.0,,,0.0,,,0.0,inf,https://www.nature.com/articles/s41597-025-04875-3; https://doi.org/10.6084/m9.figshare.27646707,B,"County-level injection capacity; pressure interference, plume geometry, and well count still need reservoir simulation."
county,Xinjiang Uygur Autonomous Region,Burqin County,0.0,0.0,,,0.0,,,0.0,inf,https://www.nature.com/articles/s41597-025-04875-3; https://doi.org/10.6084/m9.figshare.27646707,B,"County-level injection capacity; pressure interference, plume geometry, and well count still need reservoir simulation."
county,Xinjiang Uygur Autonomous Region,Fuhai County,6204.23,1.39,,,2.01,,,3.3999999999999995,1824.773529411765,https://www.nature.com/articles/s41597-025-04875-3; https://doi.org/10.6084/m9.figshare.27646707,B,"County-level injection capacity; pressure interference, plume geometry, and well count still need reservoir simulation."
county,Xinjiang Uygur Autonomous Region,Fuyun County,105.51,0.85,,,0.0,,,0.85,124.12941176470589,https://www.nature.com/articles/s41597-025-04875-3; https://doi.org/10.6084/m9.figshare.27646707,B,"County-level injection capacity; pressure interference, plume geometry, and well count still need reservoir simulation."
county,Xinjiang Uygur Autonomous Region,Habahe County,0.0,0.0,,,0.0,,,0.0,inf,https://www.nature.com/articles/s41597-025-04875-3; https://doi.org/10.6084/m9.figshare.27646707,B,"County-level injection capacity; pressure interference, plume geometry, and well count still need reservoir simulation."
county,Xinjiang Uygur Autonomous Region,Jeminay County,0.0,0.0,,,0.0,,,0.0,inf,https://www.nature.com/articles/s41597-025-04875-3; https://doi.org/10.6084/m9.figshare.27646707,B,"County-level injection capacity; pressure interference, plume geometry, and well count still need reservoir simulation."
county,Xinjiang Uygur Autonomous Region,Qinghe County,0.0,0.0,,,0.0,,,0.0,inf,https://www.nature.com/articles/s41597-025-04875-3; https://doi.org/10.6084/m9.figshare.27646707,B,"County-level injection capacity; pressure interference, plume geometry, and well count still need reservoir simulation."
county,Xinjiang Uygur Autonomous Region,Bohu County,7.07,0.0,,,0.0,,,0.0,inf,https://www.nature.com/articles/s41597-025-04875-3; https://doi.org/10.6084/m9.figshare.27646707,B,"County-level injection capacity; pressure interference, plume geometry, and well count still need reservoir simulation."
county,Xinjiang Uygur Autonomous Region,Hejing County,0.0,0.0,,,0.0,,,0.0,inf,https://www.nature.com/articles/s41597-025-04875-3; https://doi.org/10.6084/m9.figshare.27646707,B,"County-level injection capacity; pressure interference, plume geometry, and well count still need reservoir simulation."
county,Xinjiang Uygur Autonomous Region,Hoxud County,0.0,0.0,,,0.0,,,0.0,inf,https://www.nature.com/articles/s41597-025-04875-3; https://doi.org/10.6084/m9.figshare.27646707,B,"County-level injection capacity; pressure interference, plume geometry, and well count still need reservoir simulation."
county,Xinjiang Uygur Autonomous Region,Korla City,3658.67,16.82,,,0.0,,,16.82,217.51902497027348,https://www.nature.com/articles/s41597-025-04875-3; https://doi.org/10.6084/m9.figshare.27646707,B,"County-level injection capacity; pressure interference, plume geometry, and well count still need reservoir simulation."
county,Xinjiang Uygur Autonomous Region,Luntai County,12519.55,21.67,,,9.41,,,31.080000000000002,402.816924066924,https://www.nature.com/articles/s41597-025-04875-3; https://doi.org/10.6084/m9.figshare.27646707,B,"County-level injection capacity; pressure interference, plume geometry, and well count still need reservoir simulation."
county,Xinjiang Uygur Autonomous Region,Qiemo County,73941.45,12.65,,,0.0,,,12.65,5845.173913043478,https://www.nature.com/articles/s41597-025-04875-3; https://doi.org/10.6084/m9.figshare.27646707,B,"County-level injection capacity; pressure interference, plume geometry, and well count still need reservoir simulation."
county,Xinjiang Uygur Autonomous Region,Ruoqiang County,13598.09,10.12,,,4.4,,,14.52,936.5075757575758,https://www.nature.com/articles/s41597-025-04875-3; https://doi.org/10.6084/m9.figshare.27646707,B,"County-level injection capacity; pressure interference, plume geometry, and well count still need reservoir simulation."
county,Xinjiang Uygur Autonomous Region,Yuli County,37416.85,21.67,,,0.0,,,21.67,1726.6658975542223,https://www.nature.com/articles/s41597-025-04875-3; https://doi.org/10.6084/m9.figshare.27646707,B,"County-level injection capacity; pressure interference, plume geometry, and well count still need reservoir simulation."
county,Xinjiang Uygur Autonomous Region,Yanqi Hui Autonomous County,0.0,0.0,,,0.0,,,0.0,inf,https://www.nature.com/articles/s41597-025-04875-3; https://doi.org/10.6084/m9.figshare.27646707,B,"County-level injection capacity; pressure interference, plume geometry, and well count still need reservoir simulation."
county,Xinjiang Uygur Autonomous Region,Beitun City,0.0,0.0,,,0.0,,,0.0,inf,https://www.nature.com/articles/s41597-025-04875-3; https://doi.org/10.6084/m9.figshare.27646707,B,"County-level injection capacity; pressure interference, plume geometry, and well count still need reservoir simulation."
county,Xinjiang Uygur Autonomous Region,Alashankou City,0.0,0.0,,,0.0,,,0.0,inf,https://www.nature.com/articles/s41597-025-04875-3; https://doi.org/10.6084/m9.figshare.27646707,B,"County-level injection capacity; pressure interference, plume geometry, and well count still need reservoir simulation."
county,Xinjiang Uygur Autonomous Region,Bole City,0.0,0.0,,,0.0,,,0.0,inf,https://www.nature.com/articles/s41597-025-04875-3; https://doi.org/10.6084/m9.figshare.27646707,B,"County-level injection capacity; pressure interference, plume geometry, and well count still need reservoir simulation."
county,Xinjiang Uygur Autonomous Region,Jinghe County,171.72,1.01,,,0.0,,,1.01,170.01980198019803,https://www.nature.com/articles/s41597-025-04875-3; https://doi.org/10.6084/m9.figshare.27646707,B,"County-level injection capacity; pressure interference, plume geometry, and well count still need reservoir simulation."
county,Xinjiang Uygur Autonomous Region,Wenquan County,0.0,0.0,,,0.0,,,0.0,inf,https://www.nature.com/articles/s41597-025-04875-3; https://doi.org/10.6084/m9.figshare.27646707,B,"County-level injection capacity; pressure interference, plume geometry, and well count still need reservoir simulation."
county,Xinjiang Uygur Autonomous Region,Changji City,1716.91,0.98,,,0.0,,,0.98,1751.9489795918369,https://www.nature.com/articles/s41597-025-04875-3; https://doi.org/10.6084/m9.figshare.27646707,B,"County-level injection capacity; pressure interference, plume geometry, and well count still need reservoir simulation."
county,Xinjiang Uygur Autonomous Region,Fukang City,3389.2,1.21,,,0.99,,,2.2,1540.5454545454543,https://www.nature.com/articles/s41597-025-04875-3; https://doi.org/10.6084/m9.figshare.27646707,B,"County-level injection capacity; pressure interference, plume geometry, and well count still need reservoir simulation."
county,Xinjiang Uygur Autonomous Region,Hutubi County,3611.52,2.28,,,1.15,,,3.4299999999999997,1052.921282798834,https://www.nature.com/articles/s41597-025-04875-3; https://doi.org/10.6084/m9.figshare.27646707,B,"County-level injection capacity; pressure interference, plume geometry, and well count still need reservoir simulation."
county,Xinjiang Uygur Autonomous Region,Jimusa'er County,179.24,0.7,,,4.07,,,4.7700000000000005,37.57651991614256,https://www.nature.com/articles/s41597-025-04875-3; https://doi.org/10.6084/m9.figshare.27646707,B,"County-level injection capacity; pressure interference, plume geometry, and well count still need reservoir simulation."
county,Xinjiang Uygur Autonomous Region,Manas County,4574.45,2.28,,,1.15,,,3.4299999999999997,1333.6588921282798,https://www.nature.com/articles/s41597-025-04875-3; https://doi.org/10.6084/m9.figshare.27646707,B,"County-level injection capacity; pressure interference, plume geometry, and well count still need reservoir simulation."
county,Xinjiang Uygur Autonomous Region,Mulei Kazakh Autonomous County,0.0,0.0,,,0.0,,,0.0,inf,https://www.nature.com/articles/s41597-025-04875-3; https://doi.org/10.6084/m9.figshare.27646707,B,"County-level injection capacity; pressure interference, plume geometry, and well count still need reservoir simulation."
county,Xinjiang Uygur Autonomous Region,Qitai County,0.0,0.0,,,0.0,,,0.0,inf,https://www.nature.com/articles/s41597-025-04875-3; https://doi.org/10.6084/m9.figshare.27646707,B,"County-level injection capacity; pressure interference, plume geometry, and well count still need reservoir simulation."
county,Xinjiang Uygur Autonomous Region,Barkol Kazakh autonomous county,0.0,0.0,,,0.0,,,0.0,inf,https://www.nature.com/articles/s41597-025-04875-3; https://doi.org/10.6084/m9.figshare.27646707,B,"County-level injection capacity; pressure interference, plume geometry, and well count still need reservoir simulation."
county,Xinjiang Uygur Autonomous Region,Yiwu County,0.0,0.0,,,0.0,,,0.0,inf,https://www.nature.com/articles/s41597-025-04875-3; https://doi.org/10.6084/m9.figshare.27646707,B,"County-level injection capacity; pressure interference, plume geometry, and well count still need reservoir simulation."
county,Xinjiang Uygur Autonomous Region,Yizhou District,15328.64,23.88,,,10.37,,,34.25,447.5515328467153,https://www.nature.com/articles/s41597-025-04875-3; https://doi.org/10.6084/m9.figshare.27646707,B,"County-level injection capacity; pressure interference, plume geometry, and well count still need reservoir simulation."
county,Xinjiang Uygur Autonomous Region,Cele County,14404.07,10.12,,,0.0,,,10.12,1423.3270750988142,https://www.nature.com/articles/s41597-025-04875-3; https://doi.org/10.6084/m9.figshare.27646707,B,"County-level injection capacity; pressure interference, plume geometry, and well count still need reservoir simulation."
county,Xinjiang Uygur Autonomous Region,Hotan City,0.0,0.0,,,0.0,,,0.0,inf,https://www.nature.com/articles/s41597-025-04875-3; https://doi.org/10.6084/m9.figshare.27646707,B,"County-level injection capacity; pressure interference, plume geometry, and well count still need reservoir simulation."
county,Xinjiang Uygur Autonomous Region,Hotan County,420.54,5.06,,,0.0,,,5.06,83.1106719367589,https://www.nature.com/articles/s41597-025-04875-3; https://doi.org/10.6084/m9.figshare.27646707,B,"County-level injection capacity; pressure interference, plume geometry, and well count still need reservoir simulation."
county,Xinjiang Uygur Autonomous Region,Luopu County,5721.39,2.55,,,0.0,,,2.55,2243.6823529411768,https://www.nature.com/articles/s41597-025-04875-3; https://doi.org/10.6084/m9.figshare.27646707,B,"County-level injection capacity; pressure interference, plume geometry, and well count still need reservoir simulation."
county,Xinjiang Uygur Autonomous Region,Minfeng County,19297.97,7.59,,,0.0,,,7.59,2542.552042160738,https://www.nature.com/articles/s41597-025-04875-3; https://doi.org/10.6084/m9.figshare.27646707,B,"County-level injection capacity; pressure interference, plume geometry, and well count still need reservoir simulation."
county,Xinjiang Uygur Autonomous Region,Moyu County,2520.46,1.84,,,0.0,,,1.84,1369.8152173913043,https://www.nature.com/articles/s41597-025-04875-3; https://doi.org/10.6084/m9.figshare.27646707,B,"County-level injection capacity; pressure interference, plume geometry, and well count still need reservoir simulation."
county,Xinjiang Uygur Autonomous Region,Pishan County,0.0,0.0,,,0.0,,,0.0,inf,https://www.nature.com/articles/s41597-025-04875-3; https://doi.org/10.6084/m9.figshare.27646707,B,"County-level injection capacity; pressure interference, plume geometry, and well count still need reservoir simulation."
county,Xinjiang Uygur Autonomous Region,Yutian County,12861.7,10.12,,,0.0,,,10.12,1270.918972332016,https://www.nature.com/articles/s41597-025-04875-3; https://doi.org/10.6084/m9.figshare.27646707,B,"County-level injection capacity; pressure interference, plume geometry, and well count still need reservoir simulation."
county,Xinjiang Uygur Autonomous Region,Huyanghe City,6.21,0.0,,,10.59,,,10.59,0.5864022662889519,https://www.nature.com/articles/s41597-025-04875-3; https://doi.org/10.6084/m9.figshare.27646707,B,"County-level injection capacity; pressure interference, plume geometry, and well count still need reservoir simulation."
county,Xinjiang Uygur Autonomous Region,Bachu County,0.0,0.0,,,0.0,,,0.0,inf,https://www.nature.com/articles/s41597-025-04875-3; https://doi.org/10.6084/m9.figshare.27646707,B,"County-level injection capacity; pressure interference, plume geometry, and well count still need reservoir simulation."
county,Xinjiang Uygur Autonomous Region,Jiashi County,0.0,0.0,,,0.0,,,0.0,inf,https://www.nature.com/articles/s41597-025-04875-3; https://doi.org/10.6084/m9.figshare.27646707,B,"County-level injection capacity; pressure interference, plume geometry, and well count still need reservoir simulation."
county,Xinjiang Uygur Autonomous Region,Kashgar City,0.0,0.0,,,0.0,,,0.0,inf,https://www.nature.com/articles/s41597-025-04875-3; https://doi.org/10.6084/m9.figshare.27646707,B,"County-level injection capacity; pressure interference, plume geometry, and well count still need reservoir simulation."
county,Xinjiang Uygur Autonomous Region,Makit County,0.0,0.0,,,0.0,,,0.0,inf,https://www.nature.com/articles/s41597-025-04875-3; https://doi.org/10.6084/m9.figshare.27646707,B,"County-level injection capacity; pressure interference, plume geometry, and well count still need reservoir simulation."
county,Xinjiang Uygur Autonomous Region,Yarkant County,0.0,0.0,,,0.0,,,0.0,inf,https://www.nature.com/articles/s41597-025-04875-3; https://doi.org/10.6084/m9.figshare.27646707,B,"County-level injection capacity; pressure interference, plume geometry, and well count still need reservoir simulation."
county,Xinjiang Uygur Autonomous Region,Shufu County,0.0,0.0,,,0.0,,,0.0,inf,https://www.nature.com/articles/s41597-025-04875-3; https://doi.org/10.6084/m9.figshare.27646707,B,"County-level injection capacity; pressure interference, plume geometry, and well count still need reservoir simulation."
county,Xinjiang Uygur Autonomous Region,Shule County,0.0,0.0,,,0.0,,,0.0,inf,https://www.nature.com/articles/s41597-025-04875-3; https://doi.org/10.6084/m9.figshare.27646707,B,"County-level injection capacity; pressure interference, plume geometry, and well count still need reservoir simulation."
county,Xinjiang Uygur Autonomous Region,Taxkorgan Tajik Autonomous County,0.0,0.0,,,0.0,,,0.0,inf,https://www.nature.com/articles/s41597-025-04875-3; https://doi.org/10.6084/m9.figshare.27646707,B,"County-level injection capacity; pressure interference, plume geometry, and well count still need reservoir simulation."
county,Xinjiang Uygur Autonomous Region,Yecheng County,1.98,0.0,,,0.0,,,0.0,inf,https://www.nature.com/articles/s41597-025-04875-3; https://doi.org/10.6084/m9.figshare.27646707,B,"County-level injection capacity; pressure interference, plume geometry, and well count still need reservoir simulation."
county,Xinjiang Uygur Autonomous Region,Yingjisha County,0.0,0.0,,,0.0,,,0.0,inf,https://www.nature.com/articles/s41597-025-04875-3; https://doi.org/10.6084/m9.figshare.27646707,B,"County-level injection capacity; pressure interference, plume geometry, and well count still need reservoir simulation."
county,Xinjiang Uygur Autonomous Region,Yuepuhu County,0.0,0.0,,,0.0,,,0.0,inf,https://www.nature.com/articles/s41597-025-04875-3; https://doi.org/10.6084/m9.figshare.27646707,B,"County-level injection capacity; pressure interference, plume geometry, and well count still need reservoir simulation."
county,Xinjiang Uygur Autonomous Region,Zepu County,0.0,0.0,,,0.0,,,0.0,inf,https://www.nature.com/articles/s41597-025-04875-3; https://doi.org/10.6084/m9.figshare.27646707,B,"County-level injection capacity; pressure interference, plume geometry, and well count still need reservoir simulation."
county,Xinjiang Uygur Autonomous Region,Kekedala City,0.0,0.0,,,0.0,,,0.0,inf,https://www.nature.com/articles/s41597-025-04875-3; https://doi.org/10.6084/m9.figshare.27646707,B,"County-level injection capacity; pressure interference, plume geometry, and well count still need reservoir simulation."
county,Xinjiang Uygur Autonomous Region,Baijiantan District,792.35,1.39,,,13.1,,,14.49,54.682539682539684,https://www.nature.com/articles/s41597-025-04875-3; https://doi.org/10.6084/m9.figshare.27646707,B,"County-level injection capacity; pressure interference, plume geometry, and well count still need reservoir simulation."
county,Xinjiang Uygur Autonomous Region,Dushanzi District,19.56,0.21,,,0.09,,,0.3,65.2,https://www.nature.com/articles/s41597-025-04875-3; https://doi.org/10.6084/m9.figshare.27646707,B,"County-level injection capacity; pressure interference, plume geometry, and well count still need reservoir simulation."
county,Xinjiang Uygur Autonomous Region,Kelamayi District,724.42,0.86,,,10.59,,,11.45,63.26812227074236,https://www.nature.com/articles/s41597-025-04875-3; https://doi.org/10.6084/m9.figshare.27646707,B,"County-level injection capacity; pressure interference, plume geometry, and well count still need reservoir simulation."
county,Xinjiang Uygur Autonomous Region,Wuerhe District,746.11,1.14,,,0.58,,,1.7199999999999998,433.7848837209303,https://www.nature.com/articles/s41597-025-04875-3; https://doi.org/10.6084/m9.figshare.27646707,B,"County-level injection capacity; pressure interference, plume geometry, and well count still need reservoir simulation."
county,Xinjiang Uygur Autonomous Region,Aheqi County,0.0,0.0,,,0.0,,,0.0,inf,https://www.nature.com/articles/s41597-025-04875-3; https://doi.org/10.6084/m9.figshare.27646707,B,"County-level injection capacity; pressure interference, plume geometry, and well count still need reservoir simulation."
county,Xinjiang Uygur Autonomous Region,Aktao County,0.0,0.0,,,0.0,,,0.0,inf,https://www.nature.com/articles/s41597-025-04875-3; https://doi.org/10.6084/m9.figshare.27646707,B,"County-level injection capacity; pressure interference, plume geometry, and well count still need reservoir simulation."
county,Xinjiang Uygur Autonomous Region,Artux City,0.0,0.0,,,0.0,,,0.0,inf,https://www.nature.com/articles/s41597-025-04875-3; https://doi.org/10.6084/m9.figshare.27646707,B,"County-level injection capacity; pressure interference, plume geometry, and well count still need reservoir simulation."
county,Xinjiang Uygur Autonomous Region,wuqia county,0.21,0.0,,,0.0,,,0.0,inf,https://www.nature.com/articles/s41597-025-04875-3; https://doi.org/10.6084/m9.figshare.27646707,B,"County-level injection capacity; pressure interference, plume geometry, and well count still need reservoir simulation."
county,Xinjiang Uygur Autonomous Region,Kunyu City,28.67,7.59,,,0.0,,,7.59,3.77733860342556,https://www.nature.com/articles/s41597-025-04875-3; https://doi.org/10.6084/m9.figshare.27646707,B,"County-level injection capacity; pressure interference, plume geometry, and well count still need reservoir simulation."
county,Xinjiang Uygur Autonomous Region,Shihezi City,36.76,0.42,,,0.0,,,0.42,87.52380952380952,https://www.nature.com/articles/s41597-025-04875-3; https://doi.org/10.6084/m9.figshare.27646707,B,"County-level injection capacity; pressure interference, plume geometry, and well count still need reservoir simulation."
county,Xinjiang Uygur Autonomous Region,Shuanghe City,0.0,0.0,,,0.0,,,0.0,inf,https://www.nature.com/articles/s41597-025-04875-3; https://doi.org/10.6084/m9.figshare.27646707,B,"County-level injection capacity; pressure interference, plume geometry, and well count still need reservoir simulation."
county,Xinjiang Uygur Autonomous Region,Emin County,0.0,0.0,,,0.0,,,0.0,inf,https://www.nature.com/articles/s41597-025-04875-3; https://doi.org/10.6084/m9.figshare.27646707,B,"County-level injection capacity; pressure interference, plume geometry, and well count still need reservoir simulation."
county,Xinjiang Uygur Autonomous Region,Mongolian Autonomous County of Hoboksar,8068.2,1.95,,,18.49,,,20.439999999999998,394.7260273972603,https://www.nature.com/articles/s41597-025-04875-3; https://doi.org/10.6084/m9.figshare.27646707,B,"County-level injection capacity; pressure interference, plume geometry, and well count still need reservoir simulation."
county,Xinjiang Uygur Autonomous Region,Shawan City,2345.74,1.3,,,0.72,,,2.02,1161.2574257425742,https://www.nature.com/articles/s41597-025-04875-3; https://doi.org/10.6084/m9.figshare.27646707,B,"County-level injection capacity; pressure interference, plume geometry, and well count still need reservoir simulation."
county,Xinjiang Uygur Autonomous Region,Tacheng City,0.0,0.0,,,0.0,,,0.0,inf,https://www.nature.com/articles/s41597-025-04875-3; https://doi.org/10.6084/m9.figshare.27646707,B,"County-level injection capacity; pressure interference, plume geometry, and well count still need reservoir simulation."
county,Xinjiang Uygur Autonomous Region,Toli County,0.0,0.0,,,0.0,,,0.0,inf,https://www.nature.com/articles/s41597-025-04875-3; https://doi.org/10.6084/m9.figshare.27646707,B,"County-level injection capacity; pressure interference, plume geometry, and well count still need reservoir simulation."
county,Xinjiang Uygur Autonomous Region,Wusu City,1927.47,1.52,,,0.81,,,2.33,827.2403433476395,https://www.nature.com/articles/s41597-025-04875-3; https://doi.org/10.6084/m9.figshare.27646707,B,"County-level injection capacity; pressure interference, plume geometry, and well count still need reservoir simulation."
county,Xinjiang Uygur Autonomous Region,Yumin County,0.0,0.0,,,0.0,,,0.0,inf,https://www.nature.com/articles/s41597-025-04875-3; https://doi.org/10.6084/m9.figshare.27646707,B,"County-level injection capacity; pressure interference, plume geometry, and well count still need reservoir simulation."
county,Xinjiang Uygur Autonomous Region,Tiemenguan City,13.92,1.08,,,0.0,,,1.08,12.888888888888888,https://www.nature.com/articles/s41597-025-04875-3; https://doi.org/10.6084/m9.figshare.27646707,B,"County-level injection capacity; pressure interference, plume geometry, and well count still need reservoir simulation."
county,Xinjiang Uygur Autonomous Region,Tumushuke City,0.0,0.0,,,0.0,,,0.0,inf,https://www.nature.com/articles/s41597-025-04875-3; https://doi.org/10.6084/m9.figshare.27646707,B,"County-level injection capacity; pressure interference, plume geometry, and well count still need reservoir simulation."
county,Xinjiang Uygur Autonomous Region,Gaochang District,7697.82,20.13,,,9.22,,,29.35,262.2766609880749,https://www.nature.com/articles/s41597-025-04875-3; https://doi.org/10.6084/m9.figshare.27646707,B,"County-level injection capacity; pressure interference, plume geometry, and well count still need reservoir simulation."
county,Xinjiang Uygur Autonomous Region,Shanshan County,18841.68,28.63,,,27.58,,,56.209999999999994,335.20156555772996,https://www.nature.com/articles/s41597-025-04875-3; https://doi.org/10.6084/m9.figshare.27646707,B,"County-level injection capacity; pressure interference, plume geometry, and well count still need reservoir simulation."
county,Xinjiang Uygur Autonomous Region,Tuokexun County,2629.21,13.31,,,6.74,,,20.05,131.13266832917705,https://www.nature.com/articles/s41597-025-04875-3; https://doi.org/10.6084/m9.figshare.27646707,B,"County-level injection capacity; pressure interference, plume geometry, and well count still need reservoir simulation."
county,Xinjiang Uygur Autonomous Region,Dabancheng District,0.0,0.0,,,0.0,,,0.0,inf,https://www.nature.com/articles/s41597-025-04875-3; https://doi.org/10.6084/m9.figshare.27646707,B,"County-level injection capacity; pressure interference, plume geometry, and well count still need reservoir simulation."
county,Xinjiang Uygur Autonomous Region,Midong District,1700.57,1.21,,,0.58,,,1.79,950.0391061452514,https://www.nature.com/articles/s41597-025-04875-3; https://doi.org/10.6084/m9.figshare.27646707,B,"County-level injection capacity; pressure interference, plume geometry, and well count still need reservoir simulation."
county,Xinjiang Uygur Autonomous Region,Shayibake District,0.0,0.0,,,0.0,,,0.0,inf,https://www.nature.com/articles/s41597-025-04875-3; https://doi.org/10.6084/m9.figshare.27646707,B,"County-level injection capacity; pressure interference, plume geometry, and well count still need reservoir simulation."
county,Xinjiang Uygur Autonomous Region,Shui Mo Gou District,0.0,0.0,,,0.0,,,0.0,inf,https://www.nature.com/articles/s41597-025-04875-3; https://doi.org/10.6084/m9.figshare.27646707,B,"County-level injection capacity; pressure interference, plume geometry, and well count still need reservoir simulation."
county,Xinjiang Uygur Autonomous Region,Tianshan District,0.0,0.0,,,0.0,,,0.0,inf,https://www.nature.com/articles/s41597-025-04875-3; https://doi.org/10.6084/m9.figshare.27646707,B,"County-level injection capacity; pressure interference, plume geometry, and well count still need reservoir simulation."
county,Xinjiang Uygur Autonomous Region,Toutunhe District,0.0,0.0,,,0.0,,,0.0,inf,https://www.nature.com/articles/s41597-025-04875-3; https://doi.org/10.6084/m9.figshare.27646707,B,"County-level injection capacity; pressure interference, plume geometry, and well count still need reservoir simulation."
county,Xinjiang Uygur Autonomous Region,Urumqi County,0.0,0.0,,,0.0,,,0.0,inf,https://www.nature.com/articles/s41597-025-04875-3; https://doi.org/10.6084/m9.figshare.27646707,B,"County-level injection capacity; pressure interference, plume geometry, and well count still need reservoir simulation."
county,Xinjiang Uygur Autonomous Region,Xinshi District,0.0,0.0,,,0.0,,,0.0,inf,https://www.nature.com/articles/s41597-025-04875-3; https://doi.org/10.6084/m9.figshare.27646707,B,"County-level injection capacity; pressure interference, plume geometry, and well count still need reservoir simulation."
county,Xinjiang Uygur Autonomous Region,Wujiaqu City,334.88,0.79,,,0.0,,,0.79,423.89873417721515,https://www.nature.com/articles/s41597-025-04875-3; https://doi.org/10.6084/m9.figshare.27646707,B,"County-level injection capacity; pressure interference, plume geometry, and well count still need reservoir simulation."
county,Xinjiang Uygur Autonomous Region,Qapqal Xibe Autonomous County,0.0,0.0,,,0.0,,,0.0,inf,https://www.nature.com/articles/s41597-025-04875-3; https://doi.org/10.6084/m9.figshare.27646707,B,"County-level injection capacity; pressure interference, plume geometry, and well count still need reservoir simulation."
county,Xinjiang Uygur Autonomous Region,Gongliu County,0.0,0.0,,,0.0,,,0.0,inf,https://www.nature.com/articles/s41597-025-04875-3; https://doi.org/10.6084/m9.figshare.27646707,B,"County-level injection capacity; pressure interference, plume geometry, and well count still need reservoir simulation."
county,Xinjiang Uygur Autonomous Region,Huocheng County,0.0,0.0,,,0.0,,,0.0,inf,https://www.nature.com/articles/s41597-025-04875-3; https://doi.org/10.6084/m9.figshare.27646707,B,"County-level injection capacity; pressure interference, plume geometry, and well count still need reservoir simulation."
county,Xinjiang Uygur Autonomous Region,Khorgos,0.0,0.0,,,0.0,,,0.0,inf,https://www.nature.com/articles/s41597-025-04875-3; https://doi.org/10.6084/m9.figshare.27646707,B,"County-level injection capacity; pressure interference, plume geometry, and well count still need reservoir simulation."
county,Xinjiang Uygur Autonomous Region,Kuitun City,9.98,0.21,,,0.0,,,0.21,47.523809523809526,https://www.nature.com/articles/s41597-025-04875-3; https://doi.org/10.6084/m9.figshare.27646707,B,"County-level injection capacity; pressure interference, plume geometry, and well count still need reservoir simulation."
county,Xinjiang Uygur Autonomous Region,Nileke County,0.0,0.0,,,0.0,,,0.0,inf,https://www.nature.com/articles/s41597-025-04875-3; https://doi.org/10.6084/m9.figshare.27646707,B,"County-level injection capacity; pressure interference, plume geometry, and well count still need reservoir simulation."
county,Xinjiang Uygur Autonomous Region,Tekesi County,0.0,0.0,,,0.0,,,0.0,inf,https://www.nature.com/articles/s41597-025-04875-3; https://doi.org/10.6084/m9.figshare.27646707,B,"County-level injection capacity; pressure interference, plume geometry, and well count still need reservoir simulation."
county,Xinjiang Uygur Autonomous Region,Xinyuan County,0.0,0.0,,,0.0,,,0.0,inf,https://www.nature.com/articles/s41597-025-04875-3; https://doi.org/10.6084/m9.figshare.27646707,B,"County-level injection capacity; pressure interference, plume geometry, and well count still need reservoir simulation."
county,Xinjiang Uygur Autonomous Region,Yining City,0.0,0.0,,,0.0,,,0.0,inf,https://www.nature.com/articles/s41597-025-04875-3; https://doi.org/10.6084/m9.figshare.27646707,B,"County-level injection capacity; pressure interference, plume geometry, and well count still need reservoir simulation."
county,Xinjiang Uygur Autonomous Region,Yining County,0.0,0.0,,,0.0,,,0.0,inf,https://www.nature.com/articles/s41597-025-04875-3; https://doi.org/10.6084/m9.figshare.27646707,B,"County-level injection capacity; pressure interference, plume geometry, and well count still need reservoir simulation."
county,Xinjiang Uygur Autonomous Region,Zhaosu County,0.0,0.0,,,0.0,,,0.0,inf,https://www.nature.com/articles/s41597-025-04875-3; https://doi.org/10.6084/m9.figshare.27646707,B,"County-level injection capacity; pressure interference, plume geometry, and well count still need reservoir simulation."
county,Yunnan,Changning County,0.0,0.0,,,0.0,,,0.0,inf,https://www.nature.com/articles/s41597-025-04875-3; https://doi.org/10.6084/m9.figshare.27646707,B,"County-level injection capacity; pressure interference, plume geometry, and well count still need reservoir simulation."
county,Yunnan,Longling County,0.0,0.0,,,0.0,,,0.0,inf,https://www.nature.com/articles/s41597-025-04875-3; https://doi.org/10.6084/m9.figshare.27646707,B,"County-level injection capacity; pressure interference, plume geometry, and well count still need reservoir simulation."
county,Yunnan,Longyang District,0.0,0.0,,,0.0,,,0.0,inf,https://www.nature.com/articles/s41597-025-04875-3; https://doi.org/10.6084/m9.figshare.27646707,B,"County-level injection capacity; pressure interference, plume geometry, and well count still need reservoir simulation."
county,Yunnan,Sidian County,0.0,0.0,,,0.0,,,0.0,inf,https://www.nature.com/articles/s41597-025-04875-3; https://doi.org/10.6084/m9.figshare.27646707,B,"County-level injection capacity; pressure interference, plume geometry, and well count still need reservoir simulation."
county,Yunnan,Tengchong City,0.0,0.0,,,0.0,,,0.0,inf,https://www.nature.com/articles/s41597-025-04875-3; https://doi.org/10.6084/m9.figshare.27646707,B,"County-level injection capacity; pressure interference, plume geometry, and well count still need reservoir simulation."
county,Yunnan,Chuxiong City,0.0,0.0,,,0.0,,,0.0,inf,https://www.nature.com/articles/s41597-025-04875-3; https://doi.org/10.6084/m9.figshare.27646707,B,"County-level injection capacity; pressure interference, plume geometry, and well count still need reservoir simulation."
county,Yunnan,Dayao County,0.0,0.0,,,0.0,,,0.0,inf,https://www.nature.com/articles/s41597-025-04875-3; https://doi.org/10.6084/m9.figshare.27646707,B,"County-level injection capacity; pressure interference, plume geometry, and well count still need reservoir simulation."
county,Yunnan,Lufeng City,0.0,0.0,,,0.0,,,0.0,inf,https://www.nature.com/articles/s41597-025-04875-3; https://doi.org/10.6084/m9.figshare.27646707,B,"County-level injection capacity; pressure interference, plume geometry, and well count still need reservoir simulation."
county,Yunnan,Mouding County,0.0,0.0,,,0.0,,,0.0,inf,https://www.nature.com/articles/s41597-025-04875-3; https://doi.org/10.6084/m9.figshare.27646707,B,"County-level injection capacity; pressure interference, plume geometry, and well count still need reservoir simulation."
county,Yunnan,Nanhua County,0.0,0.0,,,0.0,,,0.0,inf,https://www.nature.com/articles/s41597-025-04875-3; https://doi.org/10.6084/m9.figshare.27646707,B,"County-level injection capacity; pressure interference, plume geometry, and well count still need reservoir simulation."
county,Yunnan,Shuangbai County,0.0,0.0,,,0.0,,,0.0,inf,https://www.nature.com/articles/s41597-025-04875-3; https://doi.org/10.6084/m9.figshare.27646707,B,"County-level injection capacity; pressure interference, plume geometry, and well count still need reservoir simulation."
county,Yunnan,Wuding County,0.0,0.0,,,0.0,,,0.0,inf,https://www.nature.com/articles/s41597-025-04875-3; https://doi.org/10.6084/m9.figshare.27646707,B,"County-level injection capacity; pressure interference, plume geometry, and well count still need reservoir simulation."
county,Yunnan,Yao'an County,0.0,0.0,,,0.0,,,0.0,inf,https://www.nature.com/articles/s41597-025-04875-3; https://doi.org/10.6084/m9.figshare.27646707,B,"County-level injection capacity; pressure interference, plume geometry, and well count still need reservoir simulation."
county,Yunnan,Yongren County,0.0,0.0,,,0.0,,,0.0,inf,https://www.nature.com/articles/s41597-025-04875-3; https://doi.org/10.6084/m9.figshare.27646707,B,"County-level injection capacity; pressure interference, plume geometry, and well count still need reservoir simulation."
county,Yunnan,Yuanmou County,0.0,0.0,,,0.0,,,0.0,inf,https://www.nature.com/articles/s41597-025-04875-3; https://doi.org/10.6084/m9.figshare.27646707,B,"County-level injection capacity; pressure interference, plume geometry, and well count still need reservoir simulation."
county,Yunnan,Binchuan County,0.0,0.0,,,0.0,,,0.0,inf,https://www.nature.com/articles/s41597-025-04875-3; https://doi.org/10.6084/m9.figshare.27646707,B,"County-level injection capacity; pressure interference, plume geometry, and well count still need reservoir simulation."
county,Yunnan,Dali City,0.0,0.0,,,0.0,,,0.0,inf,https://www.nature.com/articles/s41597-025-04875-3; https://doi.org/10.6084/m9.figshare.27646707,B,"County-level injection capacity; pressure interference, plume geometry, and well count still need reservoir simulation."
county,Yunnan,ErYuan County,0.0,0.0,,,0.0,,,0.0,inf,https://www.nature.com/articles/s41597-025-04875-3; https://doi.org/10.6084/m9.figshare.27646707,B,"County-level injection capacity; pressure interference, plume geometry, and well count still need reservoir simulation."
county,Yunnan,Heqing County,0.0,0.0,,,0.0,,,0.0,inf,https://www.nature.com/articles/s41597-025-04875-3; https://doi.org/10.6084/m9.figshare.27646707,B,"County-level injection capacity; pressure interference, plume geometry, and well count still need reservoir simulation."
county,Yunnan,Jianchuan County,0.0,0.0,,,0.0,,,0.0,inf,https://www.nature.com/articles/s41597-025-04875-3; https://doi.org/10.6084/m9.figshare.27646707,B,"County-level injection capacity; pressure interference, plume geometry, and well count still need reservoir simulation."
county,Yunnan,Midu County,0.0,0.0,,,0.0,,,0.0,inf,https://www.nature.com/articles/s41597-025-04875-3; https://doi.org/10.6084/m9.figshare.27646707,B,"County-level injection capacity; pressure interference, plume geometry, and well count still need reservoir simulation."
county,Yunnan,Nanjian Yi Autonomous County,0.0,0.0,,,0.0,,,0.0,inf,https://www.nature.com/articles/s41597-025-04875-3; https://doi.org/10.6084/m9.figshare.27646707,B,"County-level injection capacity; pressure interference, plume geometry, and well count still need reservoir simulation."
county,Yunnan,Weishan Yi and Hui Autonomous County,0.0,0.0,,,0.0,,,0.0,inf,https://www.nature.com/articles/s41597-025-04875-3; https://doi.org/10.6084/m9.figshare.27646707,B,"County-level injection capacity; pressure interference, plume geometry, and well count still need reservoir simulation."
county,Yunnan,Xiangyun County,0.0,0.0,,,0.0,,,0.0,inf,https://www.nature.com/articles/s41597-025-04875-3; https://doi.org/10.6084/m9.figshare.27646707,B,"County-level injection capacity; pressure interference, plume geometry, and well count still need reservoir simulation."
county,Yunnan,Yangbi Yi Autonomous County,0.0,0.0,,,0.0,,,0.0,inf,https://www.nature.com/articles/s41597-025-04875-3; https://doi.org/10.6084/m9.figshare.27646707,B,"County-level injection capacity; pressure interference, plume geometry, and well count still need reservoir simulation."
county,Yunnan,Yongping County,0.0,0.0,,,0.0,,,0.0,inf,https://www.nature.com/articles/s41597-025-04875-3; https://doi.org/10.6084/m9.figshare.27646707,B,"County-level injection capacity; pressure interference, plume geometry, and well count still need reservoir simulation."
county,Yunnan,Yunlong County,0.0,0.0,,,0.0,,,0.0,inf,https://www.nature.com/articles/s41597-025-04875-3; https://doi.org/10.6084/m9.figshare.27646707,B,"County-level injection capacity; pressure interference, plume geometry, and well count still need reservoir simulation."
county,Yunnan,Lianghe County,0.0,0.0,,,0.0,,,0.0,inf,https://www.nature.com/articles/s41597-025-04875-3; https://doi.org/10.6084/m9.figshare.27646707,B,"County-level injection capacity; pressure interference, plume geometry, and well count still need reservoir simulation."
county,Yunnan,Longchuan County,0.0,0.0,,,0.0,,,0.0,inf,https://www.nature.com/articles/s41597-025-04875-3; https://doi.org/10.6084/m9.figshare.27646707,B,"County-level injection capacity; pressure interference, plume geometry, and well count still need reservoir simulation."
county,Yunnan,Mang City,0.0,0.0,,,0.0,,,0.0,inf,https://www.nature.com/articles/s41597-025-04875-3; https://doi.org/10.6084/m9.figshare.27646707,B,"County-level injection capacity; pressure interference, plume geometry, and well count still need reservoir simulation."
county,Yunnan,Ruili City,0.0,0.0,,,0.0,,,0.0,inf,https://www.nature.com/articles/s41597-025-04875-3; https://doi.org/10.6084/m9.figshare.27646707,B,"County-level injection capacity; pressure interference, plume geometry, and well count still need reservoir simulation."
county,Yunnan,Yingjiang County,0.0,0.0,,,0.0,,,0.0,inf,https://www.nature.com/articles/s41597-025-04875-3; https://doi.org/10.6084/m9.figshare.27646707,B,"County-level injection capacity; pressure interference, plume geometry, and well count still need reservoir simulation."
county,Yunnan,Deqin County,0.0,0.0,,,0.0,,,0.0,inf,https://www.nature.com/articles/s41597-025-04875-3; https://doi.org/10.6084/m9.figshare.27646707,B,"County-level injection capacity; pressure interference, plume geometry, and well count still need reservoir simulation."
county,Yunnan,Weixi Li-Su Autonomous County,0.0,0.0,,,0.0,,,0.0,inf,https://www.nature.com/articles/s41597-025-04875-3; https://doi.org/10.6084/m9.figshare.27646707,B,"County-level injection capacity; pressure interference, plume geometry, and well count still need reservoir simulation."
county,Yunnan,Shangri-La City,0.0,0.0,,,0.0,,,0.0,inf,https://www.nature.com/articles/s41597-025-04875-3; https://doi.org/10.6084/m9.figshare.27646707,B,"County-level injection capacity; pressure interference, plume geometry, and well count still need reservoir simulation."
county,Yunnan,Gejiu City,0.0,0.0,,,0.0,,,0.0,inf,https://www.nature.com/articles/s41597-025-04875-3; https://doi.org/10.6084/m9.figshare.27646707,B,"County-level injection capacity; pressure interference, plume geometry, and well count still need reservoir simulation."
county,Yunnan,Hekou Yao Autonomous County,0.0,0.0,,,0.0,,,0.0,inf,https://www.nature.com/articles/s41597-025-04875-3; https://doi.org/10.6084/m9.figshare.27646707,B,"County-level injection capacity; pressure interference, plume geometry, and well count still need reservoir simulation."
county,Yunnan,Honghe County,0.0,0.0,,,0.0,,,0.0,inf,https://www.nature.com/articles/s41597-025-04875-3; https://doi.org/10.6084/m9.figshare.27646707,B,"County-level injection capacity; pressure interference, plume geometry, and well count still need reservoir simulation."
county,Yunnan,Jianshui County,0.0,0.0,,,0.0,,,0.0,inf,https://www.nature.com/articles/s41597-025-04875-3; https://doi.org/10.6084/m9.figshare.27646707,B,"County-level injection capacity; pressure interference, plume geometry, and well count still need reservoir simulation."
county,Yunnan,"Jinping Miao, Yao, and Dai autonomous county",0.0,0.0,,,0.0,,,0.0,inf,https://www.nature.com/articles/s41597-025-04875-3; https://doi.org/10.6084/m9.figshare.27646707,B,"County-level injection capacity; pressure interference, plume geometry, and well count still need reservoir simulation."
county,Yunnan,Kaiyuan City,0.0,0.0,,,0.0,,,0.0,inf,https://www.nature.com/articles/s41597-025-04875-3; https://doi.org/10.6084/m9.figshare.27646707,B,"County-level injection capacity; pressure interference, plume geometry, and well count still need reservoir simulation."
county,Yunnan,Luxi County,0.0,0.0,,,0.0,,,0.0,inf,https://www.nature.com/articles/s41597-025-04875-3; https://doi.org/10.6084/m9.figshare.27646707,B,"County-level injection capacity; pressure interference, plume geometry, and well count still need reservoir simulation."
county,Yunnan,Lvchun County,0.0,0.0,,,0.0,,,0.0,inf,https://www.nature.com/articles/s41597-025-04875-3; https://doi.org/10.6084/m9.figshare.27646707,B,"County-level injection capacity; pressure interference, plume geometry, and well count still need reservoir simulation."
county,Yunnan,Mengzi City,0.0,0.0,,,0.0,,,0.0,inf,https://www.nature.com/articles/s41597-025-04875-3; https://doi.org/10.6084/m9.figshare.27646707,B,"County-level injection capacity; pressure interference, plume geometry, and well count still need reservoir simulation."
county,Yunnan,Mile City,0.0,0.0,,,0.0,,,0.0,inf,https://www.nature.com/articles/s41597-025-04875-3; https://doi.org/10.6084/m9.figshare.27646707,B,"County-level injection capacity; pressure interference, plume geometry, and well count still need reservoir simulation."
county,Yunnan,Pingbian Miao Autonomous County,0.0,0.0,,,0.0,,,0.0,inf,https://www.nature.com/articles/s41597-025-04875-3; https://doi.org/10.6084/m9.figshare.27646707,B,"County-level injection capacity; pressure interference, plume geometry, and well count still need reservoir simulation."
county,Yunnan,Shiping County,0.0,0.0,,,0.0,,,0.0,inf,https://www.nature.com/articles/s41597-025-04875-3; https://doi.org/10.6084/m9.figshare.27646707,B,"County-level injection capacity; pressure interference, plume geometry, and well count still need reservoir simulation."
county,Yunnan,Yuanyang County,0.0,0.0,,,0.0,,,0.0,inf,https://www.nature.com/articles/s41597-025-04875-3; https://doi.org/10.6084/m9.figshare.27646707,B,"County-level injection capacity; pressure interference, plume geometry, and well count still need reservoir simulation."
county,Yunnan,Anning City,0.0,0.0,,,0.0,,,0.0,inf,https://www.nature.com/articles/s41597-025-04875-3; https://doi.org/10.6084/m9.figshare.27646707,B,"County-level injection capacity; pressure interference, plume geometry, and well count still need reservoir simulation."
county,Yunnan,Chenggong District,0.0,0.0,,,0.0,,,0.0,inf,https://www.nature.com/articles/s41597-025-04875-3; https://doi.org/10.6084/m9.figshare.27646707,B,"County-level injection capacity; pressure interference, plume geometry, and well count still need reservoir simulation."
county,Yunnan,Dongchuan District,0.0,0.0,,,0.0,,,0.0,inf,https://www.nature.com/articles/s41597-025-04875-3; https://doi.org/10.6084/m9.figshare.27646707,B,"County-level injection capacity; pressure interference, plume geometry, and well count still need reservoir simulation."
county,Yunnan,Fumin County,0.0,0.0,,,0.0,,,0.0,inf,https://www.nature.com/articles/s41597-025-04875-3; https://doi.org/10.6084/m9.figshare.27646707,B,"County-level injection capacity; pressure interference, plume geometry, and well count still need reservoir simulation."
county,Yunnan,Guandu District,0.0,0.0,,,0.0,,,0.0,inf,https://www.nature.com/articles/s41597-025-04875-3; https://doi.org/10.6084/m9.figshare.27646707,B,"County-level injection capacity; pressure interference, plume geometry, and well count still need reservoir simulation."
county,Yunnan,Jinning District,0.0,0.0,,,0.0,,,0.0,inf,https://www.nature.com/articles/s41597-025-04875-3; https://doi.org/10.6084/m9.figshare.27646707,B,"County-level injection capacity; pressure interference, plume geometry, and well count still need reservoir simulation."
county,Yunnan,Luquan Yi and Miao Autonomous County,0.0,0.0,,,0.0,,,0.0,inf,https://www.nature.com/articles/s41597-025-04875-3; https://doi.org/10.6084/m9.figshare.27646707,B,"County-level injection capacity; pressure interference, plume geometry, and well count still need reservoir simulation."
county,Yunnan,Panlong District,0.0,0.0,,,0.0,,,0.0,inf,https://www.nature.com/articles/s41597-025-04875-3; https://doi.org/10.6084/m9.figshare.27646707,B,"County-level injection capacity; pressure interference, plume geometry, and well count still need reservoir simulation."
county,Yunnan,Shilin Yi Autonomous County,0.0,0.0,,,0.0,,,0.0,inf,https://www.nature.com/articles/s41597-025-04875-3; https://doi.org/10.6084/m9.figshare.27646707,B,"County-level injection capacity; pressure interference, plume geometry, and well count still need reservoir simulation."
county,Yunnan,Songming County,0.0,0.0,,,0.0,,,0.0,inf,https://www.nature.com/articles/s41597-025-04875-3; https://doi.org/10.6084/m9.figshare.27646707,B,"County-level injection capacity; pressure interference, plume geometry, and well count still need reservoir simulation."
county,Yunnan,Wuhua District,0.0,0.0,,,0.0,,,0.0,inf,https://www.nature.com/articles/s41597-025-04875-3; https://doi.org/10.6084/m9.figshare.27646707,B,"County-level injection capacity; pressure interference, plume geometry, and well count still need reservoir simulation."
county,Yunnan,Xishan District,0.0,0.0,,,0.0,,,0.0,inf,https://www.nature.com/articles/s41597-025-04875-3; https://doi.org/10.6084/m9.figshare.27646707,B,"County-level injection capacity; pressure interference, plume geometry, and well count still need reservoir simulation."
county,Yunnan,Xundian Hui and Yi Autonomous County,0.0,0.0,,,0.0,,,0.0,inf,https://www.nature.com/articles/s41597-025-04875-3; https://doi.org/10.6084/m9.figshare.27646707,B,"County-level injection capacity; pressure interference, plume geometry, and well count still need reservoir simulation."
county,Yunnan,Yiliang County,0.0,0.0,,,0.0,,,0.0,inf,https://www.nature.com/articles/s41597-025-04875-3; https://doi.org/10.6084/m9.figshare.27646707,B,"County-level injection capacity; pressure interference, plume geometry, and well count still need reservoir simulation."
county,Yunnan,Gucheng District,0.0,0.0,,,0.0,,,0.0,inf,https://www.nature.com/articles/s41597-025-04875-3; https://doi.org/10.6084/m9.figshare.27646707,B,"County-level injection capacity; pressure interference, plume geometry, and well count still need reservoir simulation."
county,Yunnan,Huaiping County,0.0,0.0,,,0.0,,,0.0,inf,https://www.nature.com/articles/s41597-025-04875-3; https://doi.org/10.6084/m9.figshare.27646707,B,"County-level injection capacity; pressure interference, plume geometry, and well count still need reservoir simulation."
county,Yunnan,Ninglang Yi Autonomous County,0.0,0.0,,,0.0,,,0.0,inf,https://www.nature.com/articles/s41597-025-04875-3; https://doi.org/10.6084/m9.figshare.27646707,B,"County-level injection capacity; pressure interference, plume geometry, and well count still need reservoir simulation."
county,Yunnan,Yongsheng County,0.0,0.0,,,0.0,,,0.0,inf,https://www.nature.com/articles/s41597-025-04875-3; https://doi.org/10.6084/m9.figshare.27646707,B,"County-level injection capacity; pressure interference, plume geometry, and well count still need reservoir simulation."
county,Yunnan,Yulong Naxi Autonomous County,0.0,0.0,,,0.0,,,0.0,inf,https://www.nature.com/articles/s41597-025-04875-3; https://doi.org/10.6084/m9.figshare.27646707,B,"County-level injection capacity; pressure interference, plume geometry, and well count still need reservoir simulation."
county,Yunnan,Cangyuan Wa Autonomous County,0.0,0.0,,,0.0,,,0.0,inf,https://www.nature.com/articles/s41597-025-04875-3; https://doi.org/10.6084/m9.figshare.27646707,B,"County-level injection capacity; pressure interference, plume geometry, and well count still need reservoir simulation."
county,Yunnan,Fengqing County,0.0,0.0,,,0.0,,,0.0,inf,https://www.nature.com/articles/s41597-025-04875-3; https://doi.org/10.6084/m9.figshare.27646707,B,"County-level injection capacity; pressure interference, plume geometry, and well count still need reservoir simulation."
county,Yunnan,Gengma Dai and Wa Autonomous County,0.0,0.0,,,0.0,,,0.0,inf,https://www.nature.com/articles/s41597-025-04875-3; https://doi.org/10.6084/m9.figshare.27646707,B,"County-level injection capacity; pressure interference, plume geometry, and well count still need reservoir simulation."
county,Yunnan,Linxiang District,0.0,0.0,,,0.0,,,0.0,inf,https://www.nature.com/articles/s41597-025-04875-3; https://doi.org/10.6084/m9.figshare.27646707,B,"County-level injection capacity; pressure interference, plume geometry, and well count still need reservoir simulation."
county,Yunnan,"Shuangjiang Lahu, Wa, Blang, and Dai Autonomous County",0.0,0.0,,,0.0,,,0.0,inf,https://www.nature.com/articles/s41597-025-04875-3; https://doi.org/10.6084/m9.figshare.27646707,B,"County-level injection capacity; pressure interference, plume geometry, and well count still need reservoir simulation."
county,Yunnan,Yongde County,0.0,0.0,,,0.0,,,0.0,inf,https://www.nature.com/articles/s41597-025-04875-3; https://doi.org/10.6084/m9.figshare.27646707,B,"County-level injection capacity; pressure interference, plume geometry, and well count still need reservoir simulation."
county,Yunnan,Yun County,0.0,0.0,,,0.0,,,0.0,inf,https://www.nature.com/articles/s41597-025-04875-3; https://doi.org/10.6084/m9.figshare.27646707,B,"County-level injection capacity; pressure interference, plume geometry, and well count still need reservoir simulation."
county,Yunnan,Zhenkang County,0.0,0.0,,,0.0,,,0.0,inf,https://www.nature.com/articles/s41597-025-04875-3; https://doi.org/10.6084/m9.figshare.27646707,B,"County-level injection capacity; pressure interference, plume geometry, and well count still need reservoir simulation."
county,Yunnan,Fugong County,0.0,0.0,,,0.0,,,0.0,inf,https://www.nature.com/articles/s41597-025-04875-3; https://doi.org/10.6084/m9.figshare.27646707,B,"County-level injection capacity; pressure interference, plume geometry, and well count still need reservoir simulation."
county,Yunnan,Gongshan Derung Autonomous County,0.0,0.0,,,0.0,,,0.0,inf,https://www.nature.com/articles/s41597-025-04875-3; https://doi.org/10.6084/m9.figshare.27646707,B,"County-level injection capacity; pressure interference, plume geometry, and well count still need reservoir simulation."
county,Yunnan,Lanping Bai and Pumi Autonomous County,0.0,0.0,,,0.0,,,0.0,inf,https://www.nature.com/articles/s41597-025-04875-3; https://doi.org/10.6084/m9.figshare.27646707,B,"County-level injection capacity; pressure interference, plume geometry, and well count still need reservoir simulation."
county,Yunnan,Lushui City,0.0,0.0,,,0.0,,,0.0,inf,https://www.nature.com/articles/s41597-025-04875-3; https://doi.org/10.6084/m9.figshare.27646707,B,"County-level injection capacity; pressure interference, plume geometry, and well count still need reservoir simulation."
county,Yunnan,Jiangcheng Hani and Yi Autonomous County,0.0,0.0,,,0.0,,,0.0,inf,https://www.nature.com/articles/s41597-025-04875-3; https://doi.org/10.6084/m9.figshare.27646707,B,"County-level injection capacity; pressure interference, plume geometry, and well count still need reservoir simulation."
county,Yunnan,Jingdong Yi Autonomous County,0.0,0.0,,,0.0,,,0.0,inf,https://www.nature.com/articles/s41597-025-04875-3; https://doi.org/10.6084/m9.figshare.27646707,B,"County-level injection capacity; pressure interference, plume geometry, and well count still need reservoir simulation."
county,Yunnan,Jinggu Dai and Yi Autonomous County,0.0,0.0,,,0.0,,,0.0,inf,https://www.nature.com/articles/s41597-025-04875-3; https://doi.org/10.6084/m9.figshare.27646707,B,"County-level injection capacity; pressure interference, plume geometry, and well count still need reservoir simulation."
county,Yunnan,Lancang Lahu Autonomous County,0.0,0.0,,,0.0,,,0.0,inf,https://www.nature.com/articles/s41597-025-04875-3; https://doi.org/10.6084/m9.figshare.27646707,B,"County-level injection capacity; pressure interference, plume geometry, and well count still need reservoir simulation."
county,Yunnan,"Menglian Dai, Lahu, and Wa Autonomous County",0.0,0.0,,,0.0,,,0.0,inf,https://www.nature.com/articles/s41597-025-04875-3; https://doi.org/10.6084/m9.figshare.27646707,B,"County-level injection capacity; pressure interference, plume geometry, and well count still need reservoir simulation."
county,Yunnan,Mojiang Hani Autonomous County,0.0,0.0,,,0.0,,,0.0,inf,https://www.nature.com/articles/s41597-025-04875-3; https://doi.org/10.6084/m9.figshare.27646707,B,"County-level injection capacity; pressure interference, plume geometry, and well count still need reservoir simulation."
county,Yunnan,Ning'er Hani and Yi Autonomous County,0.0,0.0,,,0.0,,,0.0,inf,https://www.nature.com/articles/s41597-025-04875-3; https://doi.org/10.6084/m9.figshare.27646707,B,"County-level injection capacity; pressure interference, plume geometry, and well count still need reservoir simulation."
county,Yunnan,Simao District,0.0,0.0,,,0.0,,,0.0,inf,https://www.nature.com/articles/s41597-025-04875-3; https://doi.org/10.6084/m9.figshare.27646707,B,"County-level injection capacity; pressure interference, plume geometry, and well count still need reservoir simulation."
county,Yunnan,Ximeng Wa Autonomous County,0.0,0.0,,,0.0,,,0.0,inf,https://www.nature.com/articles/s41597-025-04875-3; https://doi.org/10.6084/m9.figshare.27646707,B,"County-level injection capacity; pressure interference, plume geometry, and well count still need reservoir simulation."
county,Yunnan,"Zhenyuan Yi, Hani, and Lahu Autonomous County",0.0,0.0,,,0.0,,,0.0,inf,https://www.nature.com/articles/s41597-025-04875-3; https://doi.org/10.6084/m9.figshare.27646707,B,"County-level injection capacity; pressure interference, plume geometry, and well count still need reservoir simulation."
county,Yunnan,Fuyuan County,0.0,0.0,,,0.0,,,0.0,inf,https://www.nature.com/articles/s41597-025-04875-3; https://doi.org/10.6084/m9.figshare.27646707,B,"County-level injection capacity; pressure interference, plume geometry, and well count still need reservoir simulation."
county,Yunnan,Huize County,0.0,0.0,,,0.0,,,0.0,inf,https://www.nature.com/articles/s41597-025-04875-3; https://doi.org/10.6084/m9.figshare.27646707,B,"County-level injection capacity; pressure interference, plume geometry, and well count still need reservoir simulation."
county,Yunnan,Luliang County,0.0,0.0,,,0.0,,,0.0,inf,https://www.nature.com/articles/s41597-025-04875-3; https://doi.org/10.6084/m9.figshare.27646707,B,"County-level injection capacity; pressure interference, plume geometry, and well count still need reservoir simulation."
county,Yunnan,Luoping County,0.0,0.0,,,0.0,,,0.0,inf,https://www.nature.com/articles/s41597-025-04875-3; https://doi.org/10.6084/m9.figshare.27646707,B,"County-level injection capacity; pressure interference, plume geometry, and well count still need reservoir simulation."
county,Yunnan,Ma Long District,0.0,0.0,,,0.0,,,0.0,inf,https://www.nature.com/articles/s41597-025-04875-3; https://doi.org/10.6084/m9.figshare.27646707,B,"County-level injection capacity; pressure interference, plume geometry, and well count still need reservoir simulation."
county,Yunnan,Qilin District,0.0,0.0,,,0.0,,,0.0,inf,https://www.nature.com/articles/s41597-025-04875-3; https://doi.org/10.6084/m9.figshare.27646707,B,"County-level injection capacity; pressure interference, plume geometry, and well count still need reservoir simulation."
county,Yunnan,Shizong County,0.0,0.0,,,0.0,,,0.0,inf,https://www.nature.com/articles/s41597-025-04875-3; https://doi.org/10.6084/m9.figshare.27646707,B,"County-level injection capacity; pressure interference, plume geometry, and well count still need reservoir simulation."
county,Yunnan,Xuanwei City,0.0,0.0,,,0.0,,,0.0,inf,https://www.nature.com/articles/s41597-025-04875-3; https://doi.org/10.6084/m9.figshare.27646707,B,"County-level injection capacity; pressure interference, plume geometry, and well count still need reservoir simulation."
county,Yunnan,Zhanyi District,0.0,0.0,,,0.0,,,0.0,inf,https://www.nature.com/articles/s41597-025-04875-3; https://doi.org/10.6084/m9.figshare.27646707,B,"County-level injection capacity; pressure interference, plume geometry, and well count still need reservoir simulation."
county,Yunnan,Funing County,0.0,0.0,,,0.0,,,0.0,inf,https://www.nature.com/articles/s41597-025-04875-3; https://doi.org/10.6084/m9.figshare.27646707,B,"County-level injection capacity; pressure interference, plume geometry, and well count still need reservoir simulation."
county,Yunnan,Guangnan County,0.0,0.0,,,0.0,,,0.0,inf,https://www.nature.com/articles/s41597-025-04875-3; https://doi.org/10.6084/m9.figshare.27646707,B,"County-level injection capacity; pressure interference, plume geometry, and well count still need reservoir simulation."
county,Yunnan,Malipo County,0.0,0.0,,,0.0,,,0.0,inf,https://www.nature.com/articles/s41597-025-04875-3; https://doi.org/10.6084/m9.figshare.27646707,B,"County-level injection capacity; pressure interference, plume geometry, and well count still need reservoir simulation."
county,Yunnan,Maguan County,0.0,0.0,,,0.0,,,0.0,inf,https://www.nature.com/articles/s41597-025-04875-3; https://doi.org/10.6084/m9.figshare.27646707,B,"County-level injection capacity; pressure interference, plume geometry, and well count still need reservoir simulation."
county,Yunnan,Qiubei County,0.0,0.0,,,0.0,,,0.0,inf,https://www.nature.com/articles/s41597-025-04875-3; https://doi.org/10.6084/m9.figshare.27646707,B,"County-level injection capacity; pressure interference, plume geometry, and well count still need reservoir simulation."
county,Yunnan,Wenshan City,0.0,0.0,,,0.0,,,0.0,inf,https://www.nature.com/articles/s41597-025-04875-3; https://doi.org/10.6084/m9.figshare.27646707,B,"County-level injection capacity; pressure interference, plume geometry, and well count still need reservoir simulation."
county,Yunnan,Xichou County,0.0,0.0,,,0.0,,,0.0,inf,https://www.nature.com/articles/s41597-025-04875-3; https://doi.org/10.6084/m9.figshare.27646707,B,"County-level injection capacity; pressure interference, plume geometry, and well count still need reservoir simulation."
county,Yunnan,Yanshan County,0.0,0.0,,,0.0,,,0.0,inf,https://www.nature.com/articles/s41597-025-04875-3; https://doi.org/10.6084/m9.figshare.27646707,B,"County-level injection capacity; pressure interference, plume geometry, and well count still need reservoir simulation."
county,Yunnan,Jinghong City,0.0,0.0,,,0.0,,,0.0,inf,https://www.nature.com/articles/s41597-025-04875-3; https://doi.org/10.6084/m9.figshare.27646707,B,"County-level injection capacity; pressure interference, plume geometry, and well count still need reservoir simulation."
county,Yunnan,Menghai County,0.0,0.0,,,0.0,,,0.0,inf,https://www.nature.com/articles/s41597-025-04875-3; https://doi.org/10.6084/m9.figshare.27646707,B,"County-level injection capacity; pressure interference, plume geometry, and well count still need reservoir simulation."
county,Yunnan,Mengla County,0.0,0.0,,,0.0,,,0.0,inf,https://www.nature.com/articles/s41597-025-04875-3; https://doi.org/10.6084/m9.figshare.27646707,B,"County-level injection capacity; pressure interference, plume geometry, and well count still need reservoir simulation."
county,Yunnan,Chengjiang City,0.0,0.0,,,0.0,,,0.0,inf,https://www.nature.com/articles/s41597-025-04875-3; https://doi.org/10.6084/m9.figshare.27646707,B,"County-level injection capacity; pressure interference, plume geometry, and well count still need reservoir simulation."
county,Yunnan,Emei Yi Autonomous County,0.0,0.0,,,0.0,,,0.0,inf,https://www.nature.com/articles/s41597-025-04875-3; https://doi.org/10.6084/m9.figshare.27646707,B,"County-level injection capacity; pressure interference, plume geometry, and well count still need reservoir simulation."
county,Yunnan,Hongta District,0.0,0.0,,,0.0,,,0.0,inf,https://www.nature.com/articles/s41597-025-04875-3; https://doi.org/10.6084/m9.figshare.27646707,B,"County-level injection capacity; pressure interference, plume geometry, and well count still need reservoir simulation."
county,Yunnan,Huaining County,0.0,0.0,,,0.0,,,0.0,inf,https://www.nature.com/articles/s41597-025-04875-3; https://doi.org/10.6084/m9.figshare.27646707,B,"County-level injection capacity; pressure interference, plume geometry, and well count still need reservoir simulation."
county,Yunnan,Jiangchuan District,0.0,0.0,,,0.0,,,0.0,inf,https://www.nature.com/articles/s41597-025-04875-3; https://doi.org/10.6084/m9.figshare.27646707,B,"County-level injection capacity; pressure interference, plume geometry, and well count still need reservoir simulation."
county,Yunnan,Tonghai County,0.0,0.0,,,0.0,,,0.0,inf,https://www.nature.com/articles/s41597-025-04875-3; https://doi.org/10.6084/m9.figshare.27646707,B,"County-level injection capacity; pressure interference, plume geometry, and well count still need reservoir simulation."
county,Yunnan,Xinping Yi and Dai Autonomous County,0.0,0.0,,,0.0,,,0.0,inf,https://www.nature.com/articles/s41597-025-04875-3; https://doi.org/10.6084/m9.figshare.27646707,B,"County-level injection capacity; pressure interference, plume geometry, and well count still need reservoir simulation."
county,Yunnan,Yimen County,0.0,0.0,,,0.0,,,0.0,inf,https://www.nature.com/articles/s41597-025-04875-3; https://doi.org/10.6084/m9.figshare.27646707,B,"County-level injection capacity; pressure interference, plume geometry, and well count still need reservoir simulation."
county,Yunnan,"Yuanjiang Hani, Yi, and Dai Autonomous County",0.0,0.0,,,0.0,,,0.0,inf,https://www.nature.com/articles/s41597-025-04875-3; https://doi.org/10.6084/m9.figshare.27646707,B,"County-level injection capacity; pressure interference, plume geometry, and well count still need reservoir simulation."
county,Yunnan,Daguan County,0.0,0.0,,,0.0,,,0.0,inf,https://www.nature.com/articles/s41597-025-04875-3; https://doi.org/10.6084/m9.figshare.27646707,B,"County-level injection capacity; pressure interference, plume geometry, and well count still need reservoir simulation."
county,Yunnan,Ludian County,0.0,0.0,,,0.0,,,0.0,inf,https://www.nature.com/articles/s41597-025-04875-3; https://doi.org/10.6084/m9.figshare.27646707,B,"County-level injection capacity; pressure interference, plume geometry, and well count still need reservoir simulation."
county,Yunnan,Qiaojia County,0.0,0.0,,,0.0,,,0.0,inf,https://www.nature.com/articles/s41597-025-04875-3; https://doi.org/10.6084/m9.figshare.27646707,B,"County-level injection capacity; pressure interference, plume geometry, and well count still need reservoir simulation."
county,Yunnan,Shuifu City,60.77,0.02,,,0.0,,,0.02,3038.5,https://www.nature.com/articles/s41597-025-04875-3; https://doi.org/10.6084/m9.figshare.27646707,B,"County-level injection capacity; pressure interference, plume geometry, and well count still need reservoir simulation."
county,Yunnan,Suijiang County,129.79,0.02,,,0.0,,,0.02,6489.499999999999,https://www.nature.com/articles/s41597-025-04875-3; https://doi.org/10.6084/m9.figshare.27646707,B,"County-level injection capacity; pressure interference, plume geometry, and well count still need reservoir simulation."
county,Yunnan,Weixin County,7.91,0.01,,,0.0,,,0.01,791.0,https://www.nature.com/articles/s41597-025-04875-3; https://doi.org/10.6084/m9.figshare.27646707,B,"County-level injection capacity; pressure interference, plume geometry, and well count still need reservoir simulation."
county,Yunnan,Yanjin County,131.79,0.02,,,0.0,,,0.02,6589.499999999999,https://www.nature.com/articles/s41597-025-04875-3; https://doi.org/10.6084/m9.figshare.27646707,B,"County-level injection capacity; pressure interference, plume geometry, and well count still need reservoir simulation."
county,Yunnan,Yiliang County,0.0,0.0,,,0.0,,,0.0,inf,https://www.nature.com/articles/s41597-025-04875-3; https://doi.org/10.6084/m9.figshare.27646707,B,"County-level injection capacity; pressure interference, plume geometry, and well count still need reservoir simulation."
county,Yunnan,Yongshan County,34.34,0.02,,,0.0,,,0.02,1717.0000000000002,https://www.nature.com/articles/s41597-025-04875-3; https://doi.org/10.6084/m9.figshare.27646707,B,"County-level injection capacity; pressure interference, plume geometry, and well count still need reservoir simulation."
county,Yunnan,Zhaoyang District,0.0,0.0,,,0.0,,,0.0,inf,https://www.nature.com/articles/s41597-025-04875-3; https://doi.org/10.6084/m9.figshare.27646707,B,"County-level injection capacity; pressure interference, plume geometry, and well count still need reservoir simulation."
county,Yunnan,Zhenxiong County,0.0,0.0,,,0.0,,,0.0,inf,https://www.nature.com/articles/s41597-025-04875-3; https://doi.org/10.6084/m9.figshare.27646707,B,"County-level injection capacity; pressure interference, plume geometry, and well count still need reservoir simulation."
county,Zhejiang,Anji County,0.0,0.0,,,0.0,,,0.0,inf,https://www.nature.com/articles/s41597-025-04875-3; https://doi.org/10.6084/m9.figshare.27646707,B,"County-level injection capacity; pressure interference, plume geometry, and well count still need reservoir simulation."
county,Zhejiang,Deqing County,0.0,0.0,,,0.0,,,0.0,inf,https://www.nature.com/articles/s41597-025-04875-3; https://doi.org/10.6084/m9.figshare.27646707,B,"County-level injection capacity; pressure interference, plume geometry, and well count still need reservoir simulation."
county,Zhejiang,Nanxun District,0.0,0.0,,,0.0,,,0.0,inf,https://www.nature.com/articles/s41597-025-04875-3; https://doi.org/10.6084/m9.figshare.27646707,B,"County-level injection capacity; pressure interference, plume geometry, and well count still need reservoir simulation."
county,Zhejiang,Wuxing District,0.0,0.0,,,0.0,,,0.0,inf,https://www.nature.com/articles/s41597-025-04875-3; https://doi.org/10.6084/m9.figshare.27646707,B,"County-level injection capacity; pressure interference, plume geometry, and well count still need reservoir simulation."
county,Zhejiang,Changxing County,0.0,0.0,,,0.0,,,0.0,inf,https://www.nature.com/articles/s41597-025-04875-3; https://doi.org/10.6084/m9.figshare.27646707,B,"County-level injection capacity; pressure interference, plume geometry, and well count still need reservoir simulation."
county,Zhejiang,Haining City,0.0,0.0,,,0.0,,,0.0,inf,https://www.nature.com/articles/s41597-025-04875-3; https://doi.org/10.6084/m9.figshare.27646707,B,"County-level injection capacity; pressure interference, plume geometry, and well count still need reservoir simulation."
county,Zhejiang,Haiyan County,0.0,0.0,,,0.0,,,0.0,inf,https://www.nature.com/articles/s41597-025-04875-3; https://doi.org/10.6084/m9.figshare.27646707,B,"County-level injection capacity; pressure interference, plume geometry, and well count still need reservoir simulation."
county,Zhejiang,Jiashan County,0.0,0.0,,,0.0,,,0.0,inf,https://www.nature.com/articles/s41597-025-04875-3; https://doi.org/10.6084/m9.figshare.27646707,B,"County-level injection capacity; pressure interference, plume geometry, and well count still need reservoir simulation."
county,Zhejiang,Nanhu District,0.0,0.0,,,0.0,,,0.0,inf,https://www.nature.com/articles/s41597-025-04875-3; https://doi.org/10.6084/m9.figshare.27646707,B,"County-level injection capacity; pressure interference, plume geometry, and well count still need reservoir simulation."
county,Zhejiang,Pinghu City,0.0,0.0,,,0.0,,,0.0,inf,https://www.nature.com/articles/s41597-025-04875-3; https://doi.org/10.6084/m9.figshare.27646707,B,"County-level injection capacity; pressure interference, plume geometry, and well count still need reservoir simulation."
county,Zhejiang,Tongxiang City,0.0,0.0,,,0.0,,,0.0,inf,https://www.nature.com/articles/s41597-025-04875-3; https://doi.org/10.6084/m9.figshare.27646707,B,"County-level injection capacity; pressure interference, plume geometry, and well count still need reservoir simulation."
county,Zhejiang,Xiuzhou District,0.0,0.0,,,0.0,,,0.0,inf,https://www.nature.com/articles/s41597-025-04875-3; https://doi.org/10.6084/m9.figshare.27646707,B,"County-level injection capacity; pressure interference, plume geometry, and well count still need reservoir simulation."
county,Zhejiang,Dongyang City,0.0,0.0,,,0.0,,,0.0,inf,https://www.nature.com/articles/s41597-025-04875-3; https://doi.org/10.6084/m9.figshare.27646707,B,"County-level injection capacity; pressure interference, plume geometry, and well count still need reservoir simulation."
county,Zhejiang,Jindong District,0.0,0.0,,,0.0,,,0.0,inf,https://www.nature.com/articles/s41597-025-04875-3; https://doi.org/10.6084/m9.figshare.27646707,B,"County-level injection capacity; pressure interference, plume geometry, and well count still need reservoir simulation."
county,Zhejiang,Lanxi City,0.0,0.0,,,0.0,,,0.0,inf,https://www.nature.com/articles/s41597-025-04875-3; https://doi.org/10.6084/m9.figshare.27646707,B,"County-level injection capacity; pressure interference, plume geometry, and well count still need reservoir simulation."
county,Zhejiang,Pan'an County,0.0,0.0,,,0.0,,,0.0,inf,https://www.nature.com/articles/s41597-025-04875-3; https://doi.org/10.6084/m9.figshare.27646707,B,"County-level injection capacity; pressure interference, plume geometry, and well count still need reservoir simulation."
county,Zhejiang,Pujiang County,0.0,0.0,,,0.0,,,0.0,inf,https://www.nature.com/articles/s41597-025-04875-3; https://doi.org/10.6084/m9.figshare.27646707,B,"County-level injection capacity; pressure interference, plume geometry, and well count still need reservoir simulation."
county,Zhejiang,Wuyi County,0.0,0.0,,,0.0,,,0.0,inf,https://www.nature.com/articles/s41597-025-04875-3; https://doi.org/10.6084/m9.figshare.27646707,B,"County-level injection capacity; pressure interference, plume geometry, and well count still need reservoir simulation."
county,Zhejiang,Wucheng District,0.0,0.0,,,0.0,,,0.0,inf,https://www.nature.com/articles/s41597-025-04875-3; https://doi.org/10.6084/m9.figshare.27646707,B,"County-level injection capacity; pressure interference, plume geometry, and well count still need reservoir simulation."
county,Zhejiang,Yiwu City,0.0,0.0,,,0.0,,,0.0,inf,https://www.nature.com/articles/s41597-025-04875-3; https://doi.org/10.6084/m9.figshare.27646707,B,"County-level injection capacity; pressure interference, plume geometry, and well count still need reservoir simulation."
county,Zhejiang,Yongkang City,0.0,0.0,,,0.0,,,0.0,inf,https://www.nature.com/articles/s41597-025-04875-3; https://doi.org/10.6084/m9.figshare.27646707,B,"County-level injection capacity; pressure interference, plume geometry, and well count still need reservoir simulation."
county,Zhejiang,Jinyun County,0.0,0.0,,,0.0,,,0.0,inf,https://www.nature.com/articles/s41597-025-04875-3; https://doi.org/10.6084/m9.figshare.27646707,B,"County-level injection capacity; pressure interference, plume geometry, and well count still need reservoir simulation."
county,Zhejiang,Jingning She Autonomous County,0.0,0.0,,,0.0,,,0.0,inf,https://www.nature.com/articles/s41597-025-04875-3; https://doi.org/10.6084/m9.figshare.27646707,B,"County-level injection capacity; pressure interference, plume geometry, and well count still need reservoir simulation."
county,Zhejiang,Liandou District,0.0,0.0,,,0.0,,,0.0,inf,https://www.nature.com/articles/s41597-025-04875-3; https://doi.org/10.6084/m9.figshare.27646707,B,"County-level injection capacity; pressure interference, plume geometry, and well count still need reservoir simulation."
county,Zhejiang,Longquan City,0.0,0.0,,,0.0,,,0.0,inf,https://www.nature.com/articles/s41597-025-04875-3; https://doi.org/10.6084/m9.figshare.27646707,B,"County-level injection capacity; pressure interference, plume geometry, and well count still need reservoir simulation."
county,Zhejiang,Qingtian County,0.0,0.0,,,0.0,,,0.0,inf,https://www.nature.com/articles/s41597-025-04875-3; https://doi.org/10.6084/m9.figshare.27646707,B,"County-level injection capacity; pressure interference, plume geometry, and well count still need reservoir simulation."
county,Zhejiang,Qingyuan County,0.0,0.0,,,0.0,,,0.0,inf,https://www.nature.com/articles/s41597-025-04875-3; https://doi.org/10.6084/m9.figshare.27646707,B,"County-level injection capacity; pressure interference, plume geometry, and well count still need reservoir simulation."
county,Zhejiang,Songyang County,0.0,0.0,,,0.0,,,0.0,inf,https://www.nature.com/articles/s41597-025-04875-3; https://doi.org/10.6084/m9.figshare.27646707,B,"County-level injection capacity; pressure interference, plume geometry, and well count still need reservoir simulation."
county,Zhejiang,Suichang County,0.0,0.0,,,0.0,,,0.0,inf,https://www.nature.com/articles/s41597-025-04875-3; https://doi.org/10.6084/m9.figshare.27646707,B,"County-level injection capacity; pressure interference, plume geometry, and well count still need reservoir simulation."
county,Zhejiang,Yunhe County,0.0,0.0,,,0.0,,,0.0,inf,https://www.nature.com/articles/s41597-025-04875-3; https://doi.org/10.6084/m9.figshare.27646707,B,"County-level injection capacity; pressure interference, plume geometry, and well count still need reservoir simulation."
county,Zhejiang,Beilun District,0.0,0.0,,,0.0,,,0.0,inf,https://www.nature.com/articles/s41597-025-04875-3; https://doi.org/10.6084/m9.figshare.27646707,B,"County-level injection capacity; pressure interference, plume geometry, and well count still need reservoir simulation."
county,Zhejiang,Cixi City,0.0,0.0,,,0.0,,,0.0,inf,https://www.nature.com/articles/s41597-025-04875-3; https://doi.org/10.6084/m9.figshare.27646707,B,"County-level injection capacity; pressure interference, plume geometry, and well count still need reservoir simulation."
county,Zhejiang,Fenghua District,0.0,0.0,,,0.0,,,0.0,inf,https://www.nature.com/articles/s41597-025-04875-3; https://doi.org/10.6084/m9.figshare.27646707,B,"County-level injection capacity; pressure interference, plume geometry, and well count still need reservoir simulation."
county,Zhejiang,Haishu District,0.0,0.0,,,0.0,,,0.0,inf,https://www.nature.com/articles/s41597-025-04875-3; https://doi.org/10.6084/m9.figshare.27646707,B,"County-level injection capacity; pressure interference, plume geometry, and well count still need reservoir simulation."
county,Zhejiang,Jiangbei District,0.0,0.0,,,0.0,,,0.0,inf,https://www.nature.com/articles/s41597-025-04875-3; https://doi.org/10.6084/m9.figshare.27646707,B,"County-level injection capacity; pressure interference, plume geometry, and well count still need reservoir simulation."
county,Zhejiang,Ninghai County,0.0,0.0,,,0.0,,,0.0,inf,https://www.nature.com/articles/s41597-025-04875-3; https://doi.org/10.6084/m9.figshare.27646707,B,"County-level injection capacity; pressure interference, plume geometry, and well count still need reservoir simulation."
county,Zhejiang,Xiangshan County,0.0,0.0,,,0.0,,,0.0,inf,https://www.nature.com/articles/s41597-025-04875-3; https://doi.org/10.6084/m9.figshare.27646707,B,"County-level injection capacity; pressure interference, plume geometry, and well count still need reservoir simulation."
county,Zhejiang,Yinzhou District,0.0,0.0,,,0.0,,,0.0,inf,https://www.nature.com/articles/s41597-025-04875-3; https://doi.org/10.6084/m9.figshare.27646707,B,"County-level injection capacity; pressure interference, plume geometry, and well count still need reservoir simulation."
county,Zhejiang,Yuyao City,0.0,0.0,,,0.0,,,0.0,inf,https://www.nature.com/articles/s41597-025-04875-3; https://doi.org/10.6084/m9.figshare.27646707,B,"County-level injection capacity; pressure interference, plume geometry, and well count still need reservoir simulation."
county,Zhejiang,Zhenhai District,0.0,0.0,,,0.0,,,0.0,inf,https://www.nature.com/articles/s41597-025-04875-3; https://doi.org/10.6084/m9.figshare.27646707,B,"County-level injection capacity; pressure interference, plume geometry, and well count still need reservoir simulation."
county,Zhejiang,Changshan County,0.0,0.0,,,0.0,,,0.0,inf,https://www.nature.com/articles/s41597-025-04875-3; https://doi.org/10.6084/m9.figshare.27646707,B,"County-level injection capacity; pressure interference, plume geometry, and well count still need reservoir simulation."
county,Zhejiang,Jiangshan City,0.0,0.0,,,0.0,,,0.0,inf,https://www.nature.com/articles/s41597-025-04875-3; https://doi.org/10.6084/m9.figshare.27646707,B,"County-level injection capacity; pressure interference, plume geometry, and well count still need reservoir simulation."
county,Zhejiang,Kaihua County,0.0,0.0,,,0.0,,,0.0,inf,https://www.nature.com/articles/s41597-025-04875-3; https://doi.org/10.6084/m9.figshare.27646707,B,"County-level injection capacity; pressure interference, plume geometry, and well count still need reservoir simulation."
county,Zhejiang,Kecheng District,0.0,0.0,,,0.0,,,0.0,inf,https://www.nature.com/articles/s41597-025-04875-3; https://doi.org/10.6084/m9.figshare.27646707,B,"County-level injection capacity; pressure interference, plume geometry, and well count still need reservoir simulation."
county,Zhejiang,Longyou County,0.0,0.0,,,0.0,,,0.0,inf,https://www.nature.com/articles/s41597-025-04875-3; https://doi.org/10.6084/m9.figshare.27646707,B,"County-level injection capacity; pressure interference, plume geometry, and well count still need reservoir simulation."
county,Zhejiang,Qujiang District,0.0,0.0,,,0.0,,,0.0,inf,https://www.nature.com/articles/s41597-025-04875-3; https://doi.org/10.6084/m9.figshare.27646707,B,"County-level injection capacity; pressure interference, plume geometry, and well count still need reservoir simulation."
county,Zhejiang,Keqiao District,0.0,0.0,,,0.0,,,0.0,inf,https://www.nature.com/articles/s41597-025-04875-3; https://doi.org/10.6084/m9.figshare.27646707,B,"County-level injection capacity; pressure interference, plume geometry, and well count still need reservoir simulation."
county,Zhejiang,Shangyu District,0.0,0.0,,,0.0,,,0.0,inf,https://www.nature.com/articles/s41597-025-04875-3; https://doi.org/10.6084/m9.figshare.27646707,B,"County-level injection capacity; pressure interference, plume geometry, and well count still need reservoir simulation."
county,Zhejiang,Shengzhou City,0.0,0.0,,,0.0,,,0.0,inf,https://www.nature.com/articles/s41597-025-04875-3; https://doi.org/10.6084/m9.figshare.27646707,B,"County-level injection capacity; pressure interference, plume geometry, and well count still need reservoir simulation."
county,Zhejiang,Xinchang County,0.0,0.0,,,0.0,,,0.0,inf,https://www.nature.com/articles/s41597-025-04875-3; https://doi.org/10.6084/m9.figshare.27646707,B,"County-level injection capacity; pressure interference, plume geometry, and well count still need reservoir simulation."
county,Zhejiang,Yuecheng District,0.0,0.0,,,0.0,,,0.0,inf,https://www.nature.com/articles/s41597-025-04875-3; https://doi.org/10.6084/m9.figshare.27646707,B,"County-level injection capacity; pressure interference, plume geometry, and well count still need reservoir simulation."
county,Zhejiang,Zhuji City,0.0,0.0,,,0.0,,,0.0,inf,https://www.nature.com/articles/s41597-025-04875-3; https://doi.org/10.6084/m9.figshare.27646707,B,"County-level injection capacity; pressure interference, plume geometry, and well count still need reservoir simulation."
county,Zhejiang,Huangyan District,0.0,0.0,,,0.0,,,0.0,inf,https://www.nature.com/articles/s41597-025-04875-3; https://doi.org/10.6084/m9.figshare.27646707,B,"County-level injection capacity; pressure interference, plume geometry, and well count still need reservoir simulation."
county,Zhejiang,Jiaojiang District,0.0,0.0,,,0.0,,,0.0,inf,https://www.nature.com/articles/s41597-025-04875-3; https://doi.org/10.6084/m9.figshare.27646707,B,"County-level injection capacity; pressure interference, plume geometry, and well count still need reservoir simulation."
county,Zhejiang,Linhai City,0.0,0.0,,,0.0,,,0.0,inf,https://www.nature.com/articles/s41597-025-04875-3; https://doi.org/10.6084/m9.figshare.27646707,B,"County-level injection capacity; pressure interference, plume geometry, and well count still need reservoir simulation."
county,Zhejiang,Luqiao District,0.0,0.0,,,0.0,,,0.0,inf,https://www.nature.com/articles/s41597-025-04875-3; https://doi.org/10.6084/m9.figshare.27646707,B,"County-level injection capacity; pressure interference, plume geometry, and well count still need reservoir simulation."
county,Zhejiang,Sanmen County,0.0,0.0,,,0.0,,,0.0,inf,https://www.nature.com/articles/s41597-025-04875-3; https://doi.org/10.6084/m9.figshare.27646707,B,"County-level injection capacity; pressure interference, plume geometry, and well count still need reservoir simulation."
county,Zhejiang,Tiantai County,0.0,0.0,,,0.0,,,0.0,inf,https://www.nature.com/articles/s41597-025-04875-3; https://doi.org/10.6084/m9.figshare.27646707,B,"County-level injection capacity; pressure interference, plume geometry, and well count still need reservoir simulation."
county,Zhejiang,Wenling City,0.0,0.0,,,0.0,,,0.0,inf,https://www.nature.com/articles/s41597-025-04875-3; https://doi.org/10.6084/m9.figshare.27646707,B,"County-level injection capacity; pressure interference, plume geometry, and well count still need reservoir simulation."
county,Zhejiang,Xianju County,0.0,0.0,,,0.0,,,0.0,inf,https://www.nature.com/articles/s41597-025-04875-3; https://doi.org/10.6084/m9.figshare.27646707,B,"County-level injection capacity; pressure interference, plume geometry, and well count still need reservoir simulation."
county,Zhejiang,Yuhuan City,0.0,0.0,,,0.0,,,0.0,inf,https://www.nature.com/articles/s41597-025-04875-3; https://doi.org/10.6084/m9.figshare.27646707,B,"County-level injection capacity; pressure interference, plume geometry, and well count still need reservoir simulation."
county,Zhejiang,Cangnan County,0.0,0.0,,,0.0,,,0.0,inf,https://www.nature.com/articles/s41597-025-04875-3; https://doi.org/10.6084/m9.figshare.27646707,B,"County-level injection capacity; pressure interference, plume geometry, and well count still need reservoir simulation."
county,Zhejiang,Dongtou District,0.0,0.0,,,0.0,,,0.0,inf,https://www.nature.com/articles/s41597-025-04875-3; https://doi.org/10.6084/m9.figshare.27646707,B,"County-level injection capacity; pressure interference, plume geometry, and well count still need reservoir simulation."
county,Zhejiang,Yueqing City,0.0,0.0,,,0.0,,,0.0,inf,https://www.nature.com/articles/s41597-025-04875-3; https://doi.org/10.6084/m9.figshare.27646707,B,"County-level injection capacity; pressure interference, plume geometry, and well count still need reservoir simulation."
county,Zhejiang,Longgang City,0.0,0.0,,,0.0,,,0.0,inf,https://www.nature.com/articles/s41597-025-04875-3; https://doi.org/10.6084/m9.figshare.27646707,B,"County-level injection capacity; pressure interference, plume geometry, and well count still need reservoir simulation."
county,Zhejiang,Longwan District,0.0,0.0,,,0.0,,,0.0,inf,https://www.nature.com/articles/s41597-025-04875-3; https://doi.org/10.6084/m9.figshare.27646707,B,"County-level injection capacity; pressure interference, plume geometry, and well count still need reservoir simulation."
county,Zhejiang,Lucheng District,0.0,0.0,,,0.0,,,0.0,inf,https://www.nature.com/articles/s41597-025-04875-3; https://doi.org/10.6084/m9.figshare.27646707,B,"County-level injection capacity; pressure interference, plume geometry, and well count still need reservoir simulation."
county,Zhejiang,Ouhai District,0.0,0.0,,,0.0,,,0.0,inf,https://www.nature.com/articles/s41597-025-04875-3; https://doi.org/10.6084/m9.figshare.27646707,B,"County-level injection capacity; pressure interference, plume geometry, and well count still need reservoir simulation."
county,Zhejiang,Pingyang County,0.0,0.0,,,0.0,,,0.0,inf,https://www.nature.com/articles/s41597-025-04875-3; https://doi.org/10.6084/m9.figshare.27646707,B,"County-level injection capacity; pressure interference, plume geometry, and well count still need reservoir simulation."
county,Zhejiang,Rui'an City,0.0,0.0,,,0.0,,,0.0,inf,https://www.nature.com/articles/s41597-025-04875-3; https://doi.org/10.6084/m9.figshare.27646707,B,"County-level injection capacity; pressure interference, plume geometry, and well count still need reservoir simulation."
county,Zhejiang,Taishun County,0.0,0.0,,,0.0,,,0.0,inf,https://www.nature.com/articles/s41597-025-04875-3; https://doi.org/10.6084/m9.figshare.27646707,B,"County-level injection capacity; pressure interference, plume geometry, and well count still need reservoir simulation."
county,Zhejiang,Wencheng County,0.0,0.0,,,0.0,,,0.0,inf,https://www.nature.com/articles/s41597-025-04875-3; https://doi.org/10.6084/m9.figshare.27646707,B,"County-level injection capacity; pressure interference, plume geometry, and well count still need reservoir simulation."
county,Zhejiang,Yongjia County,0.0,0.0,,,0.0,,,0.0,inf,https://www.nature.com/articles/s41597-025-04875-3; https://doi.org/10.6084/m9.figshare.27646707,B,"County-level injection capacity; pressure interference, plume geometry, and well count still need reservoir simulation."
county,Zhejiang,Daishan County,0.0,0.0,,,0.0,,,0.0,inf,https://www.nature.com/articles/s41597-025-04875-3; https://doi.org/10.6084/m9.figshare.27646707,B,"County-level injection capacity; pressure interference, plume geometry, and well count still need reservoir simulation."
county,Zhejiang,Dinghai District,0.0,0.0,,,0.0,,,0.0,inf,https://www.nature.com/articles/s41597-025-04875-3; https://doi.org/10.6084/m9.figshare.27646707,B,"County-level injection capacity; pressure interference, plume geometry, and well count still need reservoir simulation."
county,Zhejiang,Putuo District,0.0,0.0,,,0.0,,,0.0,inf,https://www.nature.com/articles/s41597-025-04875-3; https://doi.org/10.6084/m9.figshare.27646707,B,"County-level injection capacity; pressure interference, plume geometry, and well count still need reservoir simulation."
county,Zhejiang,Shengsi County,0.0,0.0,,,0.0,,,0.0,inf,https://www.nature.com/articles/s41597-025-04875-3; https://doi.org/10.6084/m9.figshare.27646707,B,"County-level injection capacity; pressure interference, plume geometry, and well count still need reservoir simulation."
county,Chongqing,Banan District ,299.73,0.01,,,0.0,,,0.01,29973.0,https://www.nature.com/articles/s41597-025-04875-3; https://doi.org/10.6084/m9.figshare.27646707,B,"County-level injection capacity; pressure interference, plume geometry, and well count still need reservoir simulation."
county,Chongqing,Beibei District,121.24,0.01,,,0.0,,,0.01,12124.0,https://www.nature.com/articles/s41597-025-04875-3; https://doi.org/10.6084/m9.figshare.27646707,B,"County-level injection capacity; pressure interference, plume geometry, and well count still need reservoir simulation."
county,Chongqing,Bishan District,143.28,0.01,,,0.0,,,0.01,14328.0,https://www.nature.com/articles/s41597-025-04875-3; https://doi.org/10.6084/m9.figshare.27646707,B,"County-level injection capacity; pressure interference, plume geometry, and well count still need reservoir simulation."
county,Chongqing,Chengkou County,0.0,0.0,,,0.0,,,0.0,inf,https://www.nature.com/articles/s41597-025-04875-3; https://doi.org/10.6084/m9.figshare.27646707,B,"County-level injection capacity; pressure interference, plume geometry, and well count still need reservoir simulation."
county,Chongqing,Dadukou District,12.59,0.01,,,0.0,,,0.01,1259.0,https://www.nature.com/articles/s41597-025-04875-3; https://doi.org/10.6084/m9.figshare.27646707,B,"County-level injection capacity; pressure interference, plume geometry, and well count still need reservoir simulation."
county,Chongqing,Dazhu District,230.89,0.01,,,0.0,,,0.01,23088.999999999996,https://www.nature.com/articles/s41597-025-04875-3; https://doi.org/10.6084/m9.figshare.27646707,B,"County-level injection capacity; pressure interference, plume geometry, and well count still need reservoir simulation."
county,Chongqing,Dianjiang County,241.76,0.01,,,0.0,,,0.01,24176.0,https://www.nature.com/articles/s41597-025-04875-3; https://doi.org/10.6084/m9.figshare.27646707,B,"County-level injection capacity; pressure interference, plume geometry, and well count still need reservoir simulation."
county,Chongqing,Fengdu County,375.81,0.01,,,0.0,,,0.01,37581.0,https://www.nature.com/articles/s41597-025-04875-3; https://doi.org/10.6084/m9.figshare.27646707,B,"County-level injection capacity; pressure interference, plume geometry, and well count still need reservoir simulation."
county,Chongqing,Fengjie County,261.27,0.01,,,0.0,,,0.01,26126.999999999996,https://www.nature.com/articles/s41597-025-04875-3; https://doi.org/10.6084/m9.figshare.27646707,B,"County-level injection capacity; pressure interference, plume geometry, and well count still need reservoir simulation."
county,Chongqing,Fuling District,439.28,0.01,,,0.0,,,0.01,43927.99999999999,https://www.nature.com/articles/s41597-025-04875-3; https://doi.org/10.6084/m9.figshare.27646707,B,"County-level injection capacity; pressure interference, plume geometry, and well count still need reservoir simulation."
county,Chongqing,Hechuan District,411.94,0.01,,,0.01,,,0.02,20597.0,https://www.nature.com/articles/s41597-025-04875-3; https://doi.org/10.6084/m9.figshare.27646707,B,"County-level injection capacity; pressure interference, plume geometry, and well count still need reservoir simulation."
county,Chongqing,Jiangbei District,24.74,0.01,,,0.0,,,0.01,2474.0,https://www.nature.com/articles/s41597-025-04875-3; https://doi.org/10.6084/m9.figshare.27646707,B,"County-level injection capacity; pressure interference, plume geometry, and well count still need reservoir simulation."
county,Chongqing,Jiangjin District,500.93,0.01,,,0.0,,,0.01,50093.0,https://www.nature.com/articles/s41597-025-04875-3; https://doi.org/10.6084/m9.figshare.27646707,B,"County-level injection capacity; pressure interference, plume geometry, and well count still need reservoir simulation."
county,Chongqing,Jiulongpo District,75.54,0.01,,,0.0,,,0.01,7554.000000000001,https://www.nature.com/articles/s41597-025-04875-3; https://doi.org/10.6084/m9.figshare.27646707,B,"County-level injection capacity; pressure interference, plume geometry, and well count still need reservoir simulation."
county,Chongqing,Kaizhou District,573.63,0.01,,,0.0,,,0.01,57363.0,https://www.nature.com/articles/s41597-025-04875-3; https://doi.org/10.6084/m9.figshare.27646707,B,"County-level injection capacity; pressure interference, plume geometry, and well count still need reservoir simulation."
county,Chongqing,Liangping District,345.84,0.01,,,0.0,,,0.01,34584.0,https://www.nature.com/articles/s41597-025-04875-3; https://doi.org/10.6084/m9.figshare.27646707,B,"County-level injection capacity; pressure interference, plume geometry, and well count still need reservoir simulation."
county,Chongqing,Nan'an District,46.16,0.01,,,0.0,,,0.01,4616.0,https://www.nature.com/articles/s41597-025-04875-3; https://doi.org/10.6084/m9.figshare.27646707,B,"County-level injection capacity; pressure interference, plume geometry, and well count still need reservoir simulation."
county,Chongqing,Nanchuan District,201.51,0.01,,,0.0,,,0.01,20151.0,https://www.nature.com/articles/s41597-025-04875-3; https://doi.org/10.6084/m9.figshare.27646707,B,"County-level injection capacity; pressure interference, plume geometry, and well count still need reservoir simulation."
county,Chongqing,Pengshui Miao and Tujia Autonomous County,0.0,0.0,,,0.0,,,0.0,inf,https://www.nature.com/articles/s41597-025-04875-3; https://doi.org/10.6084/m9.figshare.27646707,B,"County-level injection capacity; pressure interference, plume geometry, and well count still need reservoir simulation."
county,Chongqing,Qijiang District,268.92,0.01,,,0.01,,,0.02,13446.0,https://www.nature.com/articles/s41597-025-04875-3; https://doi.org/10.6084/m9.figshare.27646707,B,"County-level injection capacity; pressure interference, plume geometry, and well count still need reservoir simulation."
county,Chongqing,Qianjiang District,0.0,0.0,,,0.0,,,0.0,inf,https://www.nature.com/articles/s41597-025-04875-3; https://doi.org/10.6084/m9.figshare.27646707,B,"County-level injection capacity; pressure interference, plume geometry, and well count still need reservoir simulation."
county,Chongqing,Rongchang District,152.57,0.01,,,0.0,,,0.01,15256.999999999998,https://www.nature.com/articles/s41597-025-04875-3; https://doi.org/10.6084/m9.figshare.27646707,B,"County-level injection capacity; pressure interference, plume geometry, and well count still need reservoir simulation."
county,Chongqing,Shapingba District,62.84,0.01,,,0.0,,,0.01,6284.0,https://www.nature.com/articles/s41597-025-04875-3; https://doi.org/10.6084/m9.figshare.27646707,B,"County-level injection capacity; pressure interference, plume geometry, and well count still need reservoir simulation."
county,Chongqing,Shizhu Tujia Autonomous County,338.32,0.01,,,0.0,,,0.01,33832.0,https://www.nature.com/articles/s41597-025-04875-3; https://doi.org/10.6084/m9.figshare.27646707,B,"County-level injection capacity; pressure interference, plume geometry, and well count still need reservoir simulation."
county,Chongqing,Tongliang District,210.55,0.01,,,0.0,,,0.01,21055.0,https://www.nature.com/articles/s41597-025-04875-3; https://doi.org/10.6084/m9.figshare.27646707,B,"County-level injection capacity; pressure interference, plume geometry, and well count still need reservoir simulation."
county,Chongqing,Tongnan District,302.26,0.01,,,0.01,,,0.02,15113.0,https://www.nature.com/articles/s41597-025-04875-3; https://doi.org/10.6084/m9.figshare.27646707,B,"County-level injection capacity; pressure interference, plume geometry, and well count still need reservoir simulation."
county,Chongqing,Wanzhou District,606.43,0.01,,,0.0,,,0.01,60642.99999999999,https://www.nature.com/articles/s41597-025-04875-3; https://doi.org/10.6084/m9.figshare.27646707,B,"County-level injection capacity; pressure interference, plume geometry, and well count still need reservoir simulation."
county,Chongqing,WuShan County,4.4,0.01,,,0.0,,,0.01,440.0,https://www.nature.com/articles/s41597-025-04875-3; https://doi.org/10.6084/m9.figshare.27646707,B,"County-level injection capacity; pressure interference, plume geometry, and well count still need reservoir simulation."
county,Chongqing,Wuxi County,16.79,0.01,,,0.0,,,0.01,1678.9999999999998,https://www.nature.com/articles/s41597-025-04875-3; https://doi.org/10.6084/m9.figshare.27646707,B,"County-level injection capacity; pressure interference, plume geometry, and well count still need reservoir simulation."
county,Chongqing,Wulong District,139.94,0.01,,,0.0,,,0.01,13994.0,https://www.nature.com/articles/s41597-025-04875-3; https://doi.org/10.6084/m9.figshare.27646707,B,"County-level injection capacity; pressure interference, plume geometry, and well count still need reservoir simulation."
county,Chongqing,Xiushan Tujia and Miao Autonomous County,0.0,0.0,,,0.0,,,0.0,inf,https://www.nature.com/articles/s41597-025-04875-3; https://doi.org/10.6084/m9.figshare.27646707,B,"County-level injection capacity; pressure interference, plume geometry, and well count still need reservoir simulation."
county,Chongqing,Yongchuan District,243.28,0.01,,,0.0,,,0.01,24328.0,https://www.nature.com/articles/s41597-025-04875-3; https://doi.org/10.6084/m9.figshare.27646707,B,"County-level injection capacity; pressure interference, plume geometry, and well count still need reservoir simulation."
county,Chongqing,Youyang Tujia and Miao Autonomous County,0.0,0.0,,,0.0,,,0.0,inf,https://www.nature.com/articles/s41597-025-04875-3; https://doi.org/10.6084/m9.figshare.27646707,B,"County-level injection capacity; pressure interference, plume geometry, and well count still need reservoir simulation."
county,Chongqing,Yubei District,232.43,0.01,,,0.0,,,0.01,23243.0,https://www.nature.com/articles/s41597-025-04875-3; https://doi.org/10.6084/m9.figshare.27646707,B,"County-level injection capacity; pressure interference, plume geometry, and well count still need reservoir simulation."
county,Chongqing,Yuzhong District,8.39,0.01,,,0.0,,,0.01,839.0,https://www.nature.com/articles/s41597-025-04875-3; https://doi.org/10.6084/m9.figshare.27646707,B,"County-level injection capacity; pressure interference, plume geometry, and well count still need reservoir simulation."
county,Chongqing,Yunyang County,547.38,0.01,,,0.0,,,0.01,54738.0,https://www.nature.com/articles/s41597-025-04875-3; https://doi.org/10.6084/m9.figshare.27646707,B,"County-level injection capacity; pressure interference, plume geometry, and well count still need reservoir simulation."
county,Chongqing,Changshou District,241.02,0.01,,,0.0,,,0.01,24102.0,https://www.nature.com/articles/s41597-025-04875-3; https://doi.org/10.6084/m9.figshare.27646707,B,"County-level injection capacity; pressure interference, plume geometry, and well count still need reservoir simulation."
county,Chongqing,Zhong County,354.39,0.01,,,0.01,,,0.02,17719.5,https://www.nature.com/articles/s41597-025-04875-3; https://doi.org/10.6084/m9.figshare.27646707,B,"County-level injection capacity; pressure interference, plume geometry, and well count still need reservoir simulation."
county,Jilin,Tiexi District,34.31,0.25,,,0.0,,,0.25,137.24,https://www.nature.com/articles/s41597-025-04875-3; https://doi.org/10.6084/m9.figshare.27646707,B,"County-level injection capacity; pressure interference, plume geometry, and well count still need reservoir simulation."
county,Xinjiang Uygur Autonomous Region,Xinxing City,0.0,0.0,,,0.0,,,0.0,inf,https://www.nature.com/articles/s41597-025-04875-3; https://doi.org/10.6084/m9.figshare.27646707,B,"County-level injection capacity; pressure interference, plume geometry, and well count still need reservoir simulation."
county,Zhejiang,Binjiang District,0.0,0.0,,,0.0,,,0.0,inf,https://www.nature.com/articles/s41597-025-04875-3; https://doi.org/10.6084/m9.figshare.27646707,B,"County-level injection capacity; pressure interference, plume geometry, and well count still need reservoir simulation."
county,Zhejiang,Chun'an County,0.0,0.0,,,0.0,,,0.0,inf,https://www.nature.com/articles/s41597-025-04875-3; https://doi.org/10.6084/m9.figshare.27646707,B,"County-level injection capacity; pressure interference, plume geometry, and well count still need reservoir simulation."
county,Zhejiang,Fuyang District,0.0,0.0,,,0.0,,,0.0,inf,https://www.nature.com/articles/s41597-025-04875-3; https://doi.org/10.6084/m9.figshare.27646707,B,"County-level injection capacity; pressure interference, plume geometry, and well count still need reservoir simulation."
county,Zhejiang,Gongshu District,0.0,0.0,,,0.0,,,0.0,inf,https://www.nature.com/articles/s41597-025-04875-3; https://doi.org/10.6084/m9.figshare.27646707,B,"County-level injection capacity; pressure interference, plume geometry, and well count still need reservoir simulation."
county,Zhejiang,Jiande City,0.0,0.0,,,0.0,,,0.0,inf,https://www.nature.com/articles/s41597-025-04875-3; https://doi.org/10.6084/m9.figshare.27646707,B,"County-level injection capacity; pressure interference, plume geometry, and well count still need reservoir simulation."
county,Zhejiang,Qiantang District,0.0,0.0,,,0.0,,,0.0,inf,https://www.nature.com/articles/s41597-025-04875-3; https://doi.org/10.6084/m9.figshare.27646707,B,"County-level injection capacity; pressure interference, plume geometry, and well count still need reservoir simulation."
county,Zhejiang,Lin'an District,0.0,0.0,,,0.0,,,0.0,inf,https://www.nature.com/articles/s41597-025-04875-3; https://doi.org/10.6084/m9.figshare.27646707,B,"County-level injection capacity; pressure interference, plume geometry, and well count still need reservoir simulation."
county,Zhejiang,Shangcheng District,0.0,0.0,,,0.0,,,0.0,inf,https://www.nature.com/articles/s41597-025-04875-3; https://doi.org/10.6084/m9.figshare.27646707,B,"County-level injection capacity; pressure interference, plume geometry, and well count still need reservoir simulation."
county,Zhejiang,Tonglu County,0.0,0.0,,,0.0,,,0.0,inf,https://www.nature.com/articles/s41597-025-04875-3; https://doi.org/10.6084/m9.figshare.27646707,B,"County-level injection capacity; pressure interference, plume geometry, and well count still need reservoir simulation."
county,Zhejiang,Xihu District,0.0,0.0,,,0.0,,,0.0,inf,https://www.nature.com/articles/s41597-025-04875-3; https://doi.org/10.6084/m9.figshare.27646707,B,"County-level injection capacity; pressure interference, plume geometry, and well count still need reservoir simulation."
county,Zhejiang,Xiaoshan District,0.0,0.0,,,0.0,,,0.0,inf,https://www.nature.com/articles/s41597-025-04875-3; https://doi.org/10.6084/m9.figshare.27646707,B,"County-level injection capacity; pressure interference, plume geometry, and well count still need reservoir simulation."
county,Zhejiang,Yuhang District,0.0,0.0,,,0.0,,,0.0,inf,https://www.nature.com/articles/s41597-025-04875-3; https://doi.org/10.6084/m9.figshare.27646707,B,"County-level injection capacity; pressure interference, plume geometry, and well count still need reservoir simulation."
county,Zhejiang,Linping District,0.0,0.0,,,0.0,,,0.0,inf,https://www.nature.com/articles/s41597-025-04875-3; https://doi.org/10.6084/m9.figshare.27646707,B,"County-level injection capacity; pressure interference, plume geometry, and well count still need reservoir simulation."
